2026-02-17 08:34:17,312 - core.logging - INFO - Starting CRM application
2026-02-17 08:34:17,312 - apscheduler.scheduler - INFO - Adding job tentatively -- it will be properly scheduled when the scheduler starts
2026-02-17 08:34:17,312 - apscheduler.scheduler - INFO - Adding job tentatively -- it will be properly scheduled when the scheduler starts
2026-02-17 08:34:17,313 - apscheduler.scheduler - INFO - Added job "daily_backup_and_report" to job store "default"
2026-02-17 08:34:17,313 - apscheduler.scheduler - INFO - Added job "daily_backup_and_report" to job store "default"
2026-02-17 08:34:17,313 - apscheduler.scheduler - INFO - Scheduler started
2026-02-17 08:34:17,313 - core.logging - INFO - Scheduler started
2026-02-17 08:35:03,542 - core.logging - ERROR - Unhandled exception: [Errno 111] Connection refused
Traceback (most recent call last):
  File "/home/andre/Рабочий стол/CRM/venv/lib/python3.12/site-packages/anyio/streams/memory.py", line 98, in receive
    return self.receive_nowait()
           ^^^^^^^^^^^^^^^^^^^^^
  File "/home/andre/Рабочий стол/CRM/venv/lib/python3.12/site-packages/anyio/streams/memory.py", line 93, in receive_nowait
    raise WouldBlock
anyio.WouldBlock

During handling of the above exception, another exception occurred:

Traceback (most recent call last):
  File "/home/andre/Рабочий стол/CRM/venv/lib/python3.12/site-packages/starlette/middleware/base.py", line 78, in call_next
    message = await recv_stream.receive()
              ^^^^^^^^^^^^^^^^^^^^^^^^^^^
  File "/home/andre/Рабочий стол/CRM/venv/lib/python3.12/site-packages/anyio/streams/memory.py", line 118, in receive
    raise EndOfStream
anyio.EndOfStream

During handling of the above exception, another exception occurred:

Traceback (most recent call last):
  File "/home/andre/Рабочий стол/CRM/backend/src/core/logging.py", line 49, in dispatch
    response = await call_next(request)
               ^^^^^^^^^^^^^^^^^^^^^^^^
  File "/home/andre/Рабочий стол/CRM/venv/lib/python3.12/site-packages/starlette/middleware/base.py", line 84, in call_next
    raise app_exc
  File "/home/andre/Рабочий стол/CRM/venv/lib/python3.12/site-packages/starlette/middleware/base.py", line 70, in coro
    await self.app(scope, receive_or_disconnect, send_no_error)
  File "/home/andre/Рабочий стол/CRM/venv/lib/python3.12/site-packages/starlette/middleware/exceptions.py", line 79, in __call__
    raise exc
  File "/home/andre/Рабочий стол/CRM/venv/lib/python3.12/site-packages/starlette/middleware/exceptions.py", line 68, in __call__
    await self.app(scope, receive, sender)
  File "/home/andre/Рабочий стол/CRM/venv/lib/python3.12/site-packages/fastapi/middleware/asyncexitstack.py", line 20, in __call__
    raise e
  File "/home/andre/Рабочий стол/CRM/venv/lib/python3.12/site-packages/fastapi/middleware/asyncexitstack.py", line 17, in __call__
    await self.app(scope, receive, send)
  File "/home/andre/Рабочий стол/CRM/venv/lib/python3.12/site-packages/starlette/routing.py", line 718, in __call__
    await route.handle(scope, receive, send)
  File "/home/andre/Рабочий стол/CRM/venv/lib/python3.12/site-packages/starlette/routing.py", line 276, in handle
    await self.app(scope, receive, send)
  File "/home/andre/Рабочий стол/CRM/venv/lib/python3.12/site-packages/starlette/routing.py", line 66, in app
    response = await func(request)
               ^^^^^^^^^^^^^^^^^^^
  File "/home/andre/Рабочий стол/CRM/venv/lib/python3.12/site-packages/fastapi/routing.py", line 274, in app
    raw_response = await run_endpoint_function(
                   ^^^^^^^^^^^^^^^^^^^^^^^^^^^^
  File "/home/andre/Рабочий стол/CRM/venv/lib/python3.12/site-packages/fastapi/routing.py", line 191, in run_endpoint_function
    return await dependant.call(**values)
           ^^^^^^^^^^^^^^^^^^^^^^^^^^^^^^
  File "/home/andre/Рабочий стол/CRM/backend/src/routers/auth.py", line 26, in login
    result = await db.execute(select(Admin).where(Admin.username == login_data.username))
             ^^^^^^^^^^^^^^^^^^^^^^^^^^^^^^^^^^^^^^^^^^^^^^^^^^^^^^^^^^^^^^^^^^^^^^^^^^^^
  File "/home/andre/Рабочий стол/CRM/venv/lib/python3.12/site-packages/sqlalchemy/ext/asyncio/session.py", line 455, in execute
    result = await greenlet_spawn(
             ^^^^^^^^^^^^^^^^^^^^^
  File "/home/andre/Рабочий стол/CRM/venv/lib/python3.12/site-packages/sqlalchemy/util/_concurrency_py3k.py", line 190, in greenlet_spawn
    result = context.throw(*sys.exc_info())
             ^^^^^^^^^^^^^^^^^^^^^^^^^^^^^^
  File "/home/andre/Рабочий стол/CRM/venv/lib/python3.12/site-packages/sqlalchemy/orm/session.py", line 2308, in execute
    return self._execute_internal(
           ^^^^^^^^^^^^^^^^^^^^^^^
  File "/home/andre/Рабочий стол/CRM/venv/lib/python3.12/site-packages/sqlalchemy/orm/session.py", line 2180, in _execute_internal
    conn = self._connection_for_bind(bind)
           ^^^^^^^^^^^^^^^^^^^^^^^^^^^^^^^
  File "/home/andre/Рабочий стол/CRM/venv/lib/python3.12/site-packages/sqlalchemy/orm/session.py", line 2047, in _connection_for_bind
    return trans._connection_for_bind(engine, execution_options)
           ^^^^^^^^^^^^^^^^^^^^^^^^^^^^^^^^^^^^^^^^^^^^^^^^^^^^^
  File "<string>", line 2, in _connection_for_bind
  File "/home/andre/Рабочий стол/CRM/venv/lib/python3.12/site-packages/sqlalchemy/orm/state_changes.py", line 139, in _go
    ret_value = fn(self, *arg, **kw)
                ^^^^^^^^^^^^^^^^^^^^
  File "/home/andre/Рабочий стол/CRM/venv/lib/python3.12/site-packages/sqlalchemy/orm/session.py", line 1143, in _connection_for_bind
    conn = bind.connect()
           ^^^^^^^^^^^^^^
  File "/home/andre/Рабочий стол/CRM/venv/lib/python3.12/site-packages/sqlalchemy/engine/base.py", line 3268, in connect
    return self._connection_cls(self)
           ^^^^^^^^^^^^^^^^^^^^^^^^^^
  File "/home/andre/Рабочий стол/CRM/venv/lib/python3.12/site-packages/sqlalchemy/engine/base.py", line 145, in __init__
    self._dbapi_connection = engine.raw_connection()
                             ^^^^^^^^^^^^^^^^^^^^^^^
  File "/home/andre/Рабочий стол/CRM/venv/lib/python3.12/site-packages/sqlalchemy/engine/base.py", line 3292, in raw_connection
    return self.pool.connect()
           ^^^^^^^^^^^^^^^^^^^
  File "/home/andre/Рабочий стол/CRM/venv/lib/python3.12/site-packages/sqlalchemy/pool/base.py", line 452, in connect
    return _ConnectionFairy._checkout(self)
           ^^^^^^^^^^^^^^^^^^^^^^^^^^^^^^^^
  File "/home/andre/Рабочий стол/CRM/venv/lib/python3.12/site-packages/sqlalchemy/pool/base.py", line 1269, in _checkout
    fairy = _ConnectionRecord.checkout(pool)
            ^^^^^^^^^^^^^^^^^^^^^^^^^^^^^^^^
  File "/home/andre/Рабочий стол/CRM/venv/lib/python3.12/site-packages/sqlalchemy/pool/base.py", line 716, in checkout
    rec = pool._do_get()
          ^^^^^^^^^^^^^^
  File "/home/andre/Рабочий стол/CRM/venv/lib/python3.12/site-packages/sqlalchemy/pool/impl.py", line 169, in _do_get
    with util.safe_reraise():
  File "/home/andre/Рабочий стол/CRM/venv/lib/python3.12/site-packages/sqlalchemy/util/langhelpers.py", line 146, in __exit__
    raise exc_value.with_traceback(exc_tb)
  File "/home/andre/Рабочий стол/CRM/venv/lib/python3.12/site-packages/sqlalchemy/pool/impl.py", line 167, in _do_get
    return self._create_connection()
           ^^^^^^^^^^^^^^^^^^^^^^^^^
  File "/home/andre/Рабочий стол/CRM/venv/lib/python3.12/site-packages/sqlalchemy/pool/base.py", line 393, in _create_connection
    return _ConnectionRecord(self)
           ^^^^^^^^^^^^^^^^^^^^^^^
  File "/home/andre/Рабочий стол/CRM/venv/lib/python3.12/site-packages/sqlalchemy/pool/base.py", line 678, in __init__
    self.__connect()
  File "/home/andre/Рабочий стол/CRM/venv/lib/python3.12/site-packages/sqlalchemy/pool/base.py", line 902, in __connect
    with util.safe_reraise():
  File "/home/andre/Рабочий стол/CRM/venv/lib/python3.12/site-packages/sqlalchemy/util/langhelpers.py", line 146, in __exit__
    raise exc_value.with_traceback(exc_tb)
  File "/home/andre/Рабочий стол/CRM/venv/lib/python3.12/site-packages/sqlalchemy/pool/base.py", line 898, in __connect
    self.dbapi_connection = connection = pool._invoke_creator(self)
                                         ^^^^^^^^^^^^^^^^^^^^^^^^^^
  File "/home/andre/Рабочий стол/CRM/venv/lib/python3.12/site-packages/sqlalchemy/engine/create.py", line 637, in connect
    return dialect.connect(*cargs, **cparams)
           ^^^^^^^^^^^^^^^^^^^^^^^^^^^^^^^^^^
  File "/home/andre/Рабочий стол/CRM/venv/lib/python3.12/site-packages/sqlalchemy/engine/default.py", line 616, in connect
    return self.loaded_dbapi.connect(*cargs, **cparams)
           ^^^^^^^^^^^^^^^^^^^^^^^^^^^^^^^^^^^^^^^^^^^^
  File "/home/andre/Рабочий стол/CRM/venv/lib/python3.12/site-packages/sqlalchemy/dialects/postgresql/asyncpg.py", line 936, in connect
    await_only(creator_fn(*arg, **kw)),
    ^^^^^^^^^^^^^^^^^^^^^^^^^^^^^^^^^^
  File "/home/andre/Рабочий стол/CRM/venv/lib/python3.12/site-packages/sqlalchemy/util/_concurrency_py3k.py", line 125, in await_only
    return current.driver.switch(awaitable)  # type: ignore[no-any-return]
           ^^^^^^^^^^^^^^^^^^^^^^^^^^^^^^^^
  File "/home/andre/Рабочий стол/CRM/venv/lib/python3.12/site-packages/sqlalchemy/util/_concurrency_py3k.py", line 185, in greenlet_spawn
    value = await result
            ^^^^^^^^^^^^
  File "/home/andre/Рабочий стол/CRM/venv/lib/python3.12/site-packages/asyncpg/connection.py", line 2443, in connect
    return await connect_utils._connect(
           ^^^^^^^^^^^^^^^^^^^^^^^^^^^^^
  File "/home/andre/Рабочий стол/CRM/venv/lib/python3.12/site-packages/asyncpg/connect_utils.py", line 1249, in _connect
    raise last_error or exceptions.TargetServerAttributeNotMatched(
  File "/home/andre/Рабочий стол/CRM/venv/lib/python3.12/site-packages/asyncpg/connect_utils.py", line 1218, in _connect
    conn = await _connect_addr(
           ^^^^^^^^^^^^^^^^^^^^
  File "/home/andre/Рабочий стол/CRM/venv/lib/python3.12/site-packages/asyncpg/connect_utils.py", line 1054, in _connect_addr
    return await __connect_addr(params, True, *args)
           ^^^^^^^^^^^^^^^^^^^^^^^^^^^^^^^^^^^^^^^^^
  File "/home/andre/Рабочий стол/CRM/venv/lib/python3.12/site-packages/asyncpg/connect_utils.py", line 1099, in __connect_addr
    tr, pr = await connector
             ^^^^^^^^^^^^^^^
  File "/home/andre/Рабочий стол/CRM/venv/lib/python3.12/site-packages/asyncpg/connect_utils.py", line 969, in _create_ssl_connection
    tr, pr = await loop.create_connection(
             ^^^^^^^^^^^^^^^^^^^^^^^^^^^^^
  File "uvloop/loop.pyx", line 2043, in create_connection
  File "uvloop/loop.pyx", line 2020, in uvloop.loop.Loop.create_connection
ConnectionRefusedError: [Errno 111] Connection refused
2026-02-17 08:38:34,140 - core.logging - INFO - Starting CRM application
2026-02-17 08:38:34,140 - apscheduler.scheduler - INFO - Adding job tentatively -- it will be properly scheduled when the scheduler starts
2026-02-17 08:38:34,140 - apscheduler.scheduler - INFO - Adding job tentatively -- it will be properly scheduled when the scheduler starts
2026-02-17 08:38:34,140 - apscheduler.scheduler - INFO - Added job "daily_backup_and_report" to job store "default"
2026-02-17 08:38:34,141 - apscheduler.scheduler - INFO - Added job "daily_backup_and_report" to job store "default"
2026-02-17 08:38:34,141 - apscheduler.scheduler - INFO - Scheduler started
2026-02-17 08:38:34,141 - core.logging - INFO - Scheduler started
2026-02-17 08:38:45,097 - core.logging - ERROR - Unhandled exception: [Errno 111] Connection refused
Traceback (most recent call last):
  File "/home/andre/Рабочий стол/CRM/venv/lib/python3.12/site-packages/anyio/streams/memory.py", line 98, in receive
    return self.receive_nowait()
           ^^^^^^^^^^^^^^^^^^^^^
  File "/home/andre/Рабочий стол/CRM/venv/lib/python3.12/site-packages/anyio/streams/memory.py", line 93, in receive_nowait
    raise WouldBlock
anyio.WouldBlock

During handling of the above exception, another exception occurred:

Traceback (most recent call last):
  File "/home/andre/Рабочий стол/CRM/venv/lib/python3.12/site-packages/starlette/middleware/base.py", line 78, in call_next
    message = await recv_stream.receive()
              ^^^^^^^^^^^^^^^^^^^^^^^^^^^
  File "/home/andre/Рабочий стол/CRM/venv/lib/python3.12/site-packages/anyio/streams/memory.py", line 118, in receive
    raise EndOfStream
anyio.EndOfStream

During handling of the above exception, another exception occurred:

Traceback (most recent call last):
  File "/home/andre/Рабочий стол/CRM/backend/src/core/logging.py", line 49, in dispatch
    response = await call_next(request)
               ^^^^^^^^^^^^^^^^^^^^^^^^
  File "/home/andre/Рабочий стол/CRM/venv/lib/python3.12/site-packages/starlette/middleware/base.py", line 84, in call_next
    raise app_exc
  File "/home/andre/Рабочий стол/CRM/venv/lib/python3.12/site-packages/starlette/middleware/base.py", line 70, in coro
    await self.app(scope, receive_or_disconnect, send_no_error)
  File "/home/andre/Рабочий стол/CRM/venv/lib/python3.12/site-packages/starlette/middleware/exceptions.py", line 79, in __call__
    raise exc
  File "/home/andre/Рабочий стол/CRM/venv/lib/python3.12/site-packages/starlette/middleware/exceptions.py", line 68, in __call__
    await self.app(scope, receive, sender)
  File "/home/andre/Рабочий стол/CRM/venv/lib/python3.12/site-packages/fastapi/middleware/asyncexitstack.py", line 20, in __call__
    raise e
  File "/home/andre/Рабочий стол/CRM/venv/lib/python3.12/site-packages/fastapi/middleware/asyncexitstack.py", line 17, in __call__
    await self.app(scope, receive, send)
  File "/home/andre/Рабочий стол/CRM/venv/lib/python3.12/site-packages/starlette/routing.py", line 718, in __call__
    await route.handle(scope, receive, send)
  File "/home/andre/Рабочий стол/CRM/venv/lib/python3.12/site-packages/starlette/routing.py", line 276, in handle
    await self.app(scope, receive, send)
  File "/home/andre/Рабочий стол/CRM/venv/lib/python3.12/site-packages/starlette/routing.py", line 66, in app
    response = await func(request)
               ^^^^^^^^^^^^^^^^^^^
  File "/home/andre/Рабочий стол/CRM/venv/lib/python3.12/site-packages/fastapi/routing.py", line 274, in app
    raw_response = await run_endpoint_function(
                   ^^^^^^^^^^^^^^^^^^^^^^^^^^^^
  File "/home/andre/Рабочий стол/CRM/venv/lib/python3.12/site-packages/fastapi/routing.py", line 191, in run_endpoint_function
    return await dependant.call(**values)
           ^^^^^^^^^^^^^^^^^^^^^^^^^^^^^^
  File "/home/andre/Рабочий стол/CRM/backend/src/routers/auth.py", line 26, in login
    result = await db.execute(select(Admin).where(Admin.username == login_data.username))
             ^^^^^^^^^^^^^^^^^^^^^^^^^^^^^^^^^^^^^^^^^^^^^^^^^^^^^^^^^^^^^^^^^^^^^^^^^^^^
  File "/home/andre/Рабочий стол/CRM/venv/lib/python3.12/site-packages/sqlalchemy/ext/asyncio/session.py", line 455, in execute
    result = await greenlet_spawn(
             ^^^^^^^^^^^^^^^^^^^^^
  File "/home/andre/Рабочий стол/CRM/venv/lib/python3.12/site-packages/sqlalchemy/util/_concurrency_py3k.py", line 190, in greenlet_spawn
    result = context.throw(*sys.exc_info())
             ^^^^^^^^^^^^^^^^^^^^^^^^^^^^^^
  File "/home/andre/Рабочий стол/CRM/venv/lib/python3.12/site-packages/sqlalchemy/orm/session.py", line 2308, in execute
    return self._execute_internal(
           ^^^^^^^^^^^^^^^^^^^^^^^
  File "/home/andre/Рабочий стол/CRM/venv/lib/python3.12/site-packages/sqlalchemy/orm/session.py", line 2180, in _execute_internal
    conn = self._connection_for_bind(bind)
           ^^^^^^^^^^^^^^^^^^^^^^^^^^^^^^^
  File "/home/andre/Рабочий стол/CRM/venv/lib/python3.12/site-packages/sqlalchemy/orm/session.py", line 2047, in _connection_for_bind
    return trans._connection_for_bind(engine, execution_options)
           ^^^^^^^^^^^^^^^^^^^^^^^^^^^^^^^^^^^^^^^^^^^^^^^^^^^^^
  File "<string>", line 2, in _connection_for_bind
  File "/home/andre/Рабочий стол/CRM/venv/lib/python3.12/site-packages/sqlalchemy/orm/state_changes.py", line 139, in _go
    ret_value = fn(self, *arg, **kw)
                ^^^^^^^^^^^^^^^^^^^^
  File "/home/andre/Рабочий стол/CRM/venv/lib/python3.12/site-packages/sqlalchemy/orm/session.py", line 1143, in _connection_for_bind
    conn = bind.connect()
           ^^^^^^^^^^^^^^
  File "/home/andre/Рабочий стол/CRM/venv/lib/python3.12/site-packages/sqlalchemy/engine/base.py", line 3268, in connect
    return self._connection_cls(self)
           ^^^^^^^^^^^^^^^^^^^^^^^^^^
  File "/home/andre/Рабочий стол/CRM/venv/lib/python3.12/site-packages/sqlalchemy/engine/base.py", line 145, in __init__
    self._dbapi_connection = engine.raw_connection()
                             ^^^^^^^^^^^^^^^^^^^^^^^
  File "/home/andre/Рабочий стол/CRM/venv/lib/python3.12/site-packages/sqlalchemy/engine/base.py", line 3292, in raw_connection
    return self.pool.connect()
           ^^^^^^^^^^^^^^^^^^^
  File "/home/andre/Рабочий стол/CRM/venv/lib/python3.12/site-packages/sqlalchemy/pool/base.py", line 452, in connect
    return _ConnectionFairy._checkout(self)
           ^^^^^^^^^^^^^^^^^^^^^^^^^^^^^^^^
  File "/home/andre/Рабочий стол/CRM/venv/lib/python3.12/site-packages/sqlalchemy/pool/base.py", line 1269, in _checkout
    fairy = _ConnectionRecord.checkout(pool)
            ^^^^^^^^^^^^^^^^^^^^^^^^^^^^^^^^
  File "/home/andre/Рабочий стол/CRM/venv/lib/python3.12/site-packages/sqlalchemy/pool/base.py", line 716, in checkout
    rec = pool._do_get()
          ^^^^^^^^^^^^^^
  File "/home/andre/Рабочий стол/CRM/venv/lib/python3.12/site-packages/sqlalchemy/pool/impl.py", line 169, in _do_get
    with util.safe_reraise():
  File "/home/andre/Рабочий стол/CRM/venv/lib/python3.12/site-packages/sqlalchemy/util/langhelpers.py", line 146, in __exit__
    raise exc_value.with_traceback(exc_tb)
  File "/home/andre/Рабочий стол/CRM/venv/lib/python3.12/site-packages/sqlalchemy/pool/impl.py", line 167, in _do_get
    return self._create_connection()
           ^^^^^^^^^^^^^^^^^^^^^^^^^
  File "/home/andre/Рабочий стол/CRM/venv/lib/python3.12/site-packages/sqlalchemy/pool/base.py", line 393, in _create_connection
    return _ConnectionRecord(self)
           ^^^^^^^^^^^^^^^^^^^^^^^
  File "/home/andre/Рабочий стол/CRM/venv/lib/python3.12/site-packages/sqlalchemy/pool/base.py", line 678, in __init__
    self.__connect()
  File "/home/andre/Рабочий стол/CRM/venv/lib/python3.12/site-packages/sqlalchemy/pool/base.py", line 902, in __connect
    with util.safe_reraise():
  File "/home/andre/Рабочий стол/CRM/venv/lib/python3.12/site-packages/sqlalchemy/util/langhelpers.py", line 146, in __exit__
    raise exc_value.with_traceback(exc_tb)
  File "/home/andre/Рабочий стол/CRM/venv/lib/python3.12/site-packages/sqlalchemy/pool/base.py", line 898, in __connect
    self.dbapi_connection = connection = pool._invoke_creator(self)
                                         ^^^^^^^^^^^^^^^^^^^^^^^^^^
  File "/home/andre/Рабочий стол/CRM/venv/lib/python3.12/site-packages/sqlalchemy/engine/create.py", line 637, in connect
    return dialect.connect(*cargs, **cparams)
           ^^^^^^^^^^^^^^^^^^^^^^^^^^^^^^^^^^
  File "/home/andre/Рабочий стол/CRM/venv/lib/python3.12/site-packages/sqlalchemy/engine/default.py", line 616, in connect
    return self.loaded_dbapi.connect(*cargs, **cparams)
           ^^^^^^^^^^^^^^^^^^^^^^^^^^^^^^^^^^^^^^^^^^^^
  File "/home/andre/Рабочий стол/CRM/venv/lib/python3.12/site-packages/sqlalchemy/dialects/postgresql/asyncpg.py", line 936, in connect
    await_only(creator_fn(*arg, **kw)),
    ^^^^^^^^^^^^^^^^^^^^^^^^^^^^^^^^^^
  File "/home/andre/Рабочий стол/CRM/venv/lib/python3.12/site-packages/sqlalchemy/util/_concurrency_py3k.py", line 125, in await_only
    return current.driver.switch(awaitable)  # type: ignore[no-any-return]
           ^^^^^^^^^^^^^^^^^^^^^^^^^^^^^^^^
  File "/home/andre/Рабочий стол/CRM/venv/lib/python3.12/site-packages/sqlalchemy/util/_concurrency_py3k.py", line 185, in greenlet_spawn
    value = await result
            ^^^^^^^^^^^^
  File "/home/andre/Рабочий стол/CRM/venv/lib/python3.12/site-packages/asyncpg/connection.py", line 2443, in connect
    return await connect_utils._connect(
           ^^^^^^^^^^^^^^^^^^^^^^^^^^^^^
  File "/home/andre/Рабочий стол/CRM/venv/lib/python3.12/site-packages/asyncpg/connect_utils.py", line 1249, in _connect
    raise last_error or exceptions.TargetServerAttributeNotMatched(
  File "/home/andre/Рабочий стол/CRM/venv/lib/python3.12/site-packages/asyncpg/connect_utils.py", line 1218, in _connect
    conn = await _connect_addr(
           ^^^^^^^^^^^^^^^^^^^^
  File "/home/andre/Рабочий стол/CRM/venv/lib/python3.12/site-packages/asyncpg/connect_utils.py", line 1054, in _connect_addr
    return await __connect_addr(params, True, *args)
           ^^^^^^^^^^^^^^^^^^^^^^^^^^^^^^^^^^^^^^^^^
  File "/home/andre/Рабочий стол/CRM/venv/lib/python3.12/site-packages/asyncpg/connect_utils.py", line 1099, in __connect_addr
    tr, pr = await connector
             ^^^^^^^^^^^^^^^
  File "/home/andre/Рабочий стол/CRM/venv/lib/python3.12/site-packages/asyncpg/connect_utils.py", line 969, in _create_ssl_connection
    tr, pr = await loop.create_connection(
             ^^^^^^^^^^^^^^^^^^^^^^^^^^^^^
  File "uvloop/loop.pyx", line 2043, in create_connection
  File "uvloop/loop.pyx", line 2020, in uvloop.loop.Loop.create_connection
ConnectionRefusedError: [Errno 111] Connection refused
2026-02-17 08:38:45,873 - core.logging - ERROR - Unhandled exception: [Errno 111] Connection refused
Traceback (most recent call last):
  File "/home/andre/Рабочий стол/CRM/venv/lib/python3.12/site-packages/anyio/streams/memory.py", line 98, in receive
    return self.receive_nowait()
           ^^^^^^^^^^^^^^^^^^^^^
  File "/home/andre/Рабочий стол/CRM/venv/lib/python3.12/site-packages/anyio/streams/memory.py", line 93, in receive_nowait
    raise WouldBlock
anyio.WouldBlock

During handling of the above exception, another exception occurred:

Traceback (most recent call last):
  File "/home/andre/Рабочий стол/CRM/venv/lib/python3.12/site-packages/starlette/middleware/base.py", line 78, in call_next
    message = await recv_stream.receive()
              ^^^^^^^^^^^^^^^^^^^^^^^^^^^
  File "/home/andre/Рабочий стол/CRM/venv/lib/python3.12/site-packages/anyio/streams/memory.py", line 118, in receive
    raise EndOfStream
anyio.EndOfStream

During handling of the above exception, another exception occurred:

Traceback (most recent call last):
  File "/home/andre/Рабочий стол/CRM/backend/src/core/logging.py", line 49, in dispatch
    response = await call_next(request)
               ^^^^^^^^^^^^^^^^^^^^^^^^
  File "/home/andre/Рабочий стол/CRM/venv/lib/python3.12/site-packages/starlette/middleware/base.py", line 84, in call_next
    raise app_exc
  File "/home/andre/Рабочий стол/CRM/venv/lib/python3.12/site-packages/starlette/middleware/base.py", line 70, in coro
    await self.app(scope, receive_or_disconnect, send_no_error)
  File "/home/andre/Рабочий стол/CRM/venv/lib/python3.12/site-packages/starlette/middleware/exceptions.py", line 79, in __call__
    raise exc
  File "/home/andre/Рабочий стол/CRM/venv/lib/python3.12/site-packages/starlette/middleware/exceptions.py", line 68, in __call__
    await self.app(scope, receive, sender)
  File "/home/andre/Рабочий стол/CRM/venv/lib/python3.12/site-packages/fastapi/middleware/asyncexitstack.py", line 20, in __call__
    raise e
  File "/home/andre/Рабочий стол/CRM/venv/lib/python3.12/site-packages/fastapi/middleware/asyncexitstack.py", line 17, in __call__
    await self.app(scope, receive, send)
  File "/home/andre/Рабочий стол/CRM/venv/lib/python3.12/site-packages/starlette/routing.py", line 718, in __call__
    await route.handle(scope, receive, send)
  File "/home/andre/Рабочий стол/CRM/venv/lib/python3.12/site-packages/starlette/routing.py", line 276, in handle
    await self.app(scope, receive, send)
  File "/home/andre/Рабочий стол/CRM/venv/lib/python3.12/site-packages/starlette/routing.py", line 66, in app
    response = await func(request)
               ^^^^^^^^^^^^^^^^^^^
  File "/home/andre/Рабочий стол/CRM/venv/lib/python3.12/site-packages/fastapi/routing.py", line 274, in app
    raw_response = await run_endpoint_function(
                   ^^^^^^^^^^^^^^^^^^^^^^^^^^^^
  File "/home/andre/Рабочий стол/CRM/venv/lib/python3.12/site-packages/fastapi/routing.py", line 191, in run_endpoint_function
    return await dependant.call(**values)
           ^^^^^^^^^^^^^^^^^^^^^^^^^^^^^^
  File "/home/andre/Рабочий стол/CRM/backend/src/routers/auth.py", line 26, in login
    result = await db.execute(select(Admin).where(Admin.username == login_data.username))
             ^^^^^^^^^^^^^^^^^^^^^^^^^^^^^^^^^^^^^^^^^^^^^^^^^^^^^^^^^^^^^^^^^^^^^^^^^^^^
  File "/home/andre/Рабочий стол/CRM/venv/lib/python3.12/site-packages/sqlalchemy/ext/asyncio/session.py", line 455, in execute
    result = await greenlet_spawn(
             ^^^^^^^^^^^^^^^^^^^^^
  File "/home/andre/Рабочий стол/CRM/venv/lib/python3.12/site-packages/sqlalchemy/util/_concurrency_py3k.py", line 190, in greenlet_spawn
    result = context.throw(*sys.exc_info())
             ^^^^^^^^^^^^^^^^^^^^^^^^^^^^^^
  File "/home/andre/Рабочий стол/CRM/venv/lib/python3.12/site-packages/sqlalchemy/orm/session.py", line 2308, in execute
    return self._execute_internal(
           ^^^^^^^^^^^^^^^^^^^^^^^
  File "/home/andre/Рабочий стол/CRM/venv/lib/python3.12/site-packages/sqlalchemy/orm/session.py", line 2180, in _execute_internal
    conn = self._connection_for_bind(bind)
           ^^^^^^^^^^^^^^^^^^^^^^^^^^^^^^^
  File "/home/andre/Рабочий стол/CRM/venv/lib/python3.12/site-packages/sqlalchemy/orm/session.py", line 2047, in _connection_for_bind
    return trans._connection_for_bind(engine, execution_options)
           ^^^^^^^^^^^^^^^^^^^^^^^^^^^^^^^^^^^^^^^^^^^^^^^^^^^^^
  File "<string>", line 2, in _connection_for_bind
  File "/home/andre/Рабочий стол/CRM/venv/lib/python3.12/site-packages/sqlalchemy/orm/state_changes.py", line 139, in _go
    ret_value = fn(self, *arg, **kw)
                ^^^^^^^^^^^^^^^^^^^^
  File "/home/andre/Рабочий стол/CRM/venv/lib/python3.12/site-packages/sqlalchemy/orm/session.py", line 1143, in _connection_for_bind
    conn = bind.connect()
           ^^^^^^^^^^^^^^
  File "/home/andre/Рабочий стол/CRM/venv/lib/python3.12/site-packages/sqlalchemy/engine/base.py", line 3268, in connect
    return self._connection_cls(self)
           ^^^^^^^^^^^^^^^^^^^^^^^^^^
  File "/home/andre/Рабочий стол/CRM/venv/lib/python3.12/site-packages/sqlalchemy/engine/base.py", line 145, in __init__
    self._dbapi_connection = engine.raw_connection()
                             ^^^^^^^^^^^^^^^^^^^^^^^
  File "/home/andre/Рабочий стол/CRM/venv/lib/python3.12/site-packages/sqlalchemy/engine/base.py", line 3292, in raw_connection
    return self.pool.connect()
           ^^^^^^^^^^^^^^^^^^^
  File "/home/andre/Рабочий стол/CRM/venv/lib/python3.12/site-packages/sqlalchemy/pool/base.py", line 452, in connect
    return _ConnectionFairy._checkout(self)
           ^^^^^^^^^^^^^^^^^^^^^^^^^^^^^^^^
  File "/home/andre/Рабочий стол/CRM/venv/lib/python3.12/site-packages/sqlalchemy/pool/base.py", line 1269, in _checkout
    fairy = _ConnectionRecord.checkout(pool)
            ^^^^^^^^^^^^^^^^^^^^^^^^^^^^^^^^
  File "/home/andre/Рабочий стол/CRM/venv/lib/python3.12/site-packages/sqlalchemy/pool/base.py", line 716, in checkout
    rec = pool._do_get()
          ^^^^^^^^^^^^^^
  File "/home/andre/Рабочий стол/CRM/venv/lib/python3.12/site-packages/sqlalchemy/pool/impl.py", line 169, in _do_get
    with util.safe_reraise():
  File "/home/andre/Рабочий стол/CRM/venv/lib/python3.12/site-packages/sqlalchemy/util/langhelpers.py", line 146, in __exit__
    raise exc_value.with_traceback(exc_tb)
  File "/home/andre/Рабочий стол/CRM/venv/lib/python3.12/site-packages/sqlalchemy/pool/impl.py", line 167, in _do_get
    return self._create_connection()
           ^^^^^^^^^^^^^^^^^^^^^^^^^
  File "/home/andre/Рабочий стол/CRM/venv/lib/python3.12/site-packages/sqlalchemy/pool/base.py", line 393, in _create_connection
    return _ConnectionRecord(self)
           ^^^^^^^^^^^^^^^^^^^^^^^
  File "/home/andre/Рабочий стол/CRM/venv/lib/python3.12/site-packages/sqlalchemy/pool/base.py", line 678, in __init__
    self.__connect()
  File "/home/andre/Рабочий стол/CRM/venv/lib/python3.12/site-packages/sqlalchemy/pool/base.py", line 902, in __connect
    with util.safe_reraise():
  File "/home/andre/Рабочий стол/CRM/venv/lib/python3.12/site-packages/sqlalchemy/util/langhelpers.py", line 146, in __exit__
    raise exc_value.with_traceback(exc_tb)
  File "/home/andre/Рабочий стол/CRM/venv/lib/python3.12/site-packages/sqlalchemy/pool/base.py", line 898, in __connect
    self.dbapi_connection = connection = pool._invoke_creator(self)
                                         ^^^^^^^^^^^^^^^^^^^^^^^^^^
  File "/home/andre/Рабочий стол/CRM/venv/lib/python3.12/site-packages/sqlalchemy/engine/create.py", line 637, in connect
    return dialect.connect(*cargs, **cparams)
           ^^^^^^^^^^^^^^^^^^^^^^^^^^^^^^^^^^
  File "/home/andre/Рабочий стол/CRM/venv/lib/python3.12/site-packages/sqlalchemy/engine/default.py", line 616, in connect
    return self.loaded_dbapi.connect(*cargs, **cparams)
           ^^^^^^^^^^^^^^^^^^^^^^^^^^^^^^^^^^^^^^^^^^^^
  File "/home/andre/Рабочий стол/CRM/venv/lib/python3.12/site-packages/sqlalchemy/dialects/postgresql/asyncpg.py", line 936, in connect
    await_only(creator_fn(*arg, **kw)),
    ^^^^^^^^^^^^^^^^^^^^^^^^^^^^^^^^^^
  File "/home/andre/Рабочий стол/CRM/venv/lib/python3.12/site-packages/sqlalchemy/util/_concurrency_py3k.py", line 125, in await_only
    return current.driver.switch(awaitable)  # type: ignore[no-any-return]
           ^^^^^^^^^^^^^^^^^^^^^^^^^^^^^^^^
  File "/home/andre/Рабочий стол/CRM/venv/lib/python3.12/site-packages/sqlalchemy/util/_concurrency_py3k.py", line 185, in greenlet_spawn
    value = await result
            ^^^^^^^^^^^^
  File "/home/andre/Рабочий стол/CRM/venv/lib/python3.12/site-packages/asyncpg/connection.py", line 2443, in connect
    return await connect_utils._connect(
           ^^^^^^^^^^^^^^^^^^^^^^^^^^^^^
  File "/home/andre/Рабочий стол/CRM/venv/lib/python3.12/site-packages/asyncpg/connect_utils.py", line 1249, in _connect
    raise last_error or exceptions.TargetServerAttributeNotMatched(
  File "/home/andre/Рабочий стол/CRM/venv/lib/python3.12/site-packages/asyncpg/connect_utils.py", line 1218, in _connect
    conn = await _connect_addr(
           ^^^^^^^^^^^^^^^^^^^^
  File "/home/andre/Рабочий стол/CRM/venv/lib/python3.12/site-packages/asyncpg/connect_utils.py", line 1054, in _connect_addr
    return await __connect_addr(params, True, *args)
           ^^^^^^^^^^^^^^^^^^^^^^^^^^^^^^^^^^^^^^^^^
  File "/home/andre/Рабочий стол/CRM/venv/lib/python3.12/site-packages/asyncpg/connect_utils.py", line 1099, in __connect_addr
    tr, pr = await connector
             ^^^^^^^^^^^^^^^
  File "/home/andre/Рабочий стол/CRM/venv/lib/python3.12/site-packages/asyncpg/connect_utils.py", line 969, in _create_ssl_connection
    tr, pr = await loop.create_connection(
             ^^^^^^^^^^^^^^^^^^^^^^^^^^^^^
  File "uvloop/loop.pyx", line 2043, in create_connection
  File "uvloop/loop.pyx", line 2020, in uvloop.loop.Loop.create_connection
ConnectionRefusedError: [Errno 111] Connection refused
2026-02-17 08:39:03,460 - core.logging - INFO - Starting CRM application
2026-02-17 08:39:03,460 - apscheduler.scheduler - INFO - Adding job tentatively -- it will be properly scheduled when the scheduler starts
2026-02-17 08:39:03,460 - apscheduler.scheduler - INFO - Adding job tentatively -- it will be properly scheduled when the scheduler starts
2026-02-17 08:39:03,460 - apscheduler.scheduler - INFO - Added job "daily_backup_and_report" to job store "default"
2026-02-17 08:39:03,460 - apscheduler.scheduler - INFO - Added job "daily_backup_and_report" to job store "default"
2026-02-17 08:39:03,460 - apscheduler.scheduler - INFO - Scheduler started
2026-02-17 08:39:03,460 - core.logging - INFO - Scheduler started
2026-02-17 08:39:16,176 - core.logging - ERROR - Unhandled exception: [Errno 111] Connection refused
Traceback (most recent call last):
  File "/home/andre/Рабочий стол/CRM/venv/lib/python3.12/site-packages/anyio/streams/memory.py", line 98, in receive
    return self.receive_nowait()
           ^^^^^^^^^^^^^^^^^^^^^
  File "/home/andre/Рабочий стол/CRM/venv/lib/python3.12/site-packages/anyio/streams/memory.py", line 93, in receive_nowait
    raise WouldBlock
anyio.WouldBlock

During handling of the above exception, another exception occurred:

Traceback (most recent call last):
  File "/home/andre/Рабочий стол/CRM/venv/lib/python3.12/site-packages/starlette/middleware/base.py", line 78, in call_next
    message = await recv_stream.receive()
              ^^^^^^^^^^^^^^^^^^^^^^^^^^^
  File "/home/andre/Рабочий стол/CRM/venv/lib/python3.12/site-packages/anyio/streams/memory.py", line 118, in receive
    raise EndOfStream
anyio.EndOfStream

During handling of the above exception, another exception occurred:

Traceback (most recent call last):
  File "/home/andre/Рабочий стол/CRM/backend/src/core/logging.py", line 49, in dispatch
    response = await call_next(request)
               ^^^^^^^^^^^^^^^^^^^^^^^^
  File "/home/andre/Рабочий стол/CRM/venv/lib/python3.12/site-packages/starlette/middleware/base.py", line 84, in call_next
    raise app_exc
  File "/home/andre/Рабочий стол/CRM/venv/lib/python3.12/site-packages/starlette/middleware/base.py", line 70, in coro
    await self.app(scope, receive_or_disconnect, send_no_error)
  File "/home/andre/Рабочий стол/CRM/venv/lib/python3.12/site-packages/starlette/middleware/exceptions.py", line 79, in __call__
    raise exc
  File "/home/andre/Рабочий стол/CRM/venv/lib/python3.12/site-packages/starlette/middleware/exceptions.py", line 68, in __call__
    await self.app(scope, receive, sender)
  File "/home/andre/Рабочий стол/CRM/venv/lib/python3.12/site-packages/fastapi/middleware/asyncexitstack.py", line 20, in __call__
    raise e
  File "/home/andre/Рабочий стол/CRM/venv/lib/python3.12/site-packages/fastapi/middleware/asyncexitstack.py", line 17, in __call__
    await self.app(scope, receive, send)
  File "/home/andre/Рабочий стол/CRM/venv/lib/python3.12/site-packages/starlette/routing.py", line 718, in __call__
    await route.handle(scope, receive, send)
  File "/home/andre/Рабочий стол/CRM/venv/lib/python3.12/site-packages/starlette/routing.py", line 276, in handle
    await self.app(scope, receive, send)
  File "/home/andre/Рабочий стол/CRM/venv/lib/python3.12/site-packages/starlette/routing.py", line 66, in app
    response = await func(request)
               ^^^^^^^^^^^^^^^^^^^
  File "/home/andre/Рабочий стол/CRM/venv/lib/python3.12/site-packages/fastapi/routing.py", line 274, in app
    raw_response = await run_endpoint_function(
                   ^^^^^^^^^^^^^^^^^^^^^^^^^^^^
  File "/home/andre/Рабочий стол/CRM/venv/lib/python3.12/site-packages/fastapi/routing.py", line 191, in run_endpoint_function
    return await dependant.call(**values)
           ^^^^^^^^^^^^^^^^^^^^^^^^^^^^^^
  File "/home/andre/Рабочий стол/CRM/backend/src/routers/auth.py", line 26, in login
    result = await db.execute(select(Admin).where(Admin.username == login_data.username))
             ^^^^^^^^^^^^^^^^^^^^^^^^^^^^^^^^^^^^^^^^^^^^^^^^^^^^^^^^^^^^^^^^^^^^^^^^^^^^
  File "/home/andre/Рабочий стол/CRM/venv/lib/python3.12/site-packages/sqlalchemy/ext/asyncio/session.py", line 455, in execute
    result = await greenlet_spawn(
             ^^^^^^^^^^^^^^^^^^^^^
  File "/home/andre/Рабочий стол/CRM/venv/lib/python3.12/site-packages/sqlalchemy/util/_concurrency_py3k.py", line 190, in greenlet_spawn
    result = context.throw(*sys.exc_info())
             ^^^^^^^^^^^^^^^^^^^^^^^^^^^^^^
  File "/home/andre/Рабочий стол/CRM/venv/lib/python3.12/site-packages/sqlalchemy/orm/session.py", line 2308, in execute
    return self._execute_internal(
           ^^^^^^^^^^^^^^^^^^^^^^^
  File "/home/andre/Рабочий стол/CRM/venv/lib/python3.12/site-packages/sqlalchemy/orm/session.py", line 2180, in _execute_internal
    conn = self._connection_for_bind(bind)
           ^^^^^^^^^^^^^^^^^^^^^^^^^^^^^^^
  File "/home/andre/Рабочий стол/CRM/venv/lib/python3.12/site-packages/sqlalchemy/orm/session.py", line 2047, in _connection_for_bind
    return trans._connection_for_bind(engine, execution_options)
           ^^^^^^^^^^^^^^^^^^^^^^^^^^^^^^^^^^^^^^^^^^^^^^^^^^^^^
  File "<string>", line 2, in _connection_for_bind
  File "/home/andre/Рабочий стол/CRM/venv/lib/python3.12/site-packages/sqlalchemy/orm/state_changes.py", line 139, in _go
    ret_value = fn(self, *arg, **kw)
                ^^^^^^^^^^^^^^^^^^^^
  File "/home/andre/Рабочий стол/CRM/venv/lib/python3.12/site-packages/sqlalchemy/orm/session.py", line 1143, in _connection_for_bind
    conn = bind.connect()
           ^^^^^^^^^^^^^^
  File "/home/andre/Рабочий стол/CRM/venv/lib/python3.12/site-packages/sqlalchemy/engine/base.py", line 3268, in connect
    return self._connection_cls(self)
           ^^^^^^^^^^^^^^^^^^^^^^^^^^
  File "/home/andre/Рабочий стол/CRM/venv/lib/python3.12/site-packages/sqlalchemy/engine/base.py", line 145, in __init__
    self._dbapi_connection = engine.raw_connection()
                             ^^^^^^^^^^^^^^^^^^^^^^^
  File "/home/andre/Рабочий стол/CRM/venv/lib/python3.12/site-packages/sqlalchemy/engine/base.py", line 3292, in raw_connection
    return self.pool.connect()
           ^^^^^^^^^^^^^^^^^^^
  File "/home/andre/Рабочий стол/CRM/venv/lib/python3.12/site-packages/sqlalchemy/pool/base.py", line 452, in connect
    return _ConnectionFairy._checkout(self)
           ^^^^^^^^^^^^^^^^^^^^^^^^^^^^^^^^
  File "/home/andre/Рабочий стол/CRM/venv/lib/python3.12/site-packages/sqlalchemy/pool/base.py", line 1269, in _checkout
    fairy = _ConnectionRecord.checkout(pool)
            ^^^^^^^^^^^^^^^^^^^^^^^^^^^^^^^^
  File "/home/andre/Рабочий стол/CRM/venv/lib/python3.12/site-packages/sqlalchemy/pool/base.py", line 716, in checkout
    rec = pool._do_get()
          ^^^^^^^^^^^^^^
  File "/home/andre/Рабочий стол/CRM/venv/lib/python3.12/site-packages/sqlalchemy/pool/impl.py", line 169, in _do_get
    with util.safe_reraise():
  File "/home/andre/Рабочий стол/CRM/venv/lib/python3.12/site-packages/sqlalchemy/util/langhelpers.py", line 146, in __exit__
    raise exc_value.with_traceback(exc_tb)
  File "/home/andre/Рабочий стол/CRM/venv/lib/python3.12/site-packages/sqlalchemy/pool/impl.py", line 167, in _do_get
    return self._create_connection()
           ^^^^^^^^^^^^^^^^^^^^^^^^^
  File "/home/andre/Рабочий стол/CRM/venv/lib/python3.12/site-packages/sqlalchemy/pool/base.py", line 393, in _create_connection
    return _ConnectionRecord(self)
           ^^^^^^^^^^^^^^^^^^^^^^^
  File "/home/andre/Рабочий стол/CRM/venv/lib/python3.12/site-packages/sqlalchemy/pool/base.py", line 678, in __init__
    self.__connect()
  File "/home/andre/Рабочий стол/CRM/venv/lib/python3.12/site-packages/sqlalchemy/pool/base.py", line 902, in __connect
    with util.safe_reraise():
  File "/home/andre/Рабочий стол/CRM/venv/lib/python3.12/site-packages/sqlalchemy/util/langhelpers.py", line 146, in __exit__
    raise exc_value.with_traceback(exc_tb)
  File "/home/andre/Рабочий стол/CRM/venv/lib/python3.12/site-packages/sqlalchemy/pool/base.py", line 898, in __connect
    self.dbapi_connection = connection = pool._invoke_creator(self)
                                         ^^^^^^^^^^^^^^^^^^^^^^^^^^
  File "/home/andre/Рабочий стол/CRM/venv/lib/python3.12/site-packages/sqlalchemy/engine/create.py", line 637, in connect
    return dialect.connect(*cargs, **cparams)
           ^^^^^^^^^^^^^^^^^^^^^^^^^^^^^^^^^^
  File "/home/andre/Рабочий стол/CRM/venv/lib/python3.12/site-packages/sqlalchemy/engine/default.py", line 616, in connect
    return self.loaded_dbapi.connect(*cargs, **cparams)
           ^^^^^^^^^^^^^^^^^^^^^^^^^^^^^^^^^^^^^^^^^^^^
  File "/home/andre/Рабочий стол/CRM/venv/lib/python3.12/site-packages/sqlalchemy/dialects/postgresql/asyncpg.py", line 936, in connect
    await_only(creator_fn(*arg, **kw)),
    ^^^^^^^^^^^^^^^^^^^^^^^^^^^^^^^^^^
  File "/home/andre/Рабочий стол/CRM/venv/lib/python3.12/site-packages/sqlalchemy/util/_concurrency_py3k.py", line 125, in await_only
    return current.driver.switch(awaitable)  # type: ignore[no-any-return]
           ^^^^^^^^^^^^^^^^^^^^^^^^^^^^^^^^
  File "/home/andre/Рабочий стол/CRM/venv/lib/python3.12/site-packages/sqlalchemy/util/_concurrency_py3k.py", line 185, in greenlet_spawn
    value = await result
            ^^^^^^^^^^^^
  File "/home/andre/Рабочий стол/CRM/venv/lib/python3.12/site-packages/asyncpg/connection.py", line 2443, in connect
    return await connect_utils._connect(
           ^^^^^^^^^^^^^^^^^^^^^^^^^^^^^
  File "/home/andre/Рабочий стол/CRM/venv/lib/python3.12/site-packages/asyncpg/connect_utils.py", line 1249, in _connect
    raise last_error or exceptions.TargetServerAttributeNotMatched(
  File "/home/andre/Рабочий стол/CRM/venv/lib/python3.12/site-packages/asyncpg/connect_utils.py", line 1218, in _connect
    conn = await _connect_addr(
           ^^^^^^^^^^^^^^^^^^^^
  File "/home/andre/Рабочий стол/CRM/venv/lib/python3.12/site-packages/asyncpg/connect_utils.py", line 1054, in _connect_addr
    return await __connect_addr(params, True, *args)
           ^^^^^^^^^^^^^^^^^^^^^^^^^^^^^^^^^^^^^^^^^
  File "/home/andre/Рабочий стол/CRM/venv/lib/python3.12/site-packages/asyncpg/connect_utils.py", line 1099, in __connect_addr
    tr, pr = await connector
             ^^^^^^^^^^^^^^^
  File "/home/andre/Рабочий стол/CRM/venv/lib/python3.12/site-packages/asyncpg/connect_utils.py", line 969, in _create_ssl_connection
    tr, pr = await loop.create_connection(
             ^^^^^^^^^^^^^^^^^^^^^^^^^^^^^
  File "uvloop/loop.pyx", line 2043, in create_connection
  File "uvloop/loop.pyx", line 2020, in uvloop.loop.Loop.create_connection
ConnectionRefusedError: [Errno 111] Connection refused
2026-02-17 08:42:39,374 - core.logging - INFO - Starting CRM application
2026-02-17 08:42:39,374 - apscheduler.scheduler - INFO - Adding job tentatively -- it will be properly scheduled when the scheduler starts
2026-02-17 08:42:39,374 - apscheduler.scheduler - INFO - Adding job tentatively -- it will be properly scheduled when the scheduler starts
2026-02-17 08:42:39,374 - apscheduler.scheduler - INFO - Added job "daily_backup_and_report" to job store "default"
2026-02-17 08:42:39,374 - apscheduler.scheduler - INFO - Added job "daily_backup_and_report" to job store "default"
2026-02-17 08:42:39,374 - apscheduler.scheduler - INFO - Scheduler started
2026-02-17 08:42:39,374 - core.logging - INFO - Scheduler started
2026-02-17 08:42:44,270 - sqlalchemy.engine.Engine - INFO - select pg_catalog.version()
2026-02-17 08:42:44,270 - sqlalchemy.engine.Engine - INFO - [raw sql] ()
2026-02-17 08:42:44,272 - sqlalchemy.engine.Engine - INFO - select current_schema()
2026-02-17 08:42:44,272 - sqlalchemy.engine.Engine - INFO - [raw sql] ()
2026-02-17 08:42:44,273 - sqlalchemy.engine.Engine - INFO - show standard_conforming_strings
2026-02-17 08:42:44,273 - sqlalchemy.engine.Engine - INFO - [raw sql] ()
2026-02-17 08:42:44,273 - sqlalchemy.engine.Engine - INFO - BEGIN (implicit)
2026-02-17 08:42:44,282 - sqlalchemy.engine.Engine - INFO - SELECT admins.id, admins.username, admins.password_hash, admins.created_at 
FROM admins 
WHERE admins.username = $1::VARCHAR
2026-02-17 08:42:44,282 - sqlalchemy.engine.Engine - INFO - [generated in 0.00018s] ('oleg',)
2026-02-17 08:42:44,282 - sqlalchemy.engine.Engine - INFO - ROLLBACK
2026-02-17 08:42:44,283 - core.logging - ERROR - Unhandled exception: (sqlalchemy.dialects.postgresql.asyncpg.ProgrammingError) <class 'asyncpg.exceptions.UndefinedTableError'>: relation "admins" does not exist
[SQL: SELECT admins.id, admins.username, admins.password_hash, admins.created_at 
FROM admins 
WHERE admins.username = $1::VARCHAR]
[parameters: ('oleg',)]
(Background on this error at: https://sqlalche.me/e/20/f405)
Traceback (most recent call last):
  File "/home/andre/Рабочий стол/CRM/venv/lib/python3.12/site-packages/sqlalchemy/dialects/postgresql/asyncpg.py", line 533, in _prepare_and_execute
    prepared_stmt, attributes = await adapt_connection._prepare(
                                ^^^^^^^^^^^^^^^^^^^^^^^^^^^^^^^^
  File "/home/andre/Рабочий стол/CRM/venv/lib/python3.12/site-packages/sqlalchemy/dialects/postgresql/asyncpg.py", line 784, in _prepare
    prepared_stmt = await self._connection.prepare(
                    ^^^^^^^^^^^^^^^^^^^^^^^^^^^^^^^
  File "/home/andre/Рабочий стол/CRM/venv/lib/python3.12/site-packages/asyncpg/connection.py", line 638, in prepare
    return await self._prepare(
           ^^^^^^^^^^^^^^^^^^^^
  File "/home/andre/Рабочий стол/CRM/venv/lib/python3.12/site-packages/asyncpg/connection.py", line 657, in _prepare
    stmt = await self._get_statement(
           ^^^^^^^^^^^^^^^^^^^^^^^^^^
  File "/home/andre/Рабочий стол/CRM/venv/lib/python3.12/site-packages/asyncpg/connection.py", line 443, in _get_statement
    statement = await self._protocol.prepare(
                ^^^^^^^^^^^^^^^^^^^^^^^^^^^^^
  File "asyncpg/protocol/protocol.pyx", line 165, in prepare
asyncpg.exceptions.UndefinedTableError: relation "admins" does not exist

The above exception was the direct cause of the following exception:

Traceback (most recent call last):
  File "/home/andre/Рабочий стол/CRM/venv/lib/python3.12/site-packages/sqlalchemy/engine/base.py", line 1969, in _exec_single_context
    self.dialect.do_execute(
  File "/home/andre/Рабочий стол/CRM/venv/lib/python3.12/site-packages/sqlalchemy/engine/default.py", line 922, in do_execute
    cursor.execute(statement, parameters)
  File "/home/andre/Рабочий стол/CRM/venv/lib/python3.12/site-packages/sqlalchemy/dialects/postgresql/asyncpg.py", line 591, in execute
    self._adapt_connection.await_(
  File "/home/andre/Рабочий стол/CRM/venv/lib/python3.12/site-packages/sqlalchemy/util/_concurrency_py3k.py", line 125, in await_only
    return current.driver.switch(awaitable)  # type: ignore[no-any-return]
           ^^^^^^^^^^^^^^^^^^^^^^^^^^^^^^^^
  File "/home/andre/Рабочий стол/CRM/venv/lib/python3.12/site-packages/sqlalchemy/util/_concurrency_py3k.py", line 185, in greenlet_spawn
    value = await result
            ^^^^^^^^^^^^
  File "/home/andre/Рабочий стол/CRM/venv/lib/python3.12/site-packages/sqlalchemy/dialects/postgresql/asyncpg.py", line 569, in _prepare_and_execute
    self._handle_exception(error)
  File "/home/andre/Рабочий стол/CRM/venv/lib/python3.12/site-packages/sqlalchemy/dialects/postgresql/asyncpg.py", line 520, in _handle_exception
    self._adapt_connection._handle_exception(error)
  File "/home/andre/Рабочий стол/CRM/venv/lib/python3.12/site-packages/sqlalchemy/dialects/postgresql/asyncpg.py", line 808, in _handle_exception
    raise translated_error from error
sqlalchemy.dialects.postgresql.asyncpg.AsyncAdapt_asyncpg_dbapi.ProgrammingError: <class 'asyncpg.exceptions.UndefinedTableError'>: relation "admins" does not exist

The above exception was the direct cause of the following exception:

Traceback (most recent call last):
  File "/home/andre/Рабочий стол/CRM/backend/src/core/logging.py", line 49, in dispatch
    response = await call_next(request)
               ^^^^^^^^^^^^^^^^^^^^^^^^
  File "/home/andre/Рабочий стол/CRM/venv/lib/python3.12/site-packages/starlette/middleware/base.py", line 84, in call_next
    raise app_exc
  File "/home/andre/Рабочий стол/CRM/venv/lib/python3.12/site-packages/starlette/middleware/base.py", line 70, in coro
    await self.app(scope, receive_or_disconnect, send_no_error)
  File "/home/andre/Рабочий стол/CRM/venv/lib/python3.12/site-packages/starlette/middleware/exceptions.py", line 79, in __call__
    raise exc
  File "/home/andre/Рабочий стол/CRM/venv/lib/python3.12/site-packages/starlette/middleware/exceptions.py", line 68, in __call__
    await self.app(scope, receive, sender)
  File "/home/andre/Рабочий стол/CRM/venv/lib/python3.12/site-packages/fastapi/middleware/asyncexitstack.py", line 20, in __call__
    raise e
  File "/home/andre/Рабочий стол/CRM/venv/lib/python3.12/site-packages/fastapi/middleware/asyncexitstack.py", line 17, in __call__
    await self.app(scope, receive, send)
  File "/home/andre/Рабочий стол/CRM/venv/lib/python3.12/site-packages/starlette/routing.py", line 718, in __call__
    await route.handle(scope, receive, send)
  File "/home/andre/Рабочий стол/CRM/venv/lib/python3.12/site-packages/starlette/routing.py", line 276, in handle
    await self.app(scope, receive, send)
  File "/home/andre/Рабочий стол/CRM/venv/lib/python3.12/site-packages/starlette/routing.py", line 66, in app
    response = await func(request)
               ^^^^^^^^^^^^^^^^^^^
  File "/home/andre/Рабочий стол/CRM/venv/lib/python3.12/site-packages/fastapi/routing.py", line 274, in app
    raw_response = await run_endpoint_function(
                   ^^^^^^^^^^^^^^^^^^^^^^^^^^^^
  File "/home/andre/Рабочий стол/CRM/venv/lib/python3.12/site-packages/fastapi/routing.py", line 191, in run_endpoint_function
    return await dependant.call(**values)
           ^^^^^^^^^^^^^^^^^^^^^^^^^^^^^^
  File "/home/andre/Рабочий стол/CRM/backend/src/routers/auth.py", line 26, in login
    result = await db.execute(select(Admin).where(Admin.username == login_data.username))
             ^^^^^^^^^^^^^^^^^^^^^^^^^^^^^^^^^^^^^^^^^^^^^^^^^^^^^^^^^^^^^^^^^^^^^^^^^^^^
  File "/home/andre/Рабочий стол/CRM/venv/lib/python3.12/site-packages/sqlalchemy/ext/asyncio/session.py", line 455, in execute
    result = await greenlet_spawn(
             ^^^^^^^^^^^^^^^^^^^^^
  File "/home/andre/Рабочий стол/CRM/venv/lib/python3.12/site-packages/sqlalchemy/util/_concurrency_py3k.py", line 190, in greenlet_spawn
    result = context.throw(*sys.exc_info())
             ^^^^^^^^^^^^^^^^^^^^^^^^^^^^^^
  File "/home/andre/Рабочий стол/CRM/venv/lib/python3.12/site-packages/sqlalchemy/orm/session.py", line 2308, in execute
    return self._execute_internal(
           ^^^^^^^^^^^^^^^^^^^^^^^
  File "/home/andre/Рабочий стол/CRM/venv/lib/python3.12/site-packages/sqlalchemy/orm/session.py", line 2190, in _execute_internal
    result: Result[Any] = compile_state_cls.orm_execute_statement(
                          ^^^^^^^^^^^^^^^^^^^^^^^^^^^^^^^^^^^^^^^^
  File "/home/andre/Рабочий стол/CRM/venv/lib/python3.12/site-packages/sqlalchemy/orm/context.py", line 293, in orm_execute_statement
    result = conn.execute(
             ^^^^^^^^^^^^^
  File "/home/andre/Рабочий стол/CRM/venv/lib/python3.12/site-packages/sqlalchemy/engine/base.py", line 1416, in execute
    return meth(
           ^^^^^
  File "/home/andre/Рабочий стол/CRM/venv/lib/python3.12/site-packages/sqlalchemy/sql/elements.py", line 516, in _execute_on_connection
    return connection._execute_clauseelement(
           ^^^^^^^^^^^^^^^^^^^^^^^^^^^^^^^^^^
  File "/home/andre/Рабочий стол/CRM/venv/lib/python3.12/site-packages/sqlalchemy/engine/base.py", line 1639, in _execute_clauseelement
    ret = self._execute_context(
          ^^^^^^^^^^^^^^^^^^^^^^
  File "/home/andre/Рабочий стол/CRM/venv/lib/python3.12/site-packages/sqlalchemy/engine/base.py", line 1848, in _execute_context
    return self._exec_single_context(
           ^^^^^^^^^^^^^^^^^^^^^^^^^^
  File "/home/andre/Рабочий стол/CRM/venv/lib/python3.12/site-packages/sqlalchemy/engine/base.py", line 1988, in _exec_single_context
    self._handle_dbapi_exception(
  File "/home/andre/Рабочий стол/CRM/venv/lib/python3.12/site-packages/sqlalchemy/engine/base.py", line 2343, in _handle_dbapi_exception
    raise sqlalchemy_exception.with_traceback(exc_info[2]) from e
  File "/home/andre/Рабочий стол/CRM/venv/lib/python3.12/site-packages/sqlalchemy/engine/base.py", line 1969, in _exec_single_context
    self.dialect.do_execute(
  File "/home/andre/Рабочий стол/CRM/venv/lib/python3.12/site-packages/sqlalchemy/engine/default.py", line 922, in do_execute
    cursor.execute(statement, parameters)
  File "/home/andre/Рабочий стол/CRM/venv/lib/python3.12/site-packages/sqlalchemy/dialects/postgresql/asyncpg.py", line 591, in execute
    self._adapt_connection.await_(
  File "/home/andre/Рабочий стол/CRM/venv/lib/python3.12/site-packages/sqlalchemy/util/_concurrency_py3k.py", line 125, in await_only
    return current.driver.switch(awaitable)  # type: ignore[no-any-return]
           ^^^^^^^^^^^^^^^^^^^^^^^^^^^^^^^^
  File "/home/andre/Рабочий стол/CRM/venv/lib/python3.12/site-packages/sqlalchemy/util/_concurrency_py3k.py", line 185, in greenlet_spawn
    value = await result
            ^^^^^^^^^^^^
  File "/home/andre/Рабочий стол/CRM/venv/lib/python3.12/site-packages/sqlalchemy/dialects/postgresql/asyncpg.py", line 569, in _prepare_and_execute
    self._handle_exception(error)
  File "/home/andre/Рабочий стол/CRM/venv/lib/python3.12/site-packages/sqlalchemy/dialects/postgresql/asyncpg.py", line 520, in _handle_exception
    self._adapt_connection._handle_exception(error)
  File "/home/andre/Рабочий стол/CRM/venv/lib/python3.12/site-packages/sqlalchemy/dialects/postgresql/asyncpg.py", line 808, in _handle_exception
    raise translated_error from error
sqlalchemy.exc.ProgrammingError: (sqlalchemy.dialects.postgresql.asyncpg.ProgrammingError) <class 'asyncpg.exceptions.UndefinedTableError'>: relation "admins" does not exist
[SQL: SELECT admins.id, admins.username, admins.password_hash, admins.created_at 
FROM admins 
WHERE admins.username = $1::VARCHAR]
[parameters: ('oleg',)]
(Background on this error at: https://sqlalche.me/e/20/f405)
2026-02-17 08:43:19,520 - sqlalchemy.engine.Engine - INFO - BEGIN (implicit)
2026-02-17 08:43:19,520 - sqlalchemy.engine.Engine - INFO - SELECT admins.id, admins.username, admins.password_hash, admins.created_at 
FROM admins 
WHERE admins.username = $1::VARCHAR
2026-02-17 08:43:19,520 - sqlalchemy.engine.Engine - INFO - [cached since 35.24s ago] ('oleg',)
2026-02-17 08:43:19,521 - sqlalchemy.engine.Engine - INFO - ROLLBACK
2026-02-17 08:43:19,521 - core.logging - ERROR - Unhandled exception: (sqlalchemy.dialects.postgresql.asyncpg.ProgrammingError) <class 'asyncpg.exceptions.UndefinedTableError'>: relation "admins" does not exist
[SQL: SELECT admins.id, admins.username, admins.password_hash, admins.created_at 
FROM admins 
WHERE admins.username = $1::VARCHAR]
[parameters: ('oleg',)]
(Background on this error at: https://sqlalche.me/e/20/f405)
Traceback (most recent call last):
  File "/home/andre/Рабочий стол/CRM/venv/lib/python3.12/site-packages/sqlalchemy/dialects/postgresql/asyncpg.py", line 533, in _prepare_and_execute
    prepared_stmt, attributes = await adapt_connection._prepare(
                                ^^^^^^^^^^^^^^^^^^^^^^^^^^^^^^^^
  File "/home/andre/Рабочий стол/CRM/venv/lib/python3.12/site-packages/sqlalchemy/dialects/postgresql/asyncpg.py", line 784, in _prepare
    prepared_stmt = await self._connection.prepare(
                    ^^^^^^^^^^^^^^^^^^^^^^^^^^^^^^^
  File "/home/andre/Рабочий стол/CRM/venv/lib/python3.12/site-packages/asyncpg/connection.py", line 638, in prepare
    return await self._prepare(
           ^^^^^^^^^^^^^^^^^^^^
  File "/home/andre/Рабочий стол/CRM/venv/lib/python3.12/site-packages/asyncpg/connection.py", line 657, in _prepare
    stmt = await self._get_statement(
           ^^^^^^^^^^^^^^^^^^^^^^^^^^
  File "/home/andre/Рабочий стол/CRM/venv/lib/python3.12/site-packages/asyncpg/connection.py", line 443, in _get_statement
    statement = await self._protocol.prepare(
                ^^^^^^^^^^^^^^^^^^^^^^^^^^^^^
  File "asyncpg/protocol/protocol.pyx", line 165, in prepare
asyncpg.exceptions.UndefinedTableError: relation "admins" does not exist

The above exception was the direct cause of the following exception:

Traceback (most recent call last):
  File "/home/andre/Рабочий стол/CRM/venv/lib/python3.12/site-packages/sqlalchemy/engine/base.py", line 1969, in _exec_single_context
    self.dialect.do_execute(
  File "/home/andre/Рабочий стол/CRM/venv/lib/python3.12/site-packages/sqlalchemy/engine/default.py", line 922, in do_execute
    cursor.execute(statement, parameters)
  File "/home/andre/Рабочий стол/CRM/venv/lib/python3.12/site-packages/sqlalchemy/dialects/postgresql/asyncpg.py", line 591, in execute
    self._adapt_connection.await_(
  File "/home/andre/Рабочий стол/CRM/venv/lib/python3.12/site-packages/sqlalchemy/util/_concurrency_py3k.py", line 125, in await_only
    return current.driver.switch(awaitable)  # type: ignore[no-any-return]
           ^^^^^^^^^^^^^^^^^^^^^^^^^^^^^^^^
  File "/home/andre/Рабочий стол/CRM/venv/lib/python3.12/site-packages/sqlalchemy/util/_concurrency_py3k.py", line 185, in greenlet_spawn
    value = await result
            ^^^^^^^^^^^^
  File "/home/andre/Рабочий стол/CRM/venv/lib/python3.12/site-packages/sqlalchemy/dialects/postgresql/asyncpg.py", line 569, in _prepare_and_execute
    self._handle_exception(error)
  File "/home/andre/Рабочий стол/CRM/venv/lib/python3.12/site-packages/sqlalchemy/dialects/postgresql/asyncpg.py", line 520, in _handle_exception
    self._adapt_connection._handle_exception(error)
  File "/home/andre/Рабочий стол/CRM/venv/lib/python3.12/site-packages/sqlalchemy/dialects/postgresql/asyncpg.py", line 808, in _handle_exception
    raise translated_error from error
sqlalchemy.dialects.postgresql.asyncpg.AsyncAdapt_asyncpg_dbapi.ProgrammingError: <class 'asyncpg.exceptions.UndefinedTableError'>: relation "admins" does not exist

The above exception was the direct cause of the following exception:

Traceback (most recent call last):
  File "/home/andre/Рабочий стол/CRM/backend/src/core/logging.py", line 49, in dispatch
    response = await call_next(request)
               ^^^^^^^^^^^^^^^^^^^^^^^^
  File "/home/andre/Рабочий стол/CRM/venv/lib/python3.12/site-packages/starlette/middleware/base.py", line 84, in call_next
    raise app_exc
  File "/home/andre/Рабочий стол/CRM/venv/lib/python3.12/site-packages/starlette/middleware/base.py", line 70, in coro
    await self.app(scope, receive_or_disconnect, send_no_error)
  File "/home/andre/Рабочий стол/CRM/venv/lib/python3.12/site-packages/starlette/middleware/exceptions.py", line 79, in __call__
    raise exc
  File "/home/andre/Рабочий стол/CRM/venv/lib/python3.12/site-packages/starlette/middleware/exceptions.py", line 68, in __call__
    await self.app(scope, receive, sender)
  File "/home/andre/Рабочий стол/CRM/venv/lib/python3.12/site-packages/fastapi/middleware/asyncexitstack.py", line 20, in __call__
    raise e
  File "/home/andre/Рабочий стол/CRM/venv/lib/python3.12/site-packages/fastapi/middleware/asyncexitstack.py", line 17, in __call__
    await self.app(scope, receive, send)
  File "/home/andre/Рабочий стол/CRM/venv/lib/python3.12/site-packages/starlette/routing.py", line 718, in __call__
    await route.handle(scope, receive, send)
  File "/home/andre/Рабочий стол/CRM/venv/lib/python3.12/site-packages/starlette/routing.py", line 276, in handle
    await self.app(scope, receive, send)
  File "/home/andre/Рабочий стол/CRM/venv/lib/python3.12/site-packages/starlette/routing.py", line 66, in app
    response = await func(request)
               ^^^^^^^^^^^^^^^^^^^
  File "/home/andre/Рабочий стол/CRM/venv/lib/python3.12/site-packages/fastapi/routing.py", line 274, in app
    raw_response = await run_endpoint_function(
                   ^^^^^^^^^^^^^^^^^^^^^^^^^^^^
  File "/home/andre/Рабочий стол/CRM/venv/lib/python3.12/site-packages/fastapi/routing.py", line 191, in run_endpoint_function
    return await dependant.call(**values)
           ^^^^^^^^^^^^^^^^^^^^^^^^^^^^^^
  File "/home/andre/Рабочий стол/CRM/backend/src/routers/auth.py", line 26, in login
    result = await db.execute(select(Admin).where(Admin.username == login_data.username))
             ^^^^^^^^^^^^^^^^^^^^^^^^^^^^^^^^^^^^^^^^^^^^^^^^^^^^^^^^^^^^^^^^^^^^^^^^^^^^
  File "/home/andre/Рабочий стол/CRM/venv/lib/python3.12/site-packages/sqlalchemy/ext/asyncio/session.py", line 455, in execute
    result = await greenlet_spawn(
             ^^^^^^^^^^^^^^^^^^^^^
  File "/home/andre/Рабочий стол/CRM/venv/lib/python3.12/site-packages/sqlalchemy/util/_concurrency_py3k.py", line 190, in greenlet_spawn
    result = context.throw(*sys.exc_info())
             ^^^^^^^^^^^^^^^^^^^^^^^^^^^^^^
  File "/home/andre/Рабочий стол/CRM/venv/lib/python3.12/site-packages/sqlalchemy/orm/session.py", line 2308, in execute
    return self._execute_internal(
           ^^^^^^^^^^^^^^^^^^^^^^^
  File "/home/andre/Рабочий стол/CRM/venv/lib/python3.12/site-packages/sqlalchemy/orm/session.py", line 2190, in _execute_internal
    result: Result[Any] = compile_state_cls.orm_execute_statement(
                          ^^^^^^^^^^^^^^^^^^^^^^^^^^^^^^^^^^^^^^^^
  File "/home/andre/Рабочий стол/CRM/venv/lib/python3.12/site-packages/sqlalchemy/orm/context.py", line 293, in orm_execute_statement
    result = conn.execute(
             ^^^^^^^^^^^^^
  File "/home/andre/Рабочий стол/CRM/venv/lib/python3.12/site-packages/sqlalchemy/engine/base.py", line 1416, in execute
    return meth(
           ^^^^^
  File "/home/andre/Рабочий стол/CRM/venv/lib/python3.12/site-packages/sqlalchemy/sql/elements.py", line 516, in _execute_on_connection
    return connection._execute_clauseelement(
           ^^^^^^^^^^^^^^^^^^^^^^^^^^^^^^^^^^
  File "/home/andre/Рабочий стол/CRM/venv/lib/python3.12/site-packages/sqlalchemy/engine/base.py", line 1639, in _execute_clauseelement
    ret = self._execute_context(
          ^^^^^^^^^^^^^^^^^^^^^^
  File "/home/andre/Рабочий стол/CRM/venv/lib/python3.12/site-packages/sqlalchemy/engine/base.py", line 1848, in _execute_context
    return self._exec_single_context(
           ^^^^^^^^^^^^^^^^^^^^^^^^^^
  File "/home/andre/Рабочий стол/CRM/venv/lib/python3.12/site-packages/sqlalchemy/engine/base.py", line 1988, in _exec_single_context
    self._handle_dbapi_exception(
  File "/home/andre/Рабочий стол/CRM/venv/lib/python3.12/site-packages/sqlalchemy/engine/base.py", line 2343, in _handle_dbapi_exception
    raise sqlalchemy_exception.with_traceback(exc_info[2]) from e
  File "/home/andre/Рабочий стол/CRM/venv/lib/python3.12/site-packages/sqlalchemy/engine/base.py", line 1969, in _exec_single_context
    self.dialect.do_execute(
  File "/home/andre/Рабочий стол/CRM/venv/lib/python3.12/site-packages/sqlalchemy/engine/default.py", line 922, in do_execute
    cursor.execute(statement, parameters)
  File "/home/andre/Рабочий стол/CRM/venv/lib/python3.12/site-packages/sqlalchemy/dialects/postgresql/asyncpg.py", line 591, in execute
    self._adapt_connection.await_(
  File "/home/andre/Рабочий стол/CRM/venv/lib/python3.12/site-packages/sqlalchemy/util/_concurrency_py3k.py", line 125, in await_only
    return current.driver.switch(awaitable)  # type: ignore[no-any-return]
           ^^^^^^^^^^^^^^^^^^^^^^^^^^^^^^^^
  File "/home/andre/Рабочий стол/CRM/venv/lib/python3.12/site-packages/sqlalchemy/util/_concurrency_py3k.py", line 185, in greenlet_spawn
    value = await result
            ^^^^^^^^^^^^
  File "/home/andre/Рабочий стол/CRM/venv/lib/python3.12/site-packages/sqlalchemy/dialects/postgresql/asyncpg.py", line 569, in _prepare_and_execute
    self._handle_exception(error)
  File "/home/andre/Рабочий стол/CRM/venv/lib/python3.12/site-packages/sqlalchemy/dialects/postgresql/asyncpg.py", line 520, in _handle_exception
    self._adapt_connection._handle_exception(error)
  File "/home/andre/Рабочий стол/CRM/venv/lib/python3.12/site-packages/sqlalchemy/dialects/postgresql/asyncpg.py", line 808, in _handle_exception
    raise translated_error from error
sqlalchemy.exc.ProgrammingError: (sqlalchemy.dialects.postgresql.asyncpg.ProgrammingError) <class 'asyncpg.exceptions.UndefinedTableError'>: relation "admins" does not exist
[SQL: SELECT admins.id, admins.username, admins.password_hash, admins.created_at 
FROM admins 
WHERE admins.username = $1::VARCHAR]
[parameters: ('oleg',)]
(Background on this error at: https://sqlalche.me/e/20/f405)
2026-02-17 09:28:54,028 - core.logging - INFO - Starting CRM application
2026-02-17 09:28:54,028 - apscheduler.scheduler - INFO - Adding job tentatively -- it will be properly scheduled when the scheduler starts
2026-02-17 09:28:54,028 - apscheduler.scheduler - INFO - Adding job tentatively -- it will be properly scheduled when the scheduler starts
2026-02-17 09:28:54,028 - apscheduler.scheduler - INFO - Added job "daily_backup_and_report" to job store "default"
2026-02-17 09:28:54,028 - apscheduler.scheduler - INFO - Added job "daily_backup_and_report" to job store "default"
2026-02-17 09:28:54,028 - apscheduler.scheduler - INFO - Scheduler started
2026-02-17 09:28:54,028 - core.logging - INFO - Scheduler started
2026-02-17 10:06:43,643 - sqlalchemy.engine.Engine - INFO - select pg_catalog.version()
2026-02-17 10:06:43,643 - sqlalchemy.engine.Engine - INFO - [raw sql] ()
2026-02-17 10:06:43,644 - sqlalchemy.engine.Engine - INFO - select current_schema()
2026-02-17 10:06:43,644 - sqlalchemy.engine.Engine - INFO - [raw sql] ()
2026-02-17 10:06:43,645 - sqlalchemy.engine.Engine - INFO - show standard_conforming_strings
2026-02-17 10:06:43,645 - sqlalchemy.engine.Engine - INFO - [raw sql] ()
2026-02-17 10:06:43,646 - sqlalchemy.engine.Engine - INFO - BEGIN (implicit)
2026-02-17 10:06:43,654 - sqlalchemy.engine.Engine - INFO - SELECT admins.id, admins.username, admins.password_hash, admins.created_at 
FROM admins
2026-02-17 10:06:43,654 - sqlalchemy.engine.Engine - INFO - [generated in 0.00011s] ()
2026-02-17 10:06:43,866 - sqlalchemy.engine.Engine - INFO - INSERT INTO admins (username, password_hash) VALUES ($1::VARCHAR, $2::VARCHAR) RETURNING admins.id, admins.created_at
2026-02-17 10:06:43,866 - sqlalchemy.engine.Engine - INFO - [generated in 0.00016s] ('admin@mail.com', '$2b$12$8EZLtXHvK6RBNMA3B6lbeux.mkw.LMsUWwKAucb4eMvJW5bJu2er2')
2026-02-17 10:06:43,906 - sqlalchemy.engine.Engine - INFO - COMMIT
2026-02-17 10:06:43,908 - sqlalchemy.engine.Engine - INFO - BEGIN (implicit)
2026-02-17 10:06:43,909 - sqlalchemy.engine.Engine - INFO - SELECT admins.id, admins.username, admins.password_hash, admins.created_at 
FROM admins 
WHERE admins.id = $1::INTEGER
2026-02-17 10:06:43,909 - sqlalchemy.engine.Engine - INFO - [generated in 0.00010s] (1,)
2026-02-17 10:06:43,911 - sqlalchemy.engine.Engine - INFO - ROLLBACK
2026-02-17 10:08:15,555 - sqlalchemy.engine.Engine - INFO - BEGIN (implicit)
2026-02-17 10:08:15,555 - sqlalchemy.engine.Engine - INFO - SELECT admins.id, admins.username, admins.password_hash, admins.created_at 
FROM admins
2026-02-17 10:08:15,555 - sqlalchemy.engine.Engine - INFO - [cached since 91.9s ago] ()
2026-02-17 10:08:15,556 - sqlalchemy.engine.Engine - INFO - ROLLBACK
2026-02-17 10:15:40,826 - core.logging - INFO - Starting CRM application
2026-02-17 10:15:40,826 - apscheduler.scheduler - INFO - Adding job tentatively -- it will be properly scheduled when the scheduler starts
2026-02-17 10:15:40,826 - apscheduler.scheduler - INFO - Adding job tentatively -- it will be properly scheduled when the scheduler starts
2026-02-17 10:15:40,826 - apscheduler.scheduler - INFO - Added job "daily_backup_and_report" to job store "default"
2026-02-17 10:15:40,827 - apscheduler.scheduler - INFO - Added job "daily_backup_and_report" to job store "default"
2026-02-17 10:15:40,827 - apscheduler.scheduler - INFO - Scheduler started
2026-02-17 10:15:40,827 - core.logging - INFO - Scheduler started
2026-02-17 10:21:39,499 - sqlalchemy.engine.Engine - INFO - select pg_catalog.version()
2026-02-17 10:21:39,499 - sqlalchemy.engine.Engine - INFO - [raw sql] ()
2026-02-17 10:21:39,500 - sqlalchemy.engine.Engine - INFO - select current_schema()
2026-02-17 10:21:39,500 - sqlalchemy.engine.Engine - INFO - [raw sql] ()
2026-02-17 10:21:39,501 - sqlalchemy.engine.Engine - INFO - show standard_conforming_strings
2026-02-17 10:21:39,501 - sqlalchemy.engine.Engine - INFO - [raw sql] ()
2026-02-17 10:21:39,501 - sqlalchemy.engine.Engine - INFO - BEGIN (implicit)
2026-02-17 10:21:39,510 - sqlalchemy.engine.Engine - INFO - SELECT admins.id, admins.username, admins.password_hash, admins.created_at 
FROM admins 
WHERE admins.username = $1::VARCHAR
2026-02-17 10:21:39,510 - sqlalchemy.engine.Engine - INFO - [generated in 0.00020s] ('Andre Zhura',)
2026-02-17 10:21:39,513 - sqlalchemy.engine.Engine - INFO - ROLLBACK
2026-02-17 10:24:01,058 - core.logging - INFO - Starting CRM application
2026-02-17 10:24:01,058 - apscheduler.scheduler - INFO - Adding job tentatively -- it will be properly scheduled when the scheduler starts
2026-02-17 10:24:01,058 - apscheduler.scheduler - INFO - Adding job tentatively -- it will be properly scheduled when the scheduler starts
2026-02-17 10:24:01,058 - apscheduler.scheduler - INFO - Added job "daily_backup_and_report" to job store "default"
2026-02-17 10:24:01,058 - apscheduler.scheduler - INFO - Added job "daily_backup_and_report" to job store "default"
2026-02-17 10:24:01,058 - apscheduler.scheduler - INFO - Scheduler started
2026-02-17 10:24:01,058 - core.logging - INFO - Scheduler started
2026-02-17 10:24:05,148 - sqlalchemy.engine.Engine - INFO - select pg_catalog.version()
2026-02-17 10:24:05,149 - sqlalchemy.engine.Engine - INFO - [raw sql] ()
2026-02-17 10:24:05,150 - sqlalchemy.engine.Engine - INFO - select current_schema()
2026-02-17 10:24:05,150 - sqlalchemy.engine.Engine - INFO - [raw sql] ()
2026-02-17 10:24:05,151 - sqlalchemy.engine.Engine - INFO - show standard_conforming_strings
2026-02-17 10:24:05,151 - sqlalchemy.engine.Engine - INFO - [raw sql] ()
2026-02-17 10:24:05,151 - sqlalchemy.engine.Engine - INFO - BEGIN (implicit)
2026-02-17 10:24:05,159 - sqlalchemy.engine.Engine - INFO - SELECT admins.id, admins.username, admins.password_hash, admins.created_at 
FROM admins
2026-02-17 10:24:05,159 - sqlalchemy.engine.Engine - INFO - [generated in 0.00012s] ()
2026-02-17 10:24:05,354 - sqlalchemy.engine.Engine - INFO - INSERT INTO admins (username, password_hash) VALUES ($1::VARCHAR, $2::VARCHAR) RETURNING admins.id, admins.created_at
2026-02-17 10:24:05,354 - sqlalchemy.engine.Engine - INFO - [generated in 0.00018s] ('admin@mail.com', '$2b$12$oHQ6Rrrds5KB7OHtXdRMi.zME3JFAWwSVjTJvDXTMMAZPnLB658lW')
2026-02-17 10:24:05,355 - sqlalchemy.engine.Engine - INFO - COMMIT
2026-02-17 10:24:05,395 - sqlalchemy.engine.Engine - INFO - BEGIN (implicit)
2026-02-17 10:24:05,397 - sqlalchemy.engine.Engine - INFO - SELECT admins.id, admins.username, admins.password_hash, admins.created_at 
FROM admins 
WHERE admins.id = $1::INTEGER
2026-02-17 10:24:05,397 - sqlalchemy.engine.Engine - INFO - [generated in 0.00016s] (2,)
2026-02-17 10:24:05,399 - sqlalchemy.engine.Engine - INFO - ROLLBACK
2026-02-17 10:24:18,657 - sqlalchemy.engine.Engine - INFO - BEGIN (implicit)
2026-02-17 10:24:18,657 - sqlalchemy.engine.Engine - INFO - SELECT admins.id, admins.username, admins.password_hash, admins.created_at 
FROM admins 
WHERE admins.username = $1::VARCHAR
2026-02-17 10:24:18,657 - sqlalchemy.engine.Engine - INFO - [generated in 0.00012s] ('Олег',)
2026-02-17 10:24:18,659 - sqlalchemy.engine.Engine - INFO - ROLLBACK
2026-02-17 10:25:03,710 - core.logging - INFO - Starting CRM application
2026-02-17 10:25:03,710 - apscheduler.scheduler - INFO - Adding job tentatively -- it will be properly scheduled when the scheduler starts
2026-02-17 10:25:03,710 - apscheduler.scheduler - INFO - Adding job tentatively -- it will be properly scheduled when the scheduler starts
2026-02-17 10:25:03,710 - apscheduler.scheduler - INFO - Added job "daily_backup_and_report" to job store "default"
2026-02-17 10:25:03,710 - apscheduler.scheduler - INFO - Added job "daily_backup_and_report" to job store "default"
2026-02-17 10:25:03,710 - apscheduler.scheduler - INFO - Scheduler started
2026-02-17 10:25:03,710 - core.logging - INFO - Scheduler started
2026-02-17 10:25:47,743 - sqlalchemy.engine.Engine - INFO - select pg_catalog.version()
2026-02-17 10:25:47,743 - sqlalchemy.engine.Engine - INFO - [raw sql] ()
2026-02-17 10:25:47,744 - sqlalchemy.engine.Engine - INFO - select current_schema()
2026-02-17 10:25:47,744 - sqlalchemy.engine.Engine - INFO - [raw sql] ()
2026-02-17 10:25:47,746 - sqlalchemy.engine.Engine - INFO - show standard_conforming_strings
2026-02-17 10:25:47,746 - sqlalchemy.engine.Engine - INFO - [raw sql] ()
2026-02-17 10:25:47,746 - sqlalchemy.engine.Engine - INFO - BEGIN (implicit)
2026-02-17 10:25:47,754 - sqlalchemy.engine.Engine - INFO - SELECT admins.id, admins.username, admins.password_hash, admins.created_at 
FROM admins
2026-02-17 10:25:47,754 - sqlalchemy.engine.Engine - INFO - [generated in 0.00014s] ()
2026-02-17 10:25:47,965 - sqlalchemy.engine.Engine - INFO - INSERT INTO admins (username, password_hash) VALUES ($1::VARCHAR, $2::VARCHAR) RETURNING admins.id, admins.created_at
2026-02-17 10:25:47,965 - sqlalchemy.engine.Engine - INFO - [generated in 0.00019s] ('zhura2296@yandex.ru', '$2b$12$61zok6zqrZ2gOIJjYeUytOSsBPdMsEHwv4PZqkg8i7nWOoY2tgKES')
2026-02-17 10:25:47,967 - sqlalchemy.engine.Engine - INFO - COMMIT
2026-02-17 10:25:48,006 - sqlalchemy.engine.Engine - INFO - BEGIN (implicit)
2026-02-17 10:25:48,007 - sqlalchemy.engine.Engine - INFO - SELECT admins.id, admins.username, admins.password_hash, admins.created_at 
FROM admins 
WHERE admins.id = $1::INTEGER
2026-02-17 10:25:48,007 - sqlalchemy.engine.Engine - INFO - [generated in 0.00011s] (3,)
2026-02-17 10:25:48,009 - sqlalchemy.engine.Engine - INFO - ROLLBACK
2026-02-17 10:26:04,923 - sqlalchemy.engine.Engine - INFO - BEGIN (implicit)
2026-02-17 10:26:04,923 - sqlalchemy.engine.Engine - INFO - SELECT admins.id, admins.username, admins.password_hash, admins.created_at 
FROM admins 
WHERE admins.username = $1::VARCHAR
2026-02-17 10:26:04,924 - sqlalchemy.engine.Engine - INFO - [generated in 0.00041s] ('Андрей',)
2026-02-17 10:26:04,925 - sqlalchemy.engine.Engine - INFO - ROLLBACK
2026-02-17 10:26:15,405 - sqlalchemy.engine.Engine - INFO - BEGIN (implicit)
2026-02-17 10:26:15,405 - sqlalchemy.engine.Engine - INFO - SELECT admins.id, admins.username, admins.password_hash, admins.created_at 
FROM admins 
WHERE admins.username = $1::VARCHAR
2026-02-17 10:26:15,406 - sqlalchemy.engine.Engine - INFO - [cached since 10.48s ago] ('zhura2296@yandex.ru',)
2026-02-17 10:26:15,658 - sqlalchemy.engine.Engine - INFO - ROLLBACK
2026-02-17 11:13:29,415 - sqlalchemy.engine.Engine - INFO - BEGIN (implicit)
2026-02-17 11:13:29,416 - sqlalchemy.engine.Engine - INFO - SELECT admins.id, admins.username, admins.password_hash, admins.created_at 
FROM admins 
WHERE admins.username = $1::VARCHAR
2026-02-17 11:13:29,416 - sqlalchemy.engine.Engine - INFO - [cached since 2844s ago] ('zhura2296@yandex.ru',)
2026-02-17 11:13:29,624 - sqlalchemy.engine.Engine - INFO - ROLLBACK
2026-02-17 11:24:55,281 - core.logging - INFO - Starting CRM application
2026-02-17 11:24:55,282 - apscheduler.scheduler - INFO - Adding job tentatively -- it will be properly scheduled when the scheduler starts
2026-02-17 11:24:55,282 - apscheduler.scheduler - INFO - Adding job tentatively -- it will be properly scheduled when the scheduler starts
2026-02-17 11:24:55,282 - apscheduler.scheduler - INFO - Added job "daily_backup_and_report" to job store "default"
2026-02-17 11:24:55,282 - apscheduler.scheduler - INFO - Added job "daily_backup_and_report" to job store "default"
2026-02-17 11:24:55,282 - apscheduler.scheduler - INFO - Scheduler started
2026-02-17 11:24:55,282 - core.logging - INFO - Scheduler started
2026-02-17 11:24:57,960 - sqlalchemy.engine.Engine - INFO - select pg_catalog.version()
2026-02-17 11:24:57,960 - sqlalchemy.engine.Engine - INFO - [raw sql] ()
2026-02-17 11:24:57,961 - sqlalchemy.engine.Engine - INFO - select current_schema()
2026-02-17 11:24:57,961 - sqlalchemy.engine.Engine - INFO - [raw sql] ()
2026-02-17 11:24:57,962 - sqlalchemy.engine.Engine - INFO - show standard_conforming_strings
2026-02-17 11:24:57,962 - sqlalchemy.engine.Engine - INFO - [raw sql] ()
2026-02-17 11:24:57,963 - sqlalchemy.engine.Engine - INFO - BEGIN (implicit)
2026-02-17 11:24:57,971 - sqlalchemy.engine.Engine - INFO - SELECT admins.id, admins.username, admins.password_hash, admins.created_at 
FROM admins 
WHERE admins.username = $1::VARCHAR
2026-02-17 11:24:57,971 - sqlalchemy.engine.Engine - INFO - [generated in 0.00017s] ('zhura2296@yandex.ru',)
2026-02-17 11:24:58,203 - sqlalchemy.engine.Engine - INFO - ROLLBACK
2026-02-17 11:25:00,256 - sqlalchemy.engine.Engine - INFO - BEGIN (implicit)
2026-02-17 11:25:00,258 - sqlalchemy.engine.Engine - INFO - SELECT orders.id, orders.client_id, orders.installer_id, orders.status, orders.service_type, orders.warehouse, orders.service_datetime, orders.delivery_datetime, orders.promise, orders.marker_color, orders.address_text, orders.created_at, orders.updated_at 
FROM orders 
 LIMIT $1::INTEGER OFFSET $2::INTEGER
2026-02-17 11:25:00,258 - sqlalchemy.engine.Engine - INFO - [generated in 0.00017s] (100, 0)
2026-02-17 11:25:00,272 - sqlalchemy.engine.Engine - INFO - ROLLBACK
2026-02-17 11:25:00,293 - sqlalchemy.engine.Engine - INFO - BEGIN (implicit)
2026-02-17 11:25:00,293 - sqlalchemy.engine.Engine - INFO - SELECT orders.id, orders.client_id, orders.installer_id, orders.status, orders.service_type, orders.warehouse, orders.service_datetime, orders.delivery_datetime, orders.promise, orders.marker_color, orders.address_text, orders.created_at, orders.updated_at 
FROM orders 
 LIMIT $1::INTEGER OFFSET $2::INTEGER
2026-02-17 11:25:00,293 - sqlalchemy.engine.Engine - INFO - [cached since 0.03537s ago] (100, 0)
2026-02-17 11:25:00,304 - sqlalchemy.engine.Engine - INFO - ROLLBACK
2026-02-17 11:25:49,162 - sqlalchemy.engine.Engine - INFO - BEGIN (implicit)
2026-02-17 11:25:49,162 - sqlalchemy.engine.Engine - INFO - SELECT admins.id, admins.username, admins.password_hash, admins.created_at 
FROM admins 
WHERE admins.username = $1::VARCHAR
2026-02-17 11:25:49,162 - sqlalchemy.engine.Engine - INFO - [cached since 51.19s ago] ('zhura2296@yandex.ru',)
2026-02-17 11:25:49,164 - sqlalchemy.engine.Engine - INFO - INSERT INTO clients (full_name, phone, address, coordinates, comments, updated_at, backup_phone, deleted_at) VALUES ($1::VARCHAR, $2::VARCHAR, $3::VARCHAR, $4, $5::VARCHAR, $6::TIMESTAMP WITH TIME ZONE, $7::VARCHAR, $8::TIMESTAMP WITH TIME ZONE) RETURNING clients.id, clients.created_at, clients.last_contact
2026-02-17 11:25:49,164 - sqlalchemy.engine.Engine - INFO - [generated in 0.00014s] ('Журавлев Андрей Михайлович', '+79153227045', 'мытищи1-й Рупасовский, ПГСК №41 переулок', None, 'dfsgdfs', None, None, None)
2026-02-17 11:25:49,166 - sqlalchemy.engine.Engine - INFO - COMMIT
2026-02-17 11:25:49,168 - sqlalchemy.engine.Engine - INFO - BEGIN (implicit)
2026-02-17 11:25:49,168 - sqlalchemy.engine.Engine - INFO - SELECT clients.id, clients.full_name, clients.phone, clients.address, clients.coordinates, clients.created_at, clients.last_contact, clients.comments, clients.updated_at, clients.backup_phone, clients.deleted_at 
FROM clients 
WHERE clients.id = $1::INTEGER
2026-02-17 11:25:49,169 - sqlalchemy.engine.Engine - INFO - [generated in 0.00012s] (1,)
2026-02-17 11:25:49,170 - sqlalchemy.engine.Engine - INFO - ROLLBACK
2026-02-17 11:25:49,173 - sqlalchemy.engine.Engine - INFO - BEGIN (implicit)
2026-02-17 11:25:49,174 - sqlalchemy.engine.Engine - INFO - INSERT INTO orders (client_id, installer_id, status, service_type, warehouse, service_datetime, delivery_datetime, promise, marker_color, address_text) VALUES ($1::INTEGER, $2::INTEGER, $3::order_status, $4::VARCHAR, $5::VARCHAR, $6::TIMESTAMP WITHOUT TIME ZONE, $7::TIMESTAMP WITHOUT TIME ZONE, $8::VARCHAR, $9::VARCHAR, $10::VARCHAR) RETURNING orders.id, orders.created_at, orders.updated_at
2026-02-17 11:25:49,174 - sqlalchemy.engine.Engine - INFO - [generated in 0.00015s] (1, None, 'Новый', 'Electrolux EACS-09HSK/N3_24Y', 'Основной', datetime.datetime(2026, 2, 17, 8, 25, 49, 171000, tzinfo=TzInfo(0)), None, 'dfgsgdfs', None, None)
2026-02-17 11:25:49,175 - sqlalchemy.engine.Engine - INFO - ROLLBACK
2026-02-17 11:25:49,175 - core.logging - ERROR - Unhandled exception: (sqlalchemy.dialects.postgresql.asyncpg.Error) <class 'asyncpg.exceptions.DataError'>: invalid input for query argument $6: datetime.datetime(2026, 2, 17, 8, 25, 49... (can't subtract offset-naive and offset-aware datetimes)
[SQL: INSERT INTO orders (client_id, installer_id, status, service_type, warehouse, service_datetime, delivery_datetime, promise, marker_color, address_text) VALUES ($1::INTEGER, $2::INTEGER, $3::order_status, $4::VARCHAR, $5::VARCHAR, $6::TIMESTAMP WITHOUT TIME ZONE, $7::TIMESTAMP WITHOUT TIME ZONE, $8::VARCHAR, $9::VARCHAR, $10::VARCHAR) RETURNING orders.id, orders.created_at, orders.updated_at]
[parameters: (1, None, 'Новый', 'Electrolux EACS-09HSK/N3_24Y', 'Основной', datetime.datetime(2026, 2, 17, 8, 25, 49, 171000, tzinfo=TzInfo(0)), None, 'dfgsgdfs', None, None)]
(Background on this error at: https://sqlalche.me/e/20/dbapi)
Traceback (most recent call last):
  File "asyncpg/protocol/prepared_stmt.pyx", line 175, in asyncpg.protocol.protocol.PreparedStatementState._encode_bind_msg
  File "asyncpg/protocol/codecs/base.pyx", line 251, in asyncpg.protocol.protocol.Codec.encode
  File "asyncpg/protocol/codecs/base.pyx", line 153, in asyncpg.protocol.protocol.Codec.encode_scalar
  File "asyncpg/pgproto/codecs/datetime.pyx", line 152, in asyncpg.pgproto.pgproto.timestamp_encode
TypeError: can't subtract offset-naive and offset-aware datetimes

The above exception was the direct cause of the following exception:

Traceback (most recent call last):
  File "/home/andre/Рабочий стол/CRM/venv/lib/python3.12/site-packages/sqlalchemy/dialects/postgresql/asyncpg.py", line 557, in _prepare_and_execute
    self._rows = await prepared_stmt.fetch(*parameters)
                 ^^^^^^^^^^^^^^^^^^^^^^^^^^^^^^^^^^^^^^
  File "/home/andre/Рабочий стол/CRM/venv/lib/python3.12/site-packages/asyncpg/prepared_stmt.py", line 177, in fetch
    data = await self.__bind_execute(args, 0, timeout)
           ^^^^^^^^^^^^^^^^^^^^^^^^^^^^^^^^^^^^^^^^^^^
  File "/home/andre/Рабочий стол/CRM/venv/lib/python3.12/site-packages/asyncpg/prepared_stmt.py", line 268, in __bind_execute
    data, status, _ = await self.__do_execute(
                      ^^^^^^^^^^^^^^^^^^^^^^^^
  File "/home/andre/Рабочий стол/CRM/venv/lib/python3.12/site-packages/asyncpg/prepared_stmt.py", line 257, in __do_execute
    return await executor(protocol)
           ^^^^^^^^^^^^^^^^^^^^^^^^
  File "asyncpg/protocol/protocol.pyx", line 184, in bind_execute
  File "asyncpg/protocol/prepared_stmt.pyx", line 204, in asyncpg.protocol.protocol.PreparedStatementState._encode_bind_msg
asyncpg.exceptions.DataError: invalid input for query argument $6: datetime.datetime(2026, 2, 17, 8, 25, 49... (can't subtract offset-naive and offset-aware datetimes)

The above exception was the direct cause of the following exception:

Traceback (most recent call last):
  File "/home/andre/Рабочий стол/CRM/venv/lib/python3.12/site-packages/sqlalchemy/engine/base.py", line 1969, in _exec_single_context
    self.dialect.do_execute(
  File "/home/andre/Рабочий стол/CRM/venv/lib/python3.12/site-packages/sqlalchemy/engine/default.py", line 922, in do_execute
    cursor.execute(statement, parameters)
  File "/home/andre/Рабочий стол/CRM/venv/lib/python3.12/site-packages/sqlalchemy/dialects/postgresql/asyncpg.py", line 591, in execute
    self._adapt_connection.await_(
  File "/home/andre/Рабочий стол/CRM/venv/lib/python3.12/site-packages/sqlalchemy/util/_concurrency_py3k.py", line 125, in await_only
    return current.driver.switch(awaitable)  # type: ignore[no-any-return]
           ^^^^^^^^^^^^^^^^^^^^^^^^^^^^^^^^
  File "/home/andre/Рабочий стол/CRM/venv/lib/python3.12/site-packages/sqlalchemy/util/_concurrency_py3k.py", line 185, in greenlet_spawn
    value = await result
            ^^^^^^^^^^^^
  File "/home/andre/Рабочий стол/CRM/venv/lib/python3.12/site-packages/sqlalchemy/dialects/postgresql/asyncpg.py", line 569, in _prepare_and_execute
    self._handle_exception(error)
  File "/home/andre/Рабочий стол/CRM/venv/lib/python3.12/site-packages/sqlalchemy/dialects/postgresql/asyncpg.py", line 520, in _handle_exception
    self._adapt_connection._handle_exception(error)
  File "/home/andre/Рабочий стол/CRM/venv/lib/python3.12/site-packages/sqlalchemy/dialects/postgresql/asyncpg.py", line 808, in _handle_exception
    raise translated_error from error
sqlalchemy.dialects.postgresql.asyncpg.AsyncAdapt_asyncpg_dbapi.Error: <class 'asyncpg.exceptions.DataError'>: invalid input for query argument $6: datetime.datetime(2026, 2, 17, 8, 25, 49... (can't subtract offset-naive and offset-aware datetimes)

The above exception was the direct cause of the following exception:

Traceback (most recent call last):
  File "/home/andre/Рабочий стол/CRM/backend/src/core/logging.py", line 49, in dispatch
    response = await call_next(request)
               ^^^^^^^^^^^^^^^^^^^^^^^^
  File "/home/andre/Рабочий стол/CRM/venv/lib/python3.12/site-packages/starlette/middleware/base.py", line 84, in call_next
    raise app_exc
  File "/home/andre/Рабочий стол/CRM/venv/lib/python3.12/site-packages/starlette/middleware/base.py", line 70, in coro
    await self.app(scope, receive_or_disconnect, send_no_error)
  File "/home/andre/Рабочий стол/CRM/venv/lib/python3.12/site-packages/starlette/middleware/exceptions.py", line 79, in __call__
    raise exc
  File "/home/andre/Рабочий стол/CRM/venv/lib/python3.12/site-packages/starlette/middleware/exceptions.py", line 68, in __call__
    await self.app(scope, receive, sender)
  File "/home/andre/Рабочий стол/CRM/venv/lib/python3.12/site-packages/fastapi/middleware/asyncexitstack.py", line 20, in __call__
    raise e
  File "/home/andre/Рабочий стол/CRM/venv/lib/python3.12/site-packages/fastapi/middleware/asyncexitstack.py", line 17, in __call__
    await self.app(scope, receive, send)
  File "/home/andre/Рабочий стол/CRM/venv/lib/python3.12/site-packages/starlette/routing.py", line 718, in __call__
    await route.handle(scope, receive, send)
  File "/home/andre/Рабочий стол/CRM/venv/lib/python3.12/site-packages/starlette/routing.py", line 276, in handle
    await self.app(scope, receive, send)
  File "/home/andre/Рабочий стол/CRM/venv/lib/python3.12/site-packages/starlette/routing.py", line 66, in app
    response = await func(request)
               ^^^^^^^^^^^^^^^^^^^
  File "/home/andre/Рабочий стол/CRM/venv/lib/python3.12/site-packages/fastapi/routing.py", line 274, in app
    raw_response = await run_endpoint_function(
                   ^^^^^^^^^^^^^^^^^^^^^^^^^^^^
  File "/home/andre/Рабочий стол/CRM/venv/lib/python3.12/site-packages/fastapi/routing.py", line 191, in run_endpoint_function
    return await dependant.call(**values)
           ^^^^^^^^^^^^^^^^^^^^^^^^^^^^^^
  File "/home/andre/Рабочий стол/CRM/backend/src/routers/orders.py", line 17, in create_order_endpoint
    return await create_order(db, order)
           ^^^^^^^^^^^^^^^^^^^^^^^^^^^^^
  File "/home/andre/Рабочий стол/CRM/backend/src/services/orders.py", line 16, in create_order
    await db.flush()  # чтобы получить id заказа, но не коммитить
    ^^^^^^^^^^^^^^^^
  File "/home/andre/Рабочий стол/CRM/venv/lib/python3.12/site-packages/sqlalchemy/ext/asyncio/session.py", line 802, in flush
    await greenlet_spawn(self.sync_session.flush, objects=objects)
  File "/home/andre/Рабочий стол/CRM/venv/lib/python3.12/site-packages/sqlalchemy/util/_concurrency_py3k.py", line 192, in greenlet_spawn
    result = context.switch(value)
             ^^^^^^^^^^^^^^^^^^^^^
  File "/home/andre/Рабочий стол/CRM/venv/lib/python3.12/site-packages/sqlalchemy/orm/session.py", line 4312, in flush
    self._flush(objects)
  File "/home/andre/Рабочий стол/CRM/venv/lib/python3.12/site-packages/sqlalchemy/orm/session.py", line 4447, in _flush
    with util.safe_reraise():
  File "/home/andre/Рабочий стол/CRM/venv/lib/python3.12/site-packages/sqlalchemy/util/langhelpers.py", line 146, in __exit__
    raise exc_value.with_traceback(exc_tb)
  File "/home/andre/Рабочий стол/CRM/venv/lib/python3.12/site-packages/sqlalchemy/orm/session.py", line 4408, in _flush
    flush_context.execute()
  File "/home/andre/Рабочий стол/CRM/venv/lib/python3.12/site-packages/sqlalchemy/orm/unitofwork.py", line 466, in execute
    rec.execute(self)
  File "/home/andre/Рабочий стол/CRM/venv/lib/python3.12/site-packages/sqlalchemy/orm/unitofwork.py", line 642, in execute
    util.preloaded.orm_persistence.save_obj(
  File "/home/andre/Рабочий стол/CRM/venv/lib/python3.12/site-packages/sqlalchemy/orm/persistence.py", line 93, in save_obj
    _emit_insert_statements(
  File "/home/andre/Рабочий стол/CRM/venv/lib/python3.12/site-packages/sqlalchemy/orm/persistence.py", line 1226, in _emit_insert_statements
    result = connection.execute(
             ^^^^^^^^^^^^^^^^^^^
  File "/home/andre/Рабочий стол/CRM/venv/lib/python3.12/site-packages/sqlalchemy/engine/base.py", line 1416, in execute
    return meth(
           ^^^^^
  File "/home/andre/Рабочий стол/CRM/venv/lib/python3.12/site-packages/sqlalchemy/sql/elements.py", line 516, in _execute_on_connection
    return connection._execute_clauseelement(
           ^^^^^^^^^^^^^^^^^^^^^^^^^^^^^^^^^^
  File "/home/andre/Рабочий стол/CRM/venv/lib/python3.12/site-packages/sqlalchemy/engine/base.py", line 1639, in _execute_clauseelement
    ret = self._execute_context(
          ^^^^^^^^^^^^^^^^^^^^^^
  File "/home/andre/Рабочий стол/CRM/venv/lib/python3.12/site-packages/sqlalchemy/engine/base.py", line 1848, in _execute_context
    return self._exec_single_context(
           ^^^^^^^^^^^^^^^^^^^^^^^^^^
  File "/home/andre/Рабочий стол/CRM/venv/lib/python3.12/site-packages/sqlalchemy/engine/base.py", line 1988, in _exec_single_context
    self._handle_dbapi_exception(
  File "/home/andre/Рабочий стол/CRM/venv/lib/python3.12/site-packages/sqlalchemy/engine/base.py", line 2343, in _handle_dbapi_exception
    raise sqlalchemy_exception.with_traceback(exc_info[2]) from e
  File "/home/andre/Рабочий стол/CRM/venv/lib/python3.12/site-packages/sqlalchemy/engine/base.py", line 1969, in _exec_single_context
    self.dialect.do_execute(
  File "/home/andre/Рабочий стол/CRM/venv/lib/python3.12/site-packages/sqlalchemy/engine/default.py", line 922, in do_execute
    cursor.execute(statement, parameters)
  File "/home/andre/Рабочий стол/CRM/venv/lib/python3.12/site-packages/sqlalchemy/dialects/postgresql/asyncpg.py", line 591, in execute
    self._adapt_connection.await_(
  File "/home/andre/Рабочий стол/CRM/venv/lib/python3.12/site-packages/sqlalchemy/util/_concurrency_py3k.py", line 125, in await_only
    return current.driver.switch(awaitable)  # type: ignore[no-any-return]
           ^^^^^^^^^^^^^^^^^^^^^^^^^^^^^^^^
  File "/home/andre/Рабочий стол/CRM/venv/lib/python3.12/site-packages/sqlalchemy/util/_concurrency_py3k.py", line 185, in greenlet_spawn
    value = await result
            ^^^^^^^^^^^^
  File "/home/andre/Рабочий стол/CRM/venv/lib/python3.12/site-packages/sqlalchemy/dialects/postgresql/asyncpg.py", line 569, in _prepare_and_execute
    self._handle_exception(error)
  File "/home/andre/Рабочий стол/CRM/venv/lib/python3.12/site-packages/sqlalchemy/dialects/postgresql/asyncpg.py", line 520, in _handle_exception
    self._adapt_connection._handle_exception(error)
  File "/home/andre/Рабочий стол/CRM/venv/lib/python3.12/site-packages/sqlalchemy/dialects/postgresql/asyncpg.py", line 808, in _handle_exception
    raise translated_error from error
sqlalchemy.exc.DBAPIError: (sqlalchemy.dialects.postgresql.asyncpg.Error) <class 'asyncpg.exceptions.DataError'>: invalid input for query argument $6: datetime.datetime(2026, 2, 17, 8, 25, 49... (can't subtract offset-naive and offset-aware datetimes)
[SQL: INSERT INTO orders (client_id, installer_id, status, service_type, warehouse, service_datetime, delivery_datetime, promise, marker_color, address_text) VALUES ($1::INTEGER, $2::INTEGER, $3::order_status, $4::VARCHAR, $5::VARCHAR, $6::TIMESTAMP WITHOUT TIME ZONE, $7::TIMESTAMP WITHOUT TIME ZONE, $8::VARCHAR, $9::VARCHAR, $10::VARCHAR) RETURNING orders.id, orders.created_at, orders.updated_at]
[parameters: (1, None, 'Новый', 'Electrolux EACS-09HSK/N3_24Y', 'Основной', datetime.datetime(2026, 2, 17, 8, 25, 49, 171000, tzinfo=TzInfo(0)), None, 'dfgsgdfs', None, None)]
(Background on this error at: https://sqlalche.me/e/20/dbapi)
2026-02-17 11:25:51,326 - sqlalchemy.engine.Engine - INFO - BEGIN (implicit)
2026-02-17 11:25:51,326 - sqlalchemy.engine.Engine - INFO - SELECT orders.id, orders.client_id, orders.installer_id, orders.status, orders.service_type, orders.warehouse, orders.service_datetime, orders.delivery_datetime, orders.promise, orders.marker_color, orders.address_text, orders.created_at, orders.updated_at 
FROM orders 
 LIMIT $1::INTEGER OFFSET $2::INTEGER
2026-02-17 11:25:51,326 - sqlalchemy.engine.Engine - INFO - [cached since 51.07s ago] (100, 0)
2026-02-17 11:25:51,328 - sqlalchemy.engine.Engine - INFO - ROLLBACK
2026-02-17 11:25:51,329 - sqlalchemy.engine.Engine - INFO - BEGIN (implicit)
2026-02-17 11:25:51,329 - sqlalchemy.engine.Engine - INFO - SELECT orders.id, orders.client_id, orders.installer_id, orders.status, orders.service_type, orders.warehouse, orders.service_datetime, orders.delivery_datetime, orders.promise, orders.marker_color, orders.address_text, orders.created_at, orders.updated_at 
FROM orders 
 LIMIT $1::INTEGER OFFSET $2::INTEGER
2026-02-17 11:25:51,329 - sqlalchemy.engine.Engine - INFO - [cached since 51.07s ago] (100, 0)
2026-02-17 11:25:51,331 - sqlalchemy.engine.Engine - INFO - ROLLBACK
2026-02-17 11:25:58,916 - sqlalchemy.engine.Engine - INFO - BEGIN (implicit)
2026-02-17 11:25:58,916 - sqlalchemy.engine.Engine - INFO - SELECT orders.id, orders.client_id, orders.installer_id, orders.status, orders.service_type, orders.warehouse, orders.service_datetime, orders.delivery_datetime, orders.promise, orders.marker_color, orders.address_text, orders.created_at, orders.updated_at 
FROM orders 
 LIMIT $1::INTEGER OFFSET $2::INTEGER
2026-02-17 11:25:58,916 - sqlalchemy.engine.Engine - INFO - [cached since 58.66s ago] (100, 0)
2026-02-17 11:25:58,918 - sqlalchemy.engine.Engine - INFO - ROLLBACK
2026-02-17 11:25:58,919 - sqlalchemy.engine.Engine - INFO - BEGIN (implicit)
2026-02-17 11:25:58,919 - sqlalchemy.engine.Engine - INFO - SELECT orders.id, orders.client_id, orders.installer_id, orders.status, orders.service_type, orders.warehouse, orders.service_datetime, orders.delivery_datetime, orders.promise, orders.marker_color, orders.address_text, orders.created_at, orders.updated_at 
FROM orders 
 LIMIT $1::INTEGER OFFSET $2::INTEGER
2026-02-17 11:25:58,919 - sqlalchemy.engine.Engine - INFO - [cached since 58.66s ago] (100, 0)
2026-02-17 11:25:58,920 - sqlalchemy.engine.Engine - INFO - ROLLBACK
2026-02-17 11:26:08,335 - sqlalchemy.engine.Engine - INFO - BEGIN (implicit)
2026-02-17 11:26:08,335 - sqlalchemy.engine.Engine - INFO - SELECT admins.id, admins.username, admins.password_hash, admins.created_at 
FROM admins 
WHERE admins.username = $1::VARCHAR
2026-02-17 11:26:08,336 - sqlalchemy.engine.Engine - INFO - [cached since 70.36s ago] ('zhura2296@yandex.ru',)
2026-02-17 11:26:08,340 - sqlalchemy.engine.Engine - INFO - SELECT installers.id, installers.full_name, installers.nickname, installers.phone, installers.backup_phone, installers.specialization, installers.rating, installers.base_price, installers.is_debtor, installers.comments, installers.is_active, installers.is_in_funnel, installers.total_orders, installers.poor_work_count, installers.warranty_visits_count, installers.last_incident_date, installers.updated_at, installers.created_at, installers.deleted_at 
FROM installers 
WHERE installers.deleted_at IS NULL 
 LIMIT $1::INTEGER OFFSET $2::INTEGER
2026-02-17 11:26:08,341 - sqlalchemy.engine.Engine - INFO - [generated in 0.00015s] (100, 0)
2026-02-17 11:26:08,342 - sqlalchemy.engine.Engine - INFO - ROLLBACK
2026-02-17 11:26:08,343 - sqlalchemy.engine.Engine - INFO - BEGIN (implicit)
2026-02-17 11:26:08,343 - sqlalchemy.engine.Engine - INFO - SELECT admins.id, admins.username, admins.password_hash, admins.created_at 
FROM admins 
WHERE admins.username = $1::VARCHAR
2026-02-17 11:26:08,343 - sqlalchemy.engine.Engine - INFO - [cached since 70.37s ago] ('zhura2296@yandex.ru',)
2026-02-17 11:26:08,344 - sqlalchemy.engine.Engine - INFO - SELECT installers.id, installers.full_name, installers.nickname, installers.phone, installers.backup_phone, installers.specialization, installers.rating, installers.base_price, installers.is_debtor, installers.comments, installers.is_active, installers.is_in_funnel, installers.total_orders, installers.poor_work_count, installers.warranty_visits_count, installers.last_incident_date, installers.updated_at, installers.created_at, installers.deleted_at 
FROM installers 
WHERE installers.deleted_at IS NULL 
 LIMIT $1::INTEGER OFFSET $2::INTEGER
2026-02-17 11:26:08,344 - sqlalchemy.engine.Engine - INFO - [cached since 0.004035s ago] (100, 0)
2026-02-17 11:26:08,346 - sqlalchemy.engine.Engine - INFO - ROLLBACK
2026-02-17 11:26:33,014 - sqlalchemy.engine.Engine - INFO - BEGIN (implicit)
2026-02-17 11:26:33,015 - sqlalchemy.engine.Engine - INFO - SELECT admins.id, admins.username, admins.password_hash, admins.created_at 
FROM admins 
WHERE admins.username = $1::VARCHAR
2026-02-17 11:26:33,015 - sqlalchemy.engine.Engine - INFO - [cached since 95.04s ago] ('zhura2296@yandex.ru',)
2026-02-17 11:26:33,017 - sqlalchemy.engine.Engine - INFO - INSERT INTO installers (full_name, nickname, phone, backup_phone, specialization, rating, base_price, is_debtor, comments, is_active, is_in_funnel, total_orders, poor_work_count, warranty_visits_count, last_incident_date, deleted_at) VALUES ($1::VARCHAR, $2::VARCHAR, $3::VARCHAR, $4::VARCHAR, $5::VARCHAR[], $6::NUMERIC(3, 1), $7::NUMERIC(10, 2), $8::BOOLEAN, $9::VARCHAR, $10::BOOLEAN, $11::BOOLEAN, $12::INTEGER, $13::INTEGER, $14::INTEGER, $15::TIMESTAMP WITH TIME ZONE, $16::TIMESTAMP WITH TIME ZONE) RETURNING installers.id, installers.updated_at, installers.created_at
2026-02-17 11:26:33,017 - sqlalchemy.engine.Engine - INFO - [generated in 0.00026s] ('Петров Олег Юрьевич', 'Иваныч', '+79153278566', '89153227089', ['Космонавт'], 10.0, 14999.99, True, '32423', True, True, 0, 0, 0, None, None)
2026-02-17 11:26:33,025 - sqlalchemy.engine.Engine - INFO - COMMIT
2026-02-17 11:26:33,026 - sqlalchemy.engine.Engine - INFO - BEGIN (implicit)
2026-02-17 11:26:33,027 - sqlalchemy.engine.Engine - INFO - SELECT installers.id, installers.full_name, installers.nickname, installers.phone, installers.backup_phone, installers.specialization, installers.rating, installers.base_price, installers.is_debtor, installers.comments, installers.is_active, installers.is_in_funnel, installers.total_orders, installers.poor_work_count, installers.warranty_visits_count, installers.last_incident_date, installers.updated_at, installers.created_at, installers.deleted_at 
FROM installers 
WHERE installers.id = $1::INTEGER
2026-02-17 11:26:33,027 - sqlalchemy.engine.Engine - INFO - [generated in 0.00012s] (1,)
2026-02-17 11:26:33,074 - sqlalchemy.engine.Engine - INFO - ROLLBACK
2026-02-17 11:26:33,102 - sqlalchemy.engine.Engine - INFO - BEGIN (implicit)
2026-02-17 11:26:33,103 - sqlalchemy.engine.Engine - INFO - SELECT admins.id, admins.username, admins.password_hash, admins.created_at 
FROM admins 
WHERE admins.username = $1::VARCHAR
2026-02-17 11:26:33,103 - sqlalchemy.engine.Engine - INFO - [cached since 95.13s ago] ('zhura2296@yandex.ru',)
2026-02-17 11:26:33,104 - sqlalchemy.engine.Engine - INFO - SELECT installers.id, installers.full_name, installers.nickname, installers.phone, installers.backup_phone, installers.specialization, installers.rating, installers.base_price, installers.is_debtor, installers.comments, installers.is_active, installers.is_in_funnel, installers.total_orders, installers.poor_work_count, installers.warranty_visits_count, installers.last_incident_date, installers.updated_at, installers.created_at, installers.deleted_at 
FROM installers 
WHERE installers.deleted_at IS NULL 
 LIMIT $1::INTEGER OFFSET $2::INTEGER
2026-02-17 11:26:33,104 - sqlalchemy.engine.Engine - INFO - [cached since 24.76s ago] (100, 0)
2026-02-17 11:26:33,106 - sqlalchemy.engine.Engine - INFO - ROLLBACK
2026-02-17 11:26:33,109 - sqlalchemy.engine.Engine - INFO - BEGIN (implicit)
2026-02-17 11:26:33,109 - sqlalchemy.engine.Engine - INFO - SELECT admins.id, admins.username, admins.password_hash, admins.created_at 
FROM admins 
WHERE admins.username = $1::VARCHAR
2026-02-17 11:26:33,109 - sqlalchemy.engine.Engine - INFO - [cached since 95.14s ago] ('zhura2296@yandex.ru',)
2026-02-17 11:26:33,110 - sqlalchemy.engine.Engine - INFO - SELECT installers.id, installers.full_name, installers.nickname, installers.phone, installers.backup_phone, installers.specialization, installers.rating, installers.base_price, installers.is_debtor, installers.comments, installers.is_active, installers.is_in_funnel, installers.total_orders, installers.poor_work_count, installers.warranty_visits_count, installers.last_incident_date, installers.updated_at, installers.created_at, installers.deleted_at 
FROM installers 
WHERE installers.deleted_at IS NULL 
 LIMIT $1::INTEGER OFFSET $2::INTEGER
2026-02-17 11:26:33,111 - sqlalchemy.engine.Engine - INFO - [cached since 24.77s ago] (100, 0)
2026-02-17 11:26:33,111 - sqlalchemy.engine.Engine - INFO - ROLLBACK
2026-02-17 11:26:35,675 - sqlalchemy.engine.Engine - INFO - BEGIN (implicit)
2026-02-17 11:26:35,675 - sqlalchemy.engine.Engine - INFO - SELECT orders.id, orders.client_id, orders.installer_id, orders.status, orders.service_type, orders.warehouse, orders.service_datetime, orders.delivery_datetime, orders.promise, orders.marker_color, orders.address_text, orders.created_at, orders.updated_at 
FROM orders 
 LIMIT $1::INTEGER OFFSET $2::INTEGER
2026-02-17 11:26:35,675 - sqlalchemy.engine.Engine - INFO - [cached since 95.42s ago] (100, 0)
2026-02-17 11:26:35,677 - sqlalchemy.engine.Engine - INFO - ROLLBACK
2026-02-17 11:26:35,678 - sqlalchemy.engine.Engine - INFO - BEGIN (implicit)
2026-02-17 11:26:35,678 - sqlalchemy.engine.Engine - INFO - SELECT orders.id, orders.client_id, orders.installer_id, orders.status, orders.service_type, orders.warehouse, orders.service_datetime, orders.delivery_datetime, orders.promise, orders.marker_color, orders.address_text, orders.created_at, orders.updated_at 
FROM orders 
 LIMIT $1::INTEGER OFFSET $2::INTEGER
2026-02-17 11:26:35,678 - sqlalchemy.engine.Engine - INFO - [cached since 95.42s ago] (100, 0)
2026-02-17 11:26:35,680 - sqlalchemy.engine.Engine - INFO - ROLLBACK
2026-02-17 11:26:40,053 - sqlalchemy.engine.Engine - INFO - BEGIN (implicit)
2026-02-17 11:26:40,053 - sqlalchemy.engine.Engine - INFO - SELECT orders.id, orders.client_id, orders.installer_id, orders.status, orders.service_type, orders.warehouse, orders.service_datetime, orders.delivery_datetime, orders.promise, orders.marker_color, orders.address_text, orders.created_at, orders.updated_at 
FROM orders 
 LIMIT $1::INTEGER OFFSET $2::INTEGER
2026-02-17 11:26:40,053 - sqlalchemy.engine.Engine - INFO - [cached since 99.8s ago] (100, 0)
2026-02-17 11:26:40,055 - sqlalchemy.engine.Engine - INFO - ROLLBACK
2026-02-17 11:26:40,056 - sqlalchemy.engine.Engine - INFO - BEGIN (implicit)
2026-02-17 11:26:40,056 - sqlalchemy.engine.Engine - INFO - SELECT orders.id, orders.client_id, orders.installer_id, orders.status, orders.service_type, orders.warehouse, orders.service_datetime, orders.delivery_datetime, orders.promise, orders.marker_color, orders.address_text, orders.created_at, orders.updated_at 
FROM orders 
 LIMIT $1::INTEGER OFFSET $2::INTEGER
2026-02-17 11:26:40,056 - sqlalchemy.engine.Engine - INFO - [cached since 99.8s ago] (100, 0)
2026-02-17 11:26:40,058 - sqlalchemy.engine.Engine - INFO - ROLLBACK
2026-02-17 11:30:12,612 - sqlalchemy.engine.Engine - INFO - BEGIN (implicit)
2026-02-17 11:30:12,612 - sqlalchemy.engine.Engine - INFO - SELECT orders.id, orders.client_id, orders.installer_id, orders.status, orders.service_type, orders.warehouse, orders.service_datetime, orders.delivery_datetime, orders.promise, orders.marker_color, orders.address_text, orders.created_at, orders.updated_at 
FROM orders 
 LIMIT $1::INTEGER OFFSET $2::INTEGER
2026-02-17 11:30:12,612 - sqlalchemy.engine.Engine - INFO - [cached since 312.4s ago] (100, 0)
2026-02-17 11:30:12,614 - sqlalchemy.engine.Engine - INFO - ROLLBACK
2026-02-17 11:33:15,129 - core.logging - INFO - Starting CRM application
2026-02-17 11:33:15,129 - apscheduler.scheduler - INFO - Adding job tentatively -- it will be properly scheduled when the scheduler starts
2026-02-17 11:33:15,129 - apscheduler.scheduler - INFO - Adding job tentatively -- it will be properly scheduled when the scheduler starts
2026-02-17 11:33:15,130 - apscheduler.scheduler - INFO - Added job "daily_backup_and_report" to job store "default"
2026-02-17 11:33:15,130 - apscheduler.scheduler - INFO - Added job "daily_backup_and_report" to job store "default"
2026-02-17 11:33:15,130 - apscheduler.scheduler - INFO - Scheduler started
2026-02-17 11:33:15,130 - core.logging - INFO - Scheduler started
2026-02-17 11:33:20,202 - core.logging - INFO - Starting CRM application
2026-02-17 11:33:20,202 - apscheduler.scheduler - INFO - Adding job tentatively -- it will be properly scheduled when the scheduler starts
2026-02-17 11:33:20,202 - apscheduler.scheduler - INFO - Adding job tentatively -- it will be properly scheduled when the scheduler starts
2026-02-17 11:33:20,203 - apscheduler.scheduler - INFO - Added job "daily_backup_and_report" to job store "default"
2026-02-17 11:33:20,203 - apscheduler.scheduler - INFO - Added job "daily_backup_and_report" to job store "default"
2026-02-17 11:33:20,203 - apscheduler.scheduler - INFO - Scheduler started
2026-02-17 11:33:20,203 - core.logging - INFO - Scheduler started
2026-02-17 11:33:25,686 - sqlalchemy.engine.Engine - INFO - select pg_catalog.version()
2026-02-17 11:33:25,686 - sqlalchemy.engine.Engine - INFO - [raw sql] ()
2026-02-17 11:33:25,687 - sqlalchemy.engine.Engine - INFO - select current_schema()
2026-02-17 11:33:25,688 - sqlalchemy.engine.Engine - INFO - [raw sql] ()
2026-02-17 11:33:25,688 - sqlalchemy.engine.Engine - INFO - show standard_conforming_strings
2026-02-17 11:33:25,688 - sqlalchemy.engine.Engine - INFO - [raw sql] ()
2026-02-17 11:33:25,689 - sqlalchemy.engine.Engine - INFO - BEGIN (implicit)
2026-02-17 11:33:25,692 - sqlalchemy.engine.Engine - INFO - SELECT orders.id, orders.client_id, orders.installer_id, orders.status, orders.service_type, orders.warehouse, orders.service_datetime, orders.delivery_datetime, orders.promise, orders.marker_color, orders.address_text, orders.created_at, orders.updated_at 
FROM orders 
 LIMIT $1::INTEGER OFFSET $2::INTEGER
2026-02-17 11:33:25,692 - sqlalchemy.engine.Engine - INFO - [generated in 0.00017s] (100, 0)
2026-02-17 11:33:25,712 - sqlalchemy.engine.Engine - INFO - ROLLBACK
2026-02-17 11:33:25,714 - sqlalchemy.engine.Engine - INFO - BEGIN (implicit)
2026-02-17 11:33:25,714 - sqlalchemy.engine.Engine - INFO - SELECT orders.id, orders.client_id, orders.installer_id, orders.status, orders.service_type, orders.warehouse, orders.service_datetime, orders.delivery_datetime, orders.promise, orders.marker_color, orders.address_text, orders.created_at, orders.updated_at 
FROM orders 
 LIMIT $1::INTEGER OFFSET $2::INTEGER
2026-02-17 11:33:25,714 - sqlalchemy.engine.Engine - INFO - [cached since 0.0218s ago] (100, 0)
2026-02-17 11:33:25,716 - sqlalchemy.engine.Engine - INFO - ROLLBACK
2026-02-17 11:34:22,258 - sqlalchemy.engine.Engine - INFO - BEGIN (implicit)
2026-02-17 11:34:22,259 - sqlalchemy.engine.Engine - INFO - SELECT admins.id, admins.username, admins.password_hash, admins.created_at 
FROM admins 
WHERE admins.username = $1::VARCHAR
2026-02-17 11:34:22,260 - sqlalchemy.engine.Engine - INFO - [generated in 0.00012s] ('zhura2296@yandex.ru',)
2026-02-17 11:34:22,263 - sqlalchemy.engine.Engine - INFO - INSERT INTO clients (full_name, phone, address, coordinates, comments, updated_at, backup_phone, deleted_at) VALUES ($1::VARCHAR, $2::VARCHAR, $3::VARCHAR, $4, $5::VARCHAR, $6::TIMESTAMP WITH TIME ZONE, $7::VARCHAR, $8::TIMESTAMP WITH TIME ZONE) RETURNING clients.id, clients.created_at, clients.last_contact
2026-02-17 11:34:22,263 - sqlalchemy.engine.Engine - INFO - [generated in 0.00012s] ('Журавлев Андрей Михайлович', '+79153227045', 'мытищи1-й Рупасовский, ПГСК №41 переулок', None, '12312', None, None, None)
2026-02-17 11:34:22,265 - sqlalchemy.engine.Engine - INFO - COMMIT
2026-02-17 11:34:22,287 - sqlalchemy.engine.Engine - INFO - BEGIN (implicit)
2026-02-17 11:34:22,288 - sqlalchemy.engine.Engine - INFO - SELECT clients.id, clients.full_name, clients.phone, clients.address, clients.coordinates, clients.created_at, clients.last_contact, clients.comments, clients.updated_at, clients.backup_phone, clients.deleted_at 
FROM clients 
WHERE clients.id = $1::INTEGER
2026-02-17 11:34:22,288 - sqlalchemy.engine.Engine - INFO - [generated in 0.00013s] (2,)
2026-02-17 11:34:22,290 - sqlalchemy.engine.Engine - INFO - ROLLBACK
2026-02-17 11:34:22,293 - sqlalchemy.engine.Engine - INFO - BEGIN (implicit)
2026-02-17 11:34:22,293 - sqlalchemy.engine.Engine - INFO - INSERT INTO orders (client_id, installer_id, status, service_type, warehouse, service_datetime, delivery_datetime, promise, marker_color, address_text) VALUES ($1::INTEGER, $2::INTEGER, $3::order_status, $4::VARCHAR, $5::VARCHAR, $6::TIMESTAMP WITHOUT TIME ZONE, $7::TIMESTAMP WITHOUT TIME ZONE, $8::VARCHAR, $9::VARCHAR, $10::VARCHAR) RETURNING orders.id, orders.created_at, orders.updated_at
2026-02-17 11:34:22,293 - sqlalchemy.engine.Engine - INFO - [generated in 0.00014s] (2, None, 'Новый', 'Electrolux EACS-09HSK/N3_24Y', 'Основной', datetime.datetime(2026, 2, 18, 0, 0), None, '12312', None, None)
2026-02-17 11:34:22,419 - sqlalchemy.engine.Engine - INFO - SELECT address_cache.address, address_cache.lat, address_cache.lon, address_cache.updated_at 
FROM address_cache 
WHERE address_cache.address = $1::VARCHAR
2026-02-17 11:34:22,420 - sqlalchemy.engine.Engine - INFO - [generated in 0.00041s] ('мытищи1-й Рупасовский, ПГСК №41 переулок',)
2026-02-17 11:34:22,422 - sqlalchemy.engine.Engine - INFO - INSERT INTO address_cache (address, lat, lon) VALUES ($1::VARCHAR, $2::NUMERIC(10, 7), $3::NUMERIC(10, 7)) RETURNING address_cache.updated_at
2026-02-17 11:34:22,423 - sqlalchemy.engine.Engine - INFO - [generated in 0.00023s] ('мытищи1-й Рупасовский, ПГСК №41 переулок', 55.924542, 37.746166)
2026-02-17 11:34:22,424 - sqlalchemy.engine.Engine - INFO - COMMIT
2026-02-17 11:34:22,425 - sqlalchemy.engine.Engine - INFO - BEGIN (implicit)
2026-02-17 11:34:22,426 - sqlalchemy.engine.Engine - INFO - SELECT address_cache.address, address_cache.lat, address_cache.lon, address_cache.updated_at 
FROM address_cache 
WHERE address_cache.address = $1::VARCHAR
2026-02-17 11:34:22,426 - sqlalchemy.engine.Engine - INFO - [generated in 0.00031s] ('мытищи1-й Рупасовский, ПГСК №41 переулок',)
2026-02-17 11:34:22,428 - sqlalchemy.engine.Engine - INFO - UPDATE orders SET address_text=$1::VARCHAR, updated_at=now() WHERE orders.id = $2::INTEGER
2026-02-17 11:34:22,428 - sqlalchemy.engine.Engine - INFO - [generated in 0.00017s] ('мытищи1-й Рупасовский, ПГСК №41 переулок', 1)
2026-02-17 11:34:22,430 - sqlalchemy.engine.Engine - INFO - COMMIT
2026-02-17 11:34:22,431 - sqlalchemy.engine.Engine - INFO - BEGIN (implicit)
2026-02-17 11:34:22,431 - sqlalchemy.engine.Engine - INFO - SELECT orders.id, orders.client_id, orders.installer_id, orders.status, orders.service_type, orders.warehouse, orders.service_datetime, orders.delivery_datetime, orders.promise, orders.marker_color, orders.address_text, orders.created_at, orders.updated_at 
FROM orders 
WHERE orders.id = $1::INTEGER
2026-02-17 11:34:22,432 - sqlalchemy.engine.Engine - INFO - [generated in 0.00014s] (1,)
2026-02-17 11:34:22,434 - sqlalchemy.engine.Engine - INFO - SELECT orders.id, orders.client_id, orders.installer_id, orders.status, orders.service_type, orders.warehouse, orders.service_datetime, orders.delivery_datetime, orders.promise, orders.marker_color, orders.address_text, orders.created_at, orders.updated_at 
FROM orders 
WHERE orders.id = $1::INTEGER
2026-02-17 11:34:22,434 - sqlalchemy.engine.Engine - INFO - [generated in 0.00019s] (1,)
2026-02-17 11:34:22,436 - sqlalchemy.engine.Engine - INFO - SELECT clients.id AS clients_id, clients.full_name AS clients_full_name, clients.phone AS clients_phone, clients.address AS clients_address, clients.coordinates AS clients_coordinates, clients.created_at AS clients_created_at, clients.last_contact AS clients_last_contact, clients.comments AS clients_comments, clients.updated_at AS clients_updated_at, clients.backup_phone AS clients_backup_phone, clients.deleted_at AS clients_deleted_at 
FROM clients 
WHERE clients.id IN ($1::INTEGER)
2026-02-17 11:34:22,436 - sqlalchemy.engine.Engine - INFO - [generated in 0.00018s] (2,)
2026-02-17 11:34:22,438 - sqlalchemy.engine.Engine - INFO - ROLLBACK
2026-02-17 11:34:22,442 - sqlalchemy.engine.Engine - INFO - BEGIN (implicit)
2026-02-17 11:34:22,443 - sqlalchemy.engine.Engine - INFO - SELECT finance.id, finance.order_id, finance.purchase_price, finance.sale_price_client, finance.installer_pay, finance.my_commission, finance.profit, finance.installer_returned_money, finance.payment_state, finance.updated_at, finance.created_at 
FROM finance 
WHERE finance.order_id = $1::INTEGER
2026-02-17 11:34:22,443 - sqlalchemy.engine.Engine - INFO - [generated in 0.00011s] (1,)
2026-02-17 11:34:22,450 - sqlalchemy.engine.Engine - INFO - INSERT INTO finance (order_id, purchase_price, sale_price_client, installer_pay, my_commission, installer_returned_money, payment_state) VALUES ($1::INTEGER, $2::NUMERIC(10, 2), $3::NUMERIC(10, 2), $4::NUMERIC(10, 2), $5::NUMERIC(10, 2), $6::BOOLEAN, $7::payment_status) RETURNING finance.id, finance.profit, finance.updated_at, finance.created_at
2026-02-17 11:34:22,450 - sqlalchemy.engine.Engine - INFO - [generated in 0.00016s] (1, 20000.0, 50000.0, 20000.0, 10000.0, False, 'Не оплачен')
2026-02-17 11:34:22,451 - sqlalchemy.engine.Engine - INFO - COMMIT
2026-02-17 11:34:22,452 - sqlalchemy.engine.Engine - INFO - BEGIN (implicit)
2026-02-17 11:34:22,452 - sqlalchemy.engine.Engine - INFO - SELECT finance.id, finance.order_id, finance.purchase_price, finance.sale_price_client, finance.installer_pay, finance.my_commission, finance.profit, finance.installer_returned_money, finance.payment_state, finance.updated_at, finance.created_at 
FROM finance 
WHERE finance.id = $1::INTEGER
2026-02-17 11:34:22,453 - sqlalchemy.engine.Engine - INFO - [generated in 0.00010s] (1,)
2026-02-17 11:34:22,454 - sqlalchemy.engine.Engine - INFO - ROLLBACK
2026-02-17 11:34:22,497 - sqlalchemy.engine.Engine - INFO - BEGIN (implicit)
2026-02-17 11:34:22,497 - sqlalchemy.engine.Engine - INFO - SELECT orders.id, orders.client_id, orders.installer_id, orders.status, orders.service_type, orders.warehouse, orders.service_datetime, orders.delivery_datetime, orders.promise, orders.marker_color, orders.address_text, orders.created_at, orders.updated_at 
FROM orders 
 LIMIT $1::INTEGER OFFSET $2::INTEGER
2026-02-17 11:34:22,498 - sqlalchemy.engine.Engine - INFO - [cached since 56.81s ago] (100, 0)
2026-02-17 11:34:22,552 - sqlalchemy.engine.Engine - INFO - SELECT clients.id AS clients_id, clients.full_name AS clients_full_name, clients.phone AS clients_phone, clients.address AS clients_address, clients.coordinates AS clients_coordinates, clients.created_at AS clients_created_at, clients.last_contact AS clients_last_contact, clients.comments AS clients_comments, clients.updated_at AS clients_updated_at, clients.backup_phone AS clients_backup_phone, clients.deleted_at AS clients_deleted_at 
FROM clients 
WHERE clients.id IN ($1::INTEGER)
2026-02-17 11:34:22,552 - sqlalchemy.engine.Engine - INFO - [cached since 0.1158s ago] (2,)
2026-02-17 11:34:22,553 - sqlalchemy.engine.Engine - INFO - ROLLBACK
2026-02-17 11:34:22,573 - sqlalchemy.engine.Engine - INFO - BEGIN (implicit)
2026-02-17 11:34:22,573 - sqlalchemy.engine.Engine - INFO - SELECT orders.id, orders.client_id, orders.installer_id, orders.status, orders.service_type, orders.warehouse, orders.service_datetime, orders.delivery_datetime, orders.promise, orders.marker_color, orders.address_text, orders.created_at, orders.updated_at 
FROM orders 
 LIMIT $1::INTEGER OFFSET $2::INTEGER
2026-02-17 11:34:22,573 - sqlalchemy.engine.Engine - INFO - [cached since 56.88s ago] (100, 0)
2026-02-17 11:34:22,585 - sqlalchemy.engine.Engine - INFO - SELECT clients.id AS clients_id, clients.full_name AS clients_full_name, clients.phone AS clients_phone, clients.address AS clients_address, clients.coordinates AS clients_coordinates, clients.created_at AS clients_created_at, clients.last_contact AS clients_last_contact, clients.comments AS clients_comments, clients.updated_at AS clients_updated_at, clients.backup_phone AS clients_backup_phone, clients.deleted_at AS clients_deleted_at 
FROM clients 
WHERE clients.id IN ($1::INTEGER)
2026-02-17 11:34:22,585 - sqlalchemy.engine.Engine - INFO - [cached since 0.1487s ago] (2,)
2026-02-17 11:34:22,587 - sqlalchemy.engine.Engine - INFO - ROLLBACK
2026-02-17 11:40:03,739 - core.logging - INFO - Starting CRM application
2026-02-17 11:40:03,739 - apscheduler.scheduler - INFO - Adding job tentatively -- it will be properly scheduled when the scheduler starts
2026-02-17 11:40:03,739 - apscheduler.scheduler - INFO - Adding job tentatively -- it will be properly scheduled when the scheduler starts
2026-02-17 11:40:03,739 - apscheduler.scheduler - INFO - Added job "daily_backup_and_report" to job store "default"
2026-02-17 11:40:03,739 - apscheduler.scheduler - INFO - Added job "daily_backup_and_report" to job store "default"
2026-02-17 11:40:03,739 - apscheduler.scheduler - INFO - Scheduler started
2026-02-17 11:40:03,739 - core.logging - INFO - Scheduler started
2026-02-17 11:40:17,626 - core.logging - INFO - Starting CRM application
2026-02-17 11:40:17,626 - apscheduler.scheduler - INFO - Adding job tentatively -- it will be properly scheduled when the scheduler starts
2026-02-17 11:40:17,626 - apscheduler.scheduler - INFO - Adding job tentatively -- it will be properly scheduled when the scheduler starts
2026-02-17 11:40:17,627 - apscheduler.scheduler - INFO - Added job "daily_backup_and_report" to job store "default"
2026-02-17 11:40:17,627 - apscheduler.scheduler - INFO - Added job "daily_backup_and_report" to job store "default"
2026-02-17 11:40:17,627 - apscheduler.scheduler - INFO - Scheduler started
2026-02-17 11:40:17,627 - core.logging - INFO - Scheduler started
2026-02-17 11:40:31,579 - core.logging - INFO - Starting CRM application
2026-02-17 11:40:31,580 - apscheduler.scheduler - INFO - Adding job tentatively -- it will be properly scheduled when the scheduler starts
2026-02-17 11:40:31,580 - apscheduler.scheduler - INFO - Adding job tentatively -- it will be properly scheduled when the scheduler starts
2026-02-17 11:40:31,580 - apscheduler.scheduler - INFO - Added job "daily_backup_and_report" to job store "default"
2026-02-17 11:40:31,580 - apscheduler.scheduler - INFO - Added job "daily_backup_and_report" to job store "default"
2026-02-17 11:40:31,580 - apscheduler.scheduler - INFO - Scheduler started
2026-02-17 11:40:31,580 - core.logging - INFO - Scheduler started
2026-02-17 11:40:53,536 - sqlalchemy.engine.Engine - INFO - select pg_catalog.version()
2026-02-17 11:40:53,536 - sqlalchemy.engine.Engine - INFO - [raw sql] ()
2026-02-17 11:40:53,538 - sqlalchemy.engine.Engine - INFO - select current_schema()
2026-02-17 11:40:53,538 - sqlalchemy.engine.Engine - INFO - [raw sql] ()
2026-02-17 11:40:53,539 - sqlalchemy.engine.Engine - INFO - show standard_conforming_strings
2026-02-17 11:40:53,539 - sqlalchemy.engine.Engine - INFO - [raw sql] ()
2026-02-17 11:40:53,539 - sqlalchemy.engine.Engine - INFO - BEGIN (implicit)
2026-02-17 11:40:53,542 - sqlalchemy.engine.Engine - INFO - SELECT orders.id, orders.client_id, orders.installer_id, orders.status, orders.service_type, orders.warehouse, orders.service_datetime, orders.delivery_datetime, orders.promise, orders.marker_color, orders.address_text, orders.created_at, orders.updated_at 
FROM orders 
 LIMIT $1::INTEGER OFFSET $2::INTEGER
2026-02-17 11:40:53,542 - sqlalchemy.engine.Engine - INFO - [generated in 0.00013s] (100, 0)
2026-02-17 11:40:53,554 - sqlalchemy.engine.Engine - INFO - SELECT finance.order_id AS finance_order_id, finance.id AS finance_id, finance.purchase_price AS finance_purchase_price, finance.sale_price_client AS finance_sale_price_client, finance.installer_pay AS finance_installer_pay, finance.my_commission AS finance_my_commission, finance.profit AS finance_profit, finance.installer_returned_money AS finance_installer_returned_money, finance.payment_state AS finance_payment_state, finance.updated_at AS finance_updated_at, finance.created_at AS finance_created_at 
FROM finance 
WHERE finance.order_id IN ($1::INTEGER)
2026-02-17 11:40:53,554 - sqlalchemy.engine.Engine - INFO - [generated in 0.00028s] (1,)
2026-02-17 11:40:53,561 - sqlalchemy.engine.Engine - INFO - SELECT clients.id AS clients_id, clients.full_name AS clients_full_name, clients.phone AS clients_phone, clients.address AS clients_address, clients.coordinates AS clients_coordinates, clients.created_at AS clients_created_at, clients.last_contact AS clients_last_contact, clients.comments AS clients_comments, clients.updated_at AS clients_updated_at, clients.backup_phone AS clients_backup_phone, clients.deleted_at AS clients_deleted_at 
FROM clients 
WHERE clients.id IN ($1::INTEGER)
2026-02-17 11:40:53,561 - sqlalchemy.engine.Engine - INFO - [generated in 0.00018s] (2,)
2026-02-17 11:40:53,563 - sqlalchemy.engine.Engine - INFO - ROLLBACK
2026-02-17 11:40:53,582 - sqlalchemy.engine.Engine - INFO - BEGIN (implicit)
2026-02-17 11:40:53,582 - sqlalchemy.engine.Engine - INFO - SELECT orders.id, orders.client_id, orders.installer_id, orders.status, orders.service_type, orders.warehouse, orders.service_datetime, orders.delivery_datetime, orders.promise, orders.marker_color, orders.address_text, orders.created_at, orders.updated_at 
FROM orders 
 LIMIT $1::INTEGER OFFSET $2::INTEGER
2026-02-17 11:40:53,582 - sqlalchemy.engine.Engine - INFO - [cached since 0.04043s ago] (100, 0)
2026-02-17 11:40:53,592 - sqlalchemy.engine.Engine - INFO - SELECT finance.order_id AS finance_order_id, finance.id AS finance_id, finance.purchase_price AS finance_purchase_price, finance.sale_price_client AS finance_sale_price_client, finance.installer_pay AS finance_installer_pay, finance.my_commission AS finance_my_commission, finance.profit AS finance_profit, finance.installer_returned_money AS finance_installer_returned_money, finance.payment_state AS finance_payment_state, finance.updated_at AS finance_updated_at, finance.created_at AS finance_created_at 
FROM finance 
WHERE finance.order_id IN ($1::INTEGER)
2026-02-17 11:40:53,592 - sqlalchemy.engine.Engine - INFO - [cached since 0.03797s ago] (1,)
2026-02-17 11:40:53,597 - sqlalchemy.engine.Engine - INFO - SELECT clients.id AS clients_id, clients.full_name AS clients_full_name, clients.phone AS clients_phone, clients.address AS clients_address, clients.coordinates AS clients_coordinates, clients.created_at AS clients_created_at, clients.last_contact AS clients_last_contact, clients.comments AS clients_comments, clients.updated_at AS clients_updated_at, clients.backup_phone AS clients_backup_phone, clients.deleted_at AS clients_deleted_at 
FROM clients 
WHERE clients.id IN ($1::INTEGER)
2026-02-17 11:40:53,597 - sqlalchemy.engine.Engine - INFO - [cached since 0.03624s ago] (2,)
2026-02-17 11:40:53,599 - sqlalchemy.engine.Engine - INFO - ROLLBACK
2026-02-17 11:41:43,116 - sqlalchemy.engine.Engine - INFO - BEGIN (implicit)
2026-02-17 11:41:43,117 - sqlalchemy.engine.Engine - INFO - SELECT orders.id, orders.client_id, orders.installer_id, orders.status, orders.service_type, orders.warehouse, orders.service_datetime, orders.delivery_datetime, orders.promise, orders.marker_color, orders.address_text, orders.created_at, orders.updated_at 
FROM orders 
WHERE orders.id = $1::INTEGER
2026-02-17 11:41:43,117 - sqlalchemy.engine.Engine - INFO - [generated in 0.00020s] (1,)
2026-02-17 11:41:43,123 - sqlalchemy.engine.Engine - INFO - BEGIN (implicit)
2026-02-17 11:41:43,124 - sqlalchemy.engine.Engine - INFO - SELECT admins.id, admins.username, admins.password_hash, admins.created_at 
FROM admins 
WHERE admins.username = $1::VARCHAR
2026-02-17 11:41:43,124 - sqlalchemy.engine.Engine - INFO - [generated in 0.00020s] ('zhura2296@yandex.ru',)
2026-02-17 11:41:43,131 - sqlalchemy.engine.Engine - INFO - SELECT finance.order_id AS finance_order_id, finance.id AS finance_id, finance.purchase_price AS finance_purchase_price, finance.sale_price_client AS finance_sale_price_client, finance.installer_pay AS finance_installer_pay, finance.my_commission AS finance_my_commission, finance.profit AS finance_profit, finance.installer_returned_money AS finance_installer_returned_money, finance.payment_state AS finance_payment_state, finance.updated_at AS finance_updated_at, finance.created_at AS finance_created_at 
FROM finance 
WHERE finance.order_id IN ($1::INTEGER)
2026-02-17 11:41:43,131 - sqlalchemy.engine.Engine - INFO - [cached since 49.58s ago] (1,)
2026-02-17 11:41:43,133 - sqlalchemy.engine.Engine - INFO - SELECT clients.id AS clients_id, clients.full_name AS clients_full_name, clients.phone AS clients_phone, clients.address AS clients_address, clients.coordinates AS clients_coordinates, clients.created_at AS clients_created_at, clients.last_contact AS clients_last_contact, clients.comments AS clients_comments, clients.updated_at AS clients_updated_at, clients.backup_phone AS clients_backup_phone, clients.deleted_at AS clients_deleted_at 
FROM clients 
WHERE clients.id IN ($1::INTEGER)
2026-02-17 11:41:43,133 - sqlalchemy.engine.Engine - INFO - [cached since 49.57s ago] (2,)
2026-02-17 11:41:43,135 - sqlalchemy.engine.Engine - INFO - SELECT clients.id, clients.full_name, clients.phone, clients.address, clients.coordinates, clients.created_at, clients.last_contact, clients.comments, clients.updated_at, clients.backup_phone, clients.deleted_at 
FROM clients 
 LIMIT $1::INTEGER OFFSET $2::INTEGER
2026-02-17 11:41:43,135 - sqlalchemy.engine.Engine - INFO - [generated in 0.00035s] (100, 0)
2026-02-17 11:41:43,160 - sqlalchemy.engine.Engine - INFO - BEGIN (implicit)
2026-02-17 11:41:43,160 - sqlalchemy.engine.Engine - INFO - SELECT admins.id, admins.username, admins.password_hash, admins.created_at 
FROM admins 
WHERE admins.username = $1::VARCHAR
2026-02-17 11:41:43,160 - sqlalchemy.engine.Engine - INFO - [cached since 0.03634s ago] ('zhura2296@yandex.ru',)
2026-02-17 11:41:43,217 - sqlalchemy.engine.Engine - INFO - ROLLBACK
2026-02-17 11:41:43,217 - sqlalchemy.engine.Engine - INFO - ROLLBACK
2026-02-17 11:41:43,218 - sqlalchemy.engine.Engine - INFO - BEGIN (implicit)
2026-02-17 11:41:43,219 - sqlalchemy.engine.Engine - INFO - SELECT admins.id, admins.username, admins.password_hash, admins.created_at 
FROM admins 
WHERE admins.username = $1::VARCHAR
2026-02-17 11:41:43,219 - sqlalchemy.engine.Engine - INFO - [cached since 0.0947s ago] ('zhura2296@yandex.ru',)
2026-02-17 11:41:43,221 - sqlalchemy.engine.Engine - INFO - SELECT installers.id, installers.full_name, installers.nickname, installers.phone, installers.backup_phone, installers.specialization, installers.rating, installers.base_price, installers.is_debtor, installers.comments, installers.is_active, installers.is_in_funnel, installers.total_orders, installers.poor_work_count, installers.warranty_visits_count, installers.last_incident_date, installers.updated_at, installers.created_at, installers.deleted_at 
FROM installers 
WHERE installers.deleted_at IS NULL 
 LIMIT $1::INTEGER OFFSET $2::INTEGER
2026-02-17 11:41:43,221 - sqlalchemy.engine.Engine - INFO - [generated in 0.00015s] (100, 0)
2026-02-17 11:41:43,238 - sqlalchemy.engine.Engine - INFO - SELECT clients.id, clients.full_name, clients.phone, clients.address, clients.coordinates, clients.created_at, clients.last_contact, clients.comments, clients.updated_at, clients.backup_phone, clients.deleted_at 
FROM clients 
 LIMIT $1::INTEGER OFFSET $2::INTEGER
2026-02-17 11:41:43,238 - sqlalchemy.engine.Engine - INFO - [cached since 0.1037s ago] (100, 0)
2026-02-17 11:41:43,239 - sqlalchemy.engine.Engine - INFO - BEGIN (implicit)
2026-02-17 11:41:43,239 - sqlalchemy.engine.Engine - INFO - SELECT orders.id, orders.client_id, orders.installer_id, orders.status, orders.service_type, orders.warehouse, orders.service_datetime, orders.delivery_datetime, orders.promise, orders.marker_color, orders.address_text, orders.created_at, orders.updated_at 
FROM orders 
WHERE orders.id = $1::INTEGER
2026-02-17 11:41:43,239 - sqlalchemy.engine.Engine - INFO - [cached since 0.1222s ago] (1,)
2026-02-17 11:41:43,241 - sqlalchemy.engine.Engine - INFO - ROLLBACK
2026-02-17 11:41:43,242 - sqlalchemy.engine.Engine - INFO - BEGIN (implicit)
2026-02-17 11:41:43,242 - sqlalchemy.engine.Engine - INFO - SELECT admins.id, admins.username, admins.password_hash, admins.created_at 
FROM admins 
WHERE admins.username = $1::VARCHAR
2026-02-17 11:41:43,242 - sqlalchemy.engine.Engine - INFO - [cached since 0.1179s ago] ('zhura2296@yandex.ru',)
2026-02-17 11:41:43,242 - sqlalchemy.engine.Engine - INFO - ROLLBACK
2026-02-17 11:41:43,243 - sqlalchemy.engine.Engine - INFO - SELECT installers.id, installers.full_name, installers.nickname, installers.phone, installers.backup_phone, installers.specialization, installers.rating, installers.base_price, installers.is_debtor, installers.comments, installers.is_active, installers.is_in_funnel, installers.total_orders, installers.poor_work_count, installers.warranty_visits_count, installers.last_incident_date, installers.updated_at, installers.created_at, installers.deleted_at 
FROM installers 
WHERE installers.deleted_at IS NULL 
 LIMIT $1::INTEGER OFFSET $2::INTEGER
2026-02-17 11:41:43,243 - sqlalchemy.engine.Engine - INFO - [cached since 0.0221s ago] (100, 0)
2026-02-17 11:41:43,247 - sqlalchemy.engine.Engine - INFO - ROLLBACK
2026-02-17 11:41:43,259 - sqlalchemy.engine.Engine - INFO - SELECT finance.order_id AS finance_order_id, finance.id AS finance_id, finance.purchase_price AS finance_purchase_price, finance.sale_price_client AS finance_sale_price_client, finance.installer_pay AS finance_installer_pay, finance.my_commission AS finance_my_commission, finance.profit AS finance_profit, finance.installer_returned_money AS finance_installer_returned_money, finance.payment_state AS finance_payment_state, finance.updated_at AS finance_updated_at, finance.created_at AS finance_created_at 
FROM finance 
WHERE finance.order_id IN ($1::INTEGER)
2026-02-17 11:41:43,260 - sqlalchemy.engine.Engine - INFO - [cached since 49.71s ago] (1,)
2026-02-17 11:41:43,269 - sqlalchemy.engine.Engine - INFO - SELECT clients.id AS clients_id, clients.full_name AS clients_full_name, clients.phone AS clients_phone, clients.address AS clients_address, clients.coordinates AS clients_coordinates, clients.created_at AS clients_created_at, clients.last_contact AS clients_last_contact, clients.comments AS clients_comments, clients.updated_at AS clients_updated_at, clients.backup_phone AS clients_backup_phone, clients.deleted_at AS clients_deleted_at 
FROM clients 
WHERE clients.id IN ($1::INTEGER)
2026-02-17 11:41:43,269 - sqlalchemy.engine.Engine - INFO - [cached since 49.71s ago] (2,)
2026-02-17 11:41:43,272 - sqlalchemy.engine.Engine - INFO - ROLLBACK
2026-02-17 11:42:00,194 - sqlalchemy.engine.Engine - INFO - BEGIN (implicit)
2026-02-17 11:42:00,194 - sqlalchemy.engine.Engine - INFO - SELECT orders.id, orders.client_id, orders.installer_id, orders.status, orders.service_type, orders.warehouse, orders.service_datetime, orders.delivery_datetime, orders.promise, orders.marker_color, orders.address_text, orders.created_at, orders.updated_at 
FROM orders 
WHERE orders.id = $1::INTEGER
2026-02-17 11:42:00,194 - sqlalchemy.engine.Engine - INFO - [cached since 17.08s ago] (1,)
2026-02-17 11:42:00,204 - sqlalchemy.engine.Engine - INFO - SELECT finance.order_id AS finance_order_id, finance.id AS finance_id, finance.purchase_price AS finance_purchase_price, finance.sale_price_client AS finance_sale_price_client, finance.installer_pay AS finance_installer_pay, finance.my_commission AS finance_my_commission, finance.profit AS finance_profit, finance.installer_returned_money AS finance_installer_returned_money, finance.payment_state AS finance_payment_state, finance.updated_at AS finance_updated_at, finance.created_at AS finance_created_at 
FROM finance 
WHERE finance.order_id IN ($1::INTEGER)
2026-02-17 11:42:00,204 - sqlalchemy.engine.Engine - INFO - [cached since 66.65s ago] (1,)
2026-02-17 11:42:00,209 - sqlalchemy.engine.Engine - INFO - SELECT clients.id AS clients_id, clients.full_name AS clients_full_name, clients.phone AS clients_phone, clients.address AS clients_address, clients.coordinates AS clients_coordinates, clients.created_at AS clients_created_at, clients.last_contact AS clients_last_contact, clients.comments AS clients_comments, clients.updated_at AS clients_updated_at, clients.backup_phone AS clients_backup_phone, clients.deleted_at AS clients_deleted_at 
FROM clients 
WHERE clients.id IN ($1::INTEGER)
2026-02-17 11:42:00,209 - sqlalchemy.engine.Engine - INFO - [cached since 66.65s ago] (2,)
2026-02-17 11:42:00,316 - sqlalchemy.engine.Engine - INFO - SELECT address_cache.address, address_cache.lat, address_cache.lon, address_cache.updated_at 
FROM address_cache 
WHERE address_cache.address = $1::VARCHAR
2026-02-17 11:42:00,316 - sqlalchemy.engine.Engine - INFO - [generated in 0.00016s] ('мытищи1-й Рупасовский, ПГСК №41 переулок',)
2026-02-17 11:42:00,319 - sqlalchemy.engine.Engine - INFO - UPDATE address_cache SET lat=$1::NUMERIC(10, 7), lon=$2::NUMERIC(10, 7), updated_at=now() WHERE address_cache.address = $3::VARCHAR
2026-02-17 11:42:00,319 - sqlalchemy.engine.Engine - INFO - [generated in 0.00012s] (55.924542, 37.746166, 'мытищи1-й Рупасовский, ПГСК №41 переулок')
2026-02-17 11:42:00,321 - sqlalchemy.engine.Engine - INFO - COMMIT
2026-02-17 11:42:00,322 - sqlalchemy.engine.Engine - INFO - BEGIN (implicit)
2026-02-17 11:42:00,323 - sqlalchemy.engine.Engine - INFO - SELECT address_cache.address, address_cache.lat, address_cache.lon, address_cache.updated_at 
FROM address_cache 
WHERE address_cache.address = $1::VARCHAR
2026-02-17 11:42:00,323 - sqlalchemy.engine.Engine - INFO - [generated in 0.00010s] ('мытищи1-й Рупасовский, ПГСК №41 переулок',)
2026-02-17 11:42:00,325 - sqlalchemy.engine.Engine - INFO - UPDATE orders SET installer_id=$1::INTEGER, updated_at=now() WHERE orders.id = $2::INTEGER
2026-02-17 11:42:00,325 - sqlalchemy.engine.Engine - INFO - [generated in 0.00011s] (1, 1)
2026-02-17 11:42:00,327 - sqlalchemy.engine.Engine - INFO - COMMIT
2026-02-17 11:42:00,328 - sqlalchemy.engine.Engine - INFO - BEGIN (implicit)
2026-02-17 11:42:00,329 - sqlalchemy.engine.Engine - INFO - SELECT orders.id, orders.client_id, orders.installer_id, orders.status, orders.service_type, orders.warehouse, orders.service_datetime, orders.delivery_datetime, orders.promise, orders.marker_color, orders.address_text, orders.created_at, orders.updated_at 
FROM orders 
WHERE orders.id = $1::INTEGER
2026-02-17 11:42:00,329 - sqlalchemy.engine.Engine - INFO - [generated in 0.00009s] (1,)
2026-02-17 11:42:00,330 - sqlalchemy.engine.Engine - INFO - SELECT finance.id AS finance_id, finance.order_id AS finance_order_id, finance.purchase_price AS finance_purchase_price, finance.sale_price_client AS finance_sale_price_client, finance.installer_pay AS finance_installer_pay, finance.my_commission AS finance_my_commission, finance.profit AS finance_profit, finance.installer_returned_money AS finance_installer_returned_money, finance.payment_state AS finance_payment_state, finance.updated_at AS finance_updated_at, finance.created_at AS finance_created_at 
FROM finance 
WHERE $1::INTEGER = finance.order_id
2026-02-17 11:42:00,330 - sqlalchemy.engine.Engine - INFO - [generated in 0.00014s] (1,)
2026-02-17 11:42:00,332 - sqlalchemy.engine.Engine - INFO - SELECT clients.id AS clients_id, clients.full_name AS clients_full_name, clients.phone AS clients_phone, clients.address AS clients_address, clients.coordinates AS clients_coordinates, clients.created_at AS clients_created_at, clients.last_contact AS clients_last_contact, clients.comments AS clients_comments, clients.updated_at AS clients_updated_at, clients.backup_phone AS clients_backup_phone, clients.deleted_at AS clients_deleted_at 
FROM clients 
WHERE clients.id = $1::INTEGER
2026-02-17 11:42:00,332 - sqlalchemy.engine.Engine - INFO - [generated in 0.00011s] (2,)
2026-02-17 11:42:00,333 - sqlalchemy.engine.Engine - INFO - SELECT installers.id AS installers_id, installers.full_name AS installers_full_name, installers.nickname AS installers_nickname, installers.phone AS installers_phone, installers.backup_phone AS installers_backup_phone, installers.specialization AS installers_specialization, installers.rating AS installers_rating, installers.base_price AS installers_base_price, installers.is_debtor AS installers_is_debtor, installers.comments AS installers_comments, installers.is_active AS installers_is_active, installers.is_in_funnel AS installers_is_in_funnel, installers.total_orders AS installers_total_orders, installers.poor_work_count AS installers_poor_work_count, installers.warranty_visits_count AS installers_warranty_visits_count, installers.last_incident_date AS installers_last_incident_date, installers.updated_at AS installers_updated_at, installers.created_at AS installers_created_at, installers.deleted_at AS installers_deleted_at 
FROM installers 
WHERE installers.id = $1::INTEGER
2026-02-17 11:42:00,333 - sqlalchemy.engine.Engine - INFO - [generated in 0.00012s] (1,)
2026-02-17 11:42:00,335 - sqlalchemy.engine.Engine - INFO - ROLLBACK
2026-02-17 11:42:04,663 - sqlalchemy.engine.Engine - INFO - BEGIN (implicit)
2026-02-17 11:42:04,663 - sqlalchemy.engine.Engine - INFO - SELECT orders.id, orders.client_id, orders.installer_id, orders.status, orders.service_type, orders.warehouse, orders.service_datetime, orders.delivery_datetime, orders.promise, orders.marker_color, orders.address_text, orders.created_at, orders.updated_at 
FROM orders 
 LIMIT $1::INTEGER OFFSET $2::INTEGER
2026-02-17 11:42:04,663 - sqlalchemy.engine.Engine - INFO - [cached since 71.12s ago] (100, 0)
2026-02-17 11:42:04,665 - sqlalchemy.engine.Engine - INFO - SELECT finance.order_id AS finance_order_id, finance.id AS finance_id, finance.purchase_price AS finance_purchase_price, finance.sale_price_client AS finance_sale_price_client, finance.installer_pay AS finance_installer_pay, finance.my_commission AS finance_my_commission, finance.profit AS finance_profit, finance.installer_returned_money AS finance_installer_returned_money, finance.payment_state AS finance_payment_state, finance.updated_at AS finance_updated_at, finance.created_at AS finance_created_at 
FROM finance 
WHERE finance.order_id IN ($1::INTEGER)
2026-02-17 11:42:04,665 - sqlalchemy.engine.Engine - INFO - [cached since 71.11s ago] (1,)
2026-02-17 11:42:04,666 - sqlalchemy.engine.Engine - INFO - SELECT clients.id AS clients_id, clients.full_name AS clients_full_name, clients.phone AS clients_phone, clients.address AS clients_address, clients.coordinates AS clients_coordinates, clients.created_at AS clients_created_at, clients.last_contact AS clients_last_contact, clients.comments AS clients_comments, clients.updated_at AS clients_updated_at, clients.backup_phone AS clients_backup_phone, clients.deleted_at AS clients_deleted_at 
FROM clients 
WHERE clients.id IN ($1::INTEGER)
2026-02-17 11:42:04,666 - sqlalchemy.engine.Engine - INFO - [cached since 71.11s ago] (2,)
2026-02-17 11:42:04,667 - sqlalchemy.engine.Engine - INFO - SELECT installers.id AS installers_id, installers.full_name AS installers_full_name, installers.nickname AS installers_nickname, installers.phone AS installers_phone, installers.backup_phone AS installers_backup_phone, installers.specialization AS installers_specialization, installers.rating AS installers_rating, installers.base_price AS installers_base_price, installers.is_debtor AS installers_is_debtor, installers.comments AS installers_comments, installers.is_active AS installers_is_active, installers.is_in_funnel AS installers_is_in_funnel, installers.total_orders AS installers_total_orders, installers.poor_work_count AS installers_poor_work_count, installers.warranty_visits_count AS installers_warranty_visits_count, installers.last_incident_date AS installers_last_incident_date, installers.updated_at AS installers_updated_at, installers.created_at AS installers_created_at, installers.deleted_at AS installers_deleted_at 
FROM installers 
WHERE installers.id IN ($1::INTEGER)
2026-02-17 11:42:04,667 - sqlalchemy.engine.Engine - INFO - [generated in 0.00016s] (1,)
2026-02-17 11:42:04,670 - sqlalchemy.engine.Engine - INFO - ROLLBACK
2026-02-17 11:42:04,672 - sqlalchemy.engine.Engine - INFO - BEGIN (implicit)
2026-02-17 11:42:04,672 - sqlalchemy.engine.Engine - INFO - SELECT orders.id, orders.client_id, orders.installer_id, orders.status, orders.service_type, orders.warehouse, orders.service_datetime, orders.delivery_datetime, orders.promise, orders.marker_color, orders.address_text, orders.created_at, orders.updated_at 
FROM orders 
 LIMIT $1::INTEGER OFFSET $2::INTEGER
2026-02-17 11:42:04,672 - sqlalchemy.engine.Engine - INFO - [cached since 71.13s ago] (100, 0)
2026-02-17 11:42:04,674 - sqlalchemy.engine.Engine - INFO - SELECT finance.order_id AS finance_order_id, finance.id AS finance_id, finance.purchase_price AS finance_purchase_price, finance.sale_price_client AS finance_sale_price_client, finance.installer_pay AS finance_installer_pay, finance.my_commission AS finance_my_commission, finance.profit AS finance_profit, finance.installer_returned_money AS finance_installer_returned_money, finance.payment_state AS finance_payment_state, finance.updated_at AS finance_updated_at, finance.created_at AS finance_created_at 
FROM finance 
WHERE finance.order_id IN ($1::INTEGER)
2026-02-17 11:42:04,674 - sqlalchemy.engine.Engine - INFO - [cached since 71.12s ago] (1,)
2026-02-17 11:42:04,675 - sqlalchemy.engine.Engine - INFO - SELECT clients.id AS clients_id, clients.full_name AS clients_full_name, clients.phone AS clients_phone, clients.address AS clients_address, clients.coordinates AS clients_coordinates, clients.created_at AS clients_created_at, clients.last_contact AS clients_last_contact, clients.comments AS clients_comments, clients.updated_at AS clients_updated_at, clients.backup_phone AS clients_backup_phone, clients.deleted_at AS clients_deleted_at 
FROM clients 
WHERE clients.id IN ($1::INTEGER)
2026-02-17 11:42:04,675 - sqlalchemy.engine.Engine - INFO - [cached since 71.11s ago] (2,)
2026-02-17 11:42:04,676 - sqlalchemy.engine.Engine - INFO - SELECT installers.id AS installers_id, installers.full_name AS installers_full_name, installers.nickname AS installers_nickname, installers.phone AS installers_phone, installers.backup_phone AS installers_backup_phone, installers.specialization AS installers_specialization, installers.rating AS installers_rating, installers.base_price AS installers_base_price, installers.is_debtor AS installers_is_debtor, installers.comments AS installers_comments, installers.is_active AS installers_is_active, installers.is_in_funnel AS installers_is_in_funnel, installers.total_orders AS installers_total_orders, installers.poor_work_count AS installers_poor_work_count, installers.warranty_visits_count AS installers_warranty_visits_count, installers.last_incident_date AS installers_last_incident_date, installers.updated_at AS installers_updated_at, installers.created_at AS installers_created_at, installers.deleted_at AS installers_deleted_at 
FROM installers 
WHERE installers.id IN ($1::INTEGER)
2026-02-17 11:42:04,676 - sqlalchemy.engine.Engine - INFO - [cached since 0.00937s ago] (1,)
2026-02-17 11:42:04,678 - sqlalchemy.engine.Engine - INFO - ROLLBACK
2026-02-17 11:42:07,529 - sqlalchemy.engine.Engine - INFO - BEGIN (implicit)
2026-02-17 11:42:07,529 - sqlalchemy.engine.Engine - INFO - SELECT orders.id, orders.client_id, orders.installer_id, orders.status, orders.service_type, orders.warehouse, orders.service_datetime, orders.delivery_datetime, orders.promise, orders.marker_color, orders.address_text, orders.created_at, orders.updated_at 
FROM orders 
 LIMIT $1::INTEGER OFFSET $2::INTEGER
2026-02-17 11:42:07,529 - sqlalchemy.engine.Engine - INFO - [cached since 73.99s ago] (100, 0)
2026-02-17 11:42:07,530 - sqlalchemy.engine.Engine - INFO - SELECT finance.order_id AS finance_order_id, finance.id AS finance_id, finance.purchase_price AS finance_purchase_price, finance.sale_price_client AS finance_sale_price_client, finance.installer_pay AS finance_installer_pay, finance.my_commission AS finance_my_commission, finance.profit AS finance_profit, finance.installer_returned_money AS finance_installer_returned_money, finance.payment_state AS finance_payment_state, finance.updated_at AS finance_updated_at, finance.created_at AS finance_created_at 
FROM finance 
WHERE finance.order_id IN ($1::INTEGER)
2026-02-17 11:42:07,530 - sqlalchemy.engine.Engine - INFO - [cached since 73.98s ago] (1,)
2026-02-17 11:42:07,531 - sqlalchemy.engine.Engine - INFO - SELECT clients.id AS clients_id, clients.full_name AS clients_full_name, clients.phone AS clients_phone, clients.address AS clients_address, clients.coordinates AS clients_coordinates, clients.created_at AS clients_created_at, clients.last_contact AS clients_last_contact, clients.comments AS clients_comments, clients.updated_at AS clients_updated_at, clients.backup_phone AS clients_backup_phone, clients.deleted_at AS clients_deleted_at 
FROM clients 
WHERE clients.id IN ($1::INTEGER)
2026-02-17 11:42:07,531 - sqlalchemy.engine.Engine - INFO - [cached since 73.97s ago] (2,)
2026-02-17 11:42:07,532 - sqlalchemy.engine.Engine - INFO - SELECT installers.id AS installers_id, installers.full_name AS installers_full_name, installers.nickname AS installers_nickname, installers.phone AS installers_phone, installers.backup_phone AS installers_backup_phone, installers.specialization AS installers_specialization, installers.rating AS installers_rating, installers.base_price AS installers_base_price, installers.is_debtor AS installers_is_debtor, installers.comments AS installers_comments, installers.is_active AS installers_is_active, installers.is_in_funnel AS installers_is_in_funnel, installers.total_orders AS installers_total_orders, installers.poor_work_count AS installers_poor_work_count, installers.warranty_visits_count AS installers_warranty_visits_count, installers.last_incident_date AS installers_last_incident_date, installers.updated_at AS installers_updated_at, installers.created_at AS installers_created_at, installers.deleted_at AS installers_deleted_at 
FROM installers 
WHERE installers.id IN ($1::INTEGER)
2026-02-17 11:42:07,532 - sqlalchemy.engine.Engine - INFO - [cached since 2.865s ago] (1,)
2026-02-17 11:42:07,534 - sqlalchemy.engine.Engine - INFO - ROLLBACK
2026-02-17 11:42:07,535 - sqlalchemy.engine.Engine - INFO - BEGIN (implicit)
2026-02-17 11:42:07,535 - sqlalchemy.engine.Engine - INFO - SELECT orders.id, orders.client_id, orders.installer_id, orders.status, orders.service_type, orders.warehouse, orders.service_datetime, orders.delivery_datetime, orders.promise, orders.marker_color, orders.address_text, orders.created_at, orders.updated_at 
FROM orders 
 LIMIT $1::INTEGER OFFSET $2::INTEGER
2026-02-17 11:42:07,535 - sqlalchemy.engine.Engine - INFO - [cached since 73.99s ago] (100, 0)
2026-02-17 11:42:07,537 - sqlalchemy.engine.Engine - INFO - SELECT finance.order_id AS finance_order_id, finance.id AS finance_id, finance.purchase_price AS finance_purchase_price, finance.sale_price_client AS finance_sale_price_client, finance.installer_pay AS finance_installer_pay, finance.my_commission AS finance_my_commission, finance.profit AS finance_profit, finance.installer_returned_money AS finance_installer_returned_money, finance.payment_state AS finance_payment_state, finance.updated_at AS finance_updated_at, finance.created_at AS finance_created_at 
FROM finance 
WHERE finance.order_id IN ($1::INTEGER)
2026-02-17 11:42:07,538 - sqlalchemy.engine.Engine - INFO - [cached since 73.98s ago] (1,)
2026-02-17 11:42:07,540 - sqlalchemy.engine.Engine - INFO - SELECT clients.id AS clients_id, clients.full_name AS clients_full_name, clients.phone AS clients_phone, clients.address AS clients_address, clients.coordinates AS clients_coordinates, clients.created_at AS clients_created_at, clients.last_contact AS clients_last_contact, clients.comments AS clients_comments, clients.updated_at AS clients_updated_at, clients.backup_phone AS clients_backup_phone, clients.deleted_at AS clients_deleted_at 
FROM clients 
WHERE clients.id IN ($1::INTEGER)
2026-02-17 11:42:07,540 - sqlalchemy.engine.Engine - INFO - [cached since 73.98s ago] (2,)
2026-02-17 11:42:07,542 - sqlalchemy.engine.Engine - INFO - SELECT installers.id AS installers_id, installers.full_name AS installers_full_name, installers.nickname AS installers_nickname, installers.phone AS installers_phone, installers.backup_phone AS installers_backup_phone, installers.specialization AS installers_specialization, installers.rating AS installers_rating, installers.base_price AS installers_base_price, installers.is_debtor AS installers_is_debtor, installers.comments AS installers_comments, installers.is_active AS installers_is_active, installers.is_in_funnel AS installers_is_in_funnel, installers.total_orders AS installers_total_orders, installers.poor_work_count AS installers_poor_work_count, installers.warranty_visits_count AS installers_warranty_visits_count, installers.last_incident_date AS installers_last_incident_date, installers.updated_at AS installers_updated_at, installers.created_at AS installers_created_at, installers.deleted_at AS installers_deleted_at 
FROM installers 
WHERE installers.id IN ($1::INTEGER)
2026-02-17 11:42:07,542 - sqlalchemy.engine.Engine - INFO - [cached since 2.875s ago] (1,)
2026-02-17 11:42:07,544 - sqlalchemy.engine.Engine - INFO - ROLLBACK
2026-02-17 11:42:11,822 - sqlalchemy.engine.Engine - INFO - BEGIN (implicit)
2026-02-17 11:42:11,823 - sqlalchemy.engine.Engine - INFO - SELECT admins.id, admins.username, admins.password_hash, admins.created_at 
FROM admins 
WHERE admins.username = $1::VARCHAR
2026-02-17 11:42:11,823 - sqlalchemy.engine.Engine - INFO - [cached since 28.7s ago] ('zhura2296@yandex.ru',)
2026-02-17 11:42:11,829 - sqlalchemy.engine.Engine - INFO - SELECT installers.id, installers.full_name, installers.nickname, installers.phone, installers.backup_phone, installers.specialization, installers.rating, installers.base_price, installers.is_debtor, installers.comments, installers.is_active, installers.is_in_funnel, installers.total_orders, installers.poor_work_count, installers.warranty_visits_count, installers.last_incident_date, installers.updated_at, installers.created_at, installers.deleted_at 
FROM installers 
WHERE installers.deleted_at IS NULL 
 LIMIT $1::INTEGER OFFSET $2::INTEGER
2026-02-17 11:42:11,830 - sqlalchemy.engine.Engine - INFO - [cached since 28.61s ago] (100, 0)
2026-02-17 11:42:11,833 - sqlalchemy.engine.Engine - INFO - ROLLBACK
2026-02-17 11:42:11,835 - sqlalchemy.engine.Engine - INFO - BEGIN (implicit)
2026-02-17 11:42:11,835 - sqlalchemy.engine.Engine - INFO - SELECT admins.id, admins.username, admins.password_hash, admins.created_at 
FROM admins 
WHERE admins.username = $1::VARCHAR
2026-02-17 11:42:11,835 - sqlalchemy.engine.Engine - INFO - [cached since 28.71s ago] ('zhura2296@yandex.ru',)
2026-02-17 11:42:11,837 - sqlalchemy.engine.Engine - INFO - SELECT installers.id, installers.full_name, installers.nickname, installers.phone, installers.backup_phone, installers.specialization, installers.rating, installers.base_price, installers.is_debtor, installers.comments, installers.is_active, installers.is_in_funnel, installers.total_orders, installers.poor_work_count, installers.warranty_visits_count, installers.last_incident_date, installers.updated_at, installers.created_at, installers.deleted_at 
FROM installers 
WHERE installers.deleted_at IS NULL 
 LIMIT $1::INTEGER OFFSET $2::INTEGER
2026-02-17 11:42:11,837 - sqlalchemy.engine.Engine - INFO - [cached since 28.62s ago] (100, 0)
2026-02-17 11:42:11,839 - sqlalchemy.engine.Engine - INFO - ROLLBACK
2026-02-17 11:42:13,633 - sqlalchemy.engine.Engine - INFO - BEGIN (implicit)
2026-02-17 11:42:13,633 - sqlalchemy.engine.Engine - INFO - SELECT admins.id, admins.username, admins.password_hash, admins.created_at 
FROM admins 
WHERE admins.username = $1::VARCHAR
2026-02-17 11:42:13,633 - sqlalchemy.engine.Engine - INFO - [cached since 30.51s ago] ('zhura2296@yandex.ru',)
2026-02-17 11:42:13,635 - sqlalchemy.engine.Engine - INFO - SELECT installers.id, installers.full_name, installers.nickname, installers.phone, installers.backup_phone, installers.specialization, installers.rating, installers.base_price, installers.is_debtor, installers.comments, installers.is_active, installers.is_in_funnel, installers.total_orders, installers.poor_work_count, installers.warranty_visits_count, installers.last_incident_date, installers.updated_at, installers.created_at, installers.deleted_at 
FROM installers 
WHERE installers.id = $1::INTEGER AND installers.deleted_at IS NULL
2026-02-17 11:42:13,635 - sqlalchemy.engine.Engine - INFO - [generated in 0.00030s] (1,)
2026-02-17 11:42:13,638 - sqlalchemy.engine.Engine - INFO - ROLLBACK
2026-02-17 11:42:13,639 - sqlalchemy.engine.Engine - INFO - BEGIN (implicit)
2026-02-17 11:42:13,640 - sqlalchemy.engine.Engine - INFO - SELECT admins.id, admins.username, admins.password_hash, admins.created_at 
FROM admins 
WHERE admins.username = $1::VARCHAR
2026-02-17 11:42:13,640 - sqlalchemy.engine.Engine - INFO - [cached since 30.52s ago] ('zhura2296@yandex.ru',)
2026-02-17 11:42:13,642 - sqlalchemy.engine.Engine - INFO - SELECT installers.id, installers.full_name, installers.nickname, installers.phone, installers.backup_phone, installers.specialization, installers.rating, installers.base_price, installers.is_debtor, installers.comments, installers.is_active, installers.is_in_funnel, installers.total_orders, installers.poor_work_count, installers.warranty_visits_count, installers.last_incident_date, installers.updated_at, installers.created_at, installers.deleted_at 
FROM installers 
WHERE installers.id = $1::INTEGER AND installers.deleted_at IS NULL
2026-02-17 11:42:13,642 - sqlalchemy.engine.Engine - INFO - [cached since 0.007343s ago] (1,)
2026-02-17 11:42:13,645 - sqlalchemy.engine.Engine - INFO - ROLLBACK
2026-02-17 11:42:34,164 - sqlalchemy.engine.Engine - INFO - BEGIN (implicit)
2026-02-17 11:42:34,164 - sqlalchemy.engine.Engine - INFO - SELECT orders.id, orders.client_id, orders.installer_id, orders.status, orders.service_type, orders.warehouse, orders.service_datetime, orders.delivery_datetime, orders.promise, orders.marker_color, orders.address_text, orders.created_at, orders.updated_at 
FROM orders 
 LIMIT $1::INTEGER OFFSET $2::INTEGER
2026-02-17 11:42:34,164 - sqlalchemy.engine.Engine - INFO - [cached since 100.6s ago] (100, 0)
2026-02-17 11:42:34,166 - sqlalchemy.engine.Engine - INFO - SELECT finance.order_id AS finance_order_id, finance.id AS finance_id, finance.purchase_price AS finance_purchase_price, finance.sale_price_client AS finance_sale_price_client, finance.installer_pay AS finance_installer_pay, finance.my_commission AS finance_my_commission, finance.profit AS finance_profit, finance.installer_returned_money AS finance_installer_returned_money, finance.payment_state AS finance_payment_state, finance.updated_at AS finance_updated_at, finance.created_at AS finance_created_at 
FROM finance 
WHERE finance.order_id IN ($1::INTEGER)
2026-02-17 11:42:34,166 - sqlalchemy.engine.Engine - INFO - [cached since 100.6s ago] (1,)
2026-02-17 11:42:34,168 - sqlalchemy.engine.Engine - INFO - SELECT clients.id AS clients_id, clients.full_name AS clients_full_name, clients.phone AS clients_phone, clients.address AS clients_address, clients.coordinates AS clients_coordinates, clients.created_at AS clients_created_at, clients.last_contact AS clients_last_contact, clients.comments AS clients_comments, clients.updated_at AS clients_updated_at, clients.backup_phone AS clients_backup_phone, clients.deleted_at AS clients_deleted_at 
FROM clients 
WHERE clients.id IN ($1::INTEGER)
2026-02-17 11:42:34,168 - sqlalchemy.engine.Engine - INFO - [cached since 100.6s ago] (2,)
2026-02-17 11:42:34,169 - sqlalchemy.engine.Engine - INFO - SELECT installers.id AS installers_id, installers.full_name AS installers_full_name, installers.nickname AS installers_nickname, installers.phone AS installers_phone, installers.backup_phone AS installers_backup_phone, installers.specialization AS installers_specialization, installers.rating AS installers_rating, installers.base_price AS installers_base_price, installers.is_debtor AS installers_is_debtor, installers.comments AS installers_comments, installers.is_active AS installers_is_active, installers.is_in_funnel AS installers_is_in_funnel, installers.total_orders AS installers_total_orders, installers.poor_work_count AS installers_poor_work_count, installers.warranty_visits_count AS installers_warranty_visits_count, installers.last_incident_date AS installers_last_incident_date, installers.updated_at AS installers_updated_at, installers.created_at AS installers_created_at, installers.deleted_at AS installers_deleted_at 
FROM installers 
WHERE installers.id IN ($1::INTEGER)
2026-02-17 11:42:34,169 - sqlalchemy.engine.Engine - INFO - [cached since 29.5s ago] (1,)
2026-02-17 11:42:34,171 - sqlalchemy.engine.Engine - INFO - ROLLBACK
2026-02-17 11:42:34,172 - sqlalchemy.engine.Engine - INFO - BEGIN (implicit)
2026-02-17 11:42:34,173 - sqlalchemy.engine.Engine - INFO - SELECT orders.id, orders.client_id, orders.installer_id, orders.status, orders.service_type, orders.warehouse, orders.service_datetime, orders.delivery_datetime, orders.promise, orders.marker_color, orders.address_text, orders.created_at, orders.updated_at 
FROM orders 
 LIMIT $1::INTEGER OFFSET $2::INTEGER
2026-02-17 11:42:34,173 - sqlalchemy.engine.Engine - INFO - [cached since 100.6s ago] (100, 0)
2026-02-17 11:42:34,174 - sqlalchemy.engine.Engine - INFO - SELECT finance.order_id AS finance_order_id, finance.id AS finance_id, finance.purchase_price AS finance_purchase_price, finance.sale_price_client AS finance_sale_price_client, finance.installer_pay AS finance_installer_pay, finance.my_commission AS finance_my_commission, finance.profit AS finance_profit, finance.installer_returned_money AS finance_installer_returned_money, finance.payment_state AS finance_payment_state, finance.updated_at AS finance_updated_at, finance.created_at AS finance_created_at 
FROM finance 
WHERE finance.order_id IN ($1::INTEGER)
2026-02-17 11:42:34,174 - sqlalchemy.engine.Engine - INFO - [cached since 100.6s ago] (1,)
2026-02-17 11:42:34,176 - sqlalchemy.engine.Engine - INFO - SELECT clients.id AS clients_id, clients.full_name AS clients_full_name, clients.phone AS clients_phone, clients.address AS clients_address, clients.coordinates AS clients_coordinates, clients.created_at AS clients_created_at, clients.last_contact AS clients_last_contact, clients.comments AS clients_comments, clients.updated_at AS clients_updated_at, clients.backup_phone AS clients_backup_phone, clients.deleted_at AS clients_deleted_at 
FROM clients 
WHERE clients.id IN ($1::INTEGER)
2026-02-17 11:42:34,176 - sqlalchemy.engine.Engine - INFO - [cached since 100.6s ago] (2,)
2026-02-17 11:42:34,177 - sqlalchemy.engine.Engine - INFO - SELECT installers.id AS installers_id, installers.full_name AS installers_full_name, installers.nickname AS installers_nickname, installers.phone AS installers_phone, installers.backup_phone AS installers_backup_phone, installers.specialization AS installers_specialization, installers.rating AS installers_rating, installers.base_price AS installers_base_price, installers.is_debtor AS installers_is_debtor, installers.comments AS installers_comments, installers.is_active AS installers_is_active, installers.is_in_funnel AS installers_is_in_funnel, installers.total_orders AS installers_total_orders, installers.poor_work_count AS installers_poor_work_count, installers.warranty_visits_count AS installers_warranty_visits_count, installers.last_incident_date AS installers_last_incident_date, installers.updated_at AS installers_updated_at, installers.created_at AS installers_created_at, installers.deleted_at AS installers_deleted_at 
FROM installers 
WHERE installers.id IN ($1::INTEGER)
2026-02-17 11:42:34,177 - sqlalchemy.engine.Engine - INFO - [cached since 29.51s ago] (1,)
2026-02-17 11:42:34,178 - sqlalchemy.engine.Engine - INFO - ROLLBACK
2026-02-17 11:42:36,929 - sqlalchemy.engine.Engine - INFO - BEGIN (implicit)
2026-02-17 11:42:36,930 - sqlalchemy.engine.Engine - INFO - SELECT orders.id, orders.client_id, orders.installer_id, orders.status, orders.service_type, orders.warehouse, orders.service_datetime, orders.delivery_datetime, orders.promise, orders.marker_color, orders.address_text, orders.created_at, orders.updated_at 
FROM orders 
WHERE orders.id = $1::INTEGER
2026-02-17 11:42:36,931 - sqlalchemy.engine.Engine - INFO - [cached since 53.81s ago] (1,)
2026-02-17 11:42:36,936 - sqlalchemy.engine.Engine - INFO - BEGIN (implicit)
2026-02-17 11:42:36,937 - sqlalchemy.engine.Engine - INFO - SELECT admins.id, admins.username, admins.password_hash, admins.created_at 
FROM admins 
WHERE admins.username = $1::VARCHAR
2026-02-17 11:42:36,938 - sqlalchemy.engine.Engine - INFO - [cached since 53.81s ago] ('zhura2296@yandex.ru',)
2026-02-17 11:42:36,943 - sqlalchemy.engine.Engine - INFO - BEGIN (implicit)
2026-02-17 11:42:36,946 - sqlalchemy.engine.Engine - INFO - SELECT admins.id, admins.username, admins.password_hash, admins.created_at 
FROM admins 
WHERE admins.username = $1::VARCHAR
2026-02-17 11:42:36,946 - sqlalchemy.engine.Engine - INFO - [cached since 53.82s ago] ('zhura2296@yandex.ru',)
2026-02-17 11:42:36,949 - sqlalchemy.engine.Engine - INFO - SELECT finance.order_id AS finance_order_id, finance.id AS finance_id, finance.purchase_price AS finance_purchase_price, finance.sale_price_client AS finance_sale_price_client, finance.installer_pay AS finance_installer_pay, finance.my_commission AS finance_my_commission, finance.profit AS finance_profit, finance.installer_returned_money AS finance_installer_returned_money, finance.payment_state AS finance_payment_state, finance.updated_at AS finance_updated_at, finance.created_at AS finance_created_at 
FROM finance 
WHERE finance.order_id IN ($1::INTEGER)
2026-02-17 11:42:36,949 - sqlalchemy.engine.Engine - INFO - [cached since 103.4s ago] (1,)
2026-02-17 11:42:36,950 - sqlalchemy.engine.Engine - INFO - SELECT installers.id, installers.full_name, installers.nickname, installers.phone, installers.backup_phone, installers.specialization, installers.rating, installers.base_price, installers.is_debtor, installers.comments, installers.is_active, installers.is_in_funnel, installers.total_orders, installers.poor_work_count, installers.warranty_visits_count, installers.last_incident_date, installers.updated_at, installers.created_at, installers.deleted_at 
FROM installers 
WHERE installers.deleted_at IS NULL 
 LIMIT $1::INTEGER OFFSET $2::INTEGER
2026-02-17 11:42:36,950 - sqlalchemy.engine.Engine - INFO - [cached since 53.73s ago] (100, 0)
2026-02-17 11:42:36,952 - sqlalchemy.engine.Engine - INFO - SELECT clients.id, clients.full_name, clients.phone, clients.address, clients.coordinates, clients.created_at, clients.last_contact, clients.comments, clients.updated_at, clients.backup_phone, clients.deleted_at 
FROM clients 
 LIMIT $1::INTEGER OFFSET $2::INTEGER
2026-02-17 11:42:36,952 - sqlalchemy.engine.Engine - INFO - [cached since 53.82s ago] (100, 0)
2026-02-17 11:42:36,954 - sqlalchemy.engine.Engine - INFO - SELECT clients.id AS clients_id, clients.full_name AS clients_full_name, clients.phone AS clients_phone, clients.address AS clients_address, clients.coordinates AS clients_coordinates, clients.created_at AS clients_created_at, clients.last_contact AS clients_last_contact, clients.comments AS clients_comments, clients.updated_at AS clients_updated_at, clients.backup_phone AS clients_backup_phone, clients.deleted_at AS clients_deleted_at 
FROM clients 
WHERE clients.id IN ($1::INTEGER)
2026-02-17 11:42:36,954 - sqlalchemy.engine.Engine - INFO - [cached since 103.4s ago] (2,)
2026-02-17 11:42:36,956 - sqlalchemy.engine.Engine - INFO - SELECT installers.id AS installers_id, installers.full_name AS installers_full_name, installers.nickname AS installers_nickname, installers.phone AS installers_phone, installers.backup_phone AS installers_backup_phone, installers.specialization AS installers_specialization, installers.rating AS installers_rating, installers.base_price AS installers_base_price, installers.is_debtor AS installers_is_debtor, installers.comments AS installers_comments, installers.is_active AS installers_is_active, installers.is_in_funnel AS installers_is_in_funnel, installers.total_orders AS installers_total_orders, installers.poor_work_count AS installers_poor_work_count, installers.warranty_visits_count AS installers_warranty_visits_count, installers.last_incident_date AS installers_last_incident_date, installers.updated_at AS installers_updated_at, installers.created_at AS installers_created_at, installers.deleted_at AS installers_deleted_at 
FROM installers 
WHERE installers.id IN ($1::INTEGER)
2026-02-17 11:42:36,956 - sqlalchemy.engine.Engine - INFO - [cached since 32.29s ago] (1,)
2026-02-17 11:42:36,958 - sqlalchemy.engine.Engine - INFO - ROLLBACK
2026-02-17 11:42:36,959 - sqlalchemy.engine.Engine - INFO - BEGIN (implicit)
2026-02-17 11:42:36,960 - sqlalchemy.engine.Engine - INFO - SELECT admins.id, admins.username, admins.password_hash, admins.created_at 
FROM admins 
WHERE admins.username = $1::VARCHAR
2026-02-17 11:42:36,960 - sqlalchemy.engine.Engine - INFO - [cached since 53.84s ago] ('zhura2296@yandex.ru',)
2026-02-17 11:42:36,960 - sqlalchemy.engine.Engine - INFO - ROLLBACK
2026-02-17 11:42:36,960 - sqlalchemy.engine.Engine - INFO - ROLLBACK
2026-02-17 11:42:36,961 - sqlalchemy.engine.Engine - INFO - SELECT installers.id, installers.full_name, installers.nickname, installers.phone, installers.backup_phone, installers.specialization, installers.rating, installers.base_price, installers.is_debtor, installers.comments, installers.is_active, installers.is_in_funnel, installers.total_orders, installers.poor_work_count, installers.warranty_visits_count, installers.last_incident_date, installers.updated_at, installers.created_at, installers.deleted_at 
FROM installers 
WHERE installers.deleted_at IS NULL 
 LIMIT $1::INTEGER OFFSET $2::INTEGER
2026-02-17 11:42:36,961 - sqlalchemy.engine.Engine - INFO - [cached since 53.74s ago] (100, 0)
2026-02-17 11:42:36,962 - sqlalchemy.engine.Engine - INFO - BEGIN (implicit)
2026-02-17 11:42:36,962 - sqlalchemy.engine.Engine - INFO - SELECT admins.id, admins.username, admins.password_hash, admins.created_at 
FROM admins 
WHERE admins.username = $1::VARCHAR
2026-02-17 11:42:36,962 - sqlalchemy.engine.Engine - INFO - [cached since 53.84s ago] ('zhura2296@yandex.ru',)
2026-02-17 11:42:36,963 - sqlalchemy.engine.Engine - INFO - BEGIN (implicit)
2026-02-17 11:42:36,964 - sqlalchemy.engine.Engine - INFO - SELECT orders.id, orders.client_id, orders.installer_id, orders.status, orders.service_type, orders.warehouse, orders.service_datetime, orders.delivery_datetime, orders.promise, orders.marker_color, orders.address_text, orders.created_at, orders.updated_at 
FROM orders 
WHERE orders.id = $1::INTEGER
2026-02-17 11:42:36,964 - sqlalchemy.engine.Engine - INFO - [cached since 53.85s ago] (1,)
2026-02-17 11:42:36,965 - sqlalchemy.engine.Engine - INFO - SELECT clients.id, clients.full_name, clients.phone, clients.address, clients.coordinates, clients.created_at, clients.last_contact, clients.comments, clients.updated_at, clients.backup_phone, clients.deleted_at 
FROM clients 
 LIMIT $1::INTEGER OFFSET $2::INTEGER
2026-02-17 11:42:36,965 - sqlalchemy.engine.Engine - INFO - [cached since 53.83s ago] (100, 0)
2026-02-17 11:42:36,966 - sqlalchemy.engine.Engine - INFO - SELECT finance.order_id AS finance_order_id, finance.id AS finance_id, finance.purchase_price AS finance_purchase_price, finance.sale_price_client AS finance_sale_price_client, finance.installer_pay AS finance_installer_pay, finance.my_commission AS finance_my_commission, finance.profit AS finance_profit, finance.installer_returned_money AS finance_installer_returned_money, finance.payment_state AS finance_payment_state, finance.updated_at AS finance_updated_at, finance.created_at AS finance_created_at 
FROM finance 
WHERE finance.order_id IN ($1::INTEGER)
2026-02-17 11:42:36,966 - sqlalchemy.engine.Engine - INFO - [cached since 103.4s ago] (1,)
2026-02-17 11:42:36,966 - sqlalchemy.engine.Engine - INFO - ROLLBACK
2026-02-17 11:42:36,967 - sqlalchemy.engine.Engine - INFO - SELECT clients.id AS clients_id, clients.full_name AS clients_full_name, clients.phone AS clients_phone, clients.address AS clients_address, clients.coordinates AS clients_coordinates, clients.created_at AS clients_created_at, clients.last_contact AS clients_last_contact, clients.comments AS clients_comments, clients.updated_at AS clients_updated_at, clients.backup_phone AS clients_backup_phone, clients.deleted_at AS clients_deleted_at 
FROM clients 
WHERE clients.id IN ($1::INTEGER)
2026-02-17 11:42:36,967 - sqlalchemy.engine.Engine - INFO - [cached since 103.4s ago] (2,)
2026-02-17 11:42:36,968 - sqlalchemy.engine.Engine - INFO - SELECT installers.id AS installers_id, installers.full_name AS installers_full_name, installers.nickname AS installers_nickname, installers.phone AS installers_phone, installers.backup_phone AS installers_backup_phone, installers.specialization AS installers_specialization, installers.rating AS installers_rating, installers.base_price AS installers_base_price, installers.is_debtor AS installers_is_debtor, installers.comments AS installers_comments, installers.is_active AS installers_is_active, installers.is_in_funnel AS installers_is_in_funnel, installers.total_orders AS installers_total_orders, installers.poor_work_count AS installers_poor_work_count, installers.warranty_visits_count AS installers_warranty_visits_count, installers.last_incident_date AS installers_last_incident_date, installers.updated_at AS installers_updated_at, installers.created_at AS installers_created_at, installers.deleted_at AS installers_deleted_at 
FROM installers 
WHERE installers.id IN ($1::INTEGER)
2026-02-17 11:42:36,968 - sqlalchemy.engine.Engine - INFO - [cached since 32.3s ago] (1,)
2026-02-17 11:42:36,969 - sqlalchemy.engine.Engine - INFO - ROLLBACK
2026-02-17 11:42:36,969 - sqlalchemy.engine.Engine - INFO - ROLLBACK
2026-02-17 11:42:42,084 - sqlalchemy.engine.Engine - INFO - BEGIN (implicit)
2026-02-17 11:42:42,085 - sqlalchemy.engine.Engine - INFO - SELECT orders.id, orders.client_id, orders.installer_id, orders.status, orders.service_type, orders.warehouse, orders.service_datetime, orders.delivery_datetime, orders.promise, orders.marker_color, orders.address_text, orders.created_at, orders.updated_at 
FROM orders 
 LIMIT $1::INTEGER OFFSET $2::INTEGER
2026-02-17 11:42:42,085 - sqlalchemy.engine.Engine - INFO - [cached since 108.5s ago] (100, 0)
2026-02-17 11:42:42,090 - sqlalchemy.engine.Engine - INFO - SELECT finance.order_id AS finance_order_id, finance.id AS finance_id, finance.purchase_price AS finance_purchase_price, finance.sale_price_client AS finance_sale_price_client, finance.installer_pay AS finance_installer_pay, finance.my_commission AS finance_my_commission, finance.profit AS finance_profit, finance.installer_returned_money AS finance_installer_returned_money, finance.payment_state AS finance_payment_state, finance.updated_at AS finance_updated_at, finance.created_at AS finance_created_at 
FROM finance 
WHERE finance.order_id IN ($1::INTEGER)
2026-02-17 11:42:42,091 - sqlalchemy.engine.Engine - INFO - [cached since 108.5s ago] (1,)
2026-02-17 11:42:42,095 - sqlalchemy.engine.Engine - INFO - SELECT clients.id AS clients_id, clients.full_name AS clients_full_name, clients.phone AS clients_phone, clients.address AS clients_address, clients.coordinates AS clients_coordinates, clients.created_at AS clients_created_at, clients.last_contact AS clients_last_contact, clients.comments AS clients_comments, clients.updated_at AS clients_updated_at, clients.backup_phone AS clients_backup_phone, clients.deleted_at AS clients_deleted_at 
FROM clients 
WHERE clients.id IN ($1::INTEGER)
2026-02-17 11:42:42,096 - sqlalchemy.engine.Engine - INFO - [cached since 108.5s ago] (2,)
2026-02-17 11:42:42,099 - sqlalchemy.engine.Engine - INFO - SELECT installers.id AS installers_id, installers.full_name AS installers_full_name, installers.nickname AS installers_nickname, installers.phone AS installers_phone, installers.backup_phone AS installers_backup_phone, installers.specialization AS installers_specialization, installers.rating AS installers_rating, installers.base_price AS installers_base_price, installers.is_debtor AS installers_is_debtor, installers.comments AS installers_comments, installers.is_active AS installers_is_active, installers.is_in_funnel AS installers_is_in_funnel, installers.total_orders AS installers_total_orders, installers.poor_work_count AS installers_poor_work_count, installers.warranty_visits_count AS installers_warranty_visits_count, installers.last_incident_date AS installers_last_incident_date, installers.updated_at AS installers_updated_at, installers.created_at AS installers_created_at, installers.deleted_at AS installers_deleted_at 
FROM installers 
WHERE installers.id IN ($1::INTEGER)
2026-02-17 11:42:42,099 - sqlalchemy.engine.Engine - INFO - [cached since 37.43s ago] (1,)
2026-02-17 11:42:42,101 - sqlalchemy.engine.Engine - INFO - ROLLBACK
2026-02-17 11:42:42,102 - sqlalchemy.engine.Engine - INFO - BEGIN (implicit)
2026-02-17 11:42:42,139 - sqlalchemy.engine.Engine - INFO - SELECT orders.id, orders.client_id, orders.installer_id, orders.status, orders.service_type, orders.warehouse, orders.service_datetime, orders.delivery_datetime, orders.promise, orders.marker_color, orders.address_text, orders.created_at, orders.updated_at 
FROM orders 
 LIMIT $1::INTEGER OFFSET $2::INTEGER
2026-02-17 11:42:42,139 - sqlalchemy.engine.Engine - INFO - [cached since 108.6s ago] (100, 0)
2026-02-17 11:42:42,141 - sqlalchemy.engine.Engine - INFO - SELECT finance.order_id AS finance_order_id, finance.id AS finance_id, finance.purchase_price AS finance_purchase_price, finance.sale_price_client AS finance_sale_price_client, finance.installer_pay AS finance_installer_pay, finance.my_commission AS finance_my_commission, finance.profit AS finance_profit, finance.installer_returned_money AS finance_installer_returned_money, finance.payment_state AS finance_payment_state, finance.updated_at AS finance_updated_at, finance.created_at AS finance_created_at 
FROM finance 
WHERE finance.order_id IN ($1::INTEGER)
2026-02-17 11:42:42,141 - sqlalchemy.engine.Engine - INFO - [cached since 108.6s ago] (1,)
2026-02-17 11:42:42,142 - sqlalchemy.engine.Engine - INFO - SELECT clients.id AS clients_id, clients.full_name AS clients_full_name, clients.phone AS clients_phone, clients.address AS clients_address, clients.coordinates AS clients_coordinates, clients.created_at AS clients_created_at, clients.last_contact AS clients_last_contact, clients.comments AS clients_comments, clients.updated_at AS clients_updated_at, clients.backup_phone AS clients_backup_phone, clients.deleted_at AS clients_deleted_at 
FROM clients 
WHERE clients.id IN ($1::INTEGER)
2026-02-17 11:42:42,142 - sqlalchemy.engine.Engine - INFO - [cached since 108.6s ago] (2,)
2026-02-17 11:42:42,144 - sqlalchemy.engine.Engine - INFO - SELECT installers.id AS installers_id, installers.full_name AS installers_full_name, installers.nickname AS installers_nickname, installers.phone AS installers_phone, installers.backup_phone AS installers_backup_phone, installers.specialization AS installers_specialization, installers.rating AS installers_rating, installers.base_price AS installers_base_price, installers.is_debtor AS installers_is_debtor, installers.comments AS installers_comments, installers.is_active AS installers_is_active, installers.is_in_funnel AS installers_is_in_funnel, installers.total_orders AS installers_total_orders, installers.poor_work_count AS installers_poor_work_count, installers.warranty_visits_count AS installers_warranty_visits_count, installers.last_incident_date AS installers_last_incident_date, installers.updated_at AS installers_updated_at, installers.created_at AS installers_created_at, installers.deleted_at AS installers_deleted_at 
FROM installers 
WHERE installers.id IN ($1::INTEGER)
2026-02-17 11:42:42,144 - sqlalchemy.engine.Engine - INFO - [cached since 37.48s ago] (1,)
2026-02-17 11:42:42,146 - sqlalchemy.engine.Engine - INFO - ROLLBACK
2026-02-17 11:43:30,061 - sqlalchemy.engine.Engine - INFO - BEGIN (implicit)
2026-02-17 11:43:30,061 - sqlalchemy.engine.Engine - INFO - SELECT orders.id, orders.client_id, orders.installer_id, orders.status, orders.service_type, orders.warehouse, orders.service_datetime, orders.delivery_datetime, orders.promise, orders.marker_color, orders.address_text, orders.created_at, orders.updated_at 
FROM orders 
 LIMIT $1::INTEGER OFFSET $2::INTEGER
2026-02-17 11:43:30,061 - sqlalchemy.engine.Engine - INFO - [cached since 156.5s ago] (100, 0)
2026-02-17 11:43:30,064 - sqlalchemy.engine.Engine - INFO - SELECT finance.order_id AS finance_order_id, finance.id AS finance_id, finance.purchase_price AS finance_purchase_price, finance.sale_price_client AS finance_sale_price_client, finance.installer_pay AS finance_installer_pay, finance.my_commission AS finance_my_commission, finance.profit AS finance_profit, finance.installer_returned_money AS finance_installer_returned_money, finance.payment_state AS finance_payment_state, finance.updated_at AS finance_updated_at, finance.created_at AS finance_created_at 
FROM finance 
WHERE finance.order_id IN ($1::INTEGER)
2026-02-17 11:43:30,064 - sqlalchemy.engine.Engine - INFO - [cached since 156.5s ago] (1,)
2026-02-17 11:43:30,066 - sqlalchemy.engine.Engine - INFO - SELECT clients.id AS clients_id, clients.full_name AS clients_full_name, clients.phone AS clients_phone, clients.address AS clients_address, clients.coordinates AS clients_coordinates, clients.created_at AS clients_created_at, clients.last_contact AS clients_last_contact, clients.comments AS clients_comments, clients.updated_at AS clients_updated_at, clients.backup_phone AS clients_backup_phone, clients.deleted_at AS clients_deleted_at 
FROM clients 
WHERE clients.id IN ($1::INTEGER)
2026-02-17 11:43:30,067 - sqlalchemy.engine.Engine - INFO - [cached since 156.5s ago] (2,)
2026-02-17 11:43:30,069 - sqlalchemy.engine.Engine - INFO - SELECT installers.id AS installers_id, installers.full_name AS installers_full_name, installers.nickname AS installers_nickname, installers.phone AS installers_phone, installers.backup_phone AS installers_backup_phone, installers.specialization AS installers_specialization, installers.rating AS installers_rating, installers.base_price AS installers_base_price, installers.is_debtor AS installers_is_debtor, installers.comments AS installers_comments, installers.is_active AS installers_is_active, installers.is_in_funnel AS installers_is_in_funnel, installers.total_orders AS installers_total_orders, installers.poor_work_count AS installers_poor_work_count, installers.warranty_visits_count AS installers_warranty_visits_count, installers.last_incident_date AS installers_last_incident_date, installers.updated_at AS installers_updated_at, installers.created_at AS installers_created_at, installers.deleted_at AS installers_deleted_at 
FROM installers 
WHERE installers.id IN ($1::INTEGER)
2026-02-17 11:43:30,069 - sqlalchemy.engine.Engine - INFO - [cached since 85.4s ago] (1,)
2026-02-17 11:43:30,070 - sqlalchemy.engine.Engine - INFO - ROLLBACK
2026-02-17 11:46:20,078 - core.logging - INFO - Starting CRM application
2026-02-17 11:46:20,078 - apscheduler.scheduler - INFO - Adding job tentatively -- it will be properly scheduled when the scheduler starts
2026-02-17 11:46:20,078 - apscheduler.scheduler - INFO - Adding job tentatively -- it will be properly scheduled when the scheduler starts
2026-02-17 11:46:20,078 - apscheduler.scheduler - INFO - Added job "daily_backup_and_report" to job store "default"
2026-02-17 11:46:20,079 - apscheduler.scheduler - INFO - Added job "daily_backup_and_report" to job store "default"
2026-02-17 11:46:20,079 - apscheduler.scheduler - INFO - Scheduler started
2026-02-17 11:46:20,079 - core.logging - INFO - Scheduler started
2026-02-17 11:47:07,978 - core.logging - INFO - Starting CRM application
2026-02-17 11:47:07,978 - apscheduler.scheduler - INFO - Adding job tentatively -- it will be properly scheduled when the scheduler starts
2026-02-17 11:47:07,978 - apscheduler.scheduler - INFO - Adding job tentatively -- it will be properly scheduled when the scheduler starts
2026-02-17 11:47:07,979 - apscheduler.scheduler - INFO - Added job "daily_backup_and_report" to job store "default"
2026-02-17 11:47:07,979 - apscheduler.scheduler - INFO - Added job "daily_backup_and_report" to job store "default"
2026-02-17 11:47:07,979 - apscheduler.scheduler - INFO - Scheduler started
2026-02-17 11:47:07,979 - core.logging - INFO - Scheduler started
2026-02-17 11:47:21,935 - core.logging - INFO - Starting CRM application
2026-02-17 11:47:21,935 - apscheduler.scheduler - INFO - Adding job tentatively -- it will be properly scheduled when the scheduler starts
2026-02-17 11:47:21,935 - apscheduler.scheduler - INFO - Adding job tentatively -- it will be properly scheduled when the scheduler starts
2026-02-17 11:47:21,936 - apscheduler.scheduler - INFO - Added job "daily_backup_and_report" to job store "default"
2026-02-17 11:47:21,936 - apscheduler.scheduler - INFO - Added job "daily_backup_and_report" to job store "default"
2026-02-17 11:47:21,936 - apscheduler.scheduler - INFO - Scheduler started
2026-02-17 11:47:21,936 - core.logging - INFO - Scheduler started
2026-02-17 11:47:25,943 - core.logging - INFO - Starting CRM application
2026-02-17 11:47:25,943 - apscheduler.scheduler - INFO - Adding job tentatively -- it will be properly scheduled when the scheduler starts
2026-02-17 11:47:25,943 - apscheduler.scheduler - INFO - Adding job tentatively -- it will be properly scheduled when the scheduler starts
2026-02-17 11:47:25,943 - apscheduler.scheduler - INFO - Added job "daily_backup_and_report" to job store "default"
2026-02-17 11:47:25,944 - apscheduler.scheduler - INFO - Added job "daily_backup_and_report" to job store "default"
2026-02-17 11:47:25,944 - apscheduler.scheduler - INFO - Scheduler started
2026-02-17 11:47:25,944 - core.logging - INFO - Scheduler started
2026-02-17 11:47:31,921 - sqlalchemy.engine.Engine - INFO - select pg_catalog.version()
2026-02-17 11:47:31,922 - sqlalchemy.engine.Engine - INFO - [raw sql] ()
2026-02-17 11:47:31,923 - sqlalchemy.engine.Engine - INFO - select current_schema()
2026-02-17 11:47:31,923 - sqlalchemy.engine.Engine - INFO - [raw sql] ()
2026-02-17 11:47:31,923 - sqlalchemy.engine.Engine - INFO - show standard_conforming_strings
2026-02-17 11:47:31,923 - sqlalchemy.engine.Engine - INFO - [raw sql] ()
2026-02-17 11:47:31,924 - sqlalchemy.engine.Engine - INFO - BEGIN (implicit)
2026-02-17 11:47:31,926 - sqlalchemy.engine.Engine - INFO - SELECT orders.id, orders.client_id, orders.installer_id, orders.status, orders.service_type, orders.warehouse, orders.service_datetime, orders.delivery_datetime, orders.promise, orders.marker_color, orders.address_text, orders.created_at, orders.updated_at 
FROM orders 
 LIMIT $1::INTEGER OFFSET $2::INTEGER
2026-02-17 11:47:31,926 - sqlalchemy.engine.Engine - INFO - [generated in 0.00012s] (100, 0)
2026-02-17 11:47:31,939 - sqlalchemy.engine.Engine - INFO - SELECT finance.order_id AS finance_order_id, finance.id AS finance_id, finance.purchase_price AS finance_purchase_price, finance.sale_price_client AS finance_sale_price_client, finance.installer_pay AS finance_installer_pay, finance.my_commission AS finance_my_commission, finance.profit AS finance_profit, finance.installer_returned_money AS finance_installer_returned_money, finance.payment_state AS finance_payment_state, finance.updated_at AS finance_updated_at, finance.created_at AS finance_created_at 
FROM finance 
WHERE finance.order_id IN ($1::INTEGER)
2026-02-17 11:47:31,939 - sqlalchemy.engine.Engine - INFO - [generated in 0.00021s] (1,)
2026-02-17 11:47:31,944 - sqlalchemy.engine.Engine - INFO - SELECT clients.id AS clients_id, clients.full_name AS clients_full_name, clients.phone AS clients_phone, clients.address AS clients_address, clients.coordinates AS clients_coordinates, clients.created_at AS clients_created_at, clients.last_contact AS clients_last_contact, clients.comments AS clients_comments, clients.updated_at AS clients_updated_at, clients.backup_phone AS clients_backup_phone, clients.deleted_at AS clients_deleted_at 
FROM clients 
WHERE clients.id IN ($1::INTEGER)
2026-02-17 11:47:31,944 - sqlalchemy.engine.Engine - INFO - [generated in 0.00017s] (2,)
2026-02-17 11:47:31,946 - sqlalchemy.engine.Engine - INFO - SELECT installers.id AS installers_id, installers.full_name AS installers_full_name, installers.nickname AS installers_nickname, installers.phone AS installers_phone, installers.backup_phone AS installers_backup_phone, installers.specialization AS installers_specialization, installers.rating AS installers_rating, installers.base_price AS installers_base_price, installers.is_debtor AS installers_is_debtor, installers.comments AS installers_comments, installers.is_active AS installers_is_active, installers.is_in_funnel AS installers_is_in_funnel, installers.total_orders AS installers_total_orders, installers.poor_work_count AS installers_poor_work_count, installers.warranty_visits_count AS installers_warranty_visits_count, installers.last_incident_date AS installers_last_incident_date, installers.updated_at AS installers_updated_at, installers.created_at AS installers_created_at, installers.deleted_at AS installers_deleted_at 
FROM installers 
WHERE installers.id IN ($1::INTEGER)
2026-02-17 11:47:31,947 - sqlalchemy.engine.Engine - INFO - [generated in 0.00014s] (1,)
2026-02-17 11:47:31,949 - sqlalchemy.engine.Engine - INFO - ROLLBACK
2026-02-17 11:47:31,950 - sqlalchemy.engine.Engine - INFO - BEGIN (implicit)
2026-02-17 11:47:31,950 - sqlalchemy.engine.Engine - INFO - SELECT orders.id, orders.client_id, orders.installer_id, orders.status, orders.service_type, orders.warehouse, orders.service_datetime, orders.delivery_datetime, orders.promise, orders.marker_color, orders.address_text, orders.created_at, orders.updated_at 
FROM orders 
 LIMIT $1::INTEGER OFFSET $2::INTEGER
2026-02-17 11:47:31,950 - sqlalchemy.engine.Engine - INFO - [cached since 0.02426s ago] (100, 0)
2026-02-17 11:47:31,952 - sqlalchemy.engine.Engine - INFO - SELECT finance.order_id AS finance_order_id, finance.id AS finance_id, finance.purchase_price AS finance_purchase_price, finance.sale_price_client AS finance_sale_price_client, finance.installer_pay AS finance_installer_pay, finance.my_commission AS finance_my_commission, finance.profit AS finance_profit, finance.installer_returned_money AS finance_installer_returned_money, finance.payment_state AS finance_payment_state, finance.updated_at AS finance_updated_at, finance.created_at AS finance_created_at 
FROM finance 
WHERE finance.order_id IN ($1::INTEGER)
2026-02-17 11:47:31,952 - sqlalchemy.engine.Engine - INFO - [cached since 0.01371s ago] (1,)
2026-02-17 11:47:31,953 - sqlalchemy.engine.Engine - INFO - SELECT clients.id AS clients_id, clients.full_name AS clients_full_name, clients.phone AS clients_phone, clients.address AS clients_address, clients.coordinates AS clients_coordinates, clients.created_at AS clients_created_at, clients.last_contact AS clients_last_contact, clients.comments AS clients_comments, clients.updated_at AS clients_updated_at, clients.backup_phone AS clients_backup_phone, clients.deleted_at AS clients_deleted_at 
FROM clients 
WHERE clients.id IN ($1::INTEGER)
2026-02-17 11:47:31,953 - sqlalchemy.engine.Engine - INFO - [cached since 0.009163s ago] (2,)
2026-02-17 11:47:31,954 - sqlalchemy.engine.Engine - INFO - SELECT installers.id AS installers_id, installers.full_name AS installers_full_name, installers.nickname AS installers_nickname, installers.phone AS installers_phone, installers.backup_phone AS installers_backup_phone, installers.specialization AS installers_specialization, installers.rating AS installers_rating, installers.base_price AS installers_base_price, installers.is_debtor AS installers_is_debtor, installers.comments AS installers_comments, installers.is_active AS installers_is_active, installers.is_in_funnel AS installers_is_in_funnel, installers.total_orders AS installers_total_orders, installers.poor_work_count AS installers_poor_work_count, installers.warranty_visits_count AS installers_warranty_visits_count, installers.last_incident_date AS installers_last_incident_date, installers.updated_at AS installers_updated_at, installers.created_at AS installers_created_at, installers.deleted_at AS installers_deleted_at 
FROM installers 
WHERE installers.id IN ($1::INTEGER)
2026-02-17 11:47:31,955 - sqlalchemy.engine.Engine - INFO - [cached since 0.008075s ago] (1,)
2026-02-17 11:47:31,956 - sqlalchemy.engine.Engine - INFO - ROLLBACK
