=== 1. СТРУКТУРА ПРОЕКТА ===
.
├── backend
│   ├── ml_service
│   │   ├── app.py
│   │   ├── build_features.py
│   │   ├── datasets
│   │   ├── Dockerfile.ml
│   │   ├── models
│   │   ├── prepare_dataset.py
│   │   ├── requirements_ml.txt
│   │   ├── run_weather.py
│   │   └── train.py
│   └── src
│       ├── auth.py
│       ├── backups
│       ├── core
│       │   ├── config.py
│       │   ├── db.py
│       │   ├── __init__.py
│       │   ├── logging.py
│       │   └── scheduler.py
│       ├── __init__.py
│       ├── logs
│       │   ├── app_2026-02-14.log
│       │   ├── app_2026-02-15.log
│       │   ├── app_2026-02-16.log
│       │   └── app_2026-02-17.log
│       ├── main.py
│       ├── models
│       │   ├── address_cache.py
│       │   ├── admins.py
│       │   ├── clients.py
│       │   ├── finance.py
│       │   ├── __init__.py
│       │   ├── installers.py
│       │   ├── orders.py
│       │   └── weather.py
│       ├── routers
│       │   ├── auth.py
│       │   ├── clients.py
│       │   ├── finance.py
│       │   ├── __init__.py
│       │   ├── installers.py
│       │   ├── orders.py
│       │   └── reminders.py
│       ├── schemas
│       │   ├── auth.py
│       │   ├── clients.py
│       │   ├── finance.py
│       │   ├── __init__.py
│       │   ├── installers.py
│       │   └── orders.py
│       └── services
│           ├── address_cache.py
│           ├── backup_service.py
│           ├── clients.py
│           ├── email.py
│           ├── finance.py
│           ├── geocoding.py
│           ├── __init__.py
│           ├── installers.py
│           ├── orders.py
│           ├── reminder_service.py
│           ├── training_service.py
│           ├── weather_service.py
│           └── yandex_disk.py
├── backups
├── database
│   └── init.sql
├── docker-compose.yml
├── Dockerfile
├── frontend
│   ├── package.json
│   ├── package-lock.json
│   ├── public
│   │   ├── favicon.ico
│   │   └── index.html
│   ├── README.md
│   └── src
│       ├── App.js
│       ├── components
│       │   ├── Footer.jsx
│       │   ├── Header.jsx
│       │   ├── OrderMap.jsx
│       │   └── ProtectedRoute.jsx
│       ├── index.css
│       ├── index.js
│       ├── pages
│       │   ├── AddInstaller.jsx
│       │   ├── Dashboard.jsx
│       │   ├── InstallerDetail.jsx
│       │   ├── InstallersList.jsx
│       │   ├── Login.jsx
│       │   ├── NewOrder.jsx
│       │   ├── OrderDetail.jsx
│       │   ├── OrdersList.jsx
│       │   └── Register.jsx
│       ├── services
│       │   └── api.js
│       └── styles
│           ├── auth.css
│           ├── footer.css
│           ├── header.css
│           ├── installer_add.css
│           ├── installer_detail.css
│           ├── installer_profile.css
│           ├── installers.css
│           ├── login.css
│           ├── order-form.css
│           ├── orders-list.css
│           ├── phone.css
│           └── Register.css
├── frontend_static
│   ├── components
│   │   ├── footer.html
│   │   ├── header.html
│   │   ├── inputs.html
│   │   ├── order-form.html
│   │   ├── orders-list.html
│   │   └── phone.html
│   ├── css
│   │   └── blocks
│   │       ├── footer.css
│   │       ├── header.css
│   │       ├── installer_add.css
│   │       ├── installer_detail.css
│   │       ├── installer_profile.css
│   │       ├── installers.css
│   │       ├── order-form.css
│   │       ├── orders-list.css
│   │       └── phone.css
│   ├── installer_add.html
│   ├── installer_detail.html
│   ├── installers.html
│   ├── journal.html
│   ├── js
│   │   ├── api.js
│   │   ├── common.js
│   │   ├── installer_add.js
│   │   ├── installer_detail.js
│   │   ├── installers_page.js
│   │   ├── login.js
│   │   ├── order_detail.js
│   │   └── phone.js
│   ├── login.html
│   ├── new_order.html
│   └── order_detail.html
├── install-protection.sh
├── logs
├── lumen_audit.sh
├── pgagent.sql
├── requirements.txt
├── RussiaLumen2296.txt
└── test_compatibility.py

28 directories, 126 files
=== 2. БЭКЕНД: ОСНОВНЫЕ КОНФИГУРАЦИИ ===
--- backend/src/core/config.py ---
from pydantic_settings import BaseSettings


class Settings(BaseSettings):
    DATABASE_URL: str = "postgresql://admin:password@localhost:5433/oleg_crm"
    YANDEX_API_KEY: str = ""
    MAIL_USERNAME: str = ""
    MAIL_PASSWORD: str = ""
    MAIL_FROM: str = ""
    MAIL_PORT: int = 587
    MAIL_SERVER: str = "smtp.gmail.com"
    MAIL_FROM_NAME: str = "CRM Олега"
    REMINDER_EMAIL: str = ""
    YANDEX_DISK_TOKEN: str = ""
    YANDEX_DISK_PATH: str = "/CRM/backups"
    POSTGRES_PASSWORD: str = ""
    SECRET_KEY: str = ""
    ALGORITHM: str = "HS256"
    ACCESS_TOKEN_EXPIRE_MINUTES: int = 30

    class Config:
        env_file = "../../.env"
        extra = "ignore"

settings = Settings()

--- backend/src/core/db.py ---
#create_async_engine — создаёт асинхронный движок.
from sqlalchemy.ext.asyncio import create_async_engine, AsyncSession
# AsyncSession — тип сессии.
#sessionmaker — фабрика сессий.
#declarative_base — для будущих моделей.
from sqlalchemy.orm import sessionmaker, declarative_base

from .config import settings


ASYNC_DATABASE_URL = settings.DATABASE_URL.replace(
    "postgresql://", "postgresql+asyncpg://"
)

engine = create_async_engine(ASYNC_DATABASE_URL, echo = True)
AsyncSessionLocal = sessionmaker(
    engine, class_ = AsyncSession,expire_on_commit = False
)

Base = declarative_base()

async def get_db():
    async with AsyncSessionLocal() as session:
        yield session
--- backend/src/main.py ---

from fastapi import FastAPI
from fastapi.middleware.cors import CORSMiddleware
from fastapi import Depends
from sqlalchemy import text
from sqlalchemy.ext.asyncio import AsyncSession
from core.db import get_db
from routers import clients ,installers,orders,finance  # в начало файла, после других импортов
from routers import reminders
from core.scheduler import start_scheduler
from core.logging import logger
from core.logging import LoggingMiddleware
from core.scheduler import scheduler
from routers import auth



app = FastAPI(title="СRM Олега")

app.add_middleware(
    CORSMiddleware,
    allow_origins=["*"],  # разрешаем все источники (для разработки)
    allow_credentials=True,
    allow_methods=["*"],
    allow_headers=["*"],
)

app.include_router(clients.router)
app.include_router(installers.router)
app.include_router(orders.router)
app.include_router(finance.router)
app.include_router(reminders.router)
app.add_middleware(LoggingMiddleware)
app.include_router(auth.router)

@app.on_event("startup")
async def startup_event():
    logger.info("Starting CRM application")
    start_scheduler()
    logger.info("Scheduler started")



@app.get("/")
async def root():
    return {"message": "CRM is running"}

@app.get("/health")
async def health(db: AsyncSession = Depends(get_db)):
    """Проверка работоспособности."""
    health_data = {
        "status": "ok",
        "database": "unknown",
        "scheduler": "running" if scheduler.running else "stopped"
    }
    try:
        await db.execute(text("SELECT 1"))
        health_data["database"] = "ok"
    except Exception as e:
        health_data["database"] = f"error: {e}"
        health_data["status"] = "degraded"
    return health_data


@app.get("/db-check")
async def db_check(db: AsyncSession = Depends(get_db)):
    try:
        result = await db.execute(text("SELECT 1"))
        return {"db_status": "connected", "result": result.scalar()}
    except Exception as e:
        return {"db_status": "error", "error": str(e)}
    

=== 3. БЭКЕНД: МОДЕЛИ БД (SQLAlchemy) ===
--- backend/src/models/clients.py ---
# Импорт нужных типов
from sqlalchemy import Column, Integer, String, DateTime, Text

import sqlalchemy
from sqlalchemy.sql import func
# Base — наш базовый класс из db.py, от которого наследуются все модели.
from core.db import Base
from sqlalchemy import DateTime, func
from sqlalchemy.orm import relationship


class LatLngType(sqlalchemy.types.UserDefinedType):
    """Кастомный тип для PostgreSQL POINT"""
    cache_ok = True

    def get_col_spec(self):
        return "POINT"

    def bind_processor(self, dialect):
        def process(value):
            if value is None:
                return None
            # ждём кортеж (lat, lon) или список
            lat, lon = value[0], value[1]
            return f"({lat},{lon})"
        return process

    def result_processor(self, dialect, coltype):
        def process(value):
            if value is None:
                return None
            # из строки "(lat,lon)" делаем кортеж
            value = value.strip('()')
            lat, lon = map(float, value.split(','))
            return (lat, lon)
        return process


class Client(Base):
    __tablename__ = "clients"

    id = Column(Integer, primary_key=True, index=True)
    full_name = Column(String, nullable=False)
    phone = Column(String, nullable=False, index=True)
    address = Column(String, nullable=False)
    coordinates = Column(LatLngType, nullable=True)
    created_at = Column(DateTime(timezone=True), server_default=func.now())
    last_contact = Column(DateTime(timezone=True),
                          server_default=func.now(), onupdate=func.now())
    comments = Column(Text, nullable=True)
    updated_at = Column(DateTime(timezone=True), onupdate=func.now())
    backup_phone = Column(String(20), nullable=True)
    deleted_at = Column(DateTime(timezone=True), nullable=True, default=None)
    orders = relationship("Order", back_populates="client")

--- backend/src/models/orders.py ---
from sqlalchemy import Column, Integer, String, DateTime, Text, ForeignKey, Enum as SQLAEnum
from sqlalchemy.sql import func
from sqlalchemy.orm import relationship
from core.db import Base
import enum

class OrderStatus(str, enum.Enum):
    NEW = "Новый"
    WAITING_INSTALLER = "Ждет установщика"
    IN_PROGRESS = "В работе"
    COMPLETED = "Выполнен"
    CANCELLED = "Отменен"

class Order(Base):
    __tablename__ = 'orders'

    id = Column(Integer, primary_key=True, index=True)
    client_id = Column(Integer, ForeignKey('clients.id', ondelete='RESTRICT'), nullable=True)
    installer_id = Column(Integer, ForeignKey('installers.id', ondelete='SET NULL'), nullable=True)
    status = Column(SQLAEnum(OrderStatus, name='order_status', create_type=False, values_callable=lambda x: [e.value for e in x]), default=OrderStatus.NEW)
    service_type = Column(String(100), nullable=False)
    warehouse = Column(Text, nullable=True)
    service_datetime = Column(DateTime(timezone=False), nullable=False)
    delivery_datetime = Column(DateTime(timezone=False), nullable=True)
    promise = Column(Text, nullable=True)
    marker_color = Column(String(10), nullable=True)
    #address_id = Column(String, ForeignKey('address_cache.address', ondelete='RESTRICT'), nullable=True)
    address_text = Column(Text, nullable=True)
    created_at = Column(DateTime(timezone=False), server_default=func.now())
    updated_at = Column(DateTime(timezone=False), onupdate=func.now(), server_default=func.now())

    client = relationship("Client", back_populates="orders")
    installer = relationship("Installer", back_populates="orders")
    
    finance = relationship("Finance", back_populates="order", uselist=False)
--- backend/src/models/finance.py ---
from sqlalchemy import Column, Integer, Numeric, Boolean, DateTime, ForeignKey, Enum as SQLAEnum, FetchedValue
from sqlalchemy.sql import func
from sqlalchemy.orm import relationship
from core.db import Base
import enum

class PaymentState(str, enum.Enum):
    UNPAID = "Не оплачен"
    PARTIAL = "Частично"
    PAID = "Оплачен"

class Finance(Base):
    __tablename__ = 'finance'

    id = Column(Integer, primary_key=True, index=True)
    order_id = Column(Integer, ForeignKey('orders.id', ondelete='CASCADE'), unique=True, nullable=False)
    purchase_price = Column(Numeric(10,2), nullable=False, default=0)
    sale_price_client = Column(Numeric(10,2), nullable=False, default=0)
    installer_pay = Column(Numeric(10,2), nullable=False, default=0)
    my_commission = Column(Numeric(10,2), nullable=False, default=0)
    profit = Column(Numeric(10,2), server_default=FetchedValue(), nullable=True)
    installer_returned_money = Column(Boolean, default=False)
    payment_state = Column(SQLAEnum(PaymentState, name='payment_status', create_type=False, values_callable=lambda x: [e.value for e in x]), default=PaymentState.UNPAID)
    updated_at = Column(DateTime(timezone=True), onupdate=func.now(), server_default=func.now())
    created_at = Column(DateTime(timezone=True), server_default=func.now())

    order = relationship("Order", back_populates="finance")
--- backend/src/models/installers.py ---
from sqlalchemy import Column, Integer, String, DateTime, Text, Boolean, Numeric, ARRAY
from sqlalchemy.sql import func
from core.db import Base
from sqlalchemy import FetchedValue
from sqlalchemy.orm import relationship

class Installer(Base):
    __tablename__ = 'installers'

    id = Column(Integer, primary_key=True, index=True)
    full_name = Column(String, nullable=False)
    nickname = Column(String, nullable=True)
    phone = Column(String, unique=True, nullable=False)
    backup_phone = Column(String, nullable=True)
    specialization = Column(ARRAY(String), nullable=False)  # массив строк
    rating = Column(Numeric(3,1), default=10.0)
    base_price = Column(Numeric(10,2), default=0)
    is_debtor = Column(Boolean, default=False)
    comments = Column(Text, nullable=True)
    is_active = Column(Boolean, default=True)
    is_in_funnel = Column(Boolean, default=True)
    total_orders = Column(Integer, default=0)
    poor_work_count = Column(Integer, default=0)
    warranty_visits_count = Column(Integer, default=0)
    last_incident_date = Column(DateTime(timezone=True), nullable=True)
    # quality_score — вычисляемое поле, объявим как server_default, чтобы не вставлять
    #quality_score = Column(Numeric(3,2), server_default=FetchedValue(), nullable=True)
    updated_at = Column(DateTime(timezone=True), onupdate=func.now(), server_default=func.now())
    created_at = Column(DateTime(timezone=True), server_default=func.now())
    deleted_at = Column(DateTime(timezone=True), nullable=True, default=None)
    orders = relationship("Order", back_populates="installer")
--- backend/src/models/address_cache.py ---
from sqlalchemy import Column, String, Numeric, DateTime
from sqlalchemy.sql import func
from core.db import Base


class AddressCache(Base):
    __tablename__ = 'address_cache'

    address = Column(String, primary_key=True)
    lat = Column(Numeric(10, 7), nullable=False)
    lon = Column(Numeric(10, 7), nullable=False)
    updated_at = Column(DateTime(timezone=True),
                        server_default=func.now(), onupdate=func.now())
   

--- backend/src/models/weather.py ---
from sqlalchemy import Column, Integer, String, Date, Numeric, DateTime
from sqlalchemy.sql import func
from core.db import Base

class Weather(Base):
    __tablename__ = 'weather'

    id = Column(Integer, primary_key=True, index=True)
    date = Column(Date, nullable=False)
    location = Column(String(100), nullable=False)
    lat = Column(Numeric(10,7), nullable=True)
    lon = Column(Numeric(10,7), nullable=True)
    temperature_avg = Column(Numeric(4,1), nullable=True)
    temperature_min = Column(Numeric(4,1), nullable=True)
    temperature_max = Column(Numeric(4,1), nullable=True)
    humidity = Column(Integer, nullable=True)
    pressure = Column(Integer, nullable=True)
    wind_speed = Column(Numeric(4,1), nullable=True)
    precipitation = Column(Numeric(5,2), nullable=True)
    weather_condition = Column(String(50), nullable=True)
    source = Column(String(20), default='open-meteo')
    created_at = Column(DateTime(timezone=True), server_default=func.now())
    updated_at = Column(DateTime(timezone=True), onupdate=func.now(), server_default=func.now())
=== 4. БЭКЕНД: API-ЭНДПОИНТЫ (роутеры) ===
--- backend/src/routers/clients.py ---
from fastapi import APIRouter, Depends, HTTPException, status
from sqlalchemy.ext.asyncio import AsyncSession
from typing import List

from core.db import get_db
from schemas.clients import ClientCreate, ClientUpdate, ClientOut
from services.clients import (
    create_client, get_client, get_clients, update_client, delete_client
)
from auth import get_current_admin
from models.admins import Admin

router = APIRouter(prefix="/clients", tags=["Clients"])

@router.post("/", response_model=ClientOut, status_code=status.HTTP_201_CREATED)
async def create_client_endpoint(
    client_data: ClientCreate,
    db: AsyncSession = Depends(get_db),
    current_admin: Admin = Depends(get_current_admin)
):
    client = await create_client(db, client_data)
    return client

@router.get("/", response_model=List[ClientOut])
async def read_clients(
    skip: int = 0,
    limit: int = 100,
    db: AsyncSession = Depends(get_db),
    current_admin: Admin = Depends(get_current_admin)
):
    clients = await get_clients(db, skip=skip, limit=limit)
    return clients

@router.get("/{client_id}", response_model=ClientOut)
async def read_client(
    client_id: int,
    db: AsyncSession = Depends(get_db),
    current_admin: Admin = Depends(get_current_admin)
):
    client = await get_client(db, client_id)
    if client is None:
        raise HTTPException(status_code=404, detail="Client not found")
    return client

@router.put("/{client_id}", response_model=ClientOut)
async def update_client_endpoint(
    client_id: int,
    client_data: ClientUpdate,
    db: AsyncSession = Depends(get_db),
    current_admin: Admin = Depends(get_current_admin)
):
    client = await update_client(db, client_id, client_data)
    if client is None:
        raise HTTPException(status_code=404, detail="Client not found")
    return client

@router.delete("/{client_id}", status_code=status.HTTP_204_NO_CONTENT)
async def delete_client_endpoint(
    client_id: int,
    db: AsyncSession = Depends(get_db),
    current_admin: Admin = Depends(get_current_admin)
):
    deleted = await delete_client(db, client_id)
    if not deleted:
        raise HTTPException(status_code=404, detail="Client not found")
    return None
--- backend/src/routers/orders.py ---
from fastapi import APIRouter, Depends, HTTPException, status
from sqlalchemy.ext.asyncio import AsyncSession
from core.db import get_db
from services.orders import (
    create_order, get_order, get_orders,
    update_order, delete_order
)
from schemas.orders import OrderCreate, OrderUpdate, OrderOut

router = APIRouter(prefix="/orders", tags=["orders"])

@router.post("/", response_model=OrderOut, status_code=status.HTTP_201_CREATED)
async def create_order_endpoint(
    order: OrderCreate,
    db: AsyncSession = Depends(get_db)
):
    return await create_order(db, order)

@router.get("/", response_model=list[OrderOut])
async def read_orders(
    skip: int = 0,
    limit: int = 100,
    db: AsyncSession = Depends(get_db)
):
    return await get_orders(db, skip=skip, limit=limit)

@router.get("/{order_id}", response_model=OrderOut)
async def read_order(
    order_id: int,
    db: AsyncSession = Depends(get_db)
):
    order = await get_order(db, order_id)
    if not order:
        raise HTTPException(status_code=404, detail="Order not found")
    return order

@router.put("/{order_id}", response_model=OrderOut)
async def update_order_endpoint(
    order_id: int,
    order: OrderUpdate,
    db: AsyncSession = Depends(get_db)
):
    updated = await update_order(db, order_id, order)
    if not updated:
        raise HTTPException(status_code=404, detail="Order not found")
    return updated

@router.delete("/{order_id}", status_code=status.HTTP_204_NO_CONTENT)
async def delete_order_endpoint(
    order_id: int,
    db: AsyncSession = Depends(get_db)
):
    deleted = await delete_order(db, order_id)
    if not deleted:
        raise HTTPException(status_code=404, detail="Order not found")
    return None
--- backend/src/routers/finance.py ---
from fastapi import APIRouter, Depends, HTTPException, status
from sqlalchemy.ext.asyncio import AsyncSession
from core.db import get_db
from services.finance import (
    create_finance, get_finance, get_finances, get_finance_by_order,
    update_finance, delete_finance
)
from schemas.finance import FinanceCreate, FinanceUpdate, FinanceOut

router = APIRouter(prefix="/finance", tags=["finance"])

@router.post("/", response_model=FinanceOut, status_code=status.HTTP_201_CREATED)
async def create_finance_endpoint(
    finance: FinanceCreate,
    db: AsyncSession = Depends(get_db)
):
    existing = await get_finance_by_order(db, finance.order_id)
    if existing:
        raise HTTPException(status_code=400, detail="Finance record for this order already exists")
    return await create_finance(db, finance)

@router.get("/", response_model=list[FinanceOut])
async def read_finances(
    skip: int = 0,
    limit: int = 100,
    db: AsyncSession = Depends(get_db)
):
    return await get_finances(db, skip=skip, limit=limit)

@router.get("/order/{order_id}", response_model=FinanceOut)
async def read_finance_by_order(
    order_id: int,
    db: AsyncSession = Depends(get_db)
):
    finance = await get_finance_by_order(db, order_id)
    if not finance:
        raise HTTPException(status_code=404, detail="Finance record not found for this order")
    return finance

@router.get("/{finance_id}", response_model=FinanceOut)
async def read_finance(
    finance_id: int,
    db: AsyncSession = Depends(get_db)
):
    finance = await get_finance(db, finance_id)
    if not finance:
        raise HTTPException(status_code=404, detail="Finance record not found")
    return finance

@router.put("/{finance_id}", response_model=FinanceOut)
async def update_finance_endpoint(
    finance_id: int,
    finance: FinanceUpdate,
    db: AsyncSession = Depends(get_db)
):
    updated = await update_finance(db, finance_id, finance)
    if not updated:
        raise HTTPException(status_code=404, detail="Finance record not found")
    return updated

@router.delete("/{finance_id}", status_code=status.HTTP_204_NO_CONTENT)
async def delete_finance_endpoint(
    finance_id: int,
    db: AsyncSession = Depends(get_db)
):
    deleted = await delete_finance(db, finance_id)
    if not deleted:
        raise HTTPException(status_code=404, detail="Finance record not found")
    return None
--- backend/src/routers/auth.py ---
from fastapi import APIRouter, Depends, HTTPException, status
from sqlalchemy.ext.asyncio import AsyncSession
from sqlalchemy import select
from core.db import get_db
from models.admins import Admin
from schemas.auth import AdminCreate, AdminLogin, Token, AdminOut
from auth import get_password_hash, verify_password, create_access_token, get_current_admin

router = APIRouter(prefix="/auth", tags=["auth"])

@router.post("/register", response_model=AdminOut)
async def register(admin_data: AdminCreate, db: AsyncSession = Depends(get_db)):
    result = await db.execute(select(Admin))
    existing = result.scalars().first()
    if existing:
        raise HTTPException(status_code=400, detail="Уже создано необходимое количество админов !!!")
    hashed = get_password_hash(admin_data.password)
    admin = Admin(username=admin_data.username, password_hash=hashed)
    db.add(admin)
    await db.commit()
    await db.refresh(admin)
    return admin

@router.post("/login", response_model=Token)
async def login(login_data: AdminLogin, db: AsyncSession = Depends(get_db)):
    result = await db.execute(select(Admin).where(Admin.username == login_data.username))
    admin = result.scalar_one_or_none()
    if not admin or not verify_password(login_data.password, admin.password_hash):
        raise HTTPException(status_code=401, detail="Invalid credentials")
    access_token = create_access_token(data={"sub": admin.username})
    return {"access_token": access_token, "token_type": "bearer"}

@router.get("/me", response_model=AdminOut)
async def get_me(current_admin: Admin = Depends(get_current_admin)):
    return current_admin
--- backend/src/routers/installers.py ---
from fastapi import APIRouter, Depends, HTTPException, status
from sqlalchemy.ext.asyncio import AsyncSession
from core.db import get_db
from services.installers import (
    create_installer, get_installer, get_installers,
    update_installer, delete_installer
)
from schemas.installers import InstallerCreate, InstallerUpdate, InstallerOut
from auth import get_current_admin
from models.admins import Admin

router = APIRouter(prefix="/installers", tags=["installers"])

@router.post("/", response_model=InstallerOut, status_code=status.HTTP_201_CREATED)
async def create_installer_endpoint(
    installer: InstallerCreate,
    db: AsyncSession = Depends(get_db),
    current_admin: Admin = Depends(get_current_admin)
):
    return await create_installer(db, installer)

@router.get("/", response_model=list[InstallerOut])
async def read_installers(
    skip: int = 0,
    limit: int = 100,
    db: AsyncSession = Depends(get_db),
    current_admin: Admin = Depends(get_current_admin)
):
    return await get_installers(db, skip=skip, limit=limit)

@router.get("/{installer_id}", response_model=InstallerOut)
async def read_installer(
    installer_id: int,
    db: AsyncSession = Depends(get_db),
    current_admin: Admin = Depends(get_current_admin)
):
    installer = await get_installer(db, installer_id)
    if not installer:
        raise HTTPException(status_code=404, detail="Installer not found")
    return installer

@router.put("/{installer_id}", response_model=InstallerOut)
async def update_installer_endpoint(
    installer_id: int,
    installer: InstallerUpdate,
    db: AsyncSession = Depends(get_db),
    current_admin: Admin = Depends(get_current_admin)
):
    updated = await update_installer(db, installer_id, installer)
    if not updated:
        raise HTTPException(status_code=404, detail="Installer not found")
    return updated

@router.delete("/{installer_id}", status_code=status.HTTP_204_NO_CONTENT)
async def delete_installer_endpoint(
    installer_id: int,
    db: AsyncSession = Depends(get_db),
    current_admin: Admin = Depends(get_current_admin)
):
    deleted = await delete_installer(db, installer_id)
    if not deleted:
        raise HTTPException(status_code=404, detail="Installer not found")
    return None
--- backend/src/routers/reminders.py ---
from fastapi import APIRouter, Depends, Query
from sqlalchemy.ext.asyncio import AsyncSession
from sqlalchemy import select, and_
from datetime import datetime, timedelta
from core.db import get_db
from models.orders import Order
from schemas.orders import OrderOut
from typing import List
from services.email import send_reminder_email
from fastapi import HTTPException
from sqlalchemy.orm import selectinload

router = APIRouter(prefix="/reminders", tags=["reminders"])

@router.get("/stale-orders", response_model=List[OrderOut])
async def get_stale_orders(
    days: int = Query(7, description="Количество дней без обновления"),
    db: AsyncSession = Depends(get_db)
):
    """
    Возвращает заказы, которые не обновлялись более указанного количества дней
    и при этом не находятся в финальных статусах (Выполнен, Отменен).
    """
    cutoff_date = datetime.now() - timedelta(days=days)
    
    result = await db.execute(
        select(Order)
        .where(
            and_(
                Order.updated_at < cutoff_date,
                Order.status.not_in(["Выполнен", "Отменен"])
            )
        )
        .order_by(Order.updated_at)
    )
    orders = result.scalars().all()
    return orders

@router.post("/send-email", status_code=200)
async def send_reminder_email_endpoint(
    recipient: str = Query(..., description="Email получателя"),
    days: int = Query(7, description="Количество дней без обновления"),
    db: AsyncSession = Depends(get_db)
):
    """
    Отправляет письмо со списком зависших заказов на указанный email.
    """
    # Получаем зависшие заказы
    cutoff_date = datetime.now() - timedelta(days=days)
    result = await db.execute(
        select(Order)
        .where(
            and_(
                Order.updated_at < cutoff_date,
                Order.status.not_in(["Выполнен", "Отменен"])
            )
        )
        .options(selectinload(Order.client), selectinload(Order.installer))
        .order_by(Order.updated_at)
    )
    orders = result.scalars().all()
    
    if not orders:
        return {"message": "Нет зависших заказов"}
    
    # Формируем HTML-таблицу
    rows = ""
    for order in orders:
        rows += f"""
        <tr>
            <td>{order.id}</td>
            <td>{order.client.full_name if order.client else 'Н/Д'}</td>
            <td>{order.service_type}</td>
            <td>{order.status}</td>
            <td>{order.updated_at.strftime('%Y-%m-%d %H:%M')}</td>
        </tr>
        """
    html = f"""
    <h2>Зависшие заказы (более {days} дней без обновления)</h2>
    <table border="1" cellpadding="5" style="border-collapse: collapse;">
        <tr>
            <th>ID</th>
            <th>Клиент</th>
            <th>Тип услуги</th>
            <th>Статус</th>
            <th>Последнее обновление</th>
        </tr>
        {rows}
    </table>
    """
    
    try:
        await send_reminder_email(recipient, html)
        return {"message": f"Письмо отправлено на {recipient}"}
    except Exception as e:
        raise HTTPException(status_code=500, detail=f"Ошибка отправки: {str(e)}")

=== 5. БЭКЕНД: БИЗНЕС-ЛОГИКА (сервисы) ===
--- backend/src/services/clients.py ---
from sqlalchemy.ext.asyncio import AsyncSession
from sqlalchemy import select, update, delete
from typing import Optional, List

from models.clients import Client
from schemas.clients import ClientCreate, ClientUpdate

from datetime import datetime, timezone

async def create_client(db:AsyncSession, client_data:ClientCreate) -> Client:
    client = Client(**client_data.model_dump())
    db.add(client)
    await db.commit()
    await db.refresh(client)
    return client

async def get_client(db: AsyncSession, client_id: int) -> Optional[Client]:
    result = await db.execute(select(Client).where(Client.id == client_id))
    return result.scalar_one_or_none()

async def get_clients(db: AsyncSession, skip: int = 0, limit: int = 100) -> List[Client]:
    result = await db.execute(select(Client).offset(skip).limit(limit))
    return result.scalars().all()

async def update_client(db: AsyncSession, client_id: int, client_data: ClientUpdate) -> Optional[Client]:
    client = await get_client(db, client_id)
    if client is None:
        return None

    update_data = client_data.model_dump(exclude_unset=True)
    for field, value in update_data.items():
        setattr(client, field, value)

    await db.commit()
    await db.refresh(client)
    return client

async def delete_client(db: AsyncSession, client_id: int):
    # Ищем активного клиента (deleted_at IS NULL)
    result = await db.execute(
        select(Client)
        .where(Client.id == client_id)
        .where(Client.deleted_at.is_(None))
    )
    client = result.scalar_one_or_none()
    if client:
        client.deleted_at = datetime.now(timezone.utc)
        await db.commit()
        await db.refresh(client)
    return client  # возвращаем обновлённого клиента (с deleted_at)
--- backend/src/services/orders.py ---
from sqlalchemy.ext.asyncio import AsyncSession
from sqlalchemy import select
from sqlalchemy.orm import selectinload
from models.orders import Order
from schemas.orders import OrderCreate, OrderUpdate
from services.geocoding import get_coordinates
from services.address_cache import get_or_create_address_cache

async def create_order(db: AsyncSession, order_data: OrderCreate):
    # Сначала создаём заказ без address_id
    order_dict = order_data.model_dump()
    address_text = order_dict.pop('address_text', None)
    
    order = Order(**order_dict)
    db.add(order)
    await db.flush()  # чтобы получить id заказа, но не коммитить
    
    # Если есть адрес, пытаемся получить координаты
    if address_text:
        coords = await get_coordinates(address_text)
        if coords:
            lat, lon = coords
            # Сохраняем в кэш и получаем запись
            cache_entry = await get_or_create_address_cache(db, address_text, lat, lon)
            order.address_id = cache_entry.address
            order.address_text = address_text  # сохраняем исходный адрес
        else:
            # если координаты не получены, сохраняем только текст
            order.address_text = address_text
    else:
        order.address_text = None

    await db.commit()
    await db.refresh(order)
    # Подгружаем связи
    result = await db.execute(
        select(Order)
        .where(Order.id == order.id)
        .options(selectinload(Order.client), selectinload(Order.installer))
    )
    return result.scalar_one()

async def get_order(db: AsyncSession, order_id: int):
    result = await db.execute(
        select(Order)
        .where(Order.id == order_id)
        .options(selectinload(Order.client), selectinload(Order.installer), selectinload(Order.finance))
    )
    return result.scalar_one_or_none()

async def get_orders(db: AsyncSession, skip: int = 0, limit: int = 100):
    result = await db.execute(
        select(Order)
        .offset(skip)
        .limit(limit)
        .options(selectinload(Order.client), selectinload(Order.installer), selectinload(Order.finance))
    )
    return result.scalars().all()

async def update_order(db: AsyncSession, order_id: int, order_data: OrderUpdate):
    order = await get_order(db, order_id)
    if not order:
        return None

    update_data = order_data.model_dump(exclude_unset=True)
    address_text = update_data.get('address_text')

    # Если адрес обновляется, обрабатываем геокодинг
    if address_text is not None:
        coords = await get_coordinates(address_text)
        if coords:
            lat, lon = coords
            cache_entry = await get_or_create_address_cache(db, address_text, lat, lon)
            order.address_id = cache_entry.address
            order.address_text = address_text
        else:
            # Если координаты не получены, очищаем address_id и сохраняем текст
            order.address_id = None
            order.address_text = address_text
    # Применяем остальные обновления
    for key, value in update_data.items():
        if key != 'address_text':
            setattr(order, key, value)

    await db.commit()
    await db.refresh(order)
    return order

async def delete_order(db: AsyncSession, order_id: int):
    order = await get_order(db, order_id)
    if order:
        await db.delete(order)
        await db.commit()
    return order
--- backend/src/services/finance.py ---
from sqlalchemy.ext.asyncio import AsyncSession
from sqlalchemy import select
from models.finance import Finance
from schemas.finance import FinanceCreate, FinanceUpdate

async def create_finance(db: AsyncSession, finance_data: FinanceCreate):
    finance = Finance(**finance_data.model_dump())
    db.add(finance)
    await db.commit()
    await db.refresh(finance)
    return finance

async def get_finance(db: AsyncSession, finance_id: int):
    result = await db.execute(
        select(Finance).where(Finance.id == finance_id)
    )
    return result.scalar_one_or_none()

async def get_finance_by_order(db: AsyncSession, order_id: int):
    result = await db.execute(
        select(Finance).where(Finance.order_id == order_id)
    )
    return result.scalar_one_or_none()

async def get_finances(db: AsyncSession, skip: int = 0, limit: int = 100):
    result = await db.execute(
        select(Finance).offset(skip).limit(limit)
    )
    return result.scalars().all()

async def update_finance(db: AsyncSession, finance_id: int, finance_data: FinanceUpdate):
    finance = await get_finance(db, finance_id)
    if finance:
        update_data = finance_data.model_dump(exclude_unset=True)
        for key, value in update_data.items():
            setattr(finance, key, value)
        await db.commit()
        await db.refresh(finance)
    return finance

async def delete_finance(db: AsyncSession, finance_id: int):
    finance = await get_finance(db, finance_id)
    if finance:
        await db.delete(finance)
        await db.commit()
    return finance
--- backend/src/services/geocoding.py ---
import aiohttp
from core.config import settings
import random

# Мок-координаты для разработки (центр Москвы, например)
MOCK_LAT = 55.7558
MOCK_LON = 37.6176

async def get_coordinates(address: str) -> tuple[float, float] | None:
    """
    Асинхронно получает координаты (lat, lon) для указанного адреса через API Яндекс.Карт.
    Если ключ не задан, возвращает мок-координаты.
    Возвращает None, если адрес пуст или не удалось найти.
    """
    if not address:
        return None

    # Если нет API-ключа, используем мок
    if not settings.YANDEX_API_KEY:
        # Для разнообразия можно генерировать случайное смещение, но для простоты фикс
        return (MOCK_LAT, MOCK_LON)

    # Формируем запрос к Яндекс.Геокодеру
    url = "https://geocode-maps.yandex.ru/1.x/"
    params = {
        "apikey": settings.YANDEX_API_KEY,
        "geocode": address,
        "format": "json",
        "results": 1
    }

    try:
        async with aiohttp.ClientSession() as session:
            async with session.get(url, params=params) as resp:
                if resp.status != 200:
                    return None
                data = await resp.json()
                # Парсим ответ
                try:
                    pos = data["response"]["GeoObjectCollection"]["featureMember"][0]["GeoObject"]["Point"]["pos"]
                    lon, lat = map(float, pos.split())
                    return (lat, lon)
                except (KeyError, IndexError, ValueError):
                    return None
    except Exception:
        return None
--- backend/src/services/weather_service.py ---
import aiohttp
import logging
from datetime import date, timedelta
from typing import Optional, Dict, Any
from sqlalchemy import select
from sqlalchemy.ext.asyncio import AsyncSession
from models.weather import Weather
from core.db import AsyncSessionLocal
from models.address_cache import AddressCache

logger = logging.getLogger(__name__)

BASE_URL = "https://api.open-meteo.com/v1/forecast"

async def fetch_weather_data(
    lat: float,
    lon: float,
    start_date: date,
    end_date: date
) -> Optional[Dict[str, Any]]:
    params = {
        "latitude": lat,
        "longitude": lon,
        "daily": "temperature_2m_max,temperature_2m_min,precipitation_sum,weathercode",
        "timezone": "auto",
        "start_date": start_date.isoformat(),
        "end_date": end_date.isoformat()
    }
    try:
        async with aiohttp.ClientSession() as session:
            async with session.get(BASE_URL, params=params) as resp:
                if resp.status != 200:
                    logger.error(f"Open-Meteo error: {resp.status}")
                    return None
                data = await resp.json()
                return data
    except Exception as e:
        logger.exception(f"Failed to fetch weather: {e}")
        return None

async def save_weather_data(db: AsyncSession, location: str, lat: float, lon: float, data: dict):
    times = data.get("daily", {}).get("time", [])
    max_temps = data.get("daily", {}).get("temperature_2m_max", [])
    min_temps = data.get("daily", {}).get("temperature_2m_min", [])
    precipt = data.get("daily", {}).get("precipitation_sum", [])
    codes = data.get("daily", {}).get("weathercode", [])

    for i, day_str in enumerate(times):
        day = date.fromisoformat(day_str)
        # Проверяем, есть ли уже запись
        stmt = select(Weather).where(
            Weather.date == day,
            Weather.location == location
        )
        result = await db.execute(stmt)
        existing = result.scalar_one_or_none()
        if existing:
            # Можно обновить или пропустить
            continue
        weather = Weather(
            date=day,
            location=location,
            lat=lat,
            lon=lon,
            temperature_max=max_temps[i] if i < len(max_temps) else None,
            temperature_min=min_temps[i] if i < len(min_temps) else None,
            precipitation=precipt[i] if i < len(precipt) else None,
            weather_condition=str(codes[i]) if i < len(codes) else None,
            source="open-meteo"
        )
        db.add(weather)
    await db.commit()



async def daily_weather_collection():
    """
    Фоновая задача: собирает погоду для всех уникальных адресов из кэша.
    """
    async with AsyncSessionLocal() as db:
        # Получаем все уникальные адреса с координатами
        result = await db.execute(
            select(AddressCache.address, AddressCache.lat, AddressCache.lon).distinct()
        )
        locations = result.all()
        today = date.today()
        start_date = today - timedelta(days=1)   # вчера
        end_date = today + timedelta(days=7)     # прогноз на 7 дней

        for loc in locations:
            if loc.lat is None or loc.lon is None:
                continue
            data = await fetch_weather_data(loc.lat, loc.lon, start_date, end_date)
            if data:
                await save_weather_data(db, loc.address, loc.lat, loc.lon, data)
        logger.info("Daily weather collection completed")
--- backend/src/services/reminder_service.py ---
from sqlalchemy import select, and_
from sqlalchemy.orm import selectinload
from datetime import datetime, timedelta
from models.orders import Order
from services.email import send_reminder_email
from core.db import AsyncSessionLocal
from sqlalchemy.orm import selectinload
import logging
logger = logging.getLogger(__name__)

async def send_daily_reminder(recipient: str):
     async with AsyncSessionLocal() as db:
        cutoff_date = datetime.now() - timedelta(days=7)
        result = await db.execute(
            select(Order)
            .options(selectinload(Order.client), selectinload(Order.installer))
            .where(
                and_(
                    Order.updated_at < cutoff_date,
                    Order.status.not_in(["Выполнен", "Отменен"])
                )
            )
            .order_by(Order.updated_at)
        )
        orders = result.scalars().all()

        if not orders:
            return

        rows = ""
        for order in orders:
            client_name = order.client.full_name if order.client else "Н/Д"
            rows += f"""
            <tr>
                <td>{order.id}</td>
                <td>{client_name}</td>
                <td>{order.service_type}</td>
                <td>{order.status}</td>
                <td>{order.updated_at.strftime('%Y-%m-%d %H:%M')}</td>
            </tr>
            """
        html = f"""
        <h2>Зависшие заказы (более 7 дней без обновления)</h2>
        <table border="1" cellpadding="5" style="border-collapse: collapse;">
            <tr>
                <th>ID</th>
                <th>Клиент</th>
                <th>Тип услуги</th>
                <th>Статус</th>
                <th>Последнее обновление</th>
            </tr>
            {rows}
        </table>
        """
        await send_reminder_email(recipient, html)
=== 6. ФРОНТЕНД: ОСНОВНЫЕ КОМПОНЕНТЫ ===
--- frontend/src/App.js ---
import { BrowserRouter, Routes, Route } from 'react-router-dom';
import Login from './pages/Login';
import Dashboard from './pages/Dashboard';
import NewOrder from './pages/NewOrder';
import ProtectedRoute from './components/ProtectedRoute';
import OrdersList from './pages/OrdersList';
import AddInstaller from './pages/AddInstaller';
import InstallersList from './pages/InstallersList';
import InstallerDetail from './pages/InstallerDetail';
import OrderDetail from './pages/OrderDetail';
import Register from './pages/Register';

function App() {
  return (
    <BrowserRouter>
      <Routes>
        <Route path="/" element={<Login />} />
        <Route path="/register" element={<Register />} />
        <Route
          path="/dashboard"
          element={
            <ProtectedRoute>
              <Dashboard />
            </ProtectedRoute>
          }
        />
        <Route
          path="/orders/new"
          element={
            <ProtectedRoute>
              <NewOrder />
            </ProtectedRoute>
          }
        />
        <Route
          path="/orders"
          element={
            <ProtectedRoute>
              <OrdersList />
            </ProtectedRoute>
          }
        />
        <Route
          path="/installers/new"
          element={
            <ProtectedRoute>
              <AddInstaller />
            </ProtectedRoute>
          }
        />
        <Route
          path="/installers"
          element={
            <ProtectedRoute>
              <InstallersList />
            </ProtectedRoute>
          }
        />
        <Route
          path="/installers/:id"
          element={
            <ProtectedRoute>
              <InstallerDetail />
            </ProtectedRoute>
          }
        />
        <Route
          path="/orders/:id"
          element={
            <ProtectedRoute>
              <OrderDetail />
            </ProtectedRoute>
          }
        />
      </Routes>
    </BrowserRouter>
  );
}

export default App;
--- frontend/src/components/Header.jsx ---
import React, { useState } from 'react';
import { Link } from 'react-router-dom';
import '../styles/header.css';

const Header = () => {
  const [isMenuOpen, setIsMenuOpen] = useState(false);

  const toggleMenu = () => {
    setIsMenuOpen(!isMenuOpen);
  };

  return (
    <header className="header">
      <div className="header__container">
        <div className="header__left-group">
          <Link to="/" className="header__logo">❄️ Тестовая</Link>
          <div className="header__status">
            <span className="header__dot"></span>
            <span className="header__status-text">Система Online</span>
          </div>
        </div>
        
        <button 
          className={`header__burger ${isMenuOpen ? 'open' : ''}`} 
          onClick={toggleMenu}
          aria-label="Меню"
        >
          <span></span>
          <span></span>
          <span></span>
        </button>

        <nav className={`header__nav ${isMenuOpen ? 'active' : ''}`}>
          <Link to="/orders/new" className="header__link" onClick={() => setIsMenuOpen(false)}>📝 Новый заказ</Link>
          <Link to="/orders" className="header__link" onClick={() => setIsMenuOpen(false)}>📋 Журнал</Link>
          <Link to="/installers" className="header__link" onClick={() => setIsMenuOpen(false)}>👨‍🔧 Мастера</Link>
          <Link to="/installers/new" className="header__link" onClick={() => setIsMenuOpen(false)}>➕ Добавить мастера</Link>
        </nav>
      </div>
    </header>
  );
};

export default Header;
--- frontend/src/components/Footer.jsx ---
import React from 'react';
import '../styles/footer.css';

const Footer = () => {
  return (
    <footer className="footer">
      <div className="footer__container">
        <p className="footer__copyright">&copy; 2026 Система контроля климата</p>
      </div>
    </footer>
  );
};

export default Footer;
--- frontend/src/components/OrderMap.jsx ---
import React from 'react';
import { Map, Placemark } from '@pbe/react-yandex-maps';

const OrderMap = ({ orders }) => {
  // Фильтруем заказы, у которых есть координаты
  const points = orders.filter(order => order.lat && order.lon);

  if (points.length === 0) {
    return <div>Нет заказов с координатами для отображения на карте</div>;
  }

  return (
    <Map
      defaultState={{
        center: [55.751244, 37.618423], // Москва, Кремль
        zoom: 9,
      }}
      width="100%"
      height="400px"
    >
      {points.map(order => (
        <Placemark
          key={order.id}
          geometry={[order.lat, order.lon]}
          properties={{
            balloonContent: `
              <strong>${order.service_type}</strong><br/>
              ${order.address_text}<br/>
              Статус: ${order.status}
            `,
          }}
        />
      ))}
    </Map>
  );
};

export default OrderMap;
=== 7. ФРОНТЕНД: СТРАНИЦЫ (ключевые) ===
--- frontend/src/pages/Login.jsx ---
import React, { useState } from "react";
import { Link } from 'react-router-dom';
import api from "../services/api";
import "../styles/login.css"; // если есть отдельный CSS для логина

const Login = () => {
  // Состояния для полей ввода
  const [username, setUsername] = useState("");
  const [password, setPassword] = useState("");
  const [error, setError] = useState("");
  const [loading, setLoading] = useState(false);

  const handleSubmit = async (e) => {
    e.preventDefault();
    setError("");
    setLoading(true);

    try {
      const data = await api.login(username, password);
      // Предполагаем, что ответ содержит поле access_token
      localStorage.setItem("access_token", data.access_token);
      // Перенаправляем на главную страницу (например, /dashboard)
      window.location.href = "/orders/new"; // или используем useNavigate
    } catch (err) {
      setError(err.message);
    } finally {
      setLoading(false);
    }
  };

  return (
    <div className="login-container">
      <h2>Вход в CRM Олега</h2>
      {error && <div className="error">{error}</div>}
      <form onSubmit={handleSubmit}>
        <div className="form-group">
          <label htmlFor="username">Имя пользователя</label>
          <input
            type="text"
            id="username"
            value={username}
            onChange={(e) => setUsername(e.target.value)}
            required
          />
        </div>
        <div className="form-group">
          <label htmlFor="password">Пароль</label>
          <input
            type="password"
            id="password"
            value={password}
            onChange={(e) => setPassword(e.target.value)}
            required
          />
        </div>
        <button type="submit" disabled={loading}>
          {loading ? "Вход..." : "Войти"}
        </button>
        <p style={{ marginTop: "1rem", textAlign: "center" }}>
          Нет аккаунта? <Link to="/register">Зарегистрироваться</Link>
        </p>
      </form>
    </div>
  );
};

export default Login;

--- frontend/src/pages/Dashboard.jsx ---
import React from 'react';

const Dashboard = () => {
  return (
    <div>
      <h1>Добро пожаловать в CRM</h1>
      <p>Здесь будет сводка по заказам, клиентам и монтажникам</p>
      <a href="/orders/new">Создать новый заказ</a>
    </div>
  );
};

export default Dashboard;
--- frontend/src/pages/OrdersList.jsx ---
import React, { useEffect, useState } from "react";
import { Link } from 'react-router-dom';
import api from "../services/api";
import Header from "../components/Header";
import Footer from "../components/Footer";
import "../styles/orders-list.css";

const OrdersList = () => {
  const [orders, setOrders] = useState([]);
  const [filteredOrders, setFilteredOrders] = useState([]);
  const [loading, setLoading] = useState(true);
  const [error, setError] = useState("");
  const [filters, setFilters] = useState({
    client: "",
    address: "",
    status: "",
  });

  useEffect(() => {
    const fetchOrders = async () => {
      try {
        const data = await api.getOrders();
        setOrders(data);
        setFilteredOrders(data);
      } catch (err) {
        setError(err.message);
      } finally {
        setLoading(false);
      }
    };
    fetchOrders();
  }, []);

  useEffect(() => {
    // Фильтрация при изменении фильтров или заказов
    const filtered = orders.filter((order) => {
      const clientMatch =
        order.client?.full_name
          ?.toLowerCase()
          .includes(filters.client.toLowerCase()) ?? true;
      const addressMatch =
        order.address_text
          ?.toLowerCase()
          .includes(filters.address.toLowerCase()) ?? true;
      const statusMatch =
        filters.status === "" || order.status === filters.status;
      return clientMatch && addressMatch && statusMatch;
    });
    setFilteredOrders(filtered);
  }, [filters, orders]);

  const handleFilterChange = (e) => {
    setFilters({
      ...filters,
      [e.target.name]: e.target.value,
    });
  };

  const getStatusClass = (status) => {
    switch (status) {
      case "Новый":
      case "Новая заявка":
        return "status-novaya-zayavka";
      case "Ждет установщика":
        return "status-zhdet-ustanovshchika";
      case "Завершено":
      case "Выполнен":
        return "status-zaversheno";
      default:
        return "";
    }
  };

  if (loading) return <div>Загрузка...</div>;
  if (error) return <div>Ошибка: {error}</div>;

  return (
    <div className="page">
      <Header />
      <main className="page__main">
        <section className="orders-list">
          <div className="orders-list__container">
            <h2 className="orders-list__title">Журнал заказов</h2>

            <div className="orders-filter">
              <div className="filter-group">
                <label htmlFor="filterClient">Клиент</label>
                <input
                  type="text"
                  id="filterClient"
                  name="client"
                  className="filter-input"
                  placeholder="Поиск по ФИО..."
                  value={filters.client}
                  onChange={handleFilterChange}
                />
              </div>

              <div className="filter-group">
                <label htmlFor="filterAddress">Адрес</label>
                <input
                  type="text"
                  id="filterAddress"
                  name="address"
                  className="filter-input"
                  placeholder="Поиск по адресу..."
                  value={filters.address}
                  onChange={handleFilterChange}
                />
              </div>

              <div className="filter-group">
                <label htmlFor="filterStatus">Статус</label>
                <select
                  id="filterStatus"
                  name="status"
                  className="filter-input"
                  value={filters.status}
                  onChange={handleFilterChange}
                >
                  <option value="">Все статусы</option>
                  <option value="Новый">Новый</option>
                  <option value="Ждет установщика">Ждет установщика</option>
                  <option value="Выполнен">Выполнен</option>
                  <option value="Завершено">Завершено</option>
                </select>
              </div>
            </div>

            <table className="orders-table">
              <thead className="orders-table__head">
                <tr className="orders-table__row">
                  <th className="orders-table__th">Клиент</th>
                  <th className="orders-table__th">Адрес</th>
                  <th className="orders-table__th">Модель</th>
                  <th className="orders-table__th">Цена</th>
                  <th className="orders-table__th">Статус</th>
                </tr>
              </thead>
              <tbody className="orders-table__body">
                {filteredOrders.map((order) => (
                  <tr key={order.id} className="orders-table__row">
                    <td className="orders-table__td" data-label="Клиент">
                      <Link to={`/orders/${order.id}`}>
                        {order.client?.full_name || "—"}
                      </Link>
                    </td>
                    <td className="orders-table__td" data-label="Адрес">
                      {order.address_text || "—"}
                    </td>
                    <td className="orders-table__td" data-label="Модель">
                      {order.service_type || "—"}
                    </td>
                    <td className="orders-table__td" data-label="Цена">
                      {order.finance?.sale_price_client
                        ? `${order.finance.sale_price_client} ₽`
                        : "—"}
                    </td>

                    <td className="orders-table__td" data-label="Статус">
                      <span
                        className={`status-badge ${getStatusClass(order.status)}`}
                      >
                        {order.status}
                      </span>
                    </td>
                  </tr>
                ))}
              </tbody>
            </table>
          </div>
        </section>
      </main>
      <Footer />
    </div>
  );
};

export default OrdersList;

--- frontend/src/pages/NewOrder.jsx ---
import React, { useState } from 'react';
import { useNavigate } from 'react-router-dom';
import api from '../services/api';
import Header from '../components/Header';
import Footer from '../components/Footer';
import '../styles/order-form.css';

const NewOrder = () => {
  const navigate = useNavigate();
  const [formData, setFormData] = useState({
    fio: '',
    phone: '',
    address: '',
    model: '',
    service_date: '',
    delivery_date: '',
    appointment_date: '',
    warehouse: 'Основной',
    buy_price: '',
    sell_price_ac: '',
    price_install: '',
    my_commission: '',
    status: 'Новый',
    promises: '',
    installer_opinion: ''
  });
  const [loading, setLoading] = useState(false);
  const [error, setError] = useState('');

  const handleChange = (e) => {
    setFormData({ ...formData, [e.target.name]: e.target.value });
  };

  const handleSubmit = async (e) => {
    e.preventDefault();
    setLoading(true);
    setError('');

    try {
      // 1. Создаём клиента
      const clientData = {
        full_name: formData.fio,
        phone: formData.phone,
        address: formData.address,
        comments: formData.installer_opinion || '',
      };
      const client = await api.createClient(clientData);

      // 2. Создаём заказ
      const orderData = {
        client_id: client.id,
        installer_id: null, // пока не выбираем монтажника
        service_type: formData.model || 'Установка кондиционера',
        service_datetime: formData.service_date || new Date().toISOString(),
        status: formData.status,
        address_text: formData.address,
        warehouse: formData.warehouse,
        promise: formData.promises || '',
      };
      const order = await api.createOrder(orderData);

      // 3. Создаём финансовую запись
      const financeData = {
        order_id: order.id,
        purchase_price: parseFloat(formData.buy_price) || 0,
        sale_price_client: parseFloat(formData.sell_price_ac) || 0,
        installer_pay: parseFloat(formData.price_install) || 0,
        my_commission: parseFloat(formData.my_commission) || 0,
        payment_state: 'Не оплачен',
      };
      await api.createFinance(financeData);

      // 4. Перенаправляем на список заказов
      navigate('/orders');
    } catch (err) {
      setError(err.message);
    } finally {
      setLoading(false);
    }
  };

  return (
    <div className="page">
      <Header />
      <main className="page__main">
        <form id="orderForm" className="crm-form" onSubmit={handleSubmit}>
          <h1>Новый заказ</h1>
          {error && <div className="error">{error}</div>}
          <fieldset className="crm-form__section">
            <legend className="crm-form__legend">👤 Карточка клиента</legend>
            <div className="crm-form__grid">
              <div className="crm-form__field">
                <label className="crm-form__label">ФИО клиента</label>
                <input
                  type="text"
                  name="fio"
                  value={formData.fio}
                  onChange={handleChange}
                  required
                  className="crm-form__input"
                  placeholder="Иванов Иван"
                />
              </div>
              <div className="crm-form__field">
                <label className="crm-form__label">Номер телефона</label>
                <div className="phone-input-container">
                  <input
                    type="tel"
                    name="phone"
                    value={formData.phone}
                    onChange={handleChange}
                    className="crm-form__input phone-mask"
                    placeholder="+7 (___) ___-__-__"
                    required
                  />
                </div>
              </div>
              <div className="crm-form__field crm-form__field--full">
                <label className="crm-form__label">Адрес (Проживания)</label>
                <input
                  type="text"
                  name="address"
                  value={formData.address}
                  onChange={handleChange}
                  required
                  className="crm-form__input"
                  placeholder="ул. Пушкина, д. Колотушкина"
                />
              </div>
              <div className="crm-form__field crm-form__field--full">
                <label className="crm-form__label">Модель кондиционера</label>
                <input
                  type="text"
                  name="model"
                  value={formData.model}
                  onChange={handleChange}
                  className="crm-form__input"
                  placeholder="Haier Coral AS25H"
                />
              </div>
            </div>
          </fieldset>

          <fieldset className="crm-form__section">
            <legend className="crm-form__legend">📅 Планирование и Логистика</legend>
            <div className="crm-form__grid">
              <div className="crm-form__field">
                <label className="crm-form__label">Дата обслуживания</label>
                <input
                  type="date"
                  name="service_date"
                  value={formData.service_date}
                  onChange={handleChange}
                  className="crm-form__input"
                />
              </div>
              <div className="crm-form__field">
                <label className="crm-form__label">Дата доставки (склад)</label>
                <input
                  type="date"
                  name="delivery_date"
                  value={formData.delivery_date}
                  onChange={handleChange}
                  className="crm-form__input"
                />
              </div>
              <div className="crm-form__field">
                <label className="crm-form__label">Установка (договор)</label>
                <input
                  type="date"
                  name="appointment_date"
                  value={formData.appointment_date}
                  onChange={handleChange}
                  className="crm-form__input"
                />
              </div>
              <div className="crm-form__field">
                <label className="crm-form__label">Склад</label>
                <select
                  name="warehouse"
                  value={formData.warehouse}
                  onChange={handleChange}
                  className="crm-form__input"
                >
                  <option value="Основной">Основной</option>
                  <option value="Транзит">Транзит</option>
                </select>
              </div>
            </div>
          </fieldset>

          <fieldset className="crm-form__section crm-form__section--finance">
            <legend className="crm-form__legend">💰 Финансы</legend>
            <div className="crm-form__grid">
              <div className="crm-form__field">
                <label className="crm-form__label">Закупка (₽)</label>
                <input
                  type="number"
                  name="buy_price"
                  value={formData.buy_price}
                  onChange={handleChange}
                  className="crm-form__input"
                  placeholder="0"
                />
              </div>
              <div className="crm-form__field">
                <label className="crm-form__label">Продажа (₽)</label>
                <input
                  type="number"
                  name="sell_price_ac"
                  value={formData.sell_price_ac}
                  onChange={handleChange}
                  className="crm-form__input"
                  placeholder="0"
                />
              </div>
              <div className="crm-form__field">
                <label className="crm-form__label">Монтажнику (₽)</label>
                <input
                  type="number"
                  name="price_install"
                  value={formData.price_install}
                  onChange={handleChange}
                  className="crm-form__input"
                  placeholder="0"
                />
              </div>
              <div className="crm-form__field">
                <label className="crm-form__label">Моя комиссия (₽)</label>
                <input
                  type="number"
                  name="my_commission"
                  value={formData.my_commission}
                  onChange={handleChange}
                  className="crm-form__input"
                  placeholder="0"
                />
              </div>
            </div>
          </fieldset>

          <fieldset className="crm-form__section">
            <legend className="crm-form__legend">📝 Статус и Заметки</legend>
            <div className="crm-form__grid">
              <div className="crm-form__field crm-form__field--full">
                <label className="crm-form__label">Текущий статус</label>
                <select
                  name="status"
                  value={formData.status}
                  onChange={handleChange}
                  className="crm-form__input"
                >
                  <option value="Новый">Новый</option>
                  <option value="Ждет установщика">Ждет установщика</option>
                  <option value="Завершено">Завершено</option>
                </select>
              </div>
              <div className="crm-form__field crm-form__field--full">
                <label className="crm-form__label">Обещания клиенту</label>
                <textarea
                  name="promises"
                  value={formData.promises}
                  onChange={handleChange}
                  className="crm-form__input"
                  placeholder="Уточнить время за час..."
                />
              </div>
              <div className="crm-form__field crm-form__field--full">
                <label className="crm-form__label">Мнение монтажника</label>
                <textarea
                  name="installer_opinion"
                  value={formData.installer_opinion}
                  onChange={handleChange}
                  className="crm-form__input"
                  placeholder="Сложный доступ к блоку..."
                />
              </div>
            </div>
          </fieldset>
          
          <div className="crm-form__actions">
            <button
              type="submit"
              className="crm-form__button crm-form__button--submit"
              disabled={loading}
            >
              {loading ? 'Сохранение...' : '🚀 Создать карточку заказа'}
            </button>
          </div>
        </form>
      </main>
      <Footer />
    </div>
  );
};

export default NewOrder;
--- frontend/src/pages/InstallersList.jsx ---
import React, { useEffect, useState } from 'react';
import { Link } from 'react-router-dom';
import api from '../services/api';
import Header from '../components/Header';
import Footer from '../components/Footer';
import '../styles/installers.css';

const InstallersList = () => {
  const [installers, setInstallers] = useState([]);
  const [filteredInstallers, setFilteredInstallers] = useState([]);
  const [loading, setLoading] = useState(true);
  const [error, setError] = useState('');
  const [searchName, setSearchName] = useState('');
  const [searchSpec, setSearchSpec] = useState('');
  const [filterDebt, setFilterDebt] = useState(false);

  useEffect(() => {
    const fetchInstallers = async () => {
      try {
        const data = await api.getInstallers();
        setInstallers(data);
        setFilteredInstallers(data);
      } catch (err) {
        setError(err.message);
      } finally {
        setLoading(false);
      }
    };
    fetchInstallers();
  }, []);

  useEffect(() => {
    let filtered = installers;

    if (searchName) {
      filtered = filtered.filter(inst => 
        inst.full_name?.toLowerCase().includes(searchName.toLowerCase())
      );
    }

    if (searchSpec) {
      filtered = filtered.filter(inst => 
        inst.specialization?.some(spec => 
          spec.toLowerCase().includes(searchSpec.toLowerCase())
        )
      );
    }

    if (filterDebt) {
      filtered = filtered.filter(inst => inst.is_debtor);
    }

    setFilteredInstallers(filtered);
  }, [searchName, searchSpec, filterDebt, installers]);

  const handleSearchName = (e) => setSearchName(e.target.value);
  const handleSearchSpec = (e) => setSearchSpec(e.target.value);
  const handleFilterDebt = (e) => setFilterDebt(e.target.checked);

  if (loading) return <div className="loading">Загрузка...</div>;
  if (error) return <div className="error">Ошибка: {error}</div>;

  return (
    <div className="page">
      <Header />
      <main className="content">
        <div className="page-header">
          <h1>Список мастеров</h1>
          <Link to="/installers/new" className="btn-primary">
            <span>+</span> Добавить мастера
          </Link>
        </div>

        <div className="search-filters">
          <div className="search-group">
            <div className="input-wrapper">
              <input
                type="text"
                id="searchName"
                placeholder="Поиск по ФИО..."
                className="search-input"
                value={searchName}
                onChange={handleSearchName}
              />
              <span className="search-icon">🔍</span>
            </div>
          </div>

          <div className="search-group">
            <div className="input-wrapper">
              <input
                type="text"
                id="searchSpec"
                placeholder="Поиск по специализации..."
                className="search-input"
                value={searchSpec}
                onChange={handleSearchSpec}
              />
              <span className="search-icon">🔍</span>
            </div>
          </div>

          <div className="search-group checkbox-group">
            <input
              type="checkbox"
              id="filterDebt"
              className="custom-checkbox"
              checked={filterDebt}
              onChange={handleFilterDebt}
            />
            <label htmlFor="filterDebt">Только должники</label>
          </div>
        </div>

        <div className="table-responsive">
          <table className="orders-table">
            <thead>
              <tr>
                <th>ФИО / Ник</th>
                <th>Телефон</th>
                <th>Специализация</th>
                <th>Рейтинг</th>
                <th>Статус</th>
              </tr>
            </thead>
            <tbody>
              {filteredInstallers.map(inst => (
                <tr key={inst.id}>
                  <td>
                    <Link to={`/installers/${inst.id}`}>
                      {inst.full_name}
                    </Link>
                    {inst.nickname && <span> ({inst.nickname})</span>}
                  </td>
                  <td>{inst.phone}</td>
                  <td>{inst.specialization?.join(', ')}</td>
                  <td>{inst.rating}</td>
                  <td>
                    {inst.is_debtor ? 'Должник' : 'Активен'}
                  </td>
                </tr>
              ))}
            </tbody>
          </table>
        </div>
      </main>
      <Footer />
    </div>
  );
};

export default InstallersList;
=== 8. ФРОНТЕНД: API-ИНТЕГРАЦИЯ ===
--- frontend/src/services/api.js ---
// src/services/api.js

// Базовый URL бэкенда. В разработке он на localhost:8000.
// Если будем деплоить через nginx, здесь может быть относительный путь '/api'.
const BASE_URL = 'http://localhost:8000';

// Функция для выполнения запросов с учётом авторизации
async function apiFetch(endpoint, options = {}) {
  // Формируем полный URL
  const url = `${BASE_URL}${endpoint}`;

  // По умолчанию указываем заголовки для JSON
  const headers = {
    'Content-Type': 'application/json',
    ...options.headers,
  };

  // Если в localStorage есть токен, добавляем его в заголовок Authorization
  const token = localStorage.getItem('access_token');
  if (token) {
    headers['Authorization'] = `Bearer ${token}`;
  }

  // Выполняем fetch
  const response = await fetch(url, {
    ...options,
    headers,
  });

  // Если ответ не успешный (код не 2xx), бросаем ошибку с текстом
  if (!response.ok) {
    let errorText = `Ошибка ${response.status}`;
    try {
      const errorData = await response.json();
      errorText = errorData.detail || errorText;
    } catch (e) {
      // игнорируем
    }
    throw new Error(errorText);
  }

  // Если ответ пустой (204), возвращаем null, иначе JSON
  if (response.status === 204) {
    return null;
  }
  return await response.json();
}

// Методы для работы с API
const api = {
  // Авторизация
  login: (username, password) =>
    apiFetch('/auth/login', {
      method: 'POST',
      body: JSON.stringify({ username, password }),
    }),

  // Регистрация (пока не нужна, но добавим для полноты)
  register: (username, password) =>
    apiFetch('/auth/register', {
      method: 'POST',
      body: JSON.stringify({ username, password }),
    }),

  // Получить информацию о текущем пользователе
  getMe: () => apiFetch('/auth/me'),

  // Примеры для других сущностей (добавим позже)
  getInstallers: () => apiFetch('/installers/'),
  getInstaller: (id) => apiFetch(`/installers/${id}`),
  createInstaller: (data) => apiFetch('/installers/', {
    method: 'POST',
    body: JSON.stringify(data),
  }),
  deleteInstaller: (id) => apiFetch(`/installers/${id}`, {
    method: 'DELETE',
  }),
  getOrders: () => apiFetch('/orders/'),
  getOrder: (id) => apiFetch(`/orders/${id}`),
  updateOrder: (id, data) => apiFetch(`/orders/${id}`, {
    method: 'PUT',
    body: JSON.stringify(data),
  }),
  deleteOrder: (id) => apiFetch(`/orders/${id}`, {
    method: 'DELETE',
  }),
  getClients: () => apiFetch('/clients/'),

  createClient: (data) => apiFetch('/clients/', {
    method: 'POST',
    body: JSON.stringify(data),
  }),
  createOrder: (data) => apiFetch('/orders/', {
    method: 'POST',
    body: JSON.stringify(data),
  }),
  createFinance: (data) => apiFetch('/finance/', {
    method: 'POST',
    body: JSON.stringify(data),
  }),

};


export default api;
=== 9. БАЗА ДАННЫХ: СХЕМА ===
--- database/init.sql ---
cat > init.sql << 'EOF'
-- =====================================================
-- ПРОЕКТ LUMEN ALPHA: ПОЛНАЯ СХЕМА БАЗЫ ДАННЫХ (HVAC CRM)
-- Версия: 3.1 (ФИНАЛЬНАЯ, С ДОРАБОТКАМИ)
-- Режим: Идемпотентный — безопасен для повторного запуска
-- =====================================================

BEGIN;

-- -----------------------------------------------------------------
-- 1. ПОЛЬЗОВАТЕЛЬСКИЕ ТИПЫ (создаём, если не существуют)
-- -----------------------------------------------------------------
DO $$
BEGIN
    IF NOT EXISTS (SELECT 1 FROM pg_type WHERE typname = 'order_status') THEN
        CREATE TYPE order_status AS ENUM (
            'Новый', 'Ждет установщика', 'В работе', 'Выполнен', 'Отменен'
        );
    END IF;
END
$$;

DO $$
BEGIN
    IF NOT EXISTS (SELECT 1 FROM pg_type WHERE typname = 'payment_status') THEN
        CREATE TYPE payment_status AS ENUM (
            'Не оплачен', 'Частично', 'Оплачен'
        );
    END IF;
END
$$;

DO $$
BEGIN
    IF NOT EXISTS (SELECT 1 FROM pg_type WHERE typname = 'incident_type') THEN
        CREATE TYPE incident_type AS ENUM (
            'poor_work',        -- некачественная работа (брак/переделка)
            'warranty_visit'    -- гарантийный выезд (любой)
        );
    END IF;
END
$$;

-- -----------------------------------------------------------------
-- 2. ТАБЛИЦА АДМИНИСТРАТОРОВ
-- -----------------------------------------------------------------
CREATE TABLE IF NOT EXISTS admins (
    id SERIAL PRIMARY KEY,
    username VARCHAR(50) UNIQUE NOT NULL,
    password_hash TEXT NOT NULL CHECK (LENGTH(password_hash) >= 60),
    created_at TIMESTAMP DEFAULT CURRENT_TIMESTAMP
);

-- -----------------------------------------------------------------
-- 3. ТАБЛИЦА МОНТАЖНИКОВ (с расширенной статистикой качества)
-- -----------------------------------------------------------------
CREATE TABLE IF NOT EXISTS installers (
    id SERIAL PRIMARY KEY,
    full_name TEXT NOT NULL,
    nickname TEXT,
    phone VARCHAR(20) UNIQUE NOT NULL,
    backup_phone VARCHAR(20),
    specialization TEXT[] NOT NULL,
    rating NUMERIC(3,1) DEFAULT 10.0 CHECK (rating >= 0 AND rating <= 10),
    base_price NUMERIC(10,2) DEFAULT 0 CHECK (base_price >= 0),
    is_debtor BOOLEAN DEFAULT FALSE,
    comments TEXT,
    is_active BOOLEAN DEFAULT TRUE,
    is_in_funnel BOOLEAN DEFAULT TRUE,
    total_orders INTEGER DEFAULT 0 CHECK (total_orders >= 0),
    poor_work_count INTEGER DEFAULT 0 CHECK (poor_work_count >= 0),
    warranty_visits_count INTEGER DEFAULT 0 CHECK (warranty_visits_count >= 0),
    last_incident_date TIMESTAMP,
    quality_score NUMERIC(4,2) GENERATED ALWAYS AS (
        CASE 
            WHEN total_orders > 0 
            THEN (total_orders - poor_work_count - warranty_visits_count)::NUMERIC / total_orders::NUMERIC
            ELSE 10.0
        END
    ) STORED,
    updated_at TIMESTAMP DEFAULT CURRENT_TIMESTAMP,
    created_at TIMESTAMP DEFAULT CURRENT_TIMESTAMP,
    deleted_at TIMESTAMPTZ DEFAULT NULL
);

-- -----------------------------------------------------------------
-- 4. ТАБЛИЦА КЛИЕНТОВ
-- -----------------------------------------------------------------
CREATE TABLE IF NOT EXISTS clients (
    id SERIAL PRIMARY KEY,
    full_name TEXT NOT NULL,
    phone VARCHAR(20) NOT NULL,
    backup_phone VARCHAR(20),
    address TEXT NOT NULL,
    coordinates POINT,
    created_at TIMESTAMP DEFAULT CURRENT_TIMESTAMP,
    last_contact TIMESTAMP DEFAULT CURRENT_TIMESTAMP,
    comments TEXT,
    updated_at TIMESTAMP DEFAULT CURRENT_TIMESTAMP,
    deleted_at TIMESTAMPTZ DEFAULT NULL
);

-- -----------------------------------------------------------------
-- 5. ТАБЛИЦА ГЕОДАННЫХ (КЭШ ДЛЯ ЯНДЕКС.КАРТ)
-- -----------------------------------------------------------------
CREATE TABLE IF NOT EXISTS address_cache (
    address TEXT PRIMARY KEY,
    lat NUMERIC(10,7) NOT NULL,
    lon NUMERIC(10,7) NOT NULL,
    updated_at TIMESTAMP DEFAULT CURRENT_TIMESTAMP
);

-- -----------------------------------------------------------------
-- 6. ТАБЛИЦА ЗАКАЗОВ (с денормализованным адресом)
-- -----------------------------------------------------------------
CREATE TABLE IF NOT EXISTS orders (
    id SERIAL PRIMARY KEY,
    client_id INTEGER REFERENCES clients(id) ON DELETE RESTRICT,
    installer_id INTEGER REFERENCES installers(id) ON DELETE SET NULL,
    status order_status DEFAULT 'Новый',
    service_type VARCHAR(100) NOT NULL,
    warehouse TEXT,
    service_datetime TIMESTAMP NOT NULL,
    delivery_datetime TIMESTAMP,
    promise TEXT,
    marker_color VARCHAR(10),
    address_id TEXT REFERENCES address_cache(address) ON DELETE RESTRICT,
    address_text TEXT,
    created_at TIMESTAMP DEFAULT CURRENT_TIMESTAMP,
    updated_at TIMESTAMP DEFAULT CURRENT_TIMESTAMP
);

COMMENT ON COLUMN orders.address_text IS 'Денормализованный адрес для сохранения при очистке кэша';

-- -----------------------------------------------------------------
-- 7. ИСТОРИЯ СТАТУСОВ ЗАКАЗОВ
-- -----------------------------------------------------------------
CREATE TABLE IF NOT EXISTS order_status_history (
    id SERIAL PRIMARY KEY,
    order_id INTEGER REFERENCES orders(id) ON DELETE CASCADE,
    status order_status NOT NULL,
    changed_at TIMESTAMP DEFAULT CURRENT_TIMESTAMP
);

-- -----------------------------------------------------------------
-- 8. ФИНАНСОВАЯ ТАБЛИЦА
-- -----------------------------------------------------------------
CREATE TABLE IF NOT EXISTS finance (
    id SERIAL PRIMARY KEY,
    order_id INTEGER UNIQUE REFERENCES orders(id) ON DELETE CASCADE,
    purchase_price NUMERIC(10,2) NOT NULL DEFAULT 0 CHECK (purchase_price >= 0),
    sale_price_client NUMERIC(10,2) NOT NULL DEFAULT 0 CHECK (sale_price_client >= 0),
    installer_pay NUMERIC(10,2) NOT NULL DEFAULT 0 CHECK (installer_pay >= 0),
    my_commission NUMERIC(10,2) DEFAULT 0 CHECK (my_commission >= 0),
    profit NUMERIC(10,2) GENERATED ALWAYS AS (
        sale_price_client - purchase_price - installer_pay - my_commission
    ) STORED,
    installer_returned_money BOOLEAN DEFAULT FALSE,
    payment_state payment_status DEFAULT 'Не оплачен',
    updated_at TIMESTAMP DEFAULT CURRENT_TIMESTAMP,
    created_at TIMESTAMP DEFAULT CURRENT_TIMESTAMP
);

-- -----------------------------------------------------------------
-- 9. ЖУРНАЛ ИНЦИДЕНТОВ (брак / гарантийные выезды) с аудитом
-- -----------------------------------------------------------------
CREATE TABLE IF NOT EXISTS installer_incidents (
    id SERIAL PRIMARY KEY,
    installer_id INTEGER REFERENCES installers(id) ON DELETE CASCADE,
    order_id INTEGER REFERENCES orders(id) ON DELETE CASCADE,
    incident_type incident_type NOT NULL,
    description TEXT,
    reported_by INTEGER REFERENCES admins(id) ON DELETE SET NULL,
    resolution TEXT,
    created_at TIMESTAMP DEFAULT CURRENT_TIMESTAMP,
    resolved_at TIMESTAMP,
    updated_by INTEGER REFERENCES admins(id) ON DELETE SET NULL,
    updated_at TIMESTAMP,
    resolved_by INTEGER REFERENCES admins(id) ON DELETE SET NULL,
    CONSTRAINT unique_incident_per_order UNIQUE (order_id, incident_type)
);

-- Таблица для хранения погодных данных
CREATE TABLE IF NOT EXISTS weather (
    id SERIAL PRIMARY KEY,
    date DATE NOT NULL,
    location VARCHAR(100) NOT NULL,
    lat NUMERIC(10,7),
    lon NUMERIC(10,7),
    temperature_avg NUMERIC(4,1),
    temperature_min NUMERIC(4,1),
    temperature_max NUMERIC(4,1),
    humidity INTEGER,
    pressure INTEGER,
    wind_speed NUMERIC(4,1),
    precipitation NUMERIC(5,2),
    weather_condition VARCHAR(50),
    source VARCHAR(20) DEFAULT 'open-meteo',
    created_at TIMESTAMP DEFAULT CURRENT_TIMESTAMP,
    updated_at TIMESTAMP DEFAULT CURRENT_TIMESTAMP,
    UNIQUE(date, location)
);

-- -----------------------------------------------------------------
-- 10. ИНДЕКСЫ (с проверкой существования)
-- -----------------------------------------------------------------
DO $$
BEGIN
    IF NOT EXISTS (SELECT 1 FROM pg_indexes WHERE indexname = 'idx_orders_status') THEN
        CREATE INDEX idx_orders_status ON orders(status);
    END IF;
    IF NOT EXISTS (SELECT 1 FROM pg_indexes WHERE indexname = 'idx_orders_date') THEN
        CREATE INDEX idx_orders_date ON orders(service_datetime);
    END IF;
    IF NOT EXISTS (SELECT 1 FROM pg_indexes WHERE indexname = 'idx_clients_phone') THEN
        CREATE INDEX idx_clients_phone ON clients(phone);
    END IF;
    IF NOT EXISTS (SELECT 1 FROM pg_indexes WHERE indexname = 'idx_finance_payment') THEN
        CREATE INDEX idx_finance_payment ON finance(payment_state);
    END IF;
    IF NOT EXISTS (SELECT 1 FROM pg_indexes WHERE indexname = 'idx_orders_location') THEN
        CREATE INDEX idx_orders_location ON orders(address_id) INCLUDE (marker_color);
    END IF;
    IF NOT EXISTS (SELECT 1 FROM pg_indexes WHERE indexname = 'idx_incidents_installer') THEN
        CREATE INDEX idx_incidents_installer ON installer_incidents(installer_id);
    END IF;
    IF NOT EXISTS (SELECT 1 FROM pg_indexes WHERE indexname = 'idx_incidents_type') THEN
        CREATE INDEX idx_incidents_type ON installer_incidents(incident_type);
    END IF;
    IF NOT EXISTS (SELECT 1 FROM pg_indexes WHERE indexname = 'idx_incidents_date') THEN
        CREATE INDEX idx_incidents_date ON installer_incidents(created_at);
    END IF;
END
$$;

-- -----------------------------------------------------------------
-- 11. ФУНКЦИЯ ДЛЯ АВТООБНОВЛЕНИЯ updated_at
-- -----------------------------------------------------------------
CREATE OR REPLACE FUNCTION update_updated_at_column()
RETURNS TRIGGER AS $$
BEGIN
    NEW.updated_at = CURRENT_TIMESTAMP;
    RETURN NEW;
END;
$$ LANGUAGE plpgsql;

-- -----------------------------------------------------------------
-- 12. ТРИГГЕРЫ updated_at (с проверкой существования)
-- -----------------------------------------------------------------
DO $$
BEGIN
    IF NOT EXISTS (SELECT 1 FROM pg_trigger WHERE tgname = 'trg_installers_updated_at') THEN
        CREATE TRIGGER trg_installers_updated_at 
            BEFORE UPDATE ON installers
            FOR EACH ROW EXECUTE FUNCTION update_updated_at_column();
    END IF;
    IF NOT EXISTS (SELECT 1 FROM pg_trigger WHERE tgname = 'trg_clients_updated_at') THEN
        CREATE TRIGGER trg_clients_updated_at 
            BEFORE UPDATE ON clients
            FOR EACH ROW EXECUTE FUNCTION update_updated_at_column();
    END IF;
    IF NOT EXISTS (SELECT 1 FROM pg_trigger WHERE tgname = 'trg_orders_updated_at') THEN
        CREATE TRIGGER trg_orders_updated_at 
            BEFORE UPDATE ON orders
            FOR EACH ROW EXECUTE FUNCTION update_updated_at_column();
    END IF;
    IF NOT EXISTS (SELECT 1 FROM pg_trigger WHERE tgname = 'trg_finance_updated_at') THEN
        CREATE TRIGGER trg_finance_updated_at 
            BEFORE UPDATE ON finance
            FOR EACH ROW EXECUTE FUNCTION update_updated_at_column();
    END IF;
    IF NOT EXISTS (SELECT 1 FROM pg_trigger WHERE tgname = 'trg_address_cache_updated_at') THEN
        CREATE TRIGGER trg_address_cache_updated_at 
            BEFORE UPDATE ON address_cache
            FOR EACH ROW EXECUTE FUNCTION update_updated_at_column();
    END IF;
    IF NOT EXISTS (SELECT 1 FROM pg_trigger WHERE tgname = 'trg_incidents_updated_at') THEN
        CREATE TRIGGER trg_incidents_updated_at
            BEFORE UPDATE ON installer_incidents
            FOR EACH ROW EXECUTE FUNCTION update_updated_at_column();
    END IF;
    IF NOT EXISTS (SELECT 1 FROM pg_trigger WHERE tgname = 'trg_weather_updated_at') THEN
        CREATE TRIGGER trg_weather_updated_at 
            BEFORE UPDATE ON weather
            FOR EACH ROW EXECUTE FUNCTION update_updated_at_column();
    END IF;
END;
$$;
-- -----------------------------------------------------------------
-- 13. ФУНКЦИЯ И ТРИГГЕР ДЛЯ ПОДСЧЁТА total_orders
-- -----------------------------------------------------------------
CREATE OR REPLACE FUNCTION update_installer_total_orders()
RETURNS TRIGGER AS $$
BEGIN
    IF NEW.status = 'Выполнен' AND (OLD.status IS DISTINCT FROM 'Выполнен' OR TG_OP = 'INSERT') THEN
        UPDATE installers SET total_orders = total_orders + 1
        WHERE id = NEW.installer_id;
    END IF;
    IF OLD.status = 'Выполнен' AND NEW.status != 'Выполнен' AND OLD.installer_id IS NOT NULL THEN
        UPDATE installers SET total_orders = total_orders - 1
        WHERE id = OLD.installer_id;
    END IF;
    RETURN NEW;
END;
$$ LANGUAGE plpgsql;

DO $$
BEGIN
    IF NOT EXISTS (SELECT 1 FROM pg_trigger WHERE tgname = 'trg_order_completed') THEN
        CREATE TRIGGER trg_order_completed
            AFTER INSERT OR UPDATE OF installer_id, status ON orders
            FOR EACH ROW
            EXECUTE FUNCTION update_installer_total_orders();
    END IF;
END
$$;

-- -----------------------------------------------------------------
-- 14. ФУНКЦИЯ И ТРИГГЕР ДЛЯ СТАТИСТИКИ ИНЦИДЕНТОВ
-- -----------------------------------------------------------------
CREATE OR REPLACE FUNCTION update_installer_stats()
RETURNS TRIGGER AS $$
BEGIN
    IF TG_OP = 'INSERT' THEN
        IF NEW.incident_type = 'poor_work' THEN
            UPDATE installers SET 
                poor_work_count = poor_work_count + 1,
                last_incident_date = NEW.created_at
            WHERE id = NEW.installer_id;
        ELSIF NEW.incident_type = 'warranty_visit' THEN
            UPDATE installers SET 
                warranty_visits_count = warranty_visits_count + 1,
                last_incident_date = NEW.created_at
            WHERE id = NEW.installer_id;
        END IF;
    END IF;
    IF TG_OP = 'DELETE' THEN
        IF OLD.incident_type = 'poor_work' THEN
            UPDATE installers SET 
                poor_work_count = poor_work_count - 1
            WHERE id = OLD.installer_id;
        ELSIF OLD.incident_type = 'warranty_visit' THEN
            UPDATE installers SET 
                warranty_visits_count = warranty_visits_count - 1
            WHERE id = OLD.installer_id;
        END IF;
    END IF;
    RETURN COALESCE(NEW, OLD);
END;
$$ LANGUAGE plpgsql;

DO $$
BEGIN
    IF NOT EXISTS (SELECT 1 FROM pg_trigger WHERE tgname = 'trg_incident_stats') THEN
        CREATE TRIGGER trg_incident_stats
            AFTER INSERT OR DELETE ON installer_incidents
            FOR EACH ROW
            EXECUTE FUNCTION update_installer_stats();
    END IF;
END
$$;

-- -----------------------------------------------------------------
-- 15. ФУНКЦИЯ ДЛЯ ПЕРЕСЧЁТА РЕЙТИНГА КАЧЕСТВА (РЕГЛАМЕНТНАЯ)
-- -----------------------------------------------------------------
CREATE OR REPLACE FUNCTION recalc_all_quality_scores()
RETURNS VOID AS $$
BEGIN
    UPDATE installers SET quality_score = 
        CASE 
            WHEN total_orders > 0 
            THEN (total_orders - poor_work_count - warranty_visits_count)::NUMERIC / total_orders::NUMERIC
            ELSE 10.0 
        END;
END;
$$ LANGUAGE plpgsql;

-- -----------------------------------------------------------------
-- 16. ФУНКЦИЯ И ТРИГГЕР ДЛЯ ИСТОРИИ СТАТУСОВ
-- -----------------------------------------------------------------
CREATE OR REPLACE FUNCTION log_order_status_change()
RETURNS TRIGGER AS $$
BEGIN
    IF TG_OP = 'UPDATE' AND OLD.status IS DISTINCT FROM NEW.status THEN
        INSERT INTO order_status_history (order_id, status, changed_at)
        VALUES (NEW.id, NEW.status, CURRENT_TIMESTAMP);
    END IF;
    RETURN NEW;
END;
$$ LANGUAGE plpgsql;

DO $$
BEGIN
    IF NOT EXISTS (SELECT 1 FROM pg_trigger WHERE tgname = 'trg_order_status_history') THEN
        CREATE TRIGGER trg_order_status_history
            AFTER UPDATE OF status ON orders
            FOR EACH ROW
            EXECUTE FUNCTION log_order_status_change();
    END IF;
END
$$;

-- -----------------------------------------------------------------
-- 17. КОММЕНТАРИИ (ДОКУМЕНТИРОВАНИЕ)
-- -----------------------------------------------------------------
COMMENT ON TABLE installers IS 'Монтажники, включая рейтинг и статистику брака/гарантии';
COMMENT ON COLUMN installers.poor_work_count IS 'Количество заказов с некачественной установкой (брак/переделка)';
COMMENT ON COLUMN installers.warranty_visits_count IS 'Количество гарантийных выездов по вине монтажника';
COMMENT ON COLUMN installers.quality_score IS 'Доля успешных заказов (без брака и гарантии)';
COMMENT ON TABLE installer_incidents IS 'Журнал всех инцидентов: брак и гарантийные выезды с привязкой к заказу';
COMMENT ON COLUMN installer_incidents.incident_type IS 'poor_work — некачественная работа, warranty_visit — гарантийный выезд';

-- -----------------------------------------------------------------
COMMIT;
-- =====================================================
-- ГОТОВО: СХЕМА ПОЛНОСТЬЮ РАЗВЁРНУТА
-- =====================================================
EOF
=== 10. ИНФРАСТРУКТУРА: ДОКЕР И ДЕПЛОЙ ===
--- docker-compose.yml ---
services:
  db:
    image: postgres:15-alpine
    container_name: crm_db
    platform: linux/amd64
    environment:
      POSTGRES_USER: admin
      POSTGRES_PASSWORD: password
      POSTGRES_DB: oleg_crm
    ports:
      - "5433:5432"
    volumes:
      - postgres_data:/var/lib/postgresql/data
      - ./database/init.sql:/docker-entrypoint-initdb.d/init.sql
    restart: unless-stopped
    deploy:
      resources:
        limits:
          memory: 512M

  backend:
    build: .
    container_name: crm_backend
    platform: linux/amd64
    env_file:
      - .env
    ports:
      - "8000:8000"
    depends_on:
      - db
    restart: unless-stopped
    deploy:
      resources:
        limits:
          memory: 1G
    volumes:
      - ./logs:/app/logs

  ml:
    build:
      context: ./backend
      dockerfile: ml_service/Dockerfile.ml
    container_name: crm_ml
    env_file:
      - .env
    ports:
      - "8001:8000"
    depends_on:
      - db
    restart: unless-stopped
    deploy:
      resources:
        limits:
          memory: 1G
    networks:
      - default

volumes:
  postgres_data:
--- Dockerfile ---
FROM python:3.11-slim

WORKDIR /app

# Копируем и устанавливаем зависимости (кэшируем)
COPY requirements.txt .
RUN pip install --no-cache-dir -r requirements.txt

# Копируем ТОЛЬКО бэкенд и папку с инициализацией БД
COPY backend/src ./backend/src
COPY database ./database

# Запускаем сервер
CMD ["uvicorn", "backend.src.main:app", "--host", "0.0.0.0", "--port", "8000"]
=== 11. ML-СЕРВИС: ОСНОВНЫЕ МОДУЛИ ===
--- backend/ml_service/app.py ---
from fastapi import FastAPI
from pydantic import BaseModel
import numpy as np
from tensorflow.keras.models import load_model
import joblib

app = FastAPI()

# Загружаем модель и препроцессор при старте
model = load_model("models/demand_model.h5")
scaler = joblib.load("models/scaler.pkl")

class Features(BaseModel):
    day_of_week: int
    month: int
    temperature: float
    precipitation: float
    # ... другие признаки

@app.post("/predict")
def predict(features: Features):
    # Преобразуем в массив и масштабируем
    X = np.array([[features.day_of_week, features.month, features.temperature, features.precipitation]])
    X_scaled = scaler.transform(X)
    pred = model.predict(X_scaled)
    return {"demand": float(pred[0][0])}
--- backend/ml_service/train.py ---
import pandas as pd
import numpy as np
from sklearn.model_selection import train_test_split
from sklearn.preprocessing import StandardScaler
from tensorflow.keras.models import Sequential
from tensorflow.keras.layers import Dense, Dropout
from tensorflow.keras.callbacks import EarlyStopping
import joblib

# Загружаем датасет
df = pd.read_csv('dataset.csv')

# Пример: прогноз количества заказов в день по городу
# Группируем по дате и локации
daily = df.groupby(['date', 'location']).size().reset_index(name='orders_count')
# Добавляем погодные признаки (берём среднее за день)
weather_cols = ['temp_avg', 'precipitation']
daily = daily.merge(
    df[['date', 'location', 'temp_avg', 'precipitation']].drop_duplicates(),
    on=['date', 'location'],
    how='left'
)

# Признаки
daily['date'] = pd.to_datetime(daily['date'])
daily['day_of_week'] = daily['date'].dt.dayofweek
daily['month'] = daily['date'].dt.month

features = ['day_of_week', 'month', 'temp_avg', 'precipitation']
X = daily[features]
y = daily['orders_count']

# Удаляем строки с пропусками
X = X.dropna()
y = y[X.index]

# Разделение на train/test
X_train, X_test, y_train, y_test = train_test_split(X, y, test_size=0.2, random_state=42)

# Масштабирование
scaler = StandardScaler()
X_train_scaled = scaler.fit_transform(X_train)
X_test_scaled = scaler.transform(X_test)

# Сохраняем scaler
joblib.dump(scaler, 'models/scaler.pkl')

# Модель
model = Sequential([
    Dense(64, activation='relu', input_shape=(X_train.shape[1],)),
    Dropout(0.2),
    Dense(64, activation='relu'),
    Dropout(0.2),
    Dense(1)  # регрессия
])
model.compile(optimizer='adam', loss='mse', metrics=['mae'])

early_stop = EarlyStopping(patience=10, restore_best_weights=True)

history = model.fit(
    X_train_scaled, y_train,
    validation_split=0.2,
    epochs=200,
    batch_size=32,
    callbacks=[early_stop],
    verbose=1
)

# Оценка
loss, mae = model.evaluate(X_test_scaled, y_test)
print(f'Test MAE: {mae}')

# Сохраняем модель
model.save('models/demand_model.h5')
print("Модель сохранена в models/demand_model.h5")
--- backend/ml_service/run_weather.py ---
import asyncio
import sys
from pathlib import Path
sys.path.append(str(Path(__file__).parent.parent / 'src'))
from services.weather_service import daily_weather_collection

asyncio.run(daily_weather_collection())
print("Сбор погоды завершён")
--- backend/ml_service/build_features.py ---
import sys
from pathlib import Path
sys.path.append(str(Path(__file__).parent.parent / 'src'))

import asyncio
import pandas as pd
from sqlalchemy import select, func, text
from sqlalchemy.ext.asyncio import create_async_engine, AsyncSession
from sqlalchemy.orm import sessionmaker
from core.config import settings
from models.orders import Order
from models.finance import Finance
from models.weather import Weather
from models.address_cache import AddressCache
from models.installers import Installer

async def build_dataset():
    engine = create_async_engine(settings.DATABASE_URL.replace('postgresql://', 'postgresql+asyncpg://'))
    async_session = sessionmaker(engine, class_=AsyncSession, expire_on_commit=False)

    async with async_session() as db:
        # SQL-запрос с объединением всех таблиц
        stmt = select(
            Order.id.label('order_id'),
            func.date(Order.created_at).label('date'),
            func.extract('year', Order.created_at).label('year'),
            func.extract('month', Order.created_at).label('month'),
            func.extract('day', Order.created_at).label('day'),
            func.extract('dow', Order.created_at).label('day_of_week'),
            Order.service_type,
            Order.status,
            AddressCache.lat,
            AddressCache.lon,
            Weather.temperature_avg,
            Weather.temperature_min,
            Weather.temperature_max,
            Weather.precipitation,
            Weather.weather_condition,
            Finance.sale_price_client,
            Finance.profit,
            Finance.payment_state,
            Installer.rating.label('installer_rating'),
            Installer.total_orders.label('installer_total_orders')
        ).join(
            Finance, Finance.order_id == Order.id, isouter=True
        ).join(
            AddressCache, AddressCache.address == Order.address_text, isouter=True
        ).join(
            Weather, (Weather.date == func.date(Order.created_at)) & (Weather.location == Order.address_text), isouter=True
        ).join(
            Installer, Installer.id == Order.installer_id, isouter=True
        ).where(
            Order.status.in_(["Выполнен", "Оплачен"])  # только релевантные заказы
        )

        result = await db.execute(stmt)
        rows = result.all()

    df = pd.DataFrame(rows, columns=result.keys())
    return df

if __name__ == '__main__':
    df = asyncio.run(build_dataset())
    print(f"Собрано {len(df)} строк")
    df.to_csv('dataset.csv', index=False)
    print("Датасет сохранён в dataset.csv")
=== 12. ЛОГИ (последний файл) ===
2026-02-17 08:34:17,312 - core.logging - INFO - Starting CRM application
2026-02-17 08:34:17,312 - apscheduler.scheduler - INFO - Adding job tentatively -- it will be properly scheduled when the scheduler starts
2026-02-17 08:34:17,312 - apscheduler.scheduler - INFO - Adding job tentatively -- it will be properly scheduled when the scheduler starts
2026-02-17 08:34:17,313 - apscheduler.scheduler - INFO - Added job "daily_backup_and_report" to job store "default"
2026-02-17 08:34:17,313 - apscheduler.scheduler - INFO - Added job "daily_backup_and_report" to job store "default"
2026-02-17 08:34:17,313 - apscheduler.scheduler - INFO - Scheduler started
2026-02-17 08:34:17,313 - core.logging - INFO - Scheduler started
2026-02-17 08:35:03,542 - core.logging - ERROR - Unhandled exception: [Errno 111] Connection refused
Traceback (most recent call last):
  File "/home/andre/Рабочий стол/CRM/venv/lib/python3.12/site-packages/anyio/streams/memory.py", line 98, in receive
    return self.receive_nowait()
           ^^^^^^^^^^^^^^^^^^^^^
  File "/home/andre/Рабочий стол/CRM/venv/lib/python3.12/site-packages/anyio/streams/memory.py", line 93, in receive_nowait
    raise WouldBlock
anyio.WouldBlock

During handling of the above exception, another exception occurred:

Traceback (most recent call last):
  File "/home/andre/Рабочий стол/CRM/venv/lib/python3.12/site-packages/starlette/middleware/base.py", line 78, in call_next
    message = await recv_stream.receive()
              ^^^^^^^^^^^^^^^^^^^^^^^^^^^
  File "/home/andre/Рабочий стол/CRM/venv/lib/python3.12/site-packages/anyio/streams/memory.py", line 118, in receive
    raise EndOfStream
anyio.EndOfStream

During handling of the above exception, another exception occurred:

Traceback (most recent call last):
  File "/home/andre/Рабочий стол/CRM/backend/src/core/logging.py", line 49, in dispatch
    response = await call_next(request)
               ^^^^^^^^^^^^^^^^^^^^^^^^
  File "/home/andre/Рабочий стол/CRM/venv/lib/python3.12/site-packages/starlette/middleware/base.py", line 84, in call_next
    raise app_exc
  File "/home/andre/Рабочий стол/CRM/venv/lib/python3.12/site-packages/starlette/middleware/base.py", line 70, in coro
    await self.app(scope, receive_or_disconnect, send_no_error)
  File "/home/andre/Рабочий стол/CRM/venv/lib/python3.12/site-packages/starlette/middleware/exceptions.py", line 79, in __call__
    raise exc
  File "/home/andre/Рабочий стол/CRM/venv/lib/python3.12/site-packages/starlette/middleware/exceptions.py", line 68, in __call__
    await self.app(scope, receive, sender)
  File "/home/andre/Рабочий стол/CRM/venv/lib/python3.12/site-packages/fastapi/middleware/asyncexitstack.py", line 20, in __call__
    raise e
  File "/home/andre/Рабочий стол/CRM/venv/lib/python3.12/site-packages/fastapi/middleware/asyncexitstack.py", line 17, in __call__
    await self.app(scope, receive, send)
  File "/home/andre/Рабочий стол/CRM/venv/lib/python3.12/site-packages/starlette/routing.py", line 718, in __call__
    await route.handle(scope, receive, send)
  File "/home/andre/Рабочий стол/CRM/venv/lib/python3.12/site-packages/starlette/routing.py", line 276, in handle
    await self.app(scope, receive, send)
  File "/home/andre/Рабочий стол/CRM/venv/lib/python3.12/site-packages/starlette/routing.py", line 66, in app
    response = await func(request)
               ^^^^^^^^^^^^^^^^^^^
  File "/home/andre/Рабочий стол/CRM/venv/lib/python3.12/site-packages/fastapi/routing.py", line 274, in app
    raw_response = await run_endpoint_function(
                   ^^^^^^^^^^^^^^^^^^^^^^^^^^^^
  File "/home/andre/Рабочий стол/CRM/venv/lib/python3.12/site-packages/fastapi/routing.py", line 191, in run_endpoint_function
    return await dependant.call(**values)
           ^^^^^^^^^^^^^^^^^^^^^^^^^^^^^^
  File "/home/andre/Рабочий стол/CRM/backend/src/routers/auth.py", line 26, in login
    result = await db.execute(select(Admin).where(Admin.username == login_data.username))
             ^^^^^^^^^^^^^^^^^^^^^^^^^^^^^^^^^^^^^^^^^^^^^^^^^^^^^^^^^^^^^^^^^^^^^^^^^^^^
  File "/home/andre/Рабочий стол/CRM/venv/lib/python3.12/site-packages/sqlalchemy/ext/asyncio/session.py", line 455, in execute
    result = await greenlet_spawn(
             ^^^^^^^^^^^^^^^^^^^^^
  File "/home/andre/Рабочий стол/CRM/venv/lib/python3.12/site-packages/sqlalchemy/util/_concurrency_py3k.py", line 190, in greenlet_spawn
    result = context.throw(*sys.exc_info())
             ^^^^^^^^^^^^^^^^^^^^^^^^^^^^^^
  File "/home/andre/Рабочий стол/CRM/venv/lib/python3.12/site-packages/sqlalchemy/orm/session.py", line 2308, in execute
    return self._execute_internal(
           ^^^^^^^^^^^^^^^^^^^^^^^
  File "/home/andre/Рабочий стол/CRM/venv/lib/python3.12/site-packages/sqlalchemy/orm/session.py", line 2180, in _execute_internal
    conn = self._connection_for_bind(bind)
           ^^^^^^^^^^^^^^^^^^^^^^^^^^^^^^^
  File "/home/andre/Рабочий стол/CRM/venv/lib/python3.12/site-packages/sqlalchemy/orm/session.py", line 2047, in _connection_for_bind
    return trans._connection_for_bind(engine, execution_options)
           ^^^^^^^^^^^^^^^^^^^^^^^^^^^^^^^^^^^^^^^^^^^^^^^^^^^^^
  File "<string>", line 2, in _connection_for_bind
  File "/home/andre/Рабочий стол/CRM/venv/lib/python3.12/site-packages/sqlalchemy/orm/state_changes.py", line 139, in _go
    ret_value = fn(self, *arg, **kw)
                ^^^^^^^^^^^^^^^^^^^^
  File "/home/andre/Рабочий стол/CRM/venv/lib/python3.12/site-packages/sqlalchemy/orm/session.py", line 1143, in _connection_for_bind
    conn = bind.connect()
           ^^^^^^^^^^^^^^
  File "/home/andre/Рабочий стол/CRM/venv/lib/python3.12/site-packages/sqlalchemy/engine/base.py", line 3268, in connect
    return self._connection_cls(self)
           ^^^^^^^^^^^^^^^^^^^^^^^^^^
  File "/home/andre/Рабочий стол/CRM/venv/lib/python3.12/site-packages/sqlalchemy/engine/base.py", line 145, in __init__
    self._dbapi_connection = engine.raw_connection()
                             ^^^^^^^^^^^^^^^^^^^^^^^
  File "/home/andre/Рабочий стол/CRM/venv/lib/python3.12/site-packages/sqlalchemy/engine/base.py", line 3292, in raw_connection
    return self.pool.connect()
           ^^^^^^^^^^^^^^^^^^^
  File "/home/andre/Рабочий стол/CRM/venv/lib/python3.12/site-packages/sqlalchemy/pool/base.py", line 452, in connect
    return _ConnectionFairy._checkout(self)
           ^^^^^^^^^^^^^^^^^^^^^^^^^^^^^^^^
  File "/home/andre/Рабочий стол/CRM/venv/lib/python3.12/site-packages/sqlalchemy/pool/base.py", line 1269, in _checkout
    fairy = _ConnectionRecord.checkout(pool)
            ^^^^^^^^^^^^^^^^^^^^^^^^^^^^^^^^
  File "/home/andre/Рабочий стол/CRM/venv/lib/python3.12/site-packages/sqlalchemy/pool/base.py", line 716, in checkout
    rec = pool._do_get()
          ^^^^^^^^^^^^^^
  File "/home/andre/Рабочий стол/CRM/venv/lib/python3.12/site-packages/sqlalchemy/pool/impl.py", line 169, in _do_get
    with util.safe_reraise():
  File "/home/andre/Рабочий стол/CRM/venv/lib/python3.12/site-packages/sqlalchemy/util/langhelpers.py", line 146, in __exit__
    raise exc_value.with_traceback(exc_tb)
  File "/home/andre/Рабочий стол/CRM/venv/lib/python3.12/site-packages/sqlalchemy/pool/impl.py", line 167, in _do_get
    return self._create_connection()
           ^^^^^^^^^^^^^^^^^^^^^^^^^
  File "/home/andre/Рабочий стол/CRM/venv/lib/python3.12/site-packages/sqlalchemy/pool/base.py", line 393, in _create_connection
    return _ConnectionRecord(self)
           ^^^^^^^^^^^^^^^^^^^^^^^
  File "/home/andre/Рабочий стол/CRM/venv/lib/python3.12/site-packages/sqlalchemy/pool/base.py", line 678, in __init__
    self.__connect()
  File "/home/andre/Рабочий стол/CRM/venv/lib/python3.12/site-packages/sqlalchemy/pool/base.py", line 902, in __connect
    with util.safe_reraise():
  File "/home/andre/Рабочий стол/CRM/venv/lib/python3.12/site-packages/sqlalchemy/util/langhelpers.py", line 146, in __exit__
    raise exc_value.with_traceback(exc_tb)
  File "/home/andre/Рабочий стол/CRM/venv/lib/python3.12/site-packages/sqlalchemy/pool/base.py", line 898, in __connect
    self.dbapi_connection = connection = pool._invoke_creator(self)
                                         ^^^^^^^^^^^^^^^^^^^^^^^^^^
  File "/home/andre/Рабочий стол/CRM/venv/lib/python3.12/site-packages/sqlalchemy/engine/create.py", line 637, in connect
    return dialect.connect(*cargs, **cparams)
           ^^^^^^^^^^^^^^^^^^^^^^^^^^^^^^^^^^
  File "/home/andre/Рабочий стол/CRM/venv/lib/python3.12/site-packages/sqlalchemy/engine/default.py", line 616, in connect
    return self.loaded_dbapi.connect(*cargs, **cparams)
           ^^^^^^^^^^^^^^^^^^^^^^^^^^^^^^^^^^^^^^^^^^^^
  File "/home/andre/Рабочий стол/CRM/venv/lib/python3.12/site-packages/sqlalchemy/dialects/postgresql/asyncpg.py", line 936, in connect
    await_only(creator_fn(*arg, **kw)),
    ^^^^^^^^^^^^^^^^^^^^^^^^^^^^^^^^^^
  File "/home/andre/Рабочий стол/CRM/venv/lib/python3.12/site-packages/sqlalchemy/util/_concurrency_py3k.py", line 125, in await_only
    return current.driver.switch(awaitable)  # type: ignore[no-any-return]
           ^^^^^^^^^^^^^^^^^^^^^^^^^^^^^^^^
  File "/home/andre/Рабочий стол/CRM/venv/lib/python3.12/site-packages/sqlalchemy/util/_concurrency_py3k.py", line 185, in greenlet_spawn
    value = await result
            ^^^^^^^^^^^^
  File "/home/andre/Рабочий стол/CRM/venv/lib/python3.12/site-packages/asyncpg/connection.py", line 2443, in connect
    return await connect_utils._connect(
           ^^^^^^^^^^^^^^^^^^^^^^^^^^^^^
  File "/home/andre/Рабочий стол/CRM/venv/lib/python3.12/site-packages/asyncpg/connect_utils.py", line 1249, in _connect
    raise last_error or exceptions.TargetServerAttributeNotMatched(
  File "/home/andre/Рабочий стол/CRM/venv/lib/python3.12/site-packages/asyncpg/connect_utils.py", line 1218, in _connect
    conn = await _connect_addr(
           ^^^^^^^^^^^^^^^^^^^^
  File "/home/andre/Рабочий стол/CRM/venv/lib/python3.12/site-packages/asyncpg/connect_utils.py", line 1054, in _connect_addr
    return await __connect_addr(params, True, *args)
           ^^^^^^^^^^^^^^^^^^^^^^^^^^^^^^^^^^^^^^^^^
  File "/home/andre/Рабочий стол/CRM/venv/lib/python3.12/site-packages/asyncpg/connect_utils.py", line 1099, in __connect_addr
    tr, pr = await connector
             ^^^^^^^^^^^^^^^
  File "/home/andre/Рабочий стол/CRM/venv/lib/python3.12/site-packages/asyncpg/connect_utils.py", line 969, in _create_ssl_connection
    tr, pr = await loop.create_connection(
             ^^^^^^^^^^^^^^^^^^^^^^^^^^^^^
  File "uvloop/loop.pyx", line 2043, in create_connection
  File "uvloop/loop.pyx", line 2020, in uvloop.loop.Loop.create_connection
ConnectionRefusedError: [Errno 111] Connection refused
2026-02-17 08:38:34,140 - core.logging - INFO - Starting CRM application
2026-02-17 08:38:34,140 - apscheduler.scheduler - INFO - Adding job tentatively -- it will be properly scheduled when the scheduler starts
2026-02-17 08:38:34,140 - apscheduler.scheduler - INFO - Adding job tentatively -- it will be properly scheduled when the scheduler starts
2026-02-17 08:38:34,140 - apscheduler.scheduler - INFO - Added job "daily_backup_and_report" to job store "default"
2026-02-17 08:38:34,141 - apscheduler.scheduler - INFO - Added job "daily_backup_and_report" to job store "default"
2026-02-17 08:38:34,141 - apscheduler.scheduler - INFO - Scheduler started
2026-02-17 08:38:34,141 - core.logging - INFO - Scheduler started
2026-02-17 08:38:45,097 - core.logging - ERROR - Unhandled exception: [Errno 111] Connection refused
Traceback (most recent call last):
  File "/home/andre/Рабочий стол/CRM/venv/lib/python3.12/site-packages/anyio/streams/memory.py", line 98, in receive
    return self.receive_nowait()
           ^^^^^^^^^^^^^^^^^^^^^
  File "/home/andre/Рабочий стол/CRM/venv/lib/python3.12/site-packages/anyio/streams/memory.py", line 93, in receive_nowait
    raise WouldBlock
anyio.WouldBlock

During handling of the above exception, another exception occurred:

Traceback (most recent call last):
  File "/home/andre/Рабочий стол/CRM/venv/lib/python3.12/site-packages/starlette/middleware/base.py", line 78, in call_next
    message = await recv_stream.receive()
              ^^^^^^^^^^^^^^^^^^^^^^^^^^^
  File "/home/andre/Рабочий стол/CRM/venv/lib/python3.12/site-packages/anyio/streams/memory.py", line 118, in receive
    raise EndOfStream
anyio.EndOfStream

During handling of the above exception, another exception occurred:

Traceback (most recent call last):
  File "/home/andre/Рабочий стол/CRM/backend/src/core/logging.py", line 49, in dispatch
    response = await call_next(request)
               ^^^^^^^^^^^^^^^^^^^^^^^^
  File "/home/andre/Рабочий стол/CRM/venv/lib/python3.12/site-packages/starlette/middleware/base.py", line 84, in call_next
    raise app_exc
  File "/home/andre/Рабочий стол/CRM/venv/lib/python3.12/site-packages/starlette/middleware/base.py", line 70, in coro
    await self.app(scope, receive_or_disconnect, send_no_error)
  File "/home/andre/Рабочий стол/CRM/venv/lib/python3.12/site-packages/starlette/middleware/exceptions.py", line 79, in __call__
    raise exc
  File "/home/andre/Рабочий стол/CRM/venv/lib/python3.12/site-packages/starlette/middleware/exceptions.py", line 68, in __call__
    await self.app(scope, receive, sender)
  File "/home/andre/Рабочий стол/CRM/venv/lib/python3.12/site-packages/fastapi/middleware/asyncexitstack.py", line 20, in __call__
    raise e
  File "/home/andre/Рабочий стол/CRM/venv/lib/python3.12/site-packages/fastapi/middleware/asyncexitstack.py", line 17, in __call__
    await self.app(scope, receive, send)
  File "/home/andre/Рабочий стол/CRM/venv/lib/python3.12/site-packages/starlette/routing.py", line 718, in __call__
    await route.handle(scope, receive, send)
  File "/home/andre/Рабочий стол/CRM/venv/lib/python3.12/site-packages/starlette/routing.py", line 276, in handle
    await self.app(scope, receive, send)
  File "/home/andre/Рабочий стол/CRM/venv/lib/python3.12/site-packages/starlette/routing.py", line 66, in app
    response = await func(request)
               ^^^^^^^^^^^^^^^^^^^
  File "/home/andre/Рабочий стол/CRM/venv/lib/python3.12/site-packages/fastapi/routing.py", line 274, in app
    raw_response = await run_endpoint_function(
                   ^^^^^^^^^^^^^^^^^^^^^^^^^^^^
  File "/home/andre/Рабочий стол/CRM/venv/lib/python3.12/site-packages/fastapi/routing.py", line 191, in run_endpoint_function
    return await dependant.call(**values)
           ^^^^^^^^^^^^^^^^^^^^^^^^^^^^^^
  File "/home/andre/Рабочий стол/CRM/backend/src/routers/auth.py", line 26, in login
    result = await db.execute(select(Admin).where(Admin.username == login_data.username))
             ^^^^^^^^^^^^^^^^^^^^^^^^^^^^^^^^^^^^^^^^^^^^^^^^^^^^^^^^^^^^^^^^^^^^^^^^^^^^
  File "/home/andre/Рабочий стол/CRM/venv/lib/python3.12/site-packages/sqlalchemy/ext/asyncio/session.py", line 455, in execute
    result = await greenlet_spawn(
             ^^^^^^^^^^^^^^^^^^^^^
  File "/home/andre/Рабочий стол/CRM/venv/lib/python3.12/site-packages/sqlalchemy/util/_concurrency_py3k.py", line 190, in greenlet_spawn
    result = context.throw(*sys.exc_info())
             ^^^^^^^^^^^^^^^^^^^^^^^^^^^^^^
  File "/home/andre/Рабочий стол/CRM/venv/lib/python3.12/site-packages/sqlalchemy/orm/session.py", line 2308, in execute
    return self._execute_internal(
           ^^^^^^^^^^^^^^^^^^^^^^^
  File "/home/andre/Рабочий стол/CRM/venv/lib/python3.12/site-packages/sqlalchemy/orm/session.py", line 2180, in _execute_internal
    conn = self._connection_for_bind(bind)
           ^^^^^^^^^^^^^^^^^^^^^^^^^^^^^^^
  File "/home/andre/Рабочий стол/CRM/venv/lib/python3.12/site-packages/sqlalchemy/orm/session.py", line 2047, in _connection_for_bind
    return trans._connection_for_bind(engine, execution_options)
           ^^^^^^^^^^^^^^^^^^^^^^^^^^^^^^^^^^^^^^^^^^^^^^^^^^^^^
  File "<string>", line 2, in _connection_for_bind
  File "/home/andre/Рабочий стол/CRM/venv/lib/python3.12/site-packages/sqlalchemy/orm/state_changes.py", line 139, in _go
    ret_value = fn(self, *arg, **kw)
                ^^^^^^^^^^^^^^^^^^^^
  File "/home/andre/Рабочий стол/CRM/venv/lib/python3.12/site-packages/sqlalchemy/orm/session.py", line 1143, in _connection_for_bind
    conn = bind.connect()
           ^^^^^^^^^^^^^^
  File "/home/andre/Рабочий стол/CRM/venv/lib/python3.12/site-packages/sqlalchemy/engine/base.py", line 3268, in connect
    return self._connection_cls(self)
           ^^^^^^^^^^^^^^^^^^^^^^^^^^
  File "/home/andre/Рабочий стол/CRM/venv/lib/python3.12/site-packages/sqlalchemy/engine/base.py", line 145, in __init__
    self._dbapi_connection = engine.raw_connection()
                             ^^^^^^^^^^^^^^^^^^^^^^^
  File "/home/andre/Рабочий стол/CRM/venv/lib/python3.12/site-packages/sqlalchemy/engine/base.py", line 3292, in raw_connection
    return self.pool.connect()
           ^^^^^^^^^^^^^^^^^^^
  File "/home/andre/Рабочий стол/CRM/venv/lib/python3.12/site-packages/sqlalchemy/pool/base.py", line 452, in connect
    return _ConnectionFairy._checkout(self)
           ^^^^^^^^^^^^^^^^^^^^^^^^^^^^^^^^
  File "/home/andre/Рабочий стол/CRM/venv/lib/python3.12/site-packages/sqlalchemy/pool/base.py", line 1269, in _checkout
    fairy = _ConnectionRecord.checkout(pool)
            ^^^^^^^^^^^^^^^^^^^^^^^^^^^^^^^^
  File "/home/andre/Рабочий стол/CRM/venv/lib/python3.12/site-packages/sqlalchemy/pool/base.py", line 716, in checkout
    rec = pool._do_get()
          ^^^^^^^^^^^^^^
  File "/home/andre/Рабочий стол/CRM/venv/lib/python3.12/site-packages/sqlalchemy/pool/impl.py", line 169, in _do_get
    with util.safe_reraise():
  File "/home/andre/Рабочий стол/CRM/venv/lib/python3.12/site-packages/sqlalchemy/util/langhelpers.py", line 146, in __exit__
    raise exc_value.with_traceback(exc_tb)
  File "/home/andre/Рабочий стол/CRM/venv/lib/python3.12/site-packages/sqlalchemy/pool/impl.py", line 167, in _do_get
    return self._create_connection()
           ^^^^^^^^^^^^^^^^^^^^^^^^^
  File "/home/andre/Рабочий стол/CRM/venv/lib/python3.12/site-packages/sqlalchemy/pool/base.py", line 393, in _create_connection
    return _ConnectionRecord(self)
           ^^^^^^^^^^^^^^^^^^^^^^^
  File "/home/andre/Рабочий стол/CRM/venv/lib/python3.12/site-packages/sqlalchemy/pool/base.py", line 678, in __init__
    self.__connect()
  File "/home/andre/Рабочий стол/CRM/venv/lib/python3.12/site-packages/sqlalchemy/pool/base.py", line 902, in __connect
    with util.safe_reraise():
  File "/home/andre/Рабочий стол/CRM/venv/lib/python3.12/site-packages/sqlalchemy/util/langhelpers.py", line 146, in __exit__
    raise exc_value.with_traceback(exc_tb)
  File "/home/andre/Рабочий стол/CRM/venv/lib/python3.12/site-packages/sqlalchemy/pool/base.py", line 898, in __connect
    self.dbapi_connection = connection = pool._invoke_creator(self)
                                         ^^^^^^^^^^^^^^^^^^^^^^^^^^
  File "/home/andre/Рабочий стол/CRM/venv/lib/python3.12/site-packages/sqlalchemy/engine/create.py", line 637, in connect
    return dialect.connect(*cargs, **cparams)
           ^^^^^^^^^^^^^^^^^^^^^^^^^^^^^^^^^^
  File "/home/andre/Рабочий стол/CRM/venv/lib/python3.12/site-packages/sqlalchemy/engine/default.py", line 616, in connect
    return self.loaded_dbapi.connect(*cargs, **cparams)
           ^^^^^^^^^^^^^^^^^^^^^^^^^^^^^^^^^^^^^^^^^^^^
  File "/home/andre/Рабочий стол/CRM/venv/lib/python3.12/site-packages/sqlalchemy/dialects/postgresql/asyncpg.py", line 936, in connect
    await_only(creator_fn(*arg, **kw)),
    ^^^^^^^^^^^^^^^^^^^^^^^^^^^^^^^^^^
  File "/home/andre/Рабочий стол/CRM/venv/lib/python3.12/site-packages/sqlalchemy/util/_concurrency_py3k.py", line 125, in await_only
    return current.driver.switch(awaitable)  # type: ignore[no-any-return]
           ^^^^^^^^^^^^^^^^^^^^^^^^^^^^^^^^
  File "/home/andre/Рабочий стол/CRM/venv/lib/python3.12/site-packages/sqlalchemy/util/_concurrency_py3k.py", line 185, in greenlet_spawn
    value = await result
            ^^^^^^^^^^^^
  File "/home/andre/Рабочий стол/CRM/venv/lib/python3.12/site-packages/asyncpg/connection.py", line 2443, in connect
    return await connect_utils._connect(
           ^^^^^^^^^^^^^^^^^^^^^^^^^^^^^
  File "/home/andre/Рабочий стол/CRM/venv/lib/python3.12/site-packages/asyncpg/connect_utils.py", line 1249, in _connect
    raise last_error or exceptions.TargetServerAttributeNotMatched(
  File "/home/andre/Рабочий стол/CRM/venv/lib/python3.12/site-packages/asyncpg/connect_utils.py", line 1218, in _connect
    conn = await _connect_addr(
           ^^^^^^^^^^^^^^^^^^^^
  File "/home/andre/Рабочий стол/CRM/venv/lib/python3.12/site-packages/asyncpg/connect_utils.py", line 1054, in _connect_addr
    return await __connect_addr(params, True, *args)
           ^^^^^^^^^^^^^^^^^^^^^^^^^^^^^^^^^^^^^^^^^
  File "/home/andre/Рабочий стол/CRM/venv/lib/python3.12/site-packages/asyncpg/connect_utils.py", line 1099, in __connect_addr
    tr, pr = await connector
             ^^^^^^^^^^^^^^^
  File "/home/andre/Рабочий стол/CRM/venv/lib/python3.12/site-packages/asyncpg/connect_utils.py", line 969, in _create_ssl_connection
    tr, pr = await loop.create_connection(
             ^^^^^^^^^^^^^^^^^^^^^^^^^^^^^
  File "uvloop/loop.pyx", line 2043, in create_connection
  File "uvloop/loop.pyx", line 2020, in uvloop.loop.Loop.create_connection
ConnectionRefusedError: [Errno 111] Connection refused
2026-02-17 08:38:45,873 - core.logging - ERROR - Unhandled exception: [Errno 111] Connection refused
Traceback (most recent call last):
  File "/home/andre/Рабочий стол/CRM/venv/lib/python3.12/site-packages/anyio/streams/memory.py", line 98, in receive
    return self.receive_nowait()
           ^^^^^^^^^^^^^^^^^^^^^
  File "/home/andre/Рабочий стол/CRM/venv/lib/python3.12/site-packages/anyio/streams/memory.py", line 93, in receive_nowait
    raise WouldBlock
anyio.WouldBlock

During handling of the above exception, another exception occurred:

Traceback (most recent call last):
  File "/home/andre/Рабочий стол/CRM/venv/lib/python3.12/site-packages/starlette/middleware/base.py", line 78, in call_next
    message = await recv_stream.receive()
              ^^^^^^^^^^^^^^^^^^^^^^^^^^^
  File "/home/andre/Рабочий стол/CRM/venv/lib/python3.12/site-packages/anyio/streams/memory.py", line 118, in receive
    raise EndOfStream
anyio.EndOfStream

During handling of the above exception, another exception occurred:

Traceback (most recent call last):
  File "/home/andre/Рабочий стол/CRM/backend/src/core/logging.py", line 49, in dispatch
    response = await call_next(request)
               ^^^^^^^^^^^^^^^^^^^^^^^^
  File "/home/andre/Рабочий стол/CRM/venv/lib/python3.12/site-packages/starlette/middleware/base.py", line 84, in call_next
    raise app_exc
  File "/home/andre/Рабочий стол/CRM/venv/lib/python3.12/site-packages/starlette/middleware/base.py", line 70, in coro
    await self.app(scope, receive_or_disconnect, send_no_error)
  File "/home/andre/Рабочий стол/CRM/venv/lib/python3.12/site-packages/starlette/middleware/exceptions.py", line 79, in __call__
    raise exc
  File "/home/andre/Рабочий стол/CRM/venv/lib/python3.12/site-packages/starlette/middleware/exceptions.py", line 68, in __call__
    await self.app(scope, receive, sender)
  File "/home/andre/Рабочий стол/CRM/venv/lib/python3.12/site-packages/fastapi/middleware/asyncexitstack.py", line 20, in __call__
    raise e
  File "/home/andre/Рабочий стол/CRM/venv/lib/python3.12/site-packages/fastapi/middleware/asyncexitstack.py", line 17, in __call__
    await self.app(scope, receive, send)
  File "/home/andre/Рабочий стол/CRM/venv/lib/python3.12/site-packages/starlette/routing.py", line 718, in __call__
    await route.handle(scope, receive, send)
  File "/home/andre/Рабочий стол/CRM/venv/lib/python3.12/site-packages/starlette/routing.py", line 276, in handle
    await self.app(scope, receive, send)
  File "/home/andre/Рабочий стол/CRM/venv/lib/python3.12/site-packages/starlette/routing.py", line 66, in app
    response = await func(request)
               ^^^^^^^^^^^^^^^^^^^
  File "/home/andre/Рабочий стол/CRM/venv/lib/python3.12/site-packages/fastapi/routing.py", line 274, in app
    raw_response = await run_endpoint_function(
                   ^^^^^^^^^^^^^^^^^^^^^^^^^^^^
  File "/home/andre/Рабочий стол/CRM/venv/lib/python3.12/site-packages/fastapi/routing.py", line 191, in run_endpoint_function
    return await dependant.call(**values)
           ^^^^^^^^^^^^^^^^^^^^^^^^^^^^^^
  File "/home/andre/Рабочий стол/CRM/backend/src/routers/auth.py", line 26, in login
    result = await db.execute(select(Admin).where(Admin.username == login_data.username))
             ^^^^^^^^^^^^^^^^^^^^^^^^^^^^^^^^^^^^^^^^^^^^^^^^^^^^^^^^^^^^^^^^^^^^^^^^^^^^
  File "/home/andre/Рабочий стол/CRM/venv/lib/python3.12/site-packages/sqlalchemy/ext/asyncio/session.py", line 455, in execute
    result = await greenlet_spawn(
             ^^^^^^^^^^^^^^^^^^^^^
  File "/home/andre/Рабочий стол/CRM/venv/lib/python3.12/site-packages/sqlalchemy/util/_concurrency_py3k.py", line 190, in greenlet_spawn
    result = context.throw(*sys.exc_info())
             ^^^^^^^^^^^^^^^^^^^^^^^^^^^^^^
  File "/home/andre/Рабочий стол/CRM/venv/lib/python3.12/site-packages/sqlalchemy/orm/session.py", line 2308, in execute
    return self._execute_internal(
           ^^^^^^^^^^^^^^^^^^^^^^^
  File "/home/andre/Рабочий стол/CRM/venv/lib/python3.12/site-packages/sqlalchemy/orm/session.py", line 2180, in _execute_internal
    conn = self._connection_for_bind(bind)
           ^^^^^^^^^^^^^^^^^^^^^^^^^^^^^^^
  File "/home/andre/Рабочий стол/CRM/venv/lib/python3.12/site-packages/sqlalchemy/orm/session.py", line 2047, in _connection_for_bind
    return trans._connection_for_bind(engine, execution_options)
           ^^^^^^^^^^^^^^^^^^^^^^^^^^^^^^^^^^^^^^^^^^^^^^^^^^^^^
  File "<string>", line 2, in _connection_for_bind
  File "/home/andre/Рабочий стол/CRM/venv/lib/python3.12/site-packages/sqlalchemy/orm/state_changes.py", line 139, in _go
    ret_value = fn(self, *arg, **kw)
                ^^^^^^^^^^^^^^^^^^^^
  File "/home/andre/Рабочий стол/CRM/venv/lib/python3.12/site-packages/sqlalchemy/orm/session.py", line 1143, in _connection_for_bind
    conn = bind.connect()
           ^^^^^^^^^^^^^^
  File "/home/andre/Рабочий стол/CRM/venv/lib/python3.12/site-packages/sqlalchemy/engine/base.py", line 3268, in connect
    return self._connection_cls(self)
           ^^^^^^^^^^^^^^^^^^^^^^^^^^
  File "/home/andre/Рабочий стол/CRM/venv/lib/python3.12/site-packages/sqlalchemy/engine/base.py", line 145, in __init__
    self._dbapi_connection = engine.raw_connection()
                             ^^^^^^^^^^^^^^^^^^^^^^^
  File "/home/andre/Рабочий стол/CRM/venv/lib/python3.12/site-packages/sqlalchemy/engine/base.py", line 3292, in raw_connection
    return self.pool.connect()
           ^^^^^^^^^^^^^^^^^^^
  File "/home/andre/Рабочий стол/CRM/venv/lib/python3.12/site-packages/sqlalchemy/pool/base.py", line 452, in connect
    return _ConnectionFairy._checkout(self)
           ^^^^^^^^^^^^^^^^^^^^^^^^^^^^^^^^
  File "/home/andre/Рабочий стол/CRM/venv/lib/python3.12/site-packages/sqlalchemy/pool/base.py", line 1269, in _checkout
    fairy = _ConnectionRecord.checkout(pool)
            ^^^^^^^^^^^^^^^^^^^^^^^^^^^^^^^^
  File "/home/andre/Рабочий стол/CRM/venv/lib/python3.12/site-packages/sqlalchemy/pool/base.py", line 716, in checkout
    rec = pool._do_get()
          ^^^^^^^^^^^^^^
  File "/home/andre/Рабочий стол/CRM/venv/lib/python3.12/site-packages/sqlalchemy/pool/impl.py", line 169, in _do_get
    with util.safe_reraise():
  File "/home/andre/Рабочий стол/CRM/venv/lib/python3.12/site-packages/sqlalchemy/util/langhelpers.py", line 146, in __exit__
    raise exc_value.with_traceback(exc_tb)
  File "/home/andre/Рабочий стол/CRM/venv/lib/python3.12/site-packages/sqlalchemy/pool/impl.py", line 167, in _do_get
    return self._create_connection()
           ^^^^^^^^^^^^^^^^^^^^^^^^^
  File "/home/andre/Рабочий стол/CRM/venv/lib/python3.12/site-packages/sqlalchemy/pool/base.py", line 393, in _create_connection
    return _ConnectionRecord(self)
           ^^^^^^^^^^^^^^^^^^^^^^^
  File "/home/andre/Рабочий стол/CRM/venv/lib/python3.12/site-packages/sqlalchemy/pool/base.py", line 678, in __init__
    self.__connect()
  File "/home/andre/Рабочий стол/CRM/venv/lib/python3.12/site-packages/sqlalchemy/pool/base.py", line 902, in __connect
    with util.safe_reraise():
  File "/home/andre/Рабочий стол/CRM/venv/lib/python3.12/site-packages/sqlalchemy/util/langhelpers.py", line 146, in __exit__
    raise exc_value.with_traceback(exc_tb)
  File "/home/andre/Рабочий стол/CRM/venv/lib/python3.12/site-packages/sqlalchemy/pool/base.py", line 898, in __connect
    self.dbapi_connection = connection = pool._invoke_creator(self)
                                         ^^^^^^^^^^^^^^^^^^^^^^^^^^
  File "/home/andre/Рабочий стол/CRM/venv/lib/python3.12/site-packages/sqlalchemy/engine/create.py", line 637, in connect
    return dialect.connect(*cargs, **cparams)
           ^^^^^^^^^^^^^^^^^^^^^^^^^^^^^^^^^^
  File "/home/andre/Рабочий стол/CRM/venv/lib/python3.12/site-packages/sqlalchemy/engine/default.py", line 616, in connect
    return self.loaded_dbapi.connect(*cargs, **cparams)
           ^^^^^^^^^^^^^^^^^^^^^^^^^^^^^^^^^^^^^^^^^^^^
  File "/home/andre/Рабочий стол/CRM/venv/lib/python3.12/site-packages/sqlalchemy/dialects/postgresql/asyncpg.py", line 936, in connect
    await_only(creator_fn(*arg, **kw)),
    ^^^^^^^^^^^^^^^^^^^^^^^^^^^^^^^^^^
  File "/home/andre/Рабочий стол/CRM/venv/lib/python3.12/site-packages/sqlalchemy/util/_concurrency_py3k.py", line 125, in await_only
    return current.driver.switch(awaitable)  # type: ignore[no-any-return]
           ^^^^^^^^^^^^^^^^^^^^^^^^^^^^^^^^
  File "/home/andre/Рабочий стол/CRM/venv/lib/python3.12/site-packages/sqlalchemy/util/_concurrency_py3k.py", line 185, in greenlet_spawn
    value = await result
            ^^^^^^^^^^^^
  File "/home/andre/Рабочий стол/CRM/venv/lib/python3.12/site-packages/asyncpg/connection.py", line 2443, in connect
    return await connect_utils._connect(
           ^^^^^^^^^^^^^^^^^^^^^^^^^^^^^
  File "/home/andre/Рабочий стол/CRM/venv/lib/python3.12/site-packages/asyncpg/connect_utils.py", line 1249, in _connect
    raise last_error or exceptions.TargetServerAttributeNotMatched(
  File "/home/andre/Рабочий стол/CRM/venv/lib/python3.12/site-packages/asyncpg/connect_utils.py", line 1218, in _connect
    conn = await _connect_addr(
           ^^^^^^^^^^^^^^^^^^^^
  File "/home/andre/Рабочий стол/CRM/venv/lib/python3.12/site-packages/asyncpg/connect_utils.py", line 1054, in _connect_addr
    return await __connect_addr(params, True, *args)
           ^^^^^^^^^^^^^^^^^^^^^^^^^^^^^^^^^^^^^^^^^
  File "/home/andre/Рабочий стол/CRM/venv/lib/python3.12/site-packages/asyncpg/connect_utils.py", line 1099, in __connect_addr
    tr, pr = await connector
             ^^^^^^^^^^^^^^^
  File "/home/andre/Рабочий стол/CRM/venv/lib/python3.12/site-packages/asyncpg/connect_utils.py", line 969, in _create_ssl_connection
    tr, pr = await loop.create_connection(
             ^^^^^^^^^^^^^^^^^^^^^^^^^^^^^
  File "uvloop/loop.pyx", line 2043, in create_connection
  File "uvloop/loop.pyx", line 2020, in uvloop.loop.Loop.create_connection
ConnectionRefusedError: [Errno 111] Connection refused
2026-02-17 08:39:03,460 - core.logging - INFO - Starting CRM application
2026-02-17 08:39:03,460 - apscheduler.scheduler - INFO - Adding job tentatively -- it will be properly scheduled when the scheduler starts
2026-02-17 08:39:03,460 - apscheduler.scheduler - INFO - Adding job tentatively -- it will be properly scheduled when the scheduler starts
2026-02-17 08:39:03,460 - apscheduler.scheduler - INFO - Added job "daily_backup_and_report" to job store "default"
2026-02-17 08:39:03,460 - apscheduler.scheduler - INFO - Added job "daily_backup_and_report" to job store "default"
2026-02-17 08:39:03,460 - apscheduler.scheduler - INFO - Scheduler started
2026-02-17 08:39:03,460 - core.logging - INFO - Scheduler started
2026-02-17 08:39:16,176 - core.logging - ERROR - Unhandled exception: [Errno 111] Connection refused
Traceback (most recent call last):
  File "/home/andre/Рабочий стол/CRM/venv/lib/python3.12/site-packages/anyio/streams/memory.py", line 98, in receive
    return self.receive_nowait()
           ^^^^^^^^^^^^^^^^^^^^^
  File "/home/andre/Рабочий стол/CRM/venv/lib/python3.12/site-packages/anyio/streams/memory.py", line 93, in receive_nowait
    raise WouldBlock
anyio.WouldBlock

During handling of the above exception, another exception occurred:

Traceback (most recent call last):
  File "/home/andre/Рабочий стол/CRM/venv/lib/python3.12/site-packages/starlette/middleware/base.py", line 78, in call_next
    message = await recv_stream.receive()
              ^^^^^^^^^^^^^^^^^^^^^^^^^^^
  File "/home/andre/Рабочий стол/CRM/venv/lib/python3.12/site-packages/anyio/streams/memory.py", line 118, in receive
    raise EndOfStream
anyio.EndOfStream

During handling of the above exception, another exception occurred:

Traceback (most recent call last):
  File "/home/andre/Рабочий стол/CRM/backend/src/core/logging.py", line 49, in dispatch
    response = await call_next(request)
               ^^^^^^^^^^^^^^^^^^^^^^^^
  File "/home/andre/Рабочий стол/CRM/venv/lib/python3.12/site-packages/starlette/middleware/base.py", line 84, in call_next
    raise app_exc
  File "/home/andre/Рабочий стол/CRM/venv/lib/python3.12/site-packages/starlette/middleware/base.py", line 70, in coro
    await self.app(scope, receive_or_disconnect, send_no_error)
  File "/home/andre/Рабочий стол/CRM/venv/lib/python3.12/site-packages/starlette/middleware/exceptions.py", line 79, in __call__
    raise exc
  File "/home/andre/Рабочий стол/CRM/venv/lib/python3.12/site-packages/starlette/middleware/exceptions.py", line 68, in __call__
    await self.app(scope, receive, sender)
  File "/home/andre/Рабочий стол/CRM/venv/lib/python3.12/site-packages/fastapi/middleware/asyncexitstack.py", line 20, in __call__
    raise e
  File "/home/andre/Рабочий стол/CRM/venv/lib/python3.12/site-packages/fastapi/middleware/asyncexitstack.py", line 17, in __call__
    await self.app(scope, receive, send)
  File "/home/andre/Рабочий стол/CRM/venv/lib/python3.12/site-packages/starlette/routing.py", line 718, in __call__
    await route.handle(scope, receive, send)
  File "/home/andre/Рабочий стол/CRM/venv/lib/python3.12/site-packages/starlette/routing.py", line 276, in handle
    await self.app(scope, receive, send)
  File "/home/andre/Рабочий стол/CRM/venv/lib/python3.12/site-packages/starlette/routing.py", line 66, in app
    response = await func(request)
               ^^^^^^^^^^^^^^^^^^^
  File "/home/andre/Рабочий стол/CRM/venv/lib/python3.12/site-packages/fastapi/routing.py", line 274, in app
    raw_response = await run_endpoint_function(
                   ^^^^^^^^^^^^^^^^^^^^^^^^^^^^
  File "/home/andre/Рабочий стол/CRM/venv/lib/python3.12/site-packages/fastapi/routing.py", line 191, in run_endpoint_function
    return await dependant.call(**values)
           ^^^^^^^^^^^^^^^^^^^^^^^^^^^^^^
  File "/home/andre/Рабочий стол/CRM/backend/src/routers/auth.py", line 26, in login
    result = await db.execute(select(Admin).where(Admin.username == login_data.username))
             ^^^^^^^^^^^^^^^^^^^^^^^^^^^^^^^^^^^^^^^^^^^^^^^^^^^^^^^^^^^^^^^^^^^^^^^^^^^^
  File "/home/andre/Рабочий стол/CRM/venv/lib/python3.12/site-packages/sqlalchemy/ext/asyncio/session.py", line 455, in execute
    result = await greenlet_spawn(
             ^^^^^^^^^^^^^^^^^^^^^
  File "/home/andre/Рабочий стол/CRM/venv/lib/python3.12/site-packages/sqlalchemy/util/_concurrency_py3k.py", line 190, in greenlet_spawn
    result = context.throw(*sys.exc_info())
             ^^^^^^^^^^^^^^^^^^^^^^^^^^^^^^
  File "/home/andre/Рабочий стол/CRM/venv/lib/python3.12/site-packages/sqlalchemy/orm/session.py", line 2308, in execute
    return self._execute_internal(
           ^^^^^^^^^^^^^^^^^^^^^^^
  File "/home/andre/Рабочий стол/CRM/venv/lib/python3.12/site-packages/sqlalchemy/orm/session.py", line 2180, in _execute_internal
    conn = self._connection_for_bind(bind)
           ^^^^^^^^^^^^^^^^^^^^^^^^^^^^^^^
  File "/home/andre/Рабочий стол/CRM/venv/lib/python3.12/site-packages/sqlalchemy/orm/session.py", line 2047, in _connection_for_bind
    return trans._connection_for_bind(engine, execution_options)
           ^^^^^^^^^^^^^^^^^^^^^^^^^^^^^^^^^^^^^^^^^^^^^^^^^^^^^
  File "<string>", line 2, in _connection_for_bind
  File "/home/andre/Рабочий стол/CRM/venv/lib/python3.12/site-packages/sqlalchemy/orm/state_changes.py", line 139, in _go
    ret_value = fn(self, *arg, **kw)
                ^^^^^^^^^^^^^^^^^^^^
  File "/home/andre/Рабочий стол/CRM/venv/lib/python3.12/site-packages/sqlalchemy/orm/session.py", line 1143, in _connection_for_bind
    conn = bind.connect()
           ^^^^^^^^^^^^^^
  File "/home/andre/Рабочий стол/CRM/venv/lib/python3.12/site-packages/sqlalchemy/engine/base.py", line 3268, in connect
    return self._connection_cls(self)
           ^^^^^^^^^^^^^^^^^^^^^^^^^^
  File "/home/andre/Рабочий стол/CRM/venv/lib/python3.12/site-packages/sqlalchemy/engine/base.py", line 145, in __init__
    self._dbapi_connection = engine.raw_connection()
                             ^^^^^^^^^^^^^^^^^^^^^^^
  File "/home/andre/Рабочий стол/CRM/venv/lib/python3.12/site-packages/sqlalchemy/engine/base.py", line 3292, in raw_connection
    return self.pool.connect()
           ^^^^^^^^^^^^^^^^^^^
  File "/home/andre/Рабочий стол/CRM/venv/lib/python3.12/site-packages/sqlalchemy/pool/base.py", line 452, in connect
    return _ConnectionFairy._checkout(self)
           ^^^^^^^^^^^^^^^^^^^^^^^^^^^^^^^^
  File "/home/andre/Рабочий стол/CRM/venv/lib/python3.12/site-packages/sqlalchemy/pool/base.py", line 1269, in _checkout
    fairy = _ConnectionRecord.checkout(pool)
            ^^^^^^^^^^^^^^^^^^^^^^^^^^^^^^^^
  File "/home/andre/Рабочий стол/CRM/venv/lib/python3.12/site-packages/sqlalchemy/pool/base.py", line 716, in checkout
    rec = pool._do_get()
          ^^^^^^^^^^^^^^
  File "/home/andre/Рабочий стол/CRM/venv/lib/python3.12/site-packages/sqlalchemy/pool/impl.py", line 169, in _do_get
    with util.safe_reraise():
  File "/home/andre/Рабочий стол/CRM/venv/lib/python3.12/site-packages/sqlalchemy/util/langhelpers.py", line 146, in __exit__
    raise exc_value.with_traceback(exc_tb)
  File "/home/andre/Рабочий стол/CRM/venv/lib/python3.12/site-packages/sqlalchemy/pool/impl.py", line 167, in _do_get
    return self._create_connection()
           ^^^^^^^^^^^^^^^^^^^^^^^^^
  File "/home/andre/Рабочий стол/CRM/venv/lib/python3.12/site-packages/sqlalchemy/pool/base.py", line 393, in _create_connection
    return _ConnectionRecord(self)
           ^^^^^^^^^^^^^^^^^^^^^^^
  File "/home/andre/Рабочий стол/CRM/venv/lib/python3.12/site-packages/sqlalchemy/pool/base.py", line 678, in __init__
    self.__connect()
  File "/home/andre/Рабочий стол/CRM/venv/lib/python3.12/site-packages/sqlalchemy/pool/base.py", line 902, in __connect
    with util.safe_reraise():
  File "/home/andre/Рабочий стол/CRM/venv/lib/python3.12/site-packages/sqlalchemy/util/langhelpers.py", line 146, in __exit__
    raise exc_value.with_traceback(exc_tb)
  File "/home/andre/Рабочий стол/CRM/venv/lib/python3.12/site-packages/sqlalchemy/pool/base.py", line 898, in __connect
    self.dbapi_connection = connection = pool._invoke_creator(self)
                                         ^^^^^^^^^^^^^^^^^^^^^^^^^^
  File "/home/andre/Рабочий стол/CRM/venv/lib/python3.12/site-packages/sqlalchemy/engine/create.py", line 637, in connect
    return dialect.connect(*cargs, **cparams)
           ^^^^^^^^^^^^^^^^^^^^^^^^^^^^^^^^^^
  File "/home/andre/Рабочий стол/CRM/venv/lib/python3.12/site-packages/sqlalchemy/engine/default.py", line 616, in connect
    return self.loaded_dbapi.connect(*cargs, **cparams)
           ^^^^^^^^^^^^^^^^^^^^^^^^^^^^^^^^^^^^^^^^^^^^
  File "/home/andre/Рабочий стол/CRM/venv/lib/python3.12/site-packages/sqlalchemy/dialects/postgresql/asyncpg.py", line 936, in connect
    await_only(creator_fn(*arg, **kw)),
    ^^^^^^^^^^^^^^^^^^^^^^^^^^^^^^^^^^
  File "/home/andre/Рабочий стол/CRM/venv/lib/python3.12/site-packages/sqlalchemy/util/_concurrency_py3k.py", line 125, in await_only
    return current.driver.switch(awaitable)  # type: ignore[no-any-return]
           ^^^^^^^^^^^^^^^^^^^^^^^^^^^^^^^^
  File "/home/andre/Рабочий стол/CRM/venv/lib/python3.12/site-packages/sqlalchemy/util/_concurrency_py3k.py", line 185, in greenlet_spawn
    value = await result
            ^^^^^^^^^^^^
  File "/home/andre/Рабочий стол/CRM/venv/lib/python3.12/site-packages/asyncpg/connection.py", line 2443, in connect
    return await connect_utils._connect(
           ^^^^^^^^^^^^^^^^^^^^^^^^^^^^^
  File "/home/andre/Рабочий стол/CRM/venv/lib/python3.12/site-packages/asyncpg/connect_utils.py", line 1249, in _connect
    raise last_error or exceptions.TargetServerAttributeNotMatched(
  File "/home/andre/Рабочий стол/CRM/venv/lib/python3.12/site-packages/asyncpg/connect_utils.py", line 1218, in _connect
    conn = await _connect_addr(
           ^^^^^^^^^^^^^^^^^^^^
  File "/home/andre/Рабочий стол/CRM/venv/lib/python3.12/site-packages/asyncpg/connect_utils.py", line 1054, in _connect_addr
    return await __connect_addr(params, True, *args)
           ^^^^^^^^^^^^^^^^^^^^^^^^^^^^^^^^^^^^^^^^^
  File "/home/andre/Рабочий стол/CRM/venv/lib/python3.12/site-packages/asyncpg/connect_utils.py", line 1099, in __connect_addr
    tr, pr = await connector
             ^^^^^^^^^^^^^^^
  File "/home/andre/Рабочий стол/CRM/venv/lib/python3.12/site-packages/asyncpg/connect_utils.py", line 969, in _create_ssl_connection
    tr, pr = await loop.create_connection(
             ^^^^^^^^^^^^^^^^^^^^^^^^^^^^^
  File "uvloop/loop.pyx", line 2043, in create_connection
  File "uvloop/loop.pyx", line 2020, in uvloop.loop.Loop.create_connection
ConnectionRefusedError: [Errno 111] Connection refused
2026-02-17 08:42:39,374 - core.logging - INFO - Starting CRM application
2026-02-17 08:42:39,374 - apscheduler.scheduler - INFO - Adding job tentatively -- it will be properly scheduled when the scheduler starts
2026-02-17 08:42:39,374 - apscheduler.scheduler - INFO - Adding job tentatively -- it will be properly scheduled when the scheduler starts
2026-02-17 08:42:39,374 - apscheduler.scheduler - INFO - Added job "daily_backup_and_report" to job store "default"
2026-02-17 08:42:39,374 - apscheduler.scheduler - INFO - Added job "daily_backup_and_report" to job store "default"
2026-02-17 08:42:39,374 - apscheduler.scheduler - INFO - Scheduler started
2026-02-17 08:42:39,374 - core.logging - INFO - Scheduler started
2026-02-17 08:42:44,270 - sqlalchemy.engine.Engine - INFO - select pg_catalog.version()
2026-02-17 08:42:44,270 - sqlalchemy.engine.Engine - INFO - [raw sql] ()
2026-02-17 08:42:44,272 - sqlalchemy.engine.Engine - INFO - select current_schema()
2026-02-17 08:42:44,272 - sqlalchemy.engine.Engine - INFO - [raw sql] ()
2026-02-17 08:42:44,273 - sqlalchemy.engine.Engine - INFO - show standard_conforming_strings
2026-02-17 08:42:44,273 - sqlalchemy.engine.Engine - INFO - [raw sql] ()
2026-02-17 08:42:44,273 - sqlalchemy.engine.Engine - INFO - BEGIN (implicit)
2026-02-17 08:42:44,282 - sqlalchemy.engine.Engine - INFO - SELECT admins.id, admins.username, admins.password_hash, admins.created_at 
FROM admins 
WHERE admins.username = $1::VARCHAR
2026-02-17 08:42:44,282 - sqlalchemy.engine.Engine - INFO - [generated in 0.00018s] ('oleg',)
2026-02-17 08:42:44,282 - sqlalchemy.engine.Engine - INFO - ROLLBACK
2026-02-17 08:42:44,283 - core.logging - ERROR - Unhandled exception: (sqlalchemy.dialects.postgresql.asyncpg.ProgrammingError) <class 'asyncpg.exceptions.UndefinedTableError'>: relation "admins" does not exist
[SQL: SELECT admins.id, admins.username, admins.password_hash, admins.created_at 
FROM admins 
WHERE admins.username = $1::VARCHAR]
[parameters: ('oleg',)]
(Background on this error at: https://sqlalche.me/e/20/f405)
Traceback (most recent call last):
  File "/home/andre/Рабочий стол/CRM/venv/lib/python3.12/site-packages/sqlalchemy/dialects/postgresql/asyncpg.py", line 533, in _prepare_and_execute
    prepared_stmt, attributes = await adapt_connection._prepare(
                                ^^^^^^^^^^^^^^^^^^^^^^^^^^^^^^^^
  File "/home/andre/Рабочий стол/CRM/venv/lib/python3.12/site-packages/sqlalchemy/dialects/postgresql/asyncpg.py", line 784, in _prepare
    prepared_stmt = await self._connection.prepare(
                    ^^^^^^^^^^^^^^^^^^^^^^^^^^^^^^^
  File "/home/andre/Рабочий стол/CRM/venv/lib/python3.12/site-packages/asyncpg/connection.py", line 638, in prepare
    return await self._prepare(
           ^^^^^^^^^^^^^^^^^^^^
  File "/home/andre/Рабочий стол/CRM/venv/lib/python3.12/site-packages/asyncpg/connection.py", line 657, in _prepare
    stmt = await self._get_statement(
           ^^^^^^^^^^^^^^^^^^^^^^^^^^
  File "/home/andre/Рабочий стол/CRM/venv/lib/python3.12/site-packages/asyncpg/connection.py", line 443, in _get_statement
    statement = await self._protocol.prepare(
                ^^^^^^^^^^^^^^^^^^^^^^^^^^^^^
  File "asyncpg/protocol/protocol.pyx", line 165, in prepare
asyncpg.exceptions.UndefinedTableError: relation "admins" does not exist

The above exception was the direct cause of the following exception:

Traceback (most recent call last):
  File "/home/andre/Рабочий стол/CRM/venv/lib/python3.12/site-packages/sqlalchemy/engine/base.py", line 1969, in _exec_single_context
    self.dialect.do_execute(
  File "/home/andre/Рабочий стол/CRM/venv/lib/python3.12/site-packages/sqlalchemy/engine/default.py", line 922, in do_execute
    cursor.execute(statement, parameters)
  File "/home/andre/Рабочий стол/CRM/venv/lib/python3.12/site-packages/sqlalchemy/dialects/postgresql/asyncpg.py", line 591, in execute
    self._adapt_connection.await_(
  File "/home/andre/Рабочий стол/CRM/venv/lib/python3.12/site-packages/sqlalchemy/util/_concurrency_py3k.py", line 125, in await_only
    return current.driver.switch(awaitable)  # type: ignore[no-any-return]
           ^^^^^^^^^^^^^^^^^^^^^^^^^^^^^^^^
  File "/home/andre/Рабочий стол/CRM/venv/lib/python3.12/site-packages/sqlalchemy/util/_concurrency_py3k.py", line 185, in greenlet_spawn
    value = await result
            ^^^^^^^^^^^^
  File "/home/andre/Рабочий стол/CRM/venv/lib/python3.12/site-packages/sqlalchemy/dialects/postgresql/asyncpg.py", line 569, in _prepare_and_execute
    self._handle_exception(error)
  File "/home/andre/Рабочий стол/CRM/venv/lib/python3.12/site-packages/sqlalchemy/dialects/postgresql/asyncpg.py", line 520, in _handle_exception
    self._adapt_connection._handle_exception(error)
  File "/home/andre/Рабочий стол/CRM/venv/lib/python3.12/site-packages/sqlalchemy/dialects/postgresql/asyncpg.py", line 808, in _handle_exception
    raise translated_error from error
sqlalchemy.dialects.postgresql.asyncpg.AsyncAdapt_asyncpg_dbapi.ProgrammingError: <class 'asyncpg.exceptions.UndefinedTableError'>: relation "admins" does not exist

The above exception was the direct cause of the following exception:

Traceback (most recent call last):
  File "/home/andre/Рабочий стол/CRM/backend/src/core/logging.py", line 49, in dispatch
    response = await call_next(request)
               ^^^^^^^^^^^^^^^^^^^^^^^^
  File "/home/andre/Рабочий стол/CRM/venv/lib/python3.12/site-packages/starlette/middleware/base.py", line 84, in call_next
    raise app_exc
  File "/home/andre/Рабочий стол/CRM/venv/lib/python3.12/site-packages/starlette/middleware/base.py", line 70, in coro
    await self.app(scope, receive_or_disconnect, send_no_error)
  File "/home/andre/Рабочий стол/CRM/venv/lib/python3.12/site-packages/starlette/middleware/exceptions.py", line 79, in __call__
    raise exc
  File "/home/andre/Рабочий стол/CRM/venv/lib/python3.12/site-packages/starlette/middleware/exceptions.py", line 68, in __call__
    await self.app(scope, receive, sender)
  File "/home/andre/Рабочий стол/CRM/venv/lib/python3.12/site-packages/fastapi/middleware/asyncexitstack.py", line 20, in __call__
    raise e
  File "/home/andre/Рабочий стол/CRM/venv/lib/python3.12/site-packages/fastapi/middleware/asyncexitstack.py", line 17, in __call__
    await self.app(scope, receive, send)
  File "/home/andre/Рабочий стол/CRM/venv/lib/python3.12/site-packages/starlette/routing.py", line 718, in __call__
    await route.handle(scope, receive, send)
  File "/home/andre/Рабочий стол/CRM/venv/lib/python3.12/site-packages/starlette/routing.py", line 276, in handle
    await self.app(scope, receive, send)
  File "/home/andre/Рабочий стол/CRM/venv/lib/python3.12/site-packages/starlette/routing.py", line 66, in app
    response = await func(request)
               ^^^^^^^^^^^^^^^^^^^
  File "/home/andre/Рабочий стол/CRM/venv/lib/python3.12/site-packages/fastapi/routing.py", line 274, in app
    raw_response = await run_endpoint_function(
                   ^^^^^^^^^^^^^^^^^^^^^^^^^^^^
  File "/home/andre/Рабочий стол/CRM/venv/lib/python3.12/site-packages/fastapi/routing.py", line 191, in run_endpoint_function
    return await dependant.call(**values)
           ^^^^^^^^^^^^^^^^^^^^^^^^^^^^^^
  File "/home/andre/Рабочий стол/CRM/backend/src/routers/auth.py", line 26, in login
    result = await db.execute(select(Admin).where(Admin.username == login_data.username))
             ^^^^^^^^^^^^^^^^^^^^^^^^^^^^^^^^^^^^^^^^^^^^^^^^^^^^^^^^^^^^^^^^^^^^^^^^^^^^
  File "/home/andre/Рабочий стол/CRM/venv/lib/python3.12/site-packages/sqlalchemy/ext/asyncio/session.py", line 455, in execute
    result = await greenlet_spawn(
             ^^^^^^^^^^^^^^^^^^^^^
  File "/home/andre/Рабочий стол/CRM/venv/lib/python3.12/site-packages/sqlalchemy/util/_concurrency_py3k.py", line 190, in greenlet_spawn
    result = context.throw(*sys.exc_info())
             ^^^^^^^^^^^^^^^^^^^^^^^^^^^^^^
  File "/home/andre/Рабочий стол/CRM/venv/lib/python3.12/site-packages/sqlalchemy/orm/session.py", line 2308, in execute
    return self._execute_internal(
           ^^^^^^^^^^^^^^^^^^^^^^^
  File "/home/andre/Рабочий стол/CRM/venv/lib/python3.12/site-packages/sqlalchemy/orm/session.py", line 2190, in _execute_internal
    result: Result[Any] = compile_state_cls.orm_execute_statement(
                          ^^^^^^^^^^^^^^^^^^^^^^^^^^^^^^^^^^^^^^^^
  File "/home/andre/Рабочий стол/CRM/venv/lib/python3.12/site-packages/sqlalchemy/orm/context.py", line 293, in orm_execute_statement
    result = conn.execute(
             ^^^^^^^^^^^^^
  File "/home/andre/Рабочий стол/CRM/venv/lib/python3.12/site-packages/sqlalchemy/engine/base.py", line 1416, in execute
    return meth(
           ^^^^^
  File "/home/andre/Рабочий стол/CRM/venv/lib/python3.12/site-packages/sqlalchemy/sql/elements.py", line 516, in _execute_on_connection
    return connection._execute_clauseelement(
           ^^^^^^^^^^^^^^^^^^^^^^^^^^^^^^^^^^
  File "/home/andre/Рабочий стол/CRM/venv/lib/python3.12/site-packages/sqlalchemy/engine/base.py", line 1639, in _execute_clauseelement
    ret = self._execute_context(
          ^^^^^^^^^^^^^^^^^^^^^^
  File "/home/andre/Рабочий стол/CRM/venv/lib/python3.12/site-packages/sqlalchemy/engine/base.py", line 1848, in _execute_context
    return self._exec_single_context(
           ^^^^^^^^^^^^^^^^^^^^^^^^^^
  File "/home/andre/Рабочий стол/CRM/venv/lib/python3.12/site-packages/sqlalchemy/engine/base.py", line 1988, in _exec_single_context
    self._handle_dbapi_exception(
  File "/home/andre/Рабочий стол/CRM/venv/lib/python3.12/site-packages/sqlalchemy/engine/base.py", line 2343, in _handle_dbapi_exception
    raise sqlalchemy_exception.with_traceback(exc_info[2]) from e
  File "/home/andre/Рабочий стол/CRM/venv/lib/python3.12/site-packages/sqlalchemy/engine/base.py", line 1969, in _exec_single_context
    self.dialect.do_execute(
  File "/home/andre/Рабочий стол/CRM/venv/lib/python3.12/site-packages/sqlalchemy/engine/default.py", line 922, in do_execute
    cursor.execute(statement, parameters)
  File "/home/andre/Рабочий стол/CRM/venv/lib/python3.12/site-packages/sqlalchemy/dialects/postgresql/asyncpg.py", line 591, in execute
    self._adapt_connection.await_(
  File "/home/andre/Рабочий стол/CRM/venv/lib/python3.12/site-packages/sqlalchemy/util/_concurrency_py3k.py", line 125, in await_only
    return current.driver.switch(awaitable)  # type: ignore[no-any-return]
           ^^^^^^^^^^^^^^^^^^^^^^^^^^^^^^^^
  File "/home/andre/Рабочий стол/CRM/venv/lib/python3.12/site-packages/sqlalchemy/util/_concurrency_py3k.py", line 185, in greenlet_spawn
    value = await result
            ^^^^^^^^^^^^
  File "/home/andre/Рабочий стол/CRM/venv/lib/python3.12/site-packages/sqlalchemy/dialects/postgresql/asyncpg.py", line 569, in _prepare_and_execute
    self._handle_exception(error)
  File "/home/andre/Рабочий стол/CRM/venv/lib/python3.12/site-packages/sqlalchemy/dialects/postgresql/asyncpg.py", line 520, in _handle_exception
    self._adapt_connection._handle_exception(error)
  File "/home/andre/Рабочий стол/CRM/venv/lib/python3.12/site-packages/sqlalchemy/dialects/postgresql/asyncpg.py", line 808, in _handle_exception
    raise translated_error from error
sqlalchemy.exc.ProgrammingError: (sqlalchemy.dialects.postgresql.asyncpg.ProgrammingError) <class 'asyncpg.exceptions.UndefinedTableError'>: relation "admins" does not exist
[SQL: SELECT admins.id, admins.username, admins.password_hash, admins.created_at 
FROM admins 
WHERE admins.username = $1::VARCHAR]
[parameters: ('oleg',)]
(Background on this error at: https://sqlalche.me/e/20/f405)
2026-02-17 08:43:19,520 - sqlalchemy.engine.Engine - INFO - BEGIN (implicit)
2026-02-17 08:43:19,520 - sqlalchemy.engine.Engine - INFO - SELECT admins.id, admins.username, admins.password_hash, admins.created_at 
FROM admins 
WHERE admins.username = $1::VARCHAR
2026-02-17 08:43:19,520 - sqlalchemy.engine.Engine - INFO - [cached since 35.24s ago] ('oleg',)
2026-02-17 08:43:19,521 - sqlalchemy.engine.Engine - INFO - ROLLBACK
2026-02-17 08:43:19,521 - core.logging - ERROR - Unhandled exception: (sqlalchemy.dialects.postgresql.asyncpg.ProgrammingError) <class 'asyncpg.exceptions.UndefinedTableError'>: relation "admins" does not exist
[SQL: SELECT admins.id, admins.username, admins.password_hash, admins.created_at 
FROM admins 
WHERE admins.username = $1::VARCHAR]
[parameters: ('oleg',)]
(Background on this error at: https://sqlalche.me/e/20/f405)
Traceback (most recent call last):
  File "/home/andre/Рабочий стол/CRM/venv/lib/python3.12/site-packages/sqlalchemy/dialects/postgresql/asyncpg.py", line 533, in _prepare_and_execute
    prepared_stmt, attributes = await adapt_connection._prepare(
                                ^^^^^^^^^^^^^^^^^^^^^^^^^^^^^^^^
  File "/home/andre/Рабочий стол/CRM/venv/lib/python3.12/site-packages/sqlalchemy/dialects/postgresql/asyncpg.py", line 784, in _prepare
    prepared_stmt = await self._connection.prepare(
                    ^^^^^^^^^^^^^^^^^^^^^^^^^^^^^^^
  File "/home/andre/Рабочий стол/CRM/venv/lib/python3.12/site-packages/asyncpg/connection.py", line 638, in prepare
    return await self._prepare(
           ^^^^^^^^^^^^^^^^^^^^
  File "/home/andre/Рабочий стол/CRM/venv/lib/python3.12/site-packages/asyncpg/connection.py", line 657, in _prepare
    stmt = await self._get_statement(
           ^^^^^^^^^^^^^^^^^^^^^^^^^^
  File "/home/andre/Рабочий стол/CRM/venv/lib/python3.12/site-packages/asyncpg/connection.py", line 443, in _get_statement
    statement = await self._protocol.prepare(
                ^^^^^^^^^^^^^^^^^^^^^^^^^^^^^
  File "asyncpg/protocol/protocol.pyx", line 165, in prepare
asyncpg.exceptions.UndefinedTableError: relation "admins" does not exist

The above exception was the direct cause of the following exception:

Traceback (most recent call last):
  File "/home/andre/Рабочий стол/CRM/venv/lib/python3.12/site-packages/sqlalchemy/engine/base.py", line 1969, in _exec_single_context
    self.dialect.do_execute(
  File "/home/andre/Рабочий стол/CRM/venv/lib/python3.12/site-packages/sqlalchemy/engine/default.py", line 922, in do_execute
    cursor.execute(statement, parameters)
  File "/home/andre/Рабочий стол/CRM/venv/lib/python3.12/site-packages/sqlalchemy/dialects/postgresql/asyncpg.py", line 591, in execute
    self._adapt_connection.await_(
  File "/home/andre/Рабочий стол/CRM/venv/lib/python3.12/site-packages/sqlalchemy/util/_concurrency_py3k.py", line 125, in await_only
    return current.driver.switch(awaitable)  # type: ignore[no-any-return]
           ^^^^^^^^^^^^^^^^^^^^^^^^^^^^^^^^
  File "/home/andre/Рабочий стол/CRM/venv/lib/python3.12/site-packages/sqlalchemy/util/_concurrency_py3k.py", line 185, in greenlet_spawn
    value = await result
            ^^^^^^^^^^^^
  File "/home/andre/Рабочий стол/CRM/venv/lib/python3.12/site-packages/sqlalchemy/dialects/postgresql/asyncpg.py", line 569, in _prepare_and_execute
    self._handle_exception(error)
  File "/home/andre/Рабочий стол/CRM/venv/lib/python3.12/site-packages/sqlalchemy/dialects/postgresql/asyncpg.py", line 520, in _handle_exception
    self._adapt_connection._handle_exception(error)
  File "/home/andre/Рабочий стол/CRM/venv/lib/python3.12/site-packages/sqlalchemy/dialects/postgresql/asyncpg.py", line 808, in _handle_exception
    raise translated_error from error
sqlalchemy.dialects.postgresql.asyncpg.AsyncAdapt_asyncpg_dbapi.ProgrammingError: <class 'asyncpg.exceptions.UndefinedTableError'>: relation "admins" does not exist

The above exception was the direct cause of the following exception:

Traceback (most recent call last):
  File "/home/andre/Рабочий стол/CRM/backend/src/core/logging.py", line 49, in dispatch
    response = await call_next(request)
               ^^^^^^^^^^^^^^^^^^^^^^^^
  File "/home/andre/Рабочий стол/CRM/venv/lib/python3.12/site-packages/starlette/middleware/base.py", line 84, in call_next
    raise app_exc
  File "/home/andre/Рабочий стол/CRM/venv/lib/python3.12/site-packages/starlette/middleware/base.py", line 70, in coro
    await self.app(scope, receive_or_disconnect, send_no_error)
  File "/home/andre/Рабочий стол/CRM/venv/lib/python3.12/site-packages/starlette/middleware/exceptions.py", line 79, in __call__
    raise exc
  File "/home/andre/Рабочий стол/CRM/venv/lib/python3.12/site-packages/starlette/middleware/exceptions.py", line 68, in __call__
    await self.app(scope, receive, sender)
  File "/home/andre/Рабочий стол/CRM/venv/lib/python3.12/site-packages/fastapi/middleware/asyncexitstack.py", line 20, in __call__
    raise e
  File "/home/andre/Рабочий стол/CRM/venv/lib/python3.12/site-packages/fastapi/middleware/asyncexitstack.py", line 17, in __call__
    await self.app(scope, receive, send)
  File "/home/andre/Рабочий стол/CRM/venv/lib/python3.12/site-packages/starlette/routing.py", line 718, in __call__
    await route.handle(scope, receive, send)
  File "/home/andre/Рабочий стол/CRM/venv/lib/python3.12/site-packages/starlette/routing.py", line 276, in handle
    await self.app(scope, receive, send)
  File "/home/andre/Рабочий стол/CRM/venv/lib/python3.12/site-packages/starlette/routing.py", line 66, in app
    response = await func(request)
               ^^^^^^^^^^^^^^^^^^^
  File "/home/andre/Рабочий стол/CRM/venv/lib/python3.12/site-packages/fastapi/routing.py", line 274, in app
    raw_response = await run_endpoint_function(
                   ^^^^^^^^^^^^^^^^^^^^^^^^^^^^
  File "/home/andre/Рабочий стол/CRM/venv/lib/python3.12/site-packages/fastapi/routing.py", line 191, in run_endpoint_function
    return await dependant.call(**values)
           ^^^^^^^^^^^^^^^^^^^^^^^^^^^^^^
  File "/home/andre/Рабочий стол/CRM/backend/src/routers/auth.py", line 26, in login
    result = await db.execute(select(Admin).where(Admin.username == login_data.username))
             ^^^^^^^^^^^^^^^^^^^^^^^^^^^^^^^^^^^^^^^^^^^^^^^^^^^^^^^^^^^^^^^^^^^^^^^^^^^^
  File "/home/andre/Рабочий стол/CRM/venv/lib/python3.12/site-packages/sqlalchemy/ext/asyncio/session.py", line 455, in execute
    result = await greenlet_spawn(
             ^^^^^^^^^^^^^^^^^^^^^
  File "/home/andre/Рабочий стол/CRM/venv/lib/python3.12/site-packages/sqlalchemy/util/_concurrency_py3k.py", line 190, in greenlet_spawn
    result = context.throw(*sys.exc_info())
             ^^^^^^^^^^^^^^^^^^^^^^^^^^^^^^
  File "/home/andre/Рабочий стол/CRM/venv/lib/python3.12/site-packages/sqlalchemy/orm/session.py", line 2308, in execute
    return self._execute_internal(
           ^^^^^^^^^^^^^^^^^^^^^^^
  File "/home/andre/Рабочий стол/CRM/venv/lib/python3.12/site-packages/sqlalchemy/orm/session.py", line 2190, in _execute_internal
    result: Result[Any] = compile_state_cls.orm_execute_statement(
                          ^^^^^^^^^^^^^^^^^^^^^^^^^^^^^^^^^^^^^^^^
  File "/home/andre/Рабочий стол/CRM/venv/lib/python3.12/site-packages/sqlalchemy/orm/context.py", line 293, in orm_execute_statement
    result = conn.execute(
             ^^^^^^^^^^^^^
  File "/home/andre/Рабочий стол/CRM/venv/lib/python3.12/site-packages/sqlalchemy/engine/base.py", line 1416, in execute
    return meth(
           ^^^^^
  File "/home/andre/Рабочий стол/CRM/venv/lib/python3.12/site-packages/sqlalchemy/sql/elements.py", line 516, in _execute_on_connection
    return connection._execute_clauseelement(
           ^^^^^^^^^^^^^^^^^^^^^^^^^^^^^^^^^^
  File "/home/andre/Рабочий стол/CRM/venv/lib/python3.12/site-packages/sqlalchemy/engine/base.py", line 1639, in _execute_clauseelement
    ret = self._execute_context(
          ^^^^^^^^^^^^^^^^^^^^^^
  File "/home/andre/Рабочий стол/CRM/venv/lib/python3.12/site-packages/sqlalchemy/engine/base.py", line 1848, in _execute_context
    return self._exec_single_context(
           ^^^^^^^^^^^^^^^^^^^^^^^^^^
  File "/home/andre/Рабочий стол/CRM/venv/lib/python3.12/site-packages/sqlalchemy/engine/base.py", line 1988, in _exec_single_context
    self._handle_dbapi_exception(
  File "/home/andre/Рабочий стол/CRM/venv/lib/python3.12/site-packages/sqlalchemy/engine/base.py", line 2343, in _handle_dbapi_exception
    raise sqlalchemy_exception.with_traceback(exc_info[2]) from e
  File "/home/andre/Рабочий стол/CRM/venv/lib/python3.12/site-packages/sqlalchemy/engine/base.py", line 1969, in _exec_single_context
    self.dialect.do_execute(
  File "/home/andre/Рабочий стол/CRM/venv/lib/python3.12/site-packages/sqlalchemy/engine/default.py", line 922, in do_execute
    cursor.execute(statement, parameters)
  File "/home/andre/Рабочий стол/CRM/venv/lib/python3.12/site-packages/sqlalchemy/dialects/postgresql/asyncpg.py", line 591, in execute
    self._adapt_connection.await_(
  File "/home/andre/Рабочий стол/CRM/venv/lib/python3.12/site-packages/sqlalchemy/util/_concurrency_py3k.py", line 125, in await_only
    return current.driver.switch(awaitable)  # type: ignore[no-any-return]
           ^^^^^^^^^^^^^^^^^^^^^^^^^^^^^^^^
  File "/home/andre/Рабочий стол/CRM/venv/lib/python3.12/site-packages/sqlalchemy/util/_concurrency_py3k.py", line 185, in greenlet_spawn
    value = await result
            ^^^^^^^^^^^^
  File "/home/andre/Рабочий стол/CRM/venv/lib/python3.12/site-packages/sqlalchemy/dialects/postgresql/asyncpg.py", line 569, in _prepare_and_execute
    self._handle_exception(error)
  File "/home/andre/Рабочий стол/CRM/venv/lib/python3.12/site-packages/sqlalchemy/dialects/postgresql/asyncpg.py", line 520, in _handle_exception
    self._adapt_connection._handle_exception(error)
  File "/home/andre/Рабочий стол/CRM/venv/lib/python3.12/site-packages/sqlalchemy/dialects/postgresql/asyncpg.py", line 808, in _handle_exception
    raise translated_error from error
sqlalchemy.exc.ProgrammingError: (sqlalchemy.dialects.postgresql.asyncpg.ProgrammingError) <class 'asyncpg.exceptions.UndefinedTableError'>: relation "admins" does not exist
[SQL: SELECT admins.id, admins.username, admins.password_hash, admins.created_at 
FROM admins 
WHERE admins.username = $1::VARCHAR]
[parameters: ('oleg',)]
(Background on this error at: https://sqlalche.me/e/20/f405)
2026-02-17 09:28:54,028 - core.logging - INFO - Starting CRM application
2026-02-17 09:28:54,028 - apscheduler.scheduler - INFO - Adding job tentatively -- it will be properly scheduled when the scheduler starts
2026-02-17 09:28:54,028 - apscheduler.scheduler - INFO - Adding job tentatively -- it will be properly scheduled when the scheduler starts
2026-02-17 09:28:54,028 - apscheduler.scheduler - INFO - Added job "daily_backup_and_report" to job store "default"
2026-02-17 09:28:54,028 - apscheduler.scheduler - INFO - Added job "daily_backup_and_report" to job store "default"
2026-02-17 09:28:54,028 - apscheduler.scheduler - INFO - Scheduler started
2026-02-17 09:28:54,028 - core.logging - INFO - Scheduler started
2026-02-17 10:06:43,643 - sqlalchemy.engine.Engine - INFO - select pg_catalog.version()
2026-02-17 10:06:43,643 - sqlalchemy.engine.Engine - INFO - [raw sql] ()
2026-02-17 10:06:43,644 - sqlalchemy.engine.Engine - INFO - select current_schema()
2026-02-17 10:06:43,644 - sqlalchemy.engine.Engine - INFO - [raw sql] ()
2026-02-17 10:06:43,645 - sqlalchemy.engine.Engine - INFO - show standard_conforming_strings
2026-02-17 10:06:43,645 - sqlalchemy.engine.Engine - INFO - [raw sql] ()
2026-02-17 10:06:43,646 - sqlalchemy.engine.Engine - INFO - BEGIN (implicit)
2026-02-17 10:06:43,654 - sqlalchemy.engine.Engine - INFO - SELECT admins.id, admins.username, admins.password_hash, admins.created_at 
FROM admins
2026-02-17 10:06:43,654 - sqlalchemy.engine.Engine - INFO - [generated in 0.00011s] ()
2026-02-17 10:06:43,866 - sqlalchemy.engine.Engine - INFO - INSERT INTO admins (username, password_hash) VALUES ($1::VARCHAR, $2::VARCHAR) RETURNING admins.id, admins.created_at
2026-02-17 10:06:43,866 - sqlalchemy.engine.Engine - INFO - [generated in 0.00016s] ('admin@mail.com', '$2b$12$8EZLtXHvK6RBNMA3B6lbeux.mkw.LMsUWwKAucb4eMvJW5bJu2er2')
2026-02-17 10:06:43,906 - sqlalchemy.engine.Engine - INFO - COMMIT
2026-02-17 10:06:43,908 - sqlalchemy.engine.Engine - INFO - BEGIN (implicit)
2026-02-17 10:06:43,909 - sqlalchemy.engine.Engine - INFO - SELECT admins.id, admins.username, admins.password_hash, admins.created_at 
FROM admins 
WHERE admins.id = $1::INTEGER
2026-02-17 10:06:43,909 - sqlalchemy.engine.Engine - INFO - [generated in 0.00010s] (1,)
2026-02-17 10:06:43,911 - sqlalchemy.engine.Engine - INFO - ROLLBACK
2026-02-17 10:08:15,555 - sqlalchemy.engine.Engine - INFO - BEGIN (implicit)
2026-02-17 10:08:15,555 - sqlalchemy.engine.Engine - INFO - SELECT admins.id, admins.username, admins.password_hash, admins.created_at 
FROM admins
2026-02-17 10:08:15,555 - sqlalchemy.engine.Engine - INFO - [cached since 91.9s ago] ()
2026-02-17 10:08:15,556 - sqlalchemy.engine.Engine - INFO - ROLLBACK
2026-02-17 10:15:40,826 - core.logging - INFO - Starting CRM application
2026-02-17 10:15:40,826 - apscheduler.scheduler - INFO - Adding job tentatively -- it will be properly scheduled when the scheduler starts
2026-02-17 10:15:40,826 - apscheduler.scheduler - INFO - Adding job tentatively -- it will be properly scheduled when the scheduler starts
2026-02-17 10:15:40,826 - apscheduler.scheduler - INFO - Added job "daily_backup_and_report" to job store "default"
2026-02-17 10:15:40,827 - apscheduler.scheduler - INFO - Added job "daily_backup_and_report" to job store "default"
2026-02-17 10:15:40,827 - apscheduler.scheduler - INFO - Scheduler started
2026-02-17 10:15:40,827 - core.logging - INFO - Scheduler started
2026-02-17 10:21:39,499 - sqlalchemy.engine.Engine - INFO - select pg_catalog.version()
2026-02-17 10:21:39,499 - sqlalchemy.engine.Engine - INFO - [raw sql] ()
2026-02-17 10:21:39,500 - sqlalchemy.engine.Engine - INFO - select current_schema()
2026-02-17 10:21:39,500 - sqlalchemy.engine.Engine - INFO - [raw sql] ()
2026-02-17 10:21:39,501 - sqlalchemy.engine.Engine - INFO - show standard_conforming_strings
2026-02-17 10:21:39,501 - sqlalchemy.engine.Engine - INFO - [raw sql] ()
2026-02-17 10:21:39,501 - sqlalchemy.engine.Engine - INFO - BEGIN (implicit)
2026-02-17 10:21:39,510 - sqlalchemy.engine.Engine - INFO - SELECT admins.id, admins.username, admins.password_hash, admins.created_at 
FROM admins 
WHERE admins.username = $1::VARCHAR
2026-02-17 10:21:39,510 - sqlalchemy.engine.Engine - INFO - [generated in 0.00020s] ('Andre Zhura',)
2026-02-17 10:21:39,513 - sqlalchemy.engine.Engine - INFO - ROLLBACK
2026-02-17 10:24:01,058 - core.logging - INFO - Starting CRM application
2026-02-17 10:24:01,058 - apscheduler.scheduler - INFO - Adding job tentatively -- it will be properly scheduled when the scheduler starts
2026-02-17 10:24:01,058 - apscheduler.scheduler - INFO - Adding job tentatively -- it will be properly scheduled when the scheduler starts
2026-02-17 10:24:01,058 - apscheduler.scheduler - INFO - Added job "daily_backup_and_report" to job store "default"
2026-02-17 10:24:01,058 - apscheduler.scheduler - INFO - Added job "daily_backup_and_report" to job store "default"
2026-02-17 10:24:01,058 - apscheduler.scheduler - INFO - Scheduler started
2026-02-17 10:24:01,058 - core.logging - INFO - Scheduler started
2026-02-17 10:24:05,148 - sqlalchemy.engine.Engine - INFO - select pg_catalog.version()
2026-02-17 10:24:05,149 - sqlalchemy.engine.Engine - INFO - [raw sql] ()
2026-02-17 10:24:05,150 - sqlalchemy.engine.Engine - INFO - select current_schema()
2026-02-17 10:24:05,150 - sqlalchemy.engine.Engine - INFO - [raw sql] ()
2026-02-17 10:24:05,151 - sqlalchemy.engine.Engine - INFO - show standard_conforming_strings
2026-02-17 10:24:05,151 - sqlalchemy.engine.Engine - INFO - [raw sql] ()
2026-02-17 10:24:05,151 - sqlalchemy.engine.Engine - INFO - BEGIN (implicit)
2026-02-17 10:24:05,159 - sqlalchemy.engine.Engine - INFO - SELECT admins.id, admins.username, admins.password_hash, admins.created_at 
FROM admins
2026-02-17 10:24:05,159 - sqlalchemy.engine.Engine - INFO - [generated in 0.00012s] ()
2026-02-17 10:24:05,354 - sqlalchemy.engine.Engine - INFO - INSERT INTO admins (username, password_hash) VALUES ($1::VARCHAR, $2::VARCHAR) RETURNING admins.id, admins.created_at
2026-02-17 10:24:05,354 - sqlalchemy.engine.Engine - INFO - [generated in 0.00018s] ('admin@mail.com', '$2b$12$oHQ6Rrrds5KB7OHtXdRMi.zME3JFAWwSVjTJvDXTMMAZPnLB658lW')
2026-02-17 10:24:05,355 - sqlalchemy.engine.Engine - INFO - COMMIT
2026-02-17 10:24:05,395 - sqlalchemy.engine.Engine - INFO - BEGIN (implicit)
2026-02-17 10:24:05,397 - sqlalchemy.engine.Engine - INFO - SELECT admins.id, admins.username, admins.password_hash, admins.created_at 
FROM admins 
WHERE admins.id = $1::INTEGER
2026-02-17 10:24:05,397 - sqlalchemy.engine.Engine - INFO - [generated in 0.00016s] (2,)
2026-02-17 10:24:05,399 - sqlalchemy.engine.Engine - INFO - ROLLBACK
2026-02-17 10:24:18,657 - sqlalchemy.engine.Engine - INFO - BEGIN (implicit)
2026-02-17 10:24:18,657 - sqlalchemy.engine.Engine - INFO - SELECT admins.id, admins.username, admins.password_hash, admins.created_at 
FROM admins 
WHERE admins.username = $1::VARCHAR
2026-02-17 10:24:18,657 - sqlalchemy.engine.Engine - INFO - [generated in 0.00012s] ('Олег',)
2026-02-17 10:24:18,659 - sqlalchemy.engine.Engine - INFO - ROLLBACK
2026-02-17 10:25:03,710 - core.logging - INFO - Starting CRM application
2026-02-17 10:25:03,710 - apscheduler.scheduler - INFO - Adding job tentatively -- it will be properly scheduled when the scheduler starts
2026-02-17 10:25:03,710 - apscheduler.scheduler - INFO - Adding job tentatively -- it will be properly scheduled when the scheduler starts
2026-02-17 10:25:03,710 - apscheduler.scheduler - INFO - Added job "daily_backup_and_report" to job store "default"
2026-02-17 10:25:03,710 - apscheduler.scheduler - INFO - Added job "daily_backup_and_report" to job store "default"
2026-02-17 10:25:03,710 - apscheduler.scheduler - INFO - Scheduler started
2026-02-17 10:25:03,710 - core.logging - INFO - Scheduler started
2026-02-17 10:25:47,743 - sqlalchemy.engine.Engine - INFO - select pg_catalog.version()
2026-02-17 10:25:47,743 - sqlalchemy.engine.Engine - INFO - [raw sql] ()
2026-02-17 10:25:47,744 - sqlalchemy.engine.Engine - INFO - select current_schema()
2026-02-17 10:25:47,744 - sqlalchemy.engine.Engine - INFO - [raw sql] ()
2026-02-17 10:25:47,746 - sqlalchemy.engine.Engine - INFO - show standard_conforming_strings
2026-02-17 10:25:47,746 - sqlalchemy.engine.Engine - INFO - [raw sql] ()
2026-02-17 10:25:47,746 - sqlalchemy.engine.Engine - INFO - BEGIN (implicit)
2026-02-17 10:25:47,754 - sqlalchemy.engine.Engine - INFO - SELECT admins.id, admins.username, admins.password_hash, admins.created_at 
FROM admins
2026-02-17 10:25:47,754 - sqlalchemy.engine.Engine - INFO - [generated in 0.00014s] ()
2026-02-17 10:25:47,965 - sqlalchemy.engine.Engine - INFO - INSERT INTO admins (username, password_hash) VALUES ($1::VARCHAR, $2::VARCHAR) RETURNING admins.id, admins.created_at
2026-02-17 10:25:47,965 - sqlalchemy.engine.Engine - INFO - [generated in 0.00019s] ('zhura2296@yandex.ru', '$2b$12$61zok6zqrZ2gOIJjYeUytOSsBPdMsEHwv4PZqkg8i7nWOoY2tgKES')
2026-02-17 10:25:47,967 - sqlalchemy.engine.Engine - INFO - COMMIT
2026-02-17 10:25:48,006 - sqlalchemy.engine.Engine - INFO - BEGIN (implicit)
2026-02-17 10:25:48,007 - sqlalchemy.engine.Engine - INFO - SELECT admins.id, admins.username, admins.password_hash, admins.created_at 
FROM admins 
WHERE admins.id = $1::INTEGER
2026-02-17 10:25:48,007 - sqlalchemy.engine.Engine - INFO - [generated in 0.00011s] (3,)
2026-02-17 10:25:48,009 - sqlalchemy.engine.Engine - INFO - ROLLBACK
2026-02-17 10:26:04,923 - sqlalchemy.engine.Engine - INFO - BEGIN (implicit)
2026-02-17 10:26:04,923 - sqlalchemy.engine.Engine - INFO - SELECT admins.id, admins.username, admins.password_hash, admins.created_at 
FROM admins 
WHERE admins.username = $1::VARCHAR
2026-02-17 10:26:04,924 - sqlalchemy.engine.Engine - INFO - [generated in 0.00041s] ('Андрей',)
2026-02-17 10:26:04,925 - sqlalchemy.engine.Engine - INFO - ROLLBACK
2026-02-17 10:26:15,405 - sqlalchemy.engine.Engine - INFO - BEGIN (implicit)
2026-02-17 10:26:15,405 - sqlalchemy.engine.Engine - INFO - SELECT admins.id, admins.username, admins.password_hash, admins.created_at 
FROM admins 
WHERE admins.username = $1::VARCHAR
2026-02-17 10:26:15,406 - sqlalchemy.engine.Engine - INFO - [cached since 10.48s ago] ('zhura2296@yandex.ru',)
2026-02-17 10:26:15,658 - sqlalchemy.engine.Engine - INFO - ROLLBACK
2026-02-17 11:13:29,415 - sqlalchemy.engine.Engine - INFO - BEGIN (implicit)
2026-02-17 11:13:29,416 - sqlalchemy.engine.Engine - INFO - SELECT admins.id, admins.username, admins.password_hash, admins.created_at 
FROM admins 
WHERE admins.username = $1::VARCHAR
2026-02-17 11:13:29,416 - sqlalchemy.engine.Engine - INFO - [cached since 2844s ago] ('zhura2296@yandex.ru',)
2026-02-17 11:13:29,624 - sqlalchemy.engine.Engine - INFO - ROLLBACK
2026-02-17 11:24:55,281 - core.logging - INFO - Starting CRM application
2026-02-17 11:24:55,282 - apscheduler.scheduler - INFO - Adding job tentatively -- it will be properly scheduled when the scheduler starts
2026-02-17 11:24:55,282 - apscheduler.scheduler - INFO - Adding job tentatively -- it will be properly scheduled when the scheduler starts
2026-02-17 11:24:55,282 - apscheduler.scheduler - INFO - Added job "daily_backup_and_report" to job store "default"
2026-02-17 11:24:55,282 - apscheduler.scheduler - INFO - Added job "daily_backup_and_report" to job store "default"
2026-02-17 11:24:55,282 - apscheduler.scheduler - INFO - Scheduler started
2026-02-17 11:24:55,282 - core.logging - INFO - Scheduler started
2026-02-17 11:24:57,960 - sqlalchemy.engine.Engine - INFO - select pg_catalog.version()
2026-02-17 11:24:57,960 - sqlalchemy.engine.Engine - INFO - [raw sql] ()
2026-02-17 11:24:57,961 - sqlalchemy.engine.Engine - INFO - select current_schema()
2026-02-17 11:24:57,961 - sqlalchemy.engine.Engine - INFO - [raw sql] ()
2026-02-17 11:24:57,962 - sqlalchemy.engine.Engine - INFO - show standard_conforming_strings
2026-02-17 11:24:57,962 - sqlalchemy.engine.Engine - INFO - [raw sql] ()
2026-02-17 11:24:57,963 - sqlalchemy.engine.Engine - INFO - BEGIN (implicit)
2026-02-17 11:24:57,971 - sqlalchemy.engine.Engine - INFO - SELECT admins.id, admins.username, admins.password_hash, admins.created_at 
FROM admins 
WHERE admins.username = $1::VARCHAR
2026-02-17 11:24:57,971 - sqlalchemy.engine.Engine - INFO - [generated in 0.00017s] ('zhura2296@yandex.ru',)
2026-02-17 11:24:58,203 - sqlalchemy.engine.Engine - INFO - ROLLBACK
2026-02-17 11:25:00,256 - sqlalchemy.engine.Engine - INFO - BEGIN (implicit)
2026-02-17 11:25:00,258 - sqlalchemy.engine.Engine - INFO - SELECT orders.id, orders.client_id, orders.installer_id, orders.status, orders.service_type, orders.warehouse, orders.service_datetime, orders.delivery_datetime, orders.promise, orders.marker_color, orders.address_text, orders.created_at, orders.updated_at 
FROM orders 
 LIMIT $1::INTEGER OFFSET $2::INTEGER
2026-02-17 11:25:00,258 - sqlalchemy.engine.Engine - INFO - [generated in 0.00017s] (100, 0)
2026-02-17 11:25:00,272 - sqlalchemy.engine.Engine - INFO - ROLLBACK
2026-02-17 11:25:00,293 - sqlalchemy.engine.Engine - INFO - BEGIN (implicit)
2026-02-17 11:25:00,293 - sqlalchemy.engine.Engine - INFO - SELECT orders.id, orders.client_id, orders.installer_id, orders.status, orders.service_type, orders.warehouse, orders.service_datetime, orders.delivery_datetime, orders.promise, orders.marker_color, orders.address_text, orders.created_at, orders.updated_at 
FROM orders 
 LIMIT $1::INTEGER OFFSET $2::INTEGER
2026-02-17 11:25:00,293 - sqlalchemy.engine.Engine - INFO - [cached since 0.03537s ago] (100, 0)
2026-02-17 11:25:00,304 - sqlalchemy.engine.Engine - INFO - ROLLBACK
2026-02-17 11:25:49,162 - sqlalchemy.engine.Engine - INFO - BEGIN (implicit)
2026-02-17 11:25:49,162 - sqlalchemy.engine.Engine - INFO - SELECT admins.id, admins.username, admins.password_hash, admins.created_at 
FROM admins 
WHERE admins.username = $1::VARCHAR
2026-02-17 11:25:49,162 - sqlalchemy.engine.Engine - INFO - [cached since 51.19s ago] ('zhura2296@yandex.ru',)
2026-02-17 11:25:49,164 - sqlalchemy.engine.Engine - INFO - INSERT INTO clients (full_name, phone, address, coordinates, comments, updated_at, backup_phone, deleted_at) VALUES ($1::VARCHAR, $2::VARCHAR, $3::VARCHAR, $4, $5::VARCHAR, $6::TIMESTAMP WITH TIME ZONE, $7::VARCHAR, $8::TIMESTAMP WITH TIME ZONE) RETURNING clients.id, clients.created_at, clients.last_contact
2026-02-17 11:25:49,164 - sqlalchemy.engine.Engine - INFO - [generated in 0.00014s] ('Журавлев Андрей Михайлович', '+79153227045', 'мытищи1-й Рупасовский, ПГСК №41 переулок', None, 'dfsgdfs', None, None, None)
2026-02-17 11:25:49,166 - sqlalchemy.engine.Engine - INFO - COMMIT
2026-02-17 11:25:49,168 - sqlalchemy.engine.Engine - INFO - BEGIN (implicit)
2026-02-17 11:25:49,168 - sqlalchemy.engine.Engine - INFO - SELECT clients.id, clients.full_name, clients.phone, clients.address, clients.coordinates, clients.created_at, clients.last_contact, clients.comments, clients.updated_at, clients.backup_phone, clients.deleted_at 
FROM clients 
WHERE clients.id = $1::INTEGER
2026-02-17 11:25:49,169 - sqlalchemy.engine.Engine - INFO - [generated in 0.00012s] (1,)
2026-02-17 11:25:49,170 - sqlalchemy.engine.Engine - INFO - ROLLBACK
2026-02-17 11:25:49,173 - sqlalchemy.engine.Engine - INFO - BEGIN (implicit)
2026-02-17 11:25:49,174 - sqlalchemy.engine.Engine - INFO - INSERT INTO orders (client_id, installer_id, status, service_type, warehouse, service_datetime, delivery_datetime, promise, marker_color, address_text) VALUES ($1::INTEGER, $2::INTEGER, $3::order_status, $4::VARCHAR, $5::VARCHAR, $6::TIMESTAMP WITHOUT TIME ZONE, $7::TIMESTAMP WITHOUT TIME ZONE, $8::VARCHAR, $9::VARCHAR, $10::VARCHAR) RETURNING orders.id, orders.created_at, orders.updated_at
2026-02-17 11:25:49,174 - sqlalchemy.engine.Engine - INFO - [generated in 0.00015s] (1, None, 'Новый', 'Electrolux EACS-09HSK/N3_24Y', 'Основной', datetime.datetime(2026, 2, 17, 8, 25, 49, 171000, tzinfo=TzInfo(0)), None, 'dfgsgdfs', None, None)
2026-02-17 11:25:49,175 - sqlalchemy.engine.Engine - INFO - ROLLBACK
2026-02-17 11:25:49,175 - core.logging - ERROR - Unhandled exception: (sqlalchemy.dialects.postgresql.asyncpg.Error) <class 'asyncpg.exceptions.DataError'>: invalid input for query argument $6: datetime.datetime(2026, 2, 17, 8, 25, 49... (can't subtract offset-naive and offset-aware datetimes)
[SQL: INSERT INTO orders (client_id, installer_id, status, service_type, warehouse, service_datetime, delivery_datetime, promise, marker_color, address_text) VALUES ($1::INTEGER, $2::INTEGER, $3::order_status, $4::VARCHAR, $5::VARCHAR, $6::TIMESTAMP WITHOUT TIME ZONE, $7::TIMESTAMP WITHOUT TIME ZONE, $8::VARCHAR, $9::VARCHAR, $10::VARCHAR) RETURNING orders.id, orders.created_at, orders.updated_at]
[parameters: (1, None, 'Новый', 'Electrolux EACS-09HSK/N3_24Y', 'Основной', datetime.datetime(2026, 2, 17, 8, 25, 49, 171000, tzinfo=TzInfo(0)), None, 'dfgsgdfs', None, None)]
(Background on this error at: https://sqlalche.me/e/20/dbapi)
Traceback (most recent call last):
  File "asyncpg/protocol/prepared_stmt.pyx", line 175, in asyncpg.protocol.protocol.PreparedStatementState._encode_bind_msg
  File "asyncpg/protocol/codecs/base.pyx", line 251, in asyncpg.protocol.protocol.Codec.encode
  File "asyncpg/protocol/codecs/base.pyx", line 153, in asyncpg.protocol.protocol.Codec.encode_scalar
  File "asyncpg/pgproto/codecs/datetime.pyx", line 152, in asyncpg.pgproto.pgproto.timestamp_encode
TypeError: can't subtract offset-naive and offset-aware datetimes

The above exception was the direct cause of the following exception:

Traceback (most recent call last):
  File "/home/andre/Рабочий стол/CRM/venv/lib/python3.12/site-packages/sqlalchemy/dialects/postgresql/asyncpg.py", line 557, in _prepare_and_execute
    self._rows = await prepared_stmt.fetch(*parameters)
                 ^^^^^^^^^^^^^^^^^^^^^^^^^^^^^^^^^^^^^^
  File "/home/andre/Рабочий стол/CRM/venv/lib/python3.12/site-packages/asyncpg/prepared_stmt.py", line 177, in fetch
    data = await self.__bind_execute(args, 0, timeout)
           ^^^^^^^^^^^^^^^^^^^^^^^^^^^^^^^^^^^^^^^^^^^
  File "/home/andre/Рабочий стол/CRM/venv/lib/python3.12/site-packages/asyncpg/prepared_stmt.py", line 268, in __bind_execute
    data, status, _ = await self.__do_execute(
                      ^^^^^^^^^^^^^^^^^^^^^^^^
  File "/home/andre/Рабочий стол/CRM/venv/lib/python3.12/site-packages/asyncpg/prepared_stmt.py", line 257, in __do_execute
    return await executor(protocol)
           ^^^^^^^^^^^^^^^^^^^^^^^^
  File "asyncpg/protocol/protocol.pyx", line 184, in bind_execute
  File "asyncpg/protocol/prepared_stmt.pyx", line 204, in asyncpg.protocol.protocol.PreparedStatementState._encode_bind_msg
asyncpg.exceptions.DataError: invalid input for query argument $6: datetime.datetime(2026, 2, 17, 8, 25, 49... (can't subtract offset-naive and offset-aware datetimes)

The above exception was the direct cause of the following exception:

Traceback (most recent call last):
  File "/home/andre/Рабочий стол/CRM/venv/lib/python3.12/site-packages/sqlalchemy/engine/base.py", line 1969, in _exec_single_context
    self.dialect.do_execute(
  File "/home/andre/Рабочий стол/CRM/venv/lib/python3.12/site-packages/sqlalchemy/engine/default.py", line 922, in do_execute
    cursor.execute(statement, parameters)
  File "/home/andre/Рабочий стол/CRM/venv/lib/python3.12/site-packages/sqlalchemy/dialects/postgresql/asyncpg.py", line 591, in execute
    self._adapt_connection.await_(
  File "/home/andre/Рабочий стол/CRM/venv/lib/python3.12/site-packages/sqlalchemy/util/_concurrency_py3k.py", line 125, in await_only
    return current.driver.switch(awaitable)  # type: ignore[no-any-return]
           ^^^^^^^^^^^^^^^^^^^^^^^^^^^^^^^^
  File "/home/andre/Рабочий стол/CRM/venv/lib/python3.12/site-packages/sqlalchemy/util/_concurrency_py3k.py", line 185, in greenlet_spawn
    value = await result
            ^^^^^^^^^^^^
  File "/home/andre/Рабочий стол/CRM/venv/lib/python3.12/site-packages/sqlalchemy/dialects/postgresql/asyncpg.py", line 569, in _prepare_and_execute
    self._handle_exception(error)
  File "/home/andre/Рабочий стол/CRM/venv/lib/python3.12/site-packages/sqlalchemy/dialects/postgresql/asyncpg.py", line 520, in _handle_exception
    self._adapt_connection._handle_exception(error)
  File "/home/andre/Рабочий стол/CRM/venv/lib/python3.12/site-packages/sqlalchemy/dialects/postgresql/asyncpg.py", line 808, in _handle_exception
    raise translated_error from error
sqlalchemy.dialects.postgresql.asyncpg.AsyncAdapt_asyncpg_dbapi.Error: <class 'asyncpg.exceptions.DataError'>: invalid input for query argument $6: datetime.datetime(2026, 2, 17, 8, 25, 49... (can't subtract offset-naive and offset-aware datetimes)

The above exception was the direct cause of the following exception:

Traceback (most recent call last):
  File "/home/andre/Рабочий стол/CRM/backend/src/core/logging.py", line 49, in dispatch
    response = await call_next(request)
               ^^^^^^^^^^^^^^^^^^^^^^^^
  File "/home/andre/Рабочий стол/CRM/venv/lib/python3.12/site-packages/starlette/middleware/base.py", line 84, in call_next
    raise app_exc
  File "/home/andre/Рабочий стол/CRM/venv/lib/python3.12/site-packages/starlette/middleware/base.py", line 70, in coro
    await self.app(scope, receive_or_disconnect, send_no_error)
  File "/home/andre/Рабочий стол/CRM/venv/lib/python3.12/site-packages/starlette/middleware/exceptions.py", line 79, in __call__
    raise exc
  File "/home/andre/Рабочий стол/CRM/venv/lib/python3.12/site-packages/starlette/middleware/exceptions.py", line 68, in __call__
    await self.app(scope, receive, sender)
  File "/home/andre/Рабочий стол/CRM/venv/lib/python3.12/site-packages/fastapi/middleware/asyncexitstack.py", line 20, in __call__
    raise e
  File "/home/andre/Рабочий стол/CRM/venv/lib/python3.12/site-packages/fastapi/middleware/asyncexitstack.py", line 17, in __call__
    await self.app(scope, receive, send)
  File "/home/andre/Рабочий стол/CRM/venv/lib/python3.12/site-packages/starlette/routing.py", line 718, in __call__
    await route.handle(scope, receive, send)
  File "/home/andre/Рабочий стол/CRM/venv/lib/python3.12/site-packages/starlette/routing.py", line 276, in handle
    await self.app(scope, receive, send)
  File "/home/andre/Рабочий стол/CRM/venv/lib/python3.12/site-packages/starlette/routing.py", line 66, in app
    response = await func(request)
               ^^^^^^^^^^^^^^^^^^^
  File "/home/andre/Рабочий стол/CRM/venv/lib/python3.12/site-packages/fastapi/routing.py", line 274, in app
    raw_response = await run_endpoint_function(
                   ^^^^^^^^^^^^^^^^^^^^^^^^^^^^
  File "/home/andre/Рабочий стол/CRM/venv/lib/python3.12/site-packages/fastapi/routing.py", line 191, in run_endpoint_function
    return await dependant.call(**values)
           ^^^^^^^^^^^^^^^^^^^^^^^^^^^^^^
  File "/home/andre/Рабочий стол/CRM/backend/src/routers/orders.py", line 17, in create_order_endpoint
    return await create_order(db, order)
           ^^^^^^^^^^^^^^^^^^^^^^^^^^^^^
  File "/home/andre/Рабочий стол/CRM/backend/src/services/orders.py", line 16, in create_order
    await db.flush()  # чтобы получить id заказа, но не коммитить
    ^^^^^^^^^^^^^^^^
  File "/home/andre/Рабочий стол/CRM/venv/lib/python3.12/site-packages/sqlalchemy/ext/asyncio/session.py", line 802, in flush
    await greenlet_spawn(self.sync_session.flush, objects=objects)
  File "/home/andre/Рабочий стол/CRM/venv/lib/python3.12/site-packages/sqlalchemy/util/_concurrency_py3k.py", line 192, in greenlet_spawn
    result = context.switch(value)
             ^^^^^^^^^^^^^^^^^^^^^
  File "/home/andre/Рабочий стол/CRM/venv/lib/python3.12/site-packages/sqlalchemy/orm/session.py", line 4312, in flush
    self._flush(objects)
  File "/home/andre/Рабочий стол/CRM/venv/lib/python3.12/site-packages/sqlalchemy/orm/session.py", line 4447, in _flush
    with util.safe_reraise():
  File "/home/andre/Рабочий стол/CRM/venv/lib/python3.12/site-packages/sqlalchemy/util/langhelpers.py", line 146, in __exit__
    raise exc_value.with_traceback(exc_tb)
  File "/home/andre/Рабочий стол/CRM/venv/lib/python3.12/site-packages/sqlalchemy/orm/session.py", line 4408, in _flush
    flush_context.execute()
  File "/home/andre/Рабочий стол/CRM/venv/lib/python3.12/site-packages/sqlalchemy/orm/unitofwork.py", line 466, in execute
    rec.execute(self)
  File "/home/andre/Рабочий стол/CRM/venv/lib/python3.12/site-packages/sqlalchemy/orm/unitofwork.py", line 642, in execute
    util.preloaded.orm_persistence.save_obj(
  File "/home/andre/Рабочий стол/CRM/venv/lib/python3.12/site-packages/sqlalchemy/orm/persistence.py", line 93, in save_obj
    _emit_insert_statements(
  File "/home/andre/Рабочий стол/CRM/venv/lib/python3.12/site-packages/sqlalchemy/orm/persistence.py", line 1226, in _emit_insert_statements
    result = connection.execute(
             ^^^^^^^^^^^^^^^^^^^
  File "/home/andre/Рабочий стол/CRM/venv/lib/python3.12/site-packages/sqlalchemy/engine/base.py", line 1416, in execute
    return meth(
           ^^^^^
  File "/home/andre/Рабочий стол/CRM/venv/lib/python3.12/site-packages/sqlalchemy/sql/elements.py", line 516, in _execute_on_connection
    return connection._execute_clauseelement(
           ^^^^^^^^^^^^^^^^^^^^^^^^^^^^^^^^^^
  File "/home/andre/Рабочий стол/CRM/venv/lib/python3.12/site-packages/sqlalchemy/engine/base.py", line 1639, in _execute_clauseelement
    ret = self._execute_context(
          ^^^^^^^^^^^^^^^^^^^^^^
  File "/home/andre/Рабочий стол/CRM/venv/lib/python3.12/site-packages/sqlalchemy/engine/base.py", line 1848, in _execute_context
    return self._exec_single_context(
           ^^^^^^^^^^^^^^^^^^^^^^^^^^
  File "/home/andre/Рабочий стол/CRM/venv/lib/python3.12/site-packages/sqlalchemy/engine/base.py", line 1988, in _exec_single_context
    self._handle_dbapi_exception(
  File "/home/andre/Рабочий стол/CRM/venv/lib/python3.12/site-packages/sqlalchemy/engine/base.py", line 2343, in _handle_dbapi_exception
    raise sqlalchemy_exception.with_traceback(exc_info[2]) from e
  File "/home/andre/Рабочий стол/CRM/venv/lib/python3.12/site-packages/sqlalchemy/engine/base.py", line 1969, in _exec_single_context
    self.dialect.do_execute(
  File "/home/andre/Рабочий стол/CRM/venv/lib/python3.12/site-packages/sqlalchemy/engine/default.py", line 922, in do_execute
    cursor.execute(statement, parameters)
  File "/home/andre/Рабочий стол/CRM/venv/lib/python3.12/site-packages/sqlalchemy/dialects/postgresql/asyncpg.py", line 591, in execute
    self._adapt_connection.await_(
  File "/home/andre/Рабочий стол/CRM/venv/lib/python3.12/site-packages/sqlalchemy/util/_concurrency_py3k.py", line 125, in await_only
    return current.driver.switch(awaitable)  # type: ignore[no-any-return]
           ^^^^^^^^^^^^^^^^^^^^^^^^^^^^^^^^
  File "/home/andre/Рабочий стол/CRM/venv/lib/python3.12/site-packages/sqlalchemy/util/_concurrency_py3k.py", line 185, in greenlet_spawn
    value = await result
            ^^^^^^^^^^^^
  File "/home/andre/Рабочий стол/CRM/venv/lib/python3.12/site-packages/sqlalchemy/dialects/postgresql/asyncpg.py", line 569, in _prepare_and_execute
    self._handle_exception(error)
  File "/home/andre/Рабочий стол/CRM/venv/lib/python3.12/site-packages/sqlalchemy/dialects/postgresql/asyncpg.py", line 520, in _handle_exception
    self._adapt_connection._handle_exception(error)
  File "/home/andre/Рабочий стол/CRM/venv/lib/python3.12/site-packages/sqlalchemy/dialects/postgresql/asyncpg.py", line 808, in _handle_exception
    raise translated_error from error
sqlalchemy.exc.DBAPIError: (sqlalchemy.dialects.postgresql.asyncpg.Error) <class 'asyncpg.exceptions.DataError'>: invalid input for query argument $6: datetime.datetime(2026, 2, 17, 8, 25, 49... (can't subtract offset-naive and offset-aware datetimes)
[SQL: INSERT INTO orders (client_id, installer_id, status, service_type, warehouse, service_datetime, delivery_datetime, promise, marker_color, address_text) VALUES ($1::INTEGER, $2::INTEGER, $3::order_status, $4::VARCHAR, $5::VARCHAR, $6::TIMESTAMP WITHOUT TIME ZONE, $7::TIMESTAMP WITHOUT TIME ZONE, $8::VARCHAR, $9::VARCHAR, $10::VARCHAR) RETURNING orders.id, orders.created_at, orders.updated_at]
[parameters: (1, None, 'Новый', 'Electrolux EACS-09HSK/N3_24Y', 'Основной', datetime.datetime(2026, 2, 17, 8, 25, 49, 171000, tzinfo=TzInfo(0)), None, 'dfgsgdfs', None, None)]
(Background on this error at: https://sqlalche.me/e/20/dbapi)
2026-02-17 11:25:51,326 - sqlalchemy.engine.Engine - INFO - BEGIN (implicit)
2026-02-17 11:25:51,326 - sqlalchemy.engine.Engine - INFO - SELECT orders.id, orders.client_id, orders.installer_id, orders.status, orders.service_type, orders.warehouse, orders.service_datetime, orders.delivery_datetime, orders.promise, orders.marker_color, orders.address_text, orders.created_at, orders.updated_at 
FROM orders 
 LIMIT $1::INTEGER OFFSET $2::INTEGER
2026-02-17 11:25:51,326 - sqlalchemy.engine.Engine - INFO - [cached since 51.07s ago] (100, 0)
2026-02-17 11:25:51,328 - sqlalchemy.engine.Engine - INFO - ROLLBACK
2026-02-17 11:25:51,329 - sqlalchemy.engine.Engine - INFO - BEGIN (implicit)
2026-02-17 11:25:51,329 - sqlalchemy.engine.Engine - INFO - SELECT orders.id, orders.client_id, orders.installer_id, orders.status, orders.service_type, orders.warehouse, orders.service_datetime, orders.delivery_datetime, orders.promise, orders.marker_color, orders.address_text, orders.created_at, orders.updated_at 
FROM orders 
 LIMIT $1::INTEGER OFFSET $2::INTEGER
2026-02-17 11:25:51,329 - sqlalchemy.engine.Engine - INFO - [cached since 51.07s ago] (100, 0)
2026-02-17 11:25:51,331 - sqlalchemy.engine.Engine - INFO - ROLLBACK
2026-02-17 11:25:58,916 - sqlalchemy.engine.Engine - INFO - BEGIN (implicit)
2026-02-17 11:25:58,916 - sqlalchemy.engine.Engine - INFO - SELECT orders.id, orders.client_id, orders.installer_id, orders.status, orders.service_type, orders.warehouse, orders.service_datetime, orders.delivery_datetime, orders.promise, orders.marker_color, orders.address_text, orders.created_at, orders.updated_at 
FROM orders 
 LIMIT $1::INTEGER OFFSET $2::INTEGER
2026-02-17 11:25:58,916 - sqlalchemy.engine.Engine - INFO - [cached since 58.66s ago] (100, 0)
2026-02-17 11:25:58,918 - sqlalchemy.engine.Engine - INFO - ROLLBACK
2026-02-17 11:25:58,919 - sqlalchemy.engine.Engine - INFO - BEGIN (implicit)
2026-02-17 11:25:58,919 - sqlalchemy.engine.Engine - INFO - SELECT orders.id, orders.client_id, orders.installer_id, orders.status, orders.service_type, orders.warehouse, orders.service_datetime, orders.delivery_datetime, orders.promise, orders.marker_color, orders.address_text, orders.created_at, orders.updated_at 
FROM orders 
 LIMIT $1::INTEGER OFFSET $2::INTEGER
2026-02-17 11:25:58,919 - sqlalchemy.engine.Engine - INFO - [cached since 58.66s ago] (100, 0)
2026-02-17 11:25:58,920 - sqlalchemy.engine.Engine - INFO - ROLLBACK
2026-02-17 11:26:08,335 - sqlalchemy.engine.Engine - INFO - BEGIN (implicit)
2026-02-17 11:26:08,335 - sqlalchemy.engine.Engine - INFO - SELECT admins.id, admins.username, admins.password_hash, admins.created_at 
FROM admins 
WHERE admins.username = $1::VARCHAR
2026-02-17 11:26:08,336 - sqlalchemy.engine.Engine - INFO - [cached since 70.36s ago] ('zhura2296@yandex.ru',)
2026-02-17 11:26:08,340 - sqlalchemy.engine.Engine - INFO - SELECT installers.id, installers.full_name, installers.nickname, installers.phone, installers.backup_phone, installers.specialization, installers.rating, installers.base_price, installers.is_debtor, installers.comments, installers.is_active, installers.is_in_funnel, installers.total_orders, installers.poor_work_count, installers.warranty_visits_count, installers.last_incident_date, installers.updated_at, installers.created_at, installers.deleted_at 
FROM installers 
WHERE installers.deleted_at IS NULL 
 LIMIT $1::INTEGER OFFSET $2::INTEGER
2026-02-17 11:26:08,341 - sqlalchemy.engine.Engine - INFO - [generated in 0.00015s] (100, 0)
2026-02-17 11:26:08,342 - sqlalchemy.engine.Engine - INFO - ROLLBACK
2026-02-17 11:26:08,343 - sqlalchemy.engine.Engine - INFO - BEGIN (implicit)
2026-02-17 11:26:08,343 - sqlalchemy.engine.Engine - INFO - SELECT admins.id, admins.username, admins.password_hash, admins.created_at 
FROM admins 
WHERE admins.username = $1::VARCHAR
2026-02-17 11:26:08,343 - sqlalchemy.engine.Engine - INFO - [cached since 70.37s ago] ('zhura2296@yandex.ru',)
2026-02-17 11:26:08,344 - sqlalchemy.engine.Engine - INFO - SELECT installers.id, installers.full_name, installers.nickname, installers.phone, installers.backup_phone, installers.specialization, installers.rating, installers.base_price, installers.is_debtor, installers.comments, installers.is_active, installers.is_in_funnel, installers.total_orders, installers.poor_work_count, installers.warranty_visits_count, installers.last_incident_date, installers.updated_at, installers.created_at, installers.deleted_at 
FROM installers 
WHERE installers.deleted_at IS NULL 
 LIMIT $1::INTEGER OFFSET $2::INTEGER
2026-02-17 11:26:08,344 - sqlalchemy.engine.Engine - INFO - [cached since 0.004035s ago] (100, 0)
2026-02-17 11:26:08,346 - sqlalchemy.engine.Engine - INFO - ROLLBACK
2026-02-17 11:26:33,014 - sqlalchemy.engine.Engine - INFO - BEGIN (implicit)
2026-02-17 11:26:33,015 - sqlalchemy.engine.Engine - INFO - SELECT admins.id, admins.username, admins.password_hash, admins.created_at 
FROM admins 
WHERE admins.username = $1::VARCHAR
2026-02-17 11:26:33,015 - sqlalchemy.engine.Engine - INFO - [cached since 95.04s ago] ('zhura2296@yandex.ru',)
2026-02-17 11:26:33,017 - sqlalchemy.engine.Engine - INFO - INSERT INTO installers (full_name, nickname, phone, backup_phone, specialization, rating, base_price, is_debtor, comments, is_active, is_in_funnel, total_orders, poor_work_count, warranty_visits_count, last_incident_date, deleted_at) VALUES ($1::VARCHAR, $2::VARCHAR, $3::VARCHAR, $4::VARCHAR, $5::VARCHAR[], $6::NUMERIC(3, 1), $7::NUMERIC(10, 2), $8::BOOLEAN, $9::VARCHAR, $10::BOOLEAN, $11::BOOLEAN, $12::INTEGER, $13::INTEGER, $14::INTEGER, $15::TIMESTAMP WITH TIME ZONE, $16::TIMESTAMP WITH TIME ZONE) RETURNING installers.id, installers.updated_at, installers.created_at
2026-02-17 11:26:33,017 - sqlalchemy.engine.Engine - INFO - [generated in 0.00026s] ('Петров Олег Юрьевич', 'Иваныч', '+79153278566', '89153227089', ['Космонавт'], 10.0, 14999.99, True, '32423', True, True, 0, 0, 0, None, None)
2026-02-17 11:26:33,025 - sqlalchemy.engine.Engine - INFO - COMMIT
2026-02-17 11:26:33,026 - sqlalchemy.engine.Engine - INFO - BEGIN (implicit)
2026-02-17 11:26:33,027 - sqlalchemy.engine.Engine - INFO - SELECT installers.id, installers.full_name, installers.nickname, installers.phone, installers.backup_phone, installers.specialization, installers.rating, installers.base_price, installers.is_debtor, installers.comments, installers.is_active, installers.is_in_funnel, installers.total_orders, installers.poor_work_count, installers.warranty_visits_count, installers.last_incident_date, installers.updated_at, installers.created_at, installers.deleted_at 
FROM installers 
WHERE installers.id = $1::INTEGER
2026-02-17 11:26:33,027 - sqlalchemy.engine.Engine - INFO - [generated in 0.00012s] (1,)
2026-02-17 11:26:33,074 - sqlalchemy.engine.Engine - INFO - ROLLBACK
2026-02-17 11:26:33,102 - sqlalchemy.engine.Engine - INFO - BEGIN (implicit)
2026-02-17 11:26:33,103 - sqlalchemy.engine.Engine - INFO - SELECT admins.id, admins.username, admins.password_hash, admins.created_at 
FROM admins 
WHERE admins.username = $1::VARCHAR
2026-02-17 11:26:33,103 - sqlalchemy.engine.Engine - INFO - [cached since 95.13s ago] ('zhura2296@yandex.ru',)
2026-02-17 11:26:33,104 - sqlalchemy.engine.Engine - INFO - SELECT installers.id, installers.full_name, installers.nickname, installers.phone, installers.backup_phone, installers.specialization, installers.rating, installers.base_price, installers.is_debtor, installers.comments, installers.is_active, installers.is_in_funnel, installers.total_orders, installers.poor_work_count, installers.warranty_visits_count, installers.last_incident_date, installers.updated_at, installers.created_at, installers.deleted_at 
FROM installers 
WHERE installers.deleted_at IS NULL 
 LIMIT $1::INTEGER OFFSET $2::INTEGER
2026-02-17 11:26:33,104 - sqlalchemy.engine.Engine - INFO - [cached since 24.76s ago] (100, 0)
2026-02-17 11:26:33,106 - sqlalchemy.engine.Engine - INFO - ROLLBACK
2026-02-17 11:26:33,109 - sqlalchemy.engine.Engine - INFO - BEGIN (implicit)
2026-02-17 11:26:33,109 - sqlalchemy.engine.Engine - INFO - SELECT admins.id, admins.username, admins.password_hash, admins.created_at 
FROM admins 
WHERE admins.username = $1::VARCHAR
2026-02-17 11:26:33,109 - sqlalchemy.engine.Engine - INFO - [cached since 95.14s ago] ('zhura2296@yandex.ru',)
2026-02-17 11:26:33,110 - sqlalchemy.engine.Engine - INFO - SELECT installers.id, installers.full_name, installers.nickname, installers.phone, installers.backup_phone, installers.specialization, installers.rating, installers.base_price, installers.is_debtor, installers.comments, installers.is_active, installers.is_in_funnel, installers.total_orders, installers.poor_work_count, installers.warranty_visits_count, installers.last_incident_date, installers.updated_at, installers.created_at, installers.deleted_at 
FROM installers 
WHERE installers.deleted_at IS NULL 
 LIMIT $1::INTEGER OFFSET $2::INTEGER
2026-02-17 11:26:33,111 - sqlalchemy.engine.Engine - INFO - [cached since 24.77s ago] (100, 0)
2026-02-17 11:26:33,111 - sqlalchemy.engine.Engine - INFO - ROLLBACK
2026-02-17 11:26:35,675 - sqlalchemy.engine.Engine - INFO - BEGIN (implicit)
2026-02-17 11:26:35,675 - sqlalchemy.engine.Engine - INFO - SELECT orders.id, orders.client_id, orders.installer_id, orders.status, orders.service_type, orders.warehouse, orders.service_datetime, orders.delivery_datetime, orders.promise, orders.marker_color, orders.address_text, orders.created_at, orders.updated_at 
FROM orders 
 LIMIT $1::INTEGER OFFSET $2::INTEGER
2026-02-17 11:26:35,675 - sqlalchemy.engine.Engine - INFO - [cached since 95.42s ago] (100, 0)
2026-02-17 11:26:35,677 - sqlalchemy.engine.Engine - INFO - ROLLBACK
2026-02-17 11:26:35,678 - sqlalchemy.engine.Engine - INFO - BEGIN (implicit)
2026-02-17 11:26:35,678 - sqlalchemy.engine.Engine - INFO - SELECT orders.id, orders.client_id, orders.installer_id, orders.status, orders.service_type, orders.warehouse, orders.service_datetime, orders.delivery_datetime, orders.promise, orders.marker_color, orders.address_text, orders.created_at, orders.updated_at 
FROM orders 
 LIMIT $1::INTEGER OFFSET $2::INTEGER
2026-02-17 11:26:35,678 - sqlalchemy.engine.Engine - INFO - [cached since 95.42s ago] (100, 0)
2026-02-17 11:26:35,680 - sqlalchemy.engine.Engine - INFO - ROLLBACK
2026-02-17 11:26:40,053 - sqlalchemy.engine.Engine - INFO - BEGIN (implicit)
2026-02-17 11:26:40,053 - sqlalchemy.engine.Engine - INFO - SELECT orders.id, orders.client_id, orders.installer_id, orders.status, orders.service_type, orders.warehouse, orders.service_datetime, orders.delivery_datetime, orders.promise, orders.marker_color, orders.address_text, orders.created_at, orders.updated_at 
FROM orders 
 LIMIT $1::INTEGER OFFSET $2::INTEGER
2026-02-17 11:26:40,053 - sqlalchemy.engine.Engine - INFO - [cached since 99.8s ago] (100, 0)
2026-02-17 11:26:40,055 - sqlalchemy.engine.Engine - INFO - ROLLBACK
2026-02-17 11:26:40,056 - sqlalchemy.engine.Engine - INFO - BEGIN (implicit)
2026-02-17 11:26:40,056 - sqlalchemy.engine.Engine - INFO - SELECT orders.id, orders.client_id, orders.installer_id, orders.status, orders.service_type, orders.warehouse, orders.service_datetime, orders.delivery_datetime, orders.promise, orders.marker_color, orders.address_text, orders.created_at, orders.updated_at 
FROM orders 
 LIMIT $1::INTEGER OFFSET $2::INTEGER
2026-02-17 11:26:40,056 - sqlalchemy.engine.Engine - INFO - [cached since 99.8s ago] (100, 0)
2026-02-17 11:26:40,058 - sqlalchemy.engine.Engine - INFO - ROLLBACK
2026-02-17 11:30:12,612 - sqlalchemy.engine.Engine - INFO - BEGIN (implicit)
2026-02-17 11:30:12,612 - sqlalchemy.engine.Engine - INFO - SELECT orders.id, orders.client_id, orders.installer_id, orders.status, orders.service_type, orders.warehouse, orders.service_datetime, orders.delivery_datetime, orders.promise, orders.marker_color, orders.address_text, orders.created_at, orders.updated_at 
FROM orders 
 LIMIT $1::INTEGER OFFSET $2::INTEGER
2026-02-17 11:30:12,612 - sqlalchemy.engine.Engine - INFO - [cached since 312.4s ago] (100, 0)
2026-02-17 11:30:12,614 - sqlalchemy.engine.Engine - INFO - ROLLBACK
2026-02-17 11:33:15,129 - core.logging - INFO - Starting CRM application
2026-02-17 11:33:15,129 - apscheduler.scheduler - INFO - Adding job tentatively -- it will be properly scheduled when the scheduler starts
2026-02-17 11:33:15,129 - apscheduler.scheduler - INFO - Adding job tentatively -- it will be properly scheduled when the scheduler starts
2026-02-17 11:33:15,130 - apscheduler.scheduler - INFO - Added job "daily_backup_and_report" to job store "default"
2026-02-17 11:33:15,130 - apscheduler.scheduler - INFO - Added job "daily_backup_and_report" to job store "default"
2026-02-17 11:33:15,130 - apscheduler.scheduler - INFO - Scheduler started
2026-02-17 11:33:15,130 - core.logging - INFO - Scheduler started
2026-02-17 11:33:20,202 - core.logging - INFO - Starting CRM application
2026-02-17 11:33:20,202 - apscheduler.scheduler - INFO - Adding job tentatively -- it will be properly scheduled when the scheduler starts
2026-02-17 11:33:20,202 - apscheduler.scheduler - INFO - Adding job tentatively -- it will be properly scheduled when the scheduler starts
2026-02-17 11:33:20,203 - apscheduler.scheduler - INFO - Added job "daily_backup_and_report" to job store "default"
2026-02-17 11:33:20,203 - apscheduler.scheduler - INFO - Added job "daily_backup_and_report" to job store "default"
2026-02-17 11:33:20,203 - apscheduler.scheduler - INFO - Scheduler started
2026-02-17 11:33:20,203 - core.logging - INFO - Scheduler started
2026-02-17 11:33:25,686 - sqlalchemy.engine.Engine - INFO - select pg_catalog.version()
2026-02-17 11:33:25,686 - sqlalchemy.engine.Engine - INFO - [raw sql] ()
2026-02-17 11:33:25,687 - sqlalchemy.engine.Engine - INFO - select current_schema()
2026-02-17 11:33:25,688 - sqlalchemy.engine.Engine - INFO - [raw sql] ()
2026-02-17 11:33:25,688 - sqlalchemy.engine.Engine - INFO - show standard_conforming_strings
2026-02-17 11:33:25,688 - sqlalchemy.engine.Engine - INFO - [raw sql] ()
2026-02-17 11:33:25,689 - sqlalchemy.engine.Engine - INFO - BEGIN (implicit)
2026-02-17 11:33:25,692 - sqlalchemy.engine.Engine - INFO - SELECT orders.id, orders.client_id, orders.installer_id, orders.status, orders.service_type, orders.warehouse, orders.service_datetime, orders.delivery_datetime, orders.promise, orders.marker_color, orders.address_text, orders.created_at, orders.updated_at 
FROM orders 
 LIMIT $1::INTEGER OFFSET $2::INTEGER
2026-02-17 11:33:25,692 - sqlalchemy.engine.Engine - INFO - [generated in 0.00017s] (100, 0)
2026-02-17 11:33:25,712 - sqlalchemy.engine.Engine - INFO - ROLLBACK
2026-02-17 11:33:25,714 - sqlalchemy.engine.Engine - INFO - BEGIN (implicit)
2026-02-17 11:33:25,714 - sqlalchemy.engine.Engine - INFO - SELECT orders.id, orders.client_id, orders.installer_id, orders.status, orders.service_type, orders.warehouse, orders.service_datetime, orders.delivery_datetime, orders.promise, orders.marker_color, orders.address_text, orders.created_at, orders.updated_at 
FROM orders 
 LIMIT $1::INTEGER OFFSET $2::INTEGER
2026-02-17 11:33:25,714 - sqlalchemy.engine.Engine - INFO - [cached since 0.0218s ago] (100, 0)
2026-02-17 11:33:25,716 - sqlalchemy.engine.Engine - INFO - ROLLBACK
2026-02-17 11:34:22,258 - sqlalchemy.engine.Engine - INFO - BEGIN (implicit)
2026-02-17 11:34:22,259 - sqlalchemy.engine.Engine - INFO - SELECT admins.id, admins.username, admins.password_hash, admins.created_at 
FROM admins 
WHERE admins.username = $1::VARCHAR
2026-02-17 11:34:22,260 - sqlalchemy.engine.Engine - INFO - [generated in 0.00012s] ('zhura2296@yandex.ru',)
2026-02-17 11:34:22,263 - sqlalchemy.engine.Engine - INFO - INSERT INTO clients (full_name, phone, address, coordinates, comments, updated_at, backup_phone, deleted_at) VALUES ($1::VARCHAR, $2::VARCHAR, $3::VARCHAR, $4, $5::VARCHAR, $6::TIMESTAMP WITH TIME ZONE, $7::VARCHAR, $8::TIMESTAMP WITH TIME ZONE) RETURNING clients.id, clients.created_at, clients.last_contact
2026-02-17 11:34:22,263 - sqlalchemy.engine.Engine - INFO - [generated in 0.00012s] ('Журавлев Андрей Михайлович', '+79153227045', 'мытищи1-й Рупасовский, ПГСК №41 переулок', None, '12312', None, None, None)
2026-02-17 11:34:22,265 - sqlalchemy.engine.Engine - INFO - COMMIT
2026-02-17 11:34:22,287 - sqlalchemy.engine.Engine - INFO - BEGIN (implicit)
2026-02-17 11:34:22,288 - sqlalchemy.engine.Engine - INFO - SELECT clients.id, clients.full_name, clients.phone, clients.address, clients.coordinates, clients.created_at, clients.last_contact, clients.comments, clients.updated_at, clients.backup_phone, clients.deleted_at 
FROM clients 
WHERE clients.id = $1::INTEGER
2026-02-17 11:34:22,288 - sqlalchemy.engine.Engine - INFO - [generated in 0.00013s] (2,)
2026-02-17 11:34:22,290 - sqlalchemy.engine.Engine - INFO - ROLLBACK
2026-02-17 11:34:22,293 - sqlalchemy.engine.Engine - INFO - BEGIN (implicit)
2026-02-17 11:34:22,293 - sqlalchemy.engine.Engine - INFO - INSERT INTO orders (client_id, installer_id, status, service_type, warehouse, service_datetime, delivery_datetime, promise, marker_color, address_text) VALUES ($1::INTEGER, $2::INTEGER, $3::order_status, $4::VARCHAR, $5::VARCHAR, $6::TIMESTAMP WITHOUT TIME ZONE, $7::TIMESTAMP WITHOUT TIME ZONE, $8::VARCHAR, $9::VARCHAR, $10::VARCHAR) RETURNING orders.id, orders.created_at, orders.updated_at
2026-02-17 11:34:22,293 - sqlalchemy.engine.Engine - INFO - [generated in 0.00014s] (2, None, 'Новый', 'Electrolux EACS-09HSK/N3_24Y', 'Основной', datetime.datetime(2026, 2, 18, 0, 0), None, '12312', None, None)
2026-02-17 11:34:22,419 - sqlalchemy.engine.Engine - INFO - SELECT address_cache.address, address_cache.lat, address_cache.lon, address_cache.updated_at 
FROM address_cache 
WHERE address_cache.address = $1::VARCHAR
2026-02-17 11:34:22,420 - sqlalchemy.engine.Engine - INFO - [generated in 0.00041s] ('мытищи1-й Рупасовский, ПГСК №41 переулок',)
2026-02-17 11:34:22,422 - sqlalchemy.engine.Engine - INFO - INSERT INTO address_cache (address, lat, lon) VALUES ($1::VARCHAR, $2::NUMERIC(10, 7), $3::NUMERIC(10, 7)) RETURNING address_cache.updated_at
2026-02-17 11:34:22,423 - sqlalchemy.engine.Engine - INFO - [generated in 0.00023s] ('мытищи1-й Рупасовский, ПГСК №41 переулок', 55.924542, 37.746166)
2026-02-17 11:34:22,424 - sqlalchemy.engine.Engine - INFO - COMMIT
2026-02-17 11:34:22,425 - sqlalchemy.engine.Engine - INFO - BEGIN (implicit)
2026-02-17 11:34:22,426 - sqlalchemy.engine.Engine - INFO - SELECT address_cache.address, address_cache.lat, address_cache.lon, address_cache.updated_at 
FROM address_cache 
WHERE address_cache.address = $1::VARCHAR
2026-02-17 11:34:22,426 - sqlalchemy.engine.Engine - INFO - [generated in 0.00031s] ('мытищи1-й Рупасовский, ПГСК №41 переулок',)
2026-02-17 11:34:22,428 - sqlalchemy.engine.Engine - INFO - UPDATE orders SET address_text=$1::VARCHAR, updated_at=now() WHERE orders.id = $2::INTEGER
2026-02-17 11:34:22,428 - sqlalchemy.engine.Engine - INFO - [generated in 0.00017s] ('мытищи1-й Рупасовский, ПГСК №41 переулок', 1)
2026-02-17 11:34:22,430 - sqlalchemy.engine.Engine - INFO - COMMIT
2026-02-17 11:34:22,431 - sqlalchemy.engine.Engine - INFO - BEGIN (implicit)
2026-02-17 11:34:22,431 - sqlalchemy.engine.Engine - INFO - SELECT orders.id, orders.client_id, orders.installer_id, orders.status, orders.service_type, orders.warehouse, orders.service_datetime, orders.delivery_datetime, orders.promise, orders.marker_color, orders.address_text, orders.created_at, orders.updated_at 
FROM orders 
WHERE orders.id = $1::INTEGER
2026-02-17 11:34:22,432 - sqlalchemy.engine.Engine - INFO - [generated in 0.00014s] (1,)
2026-02-17 11:34:22,434 - sqlalchemy.engine.Engine - INFO - SELECT orders.id, orders.client_id, orders.installer_id, orders.status, orders.service_type, orders.warehouse, orders.service_datetime, orders.delivery_datetime, orders.promise, orders.marker_color, orders.address_text, orders.created_at, orders.updated_at 
FROM orders 
WHERE orders.id = $1::INTEGER
2026-02-17 11:34:22,434 - sqlalchemy.engine.Engine - INFO - [generated in 0.00019s] (1,)
2026-02-17 11:34:22,436 - sqlalchemy.engine.Engine - INFO - SELECT clients.id AS clients_id, clients.full_name AS clients_full_name, clients.phone AS clients_phone, clients.address AS clients_address, clients.coordinates AS clients_coordinates, clients.created_at AS clients_created_at, clients.last_contact AS clients_last_contact, clients.comments AS clients_comments, clients.updated_at AS clients_updated_at, clients.backup_phone AS clients_backup_phone, clients.deleted_at AS clients_deleted_at 
FROM clients 
WHERE clients.id IN ($1::INTEGER)
2026-02-17 11:34:22,436 - sqlalchemy.engine.Engine - INFO - [generated in 0.00018s] (2,)
2026-02-17 11:34:22,438 - sqlalchemy.engine.Engine - INFO - ROLLBACK
2026-02-17 11:34:22,442 - sqlalchemy.engine.Engine - INFO - BEGIN (implicit)
2026-02-17 11:34:22,443 - sqlalchemy.engine.Engine - INFO - SELECT finance.id, finance.order_id, finance.purchase_price, finance.sale_price_client, finance.installer_pay, finance.my_commission, finance.profit, finance.installer_returned_money, finance.payment_state, finance.updated_at, finance.created_at 
FROM finance 
WHERE finance.order_id = $1::INTEGER
2026-02-17 11:34:22,443 - sqlalchemy.engine.Engine - INFO - [generated in 0.00011s] (1,)
2026-02-17 11:34:22,450 - sqlalchemy.engine.Engine - INFO - INSERT INTO finance (order_id, purchase_price, sale_price_client, installer_pay, my_commission, installer_returned_money, payment_state) VALUES ($1::INTEGER, $2::NUMERIC(10, 2), $3::NUMERIC(10, 2), $4::NUMERIC(10, 2), $5::NUMERIC(10, 2), $6::BOOLEAN, $7::payment_status) RETURNING finance.id, finance.profit, finance.updated_at, finance.created_at
2026-02-17 11:34:22,450 - sqlalchemy.engine.Engine - INFO - [generated in 0.00016s] (1, 20000.0, 50000.0, 20000.0, 10000.0, False, 'Не оплачен')
2026-02-17 11:34:22,451 - sqlalchemy.engine.Engine - INFO - COMMIT
2026-02-17 11:34:22,452 - sqlalchemy.engine.Engine - INFO - BEGIN (implicit)
2026-02-17 11:34:22,452 - sqlalchemy.engine.Engine - INFO - SELECT finance.id, finance.order_id, finance.purchase_price, finance.sale_price_client, finance.installer_pay, finance.my_commission, finance.profit, finance.installer_returned_money, finance.payment_state, finance.updated_at, finance.created_at 
FROM finance 
WHERE finance.id = $1::INTEGER
2026-02-17 11:34:22,453 - sqlalchemy.engine.Engine - INFO - [generated in 0.00010s] (1,)
2026-02-17 11:34:22,454 - sqlalchemy.engine.Engine - INFO - ROLLBACK
2026-02-17 11:34:22,497 - sqlalchemy.engine.Engine - INFO - BEGIN (implicit)
2026-02-17 11:34:22,497 - sqlalchemy.engine.Engine - INFO - SELECT orders.id, orders.client_id, orders.installer_id, orders.status, orders.service_type, orders.warehouse, orders.service_datetime, orders.delivery_datetime, orders.promise, orders.marker_color, orders.address_text, orders.created_at, orders.updated_at 
FROM orders 
 LIMIT $1::INTEGER OFFSET $2::INTEGER
2026-02-17 11:34:22,498 - sqlalchemy.engine.Engine - INFO - [cached since 56.81s ago] (100, 0)
2026-02-17 11:34:22,552 - sqlalchemy.engine.Engine - INFO - SELECT clients.id AS clients_id, clients.full_name AS clients_full_name, clients.phone AS clients_phone, clients.address AS clients_address, clients.coordinates AS clients_coordinates, clients.created_at AS clients_created_at, clients.last_contact AS clients_last_contact, clients.comments AS clients_comments, clients.updated_at AS clients_updated_at, clients.backup_phone AS clients_backup_phone, clients.deleted_at AS clients_deleted_at 
FROM clients 
WHERE clients.id IN ($1::INTEGER)
2026-02-17 11:34:22,552 - sqlalchemy.engine.Engine - INFO - [cached since 0.1158s ago] (2,)
2026-02-17 11:34:22,553 - sqlalchemy.engine.Engine - INFO - ROLLBACK
2026-02-17 11:34:22,573 - sqlalchemy.engine.Engine - INFO - BEGIN (implicit)
2026-02-17 11:34:22,573 - sqlalchemy.engine.Engine - INFO - SELECT orders.id, orders.client_id, orders.installer_id, orders.status, orders.service_type, orders.warehouse, orders.service_datetime, orders.delivery_datetime, orders.promise, orders.marker_color, orders.address_text, orders.created_at, orders.updated_at 
FROM orders 
 LIMIT $1::INTEGER OFFSET $2::INTEGER
2026-02-17 11:34:22,573 - sqlalchemy.engine.Engine - INFO - [cached since 56.88s ago] (100, 0)
2026-02-17 11:34:22,585 - sqlalchemy.engine.Engine - INFO - SELECT clients.id AS clients_id, clients.full_name AS clients_full_name, clients.phone AS clients_phone, clients.address AS clients_address, clients.coordinates AS clients_coordinates, clients.created_at AS clients_created_at, clients.last_contact AS clients_last_contact, clients.comments AS clients_comments, clients.updated_at AS clients_updated_at, clients.backup_phone AS clients_backup_phone, clients.deleted_at AS clients_deleted_at 
FROM clients 
WHERE clients.id IN ($1::INTEGER)
2026-02-17 11:34:22,585 - sqlalchemy.engine.Engine - INFO - [cached since 0.1487s ago] (2,)
2026-02-17 11:34:22,587 - sqlalchemy.engine.Engine - INFO - ROLLBACK
2026-02-17 11:40:03,739 - core.logging - INFO - Starting CRM application
2026-02-17 11:40:03,739 - apscheduler.scheduler - INFO - Adding job tentatively -- it will be properly scheduled when the scheduler starts
2026-02-17 11:40:03,739 - apscheduler.scheduler - INFO - Adding job tentatively -- it will be properly scheduled when the scheduler starts
2026-02-17 11:40:03,739 - apscheduler.scheduler - INFO - Added job "daily_backup_and_report" to job store "default"
2026-02-17 11:40:03,739 - apscheduler.scheduler - INFO - Added job "daily_backup_and_report" to job store "default"
2026-02-17 11:40:03,739 - apscheduler.scheduler - INFO - Scheduler started
2026-02-17 11:40:03,739 - core.logging - INFO - Scheduler started
2026-02-17 11:40:17,626 - core.logging - INFO - Starting CRM application
2026-02-17 11:40:17,626 - apscheduler.scheduler - INFO - Adding job tentatively -- it will be properly scheduled when the scheduler starts
2026-02-17 11:40:17,626 - apscheduler.scheduler - INFO - Adding job tentatively -- it will be properly scheduled when the scheduler starts
2026-02-17 11:40:17,627 - apscheduler.scheduler - INFO - Added job "daily_backup_and_report" to job store "default"
2026-02-17 11:40:17,627 - apscheduler.scheduler - INFO - Added job "daily_backup_and_report" to job store "default"
2026-02-17 11:40:17,627 - apscheduler.scheduler - INFO - Scheduler started
2026-02-17 11:40:17,627 - core.logging - INFO - Scheduler started
2026-02-17 11:40:31,579 - core.logging - INFO - Starting CRM application
2026-02-17 11:40:31,580 - apscheduler.scheduler - INFO - Adding job tentatively -- it will be properly scheduled when the scheduler starts
2026-02-17 11:40:31,580 - apscheduler.scheduler - INFO - Adding job tentatively -- it will be properly scheduled when the scheduler starts
2026-02-17 11:40:31,580 - apscheduler.scheduler - INFO - Added job "daily_backup_and_report" to job store "default"
2026-02-17 11:40:31,580 - apscheduler.scheduler - INFO - Added job "daily_backup_and_report" to job store "default"
2026-02-17 11:40:31,580 - apscheduler.scheduler - INFO - Scheduler started
2026-02-17 11:40:31,580 - core.logging - INFO - Scheduler started
2026-02-17 11:40:53,536 - sqlalchemy.engine.Engine - INFO - select pg_catalog.version()
2026-02-17 11:40:53,536 - sqlalchemy.engine.Engine - INFO - [raw sql] ()
2026-02-17 11:40:53,538 - sqlalchemy.engine.Engine - INFO - select current_schema()
2026-02-17 11:40:53,538 - sqlalchemy.engine.Engine - INFO - [raw sql] ()
2026-02-17 11:40:53,539 - sqlalchemy.engine.Engine - INFO - show standard_conforming_strings
2026-02-17 11:40:53,539 - sqlalchemy.engine.Engine - INFO - [raw sql] ()
2026-02-17 11:40:53,539 - sqlalchemy.engine.Engine - INFO - BEGIN (implicit)
2026-02-17 11:40:53,542 - sqlalchemy.engine.Engine - INFO - SELECT orders.id, orders.client_id, orders.installer_id, orders.status, orders.service_type, orders.warehouse, orders.service_datetime, orders.delivery_datetime, orders.promise, orders.marker_color, orders.address_text, orders.created_at, orders.updated_at 
FROM orders 
 LIMIT $1::INTEGER OFFSET $2::INTEGER
2026-02-17 11:40:53,542 - sqlalchemy.engine.Engine - INFO - [generated in 0.00013s] (100, 0)
2026-02-17 11:40:53,554 - sqlalchemy.engine.Engine - INFO - SELECT finance.order_id AS finance_order_id, finance.id AS finance_id, finance.purchase_price AS finance_purchase_price, finance.sale_price_client AS finance_sale_price_client, finance.installer_pay AS finance_installer_pay, finance.my_commission AS finance_my_commission, finance.profit AS finance_profit, finance.installer_returned_money AS finance_installer_returned_money, finance.payment_state AS finance_payment_state, finance.updated_at AS finance_updated_at, finance.created_at AS finance_created_at 
FROM finance 
WHERE finance.order_id IN ($1::INTEGER)
2026-02-17 11:40:53,554 - sqlalchemy.engine.Engine - INFO - [generated in 0.00028s] (1,)
2026-02-17 11:40:53,561 - sqlalchemy.engine.Engine - INFO - SELECT clients.id AS clients_id, clients.full_name AS clients_full_name, clients.phone AS clients_phone, clients.address AS clients_address, clients.coordinates AS clients_coordinates, clients.created_at AS clients_created_at, clients.last_contact AS clients_last_contact, clients.comments AS clients_comments, clients.updated_at AS clients_updated_at, clients.backup_phone AS clients_backup_phone, clients.deleted_at AS clients_deleted_at 
FROM clients 
WHERE clients.id IN ($1::INTEGER)
2026-02-17 11:40:53,561 - sqlalchemy.engine.Engine - INFO - [generated in 0.00018s] (2,)
2026-02-17 11:40:53,563 - sqlalchemy.engine.Engine - INFO - ROLLBACK
2026-02-17 11:40:53,582 - sqlalchemy.engine.Engine - INFO - BEGIN (implicit)
2026-02-17 11:40:53,582 - sqlalchemy.engine.Engine - INFO - SELECT orders.id, orders.client_id, orders.installer_id, orders.status, orders.service_type, orders.warehouse, orders.service_datetime, orders.delivery_datetime, orders.promise, orders.marker_color, orders.address_text, orders.created_at, orders.updated_at 
FROM orders 
 LIMIT $1::INTEGER OFFSET $2::INTEGER
2026-02-17 11:40:53,582 - sqlalchemy.engine.Engine - INFO - [cached since 0.04043s ago] (100, 0)
2026-02-17 11:40:53,592 - sqlalchemy.engine.Engine - INFO - SELECT finance.order_id AS finance_order_id, finance.id AS finance_id, finance.purchase_price AS finance_purchase_price, finance.sale_price_client AS finance_sale_price_client, finance.installer_pay AS finance_installer_pay, finance.my_commission AS finance_my_commission, finance.profit AS finance_profit, finance.installer_returned_money AS finance_installer_returned_money, finance.payment_state AS finance_payment_state, finance.updated_at AS finance_updated_at, finance.created_at AS finance_created_at 
FROM finance 
WHERE finance.order_id IN ($1::INTEGER)
2026-02-17 11:40:53,592 - sqlalchemy.engine.Engine - INFO - [cached since 0.03797s ago] (1,)
2026-02-17 11:40:53,597 - sqlalchemy.engine.Engine - INFO - SELECT clients.id AS clients_id, clients.full_name AS clients_full_name, clients.phone AS clients_phone, clients.address AS clients_address, clients.coordinates AS clients_coordinates, clients.created_at AS clients_created_at, clients.last_contact AS clients_last_contact, clients.comments AS clients_comments, clients.updated_at AS clients_updated_at, clients.backup_phone AS clients_backup_phone, clients.deleted_at AS clients_deleted_at 
FROM clients 
WHERE clients.id IN ($1::INTEGER)
2026-02-17 11:40:53,597 - sqlalchemy.engine.Engine - INFO - [cached since 0.03624s ago] (2,)
2026-02-17 11:40:53,599 - sqlalchemy.engine.Engine - INFO - ROLLBACK
2026-02-17 11:41:43,116 - sqlalchemy.engine.Engine - INFO - BEGIN (implicit)
2026-02-17 11:41:43,117 - sqlalchemy.engine.Engine - INFO - SELECT orders.id, orders.client_id, orders.installer_id, orders.status, orders.service_type, orders.warehouse, orders.service_datetime, orders.delivery_datetime, orders.promise, orders.marker_color, orders.address_text, orders.created_at, orders.updated_at 
FROM orders 
WHERE orders.id = $1::INTEGER
2026-02-17 11:41:43,117 - sqlalchemy.engine.Engine - INFO - [generated in 0.00020s] (1,)
2026-02-17 11:41:43,123 - sqlalchemy.engine.Engine - INFO - BEGIN (implicit)
2026-02-17 11:41:43,124 - sqlalchemy.engine.Engine - INFO - SELECT admins.id, admins.username, admins.password_hash, admins.created_at 
FROM admins 
WHERE admins.username = $1::VARCHAR
2026-02-17 11:41:43,124 - sqlalchemy.engine.Engine - INFO - [generated in 0.00020s] ('zhura2296@yandex.ru',)
2026-02-17 11:41:43,131 - sqlalchemy.engine.Engine - INFO - SELECT finance.order_id AS finance_order_id, finance.id AS finance_id, finance.purchase_price AS finance_purchase_price, finance.sale_price_client AS finance_sale_price_client, finance.installer_pay AS finance_installer_pay, finance.my_commission AS finance_my_commission, finance.profit AS finance_profit, finance.installer_returned_money AS finance_installer_returned_money, finance.payment_state AS finance_payment_state, finance.updated_at AS finance_updated_at, finance.created_at AS finance_created_at 
FROM finance 
WHERE finance.order_id IN ($1::INTEGER)
2026-02-17 11:41:43,131 - sqlalchemy.engine.Engine - INFO - [cached since 49.58s ago] (1,)
2026-02-17 11:41:43,133 - sqlalchemy.engine.Engine - INFO - SELECT clients.id AS clients_id, clients.full_name AS clients_full_name, clients.phone AS clients_phone, clients.address AS clients_address, clients.coordinates AS clients_coordinates, clients.created_at AS clients_created_at, clients.last_contact AS clients_last_contact, clients.comments AS clients_comments, clients.updated_at AS clients_updated_at, clients.backup_phone AS clients_backup_phone, clients.deleted_at AS clients_deleted_at 
FROM clients 
WHERE clients.id IN ($1::INTEGER)
2026-02-17 11:41:43,133 - sqlalchemy.engine.Engine - INFO - [cached since 49.57s ago] (2,)
2026-02-17 11:41:43,135 - sqlalchemy.engine.Engine - INFO - SELECT clients.id, clients.full_name, clients.phone, clients.address, clients.coordinates, clients.created_at, clients.last_contact, clients.comments, clients.updated_at, clients.backup_phone, clients.deleted_at 
FROM clients 
 LIMIT $1::INTEGER OFFSET $2::INTEGER
2026-02-17 11:41:43,135 - sqlalchemy.engine.Engine - INFO - [generated in 0.00035s] (100, 0)
2026-02-17 11:41:43,160 - sqlalchemy.engine.Engine - INFO - BEGIN (implicit)
2026-02-17 11:41:43,160 - sqlalchemy.engine.Engine - INFO - SELECT admins.id, admins.username, admins.password_hash, admins.created_at 
FROM admins 
WHERE admins.username = $1::VARCHAR
2026-02-17 11:41:43,160 - sqlalchemy.engine.Engine - INFO - [cached since 0.03634s ago] ('zhura2296@yandex.ru',)
2026-02-17 11:41:43,217 - sqlalchemy.engine.Engine - INFO - ROLLBACK
2026-02-17 11:41:43,217 - sqlalchemy.engine.Engine - INFO - ROLLBACK
2026-02-17 11:41:43,218 - sqlalchemy.engine.Engine - INFO - BEGIN (implicit)
2026-02-17 11:41:43,219 - sqlalchemy.engine.Engine - INFO - SELECT admins.id, admins.username, admins.password_hash, admins.created_at 
FROM admins 
WHERE admins.username = $1::VARCHAR
2026-02-17 11:41:43,219 - sqlalchemy.engine.Engine - INFO - [cached since 0.0947s ago] ('zhura2296@yandex.ru',)
2026-02-17 11:41:43,221 - sqlalchemy.engine.Engine - INFO - SELECT installers.id, installers.full_name, installers.nickname, installers.phone, installers.backup_phone, installers.specialization, installers.rating, installers.base_price, installers.is_debtor, installers.comments, installers.is_active, installers.is_in_funnel, installers.total_orders, installers.poor_work_count, installers.warranty_visits_count, installers.last_incident_date, installers.updated_at, installers.created_at, installers.deleted_at 
FROM installers 
WHERE installers.deleted_at IS NULL 
 LIMIT $1::INTEGER OFFSET $2::INTEGER
2026-02-17 11:41:43,221 - sqlalchemy.engine.Engine - INFO - [generated in 0.00015s] (100, 0)
2026-02-17 11:41:43,238 - sqlalchemy.engine.Engine - INFO - SELECT clients.id, clients.full_name, clients.phone, clients.address, clients.coordinates, clients.created_at, clients.last_contact, clients.comments, clients.updated_at, clients.backup_phone, clients.deleted_at 
FROM clients 
 LIMIT $1::INTEGER OFFSET $2::INTEGER
2026-02-17 11:41:43,238 - sqlalchemy.engine.Engine - INFO - [cached since 0.1037s ago] (100, 0)
2026-02-17 11:41:43,239 - sqlalchemy.engine.Engine - INFO - BEGIN (implicit)
2026-02-17 11:41:43,239 - sqlalchemy.engine.Engine - INFO - SELECT orders.id, orders.client_id, orders.installer_id, orders.status, orders.service_type, orders.warehouse, orders.service_datetime, orders.delivery_datetime, orders.promise, orders.marker_color, orders.address_text, orders.created_at, orders.updated_at 
FROM orders 
WHERE orders.id = $1::INTEGER
2026-02-17 11:41:43,239 - sqlalchemy.engine.Engine - INFO - [cached since 0.1222s ago] (1,)
2026-02-17 11:41:43,241 - sqlalchemy.engine.Engine - INFO - ROLLBACK
2026-02-17 11:41:43,242 - sqlalchemy.engine.Engine - INFO - BEGIN (implicit)
2026-02-17 11:41:43,242 - sqlalchemy.engine.Engine - INFO - SELECT admins.id, admins.username, admins.password_hash, admins.created_at 
FROM admins 
WHERE admins.username = $1::VARCHAR
2026-02-17 11:41:43,242 - sqlalchemy.engine.Engine - INFO - [cached since 0.1179s ago] ('zhura2296@yandex.ru',)
2026-02-17 11:41:43,242 - sqlalchemy.engine.Engine - INFO - ROLLBACK
2026-02-17 11:41:43,243 - sqlalchemy.engine.Engine - INFO - SELECT installers.id, installers.full_name, installers.nickname, installers.phone, installers.backup_phone, installers.specialization, installers.rating, installers.base_price, installers.is_debtor, installers.comments, installers.is_active, installers.is_in_funnel, installers.total_orders, installers.poor_work_count, installers.warranty_visits_count, installers.last_incident_date, installers.updated_at, installers.created_at, installers.deleted_at 
FROM installers 
WHERE installers.deleted_at IS NULL 
 LIMIT $1::INTEGER OFFSET $2::INTEGER
2026-02-17 11:41:43,243 - sqlalchemy.engine.Engine - INFO - [cached since 0.0221s ago] (100, 0)
2026-02-17 11:41:43,247 - sqlalchemy.engine.Engine - INFO - ROLLBACK
2026-02-17 11:41:43,259 - sqlalchemy.engine.Engine - INFO - SELECT finance.order_id AS finance_order_id, finance.id AS finance_id, finance.purchase_price AS finance_purchase_price, finance.sale_price_client AS finance_sale_price_client, finance.installer_pay AS finance_installer_pay, finance.my_commission AS finance_my_commission, finance.profit AS finance_profit, finance.installer_returned_money AS finance_installer_returned_money, finance.payment_state AS finance_payment_state, finance.updated_at AS finance_updated_at, finance.created_at AS finance_created_at 
FROM finance 
WHERE finance.order_id IN ($1::INTEGER)
2026-02-17 11:41:43,260 - sqlalchemy.engine.Engine - INFO - [cached since 49.71s ago] (1,)
2026-02-17 11:41:43,269 - sqlalchemy.engine.Engine - INFO - SELECT clients.id AS clients_id, clients.full_name AS clients_full_name, clients.phone AS clients_phone, clients.address AS clients_address, clients.coordinates AS clients_coordinates, clients.created_at AS clients_created_at, clients.last_contact AS clients_last_contact, clients.comments AS clients_comments, clients.updated_at AS clients_updated_at, clients.backup_phone AS clients_backup_phone, clients.deleted_at AS clients_deleted_at 
FROM clients 
WHERE clients.id IN ($1::INTEGER)
2026-02-17 11:41:43,269 - sqlalchemy.engine.Engine - INFO - [cached since 49.71s ago] (2,)
2026-02-17 11:41:43,272 - sqlalchemy.engine.Engine - INFO - ROLLBACK
2026-02-17 11:42:00,194 - sqlalchemy.engine.Engine - INFO - BEGIN (implicit)
2026-02-17 11:42:00,194 - sqlalchemy.engine.Engine - INFO - SELECT orders.id, orders.client_id, orders.installer_id, orders.status, orders.service_type, orders.warehouse, orders.service_datetime, orders.delivery_datetime, orders.promise, orders.marker_color, orders.address_text, orders.created_at, orders.updated_at 
FROM orders 
WHERE orders.id = $1::INTEGER
2026-02-17 11:42:00,194 - sqlalchemy.engine.Engine - INFO - [cached since 17.08s ago] (1,)
2026-02-17 11:42:00,204 - sqlalchemy.engine.Engine - INFO - SELECT finance.order_id AS finance_order_id, finance.id AS finance_id, finance.purchase_price AS finance_purchase_price, finance.sale_price_client AS finance_sale_price_client, finance.installer_pay AS finance_installer_pay, finance.my_commission AS finance_my_commission, finance.profit AS finance_profit, finance.installer_returned_money AS finance_installer_returned_money, finance.payment_state AS finance_payment_state, finance.updated_at AS finance_updated_at, finance.created_at AS finance_created_at 
FROM finance 
WHERE finance.order_id IN ($1::INTEGER)
2026-02-17 11:42:00,204 - sqlalchemy.engine.Engine - INFO - [cached since 66.65s ago] (1,)
2026-02-17 11:42:00,209 - sqlalchemy.engine.Engine - INFO - SELECT clients.id AS clients_id, clients.full_name AS clients_full_name, clients.phone AS clients_phone, clients.address AS clients_address, clients.coordinates AS clients_coordinates, clients.created_at AS clients_created_at, clients.last_contact AS clients_last_contact, clients.comments AS clients_comments, clients.updated_at AS clients_updated_at, clients.backup_phone AS clients_backup_phone, clients.deleted_at AS clients_deleted_at 
FROM clients 
WHERE clients.id IN ($1::INTEGER)
2026-02-17 11:42:00,209 - sqlalchemy.engine.Engine - INFO - [cached since 66.65s ago] (2,)
2026-02-17 11:42:00,316 - sqlalchemy.engine.Engine - INFO - SELECT address_cache.address, address_cache.lat, address_cache.lon, address_cache.updated_at 
FROM address_cache 
WHERE address_cache.address = $1::VARCHAR
2026-02-17 11:42:00,316 - sqlalchemy.engine.Engine - INFO - [generated in 0.00016s] ('мытищи1-й Рупасовский, ПГСК №41 переулок',)
2026-02-17 11:42:00,319 - sqlalchemy.engine.Engine - INFO - UPDATE address_cache SET lat=$1::NUMERIC(10, 7), lon=$2::NUMERIC(10, 7), updated_at=now() WHERE address_cache.address = $3::VARCHAR
2026-02-17 11:42:00,319 - sqlalchemy.engine.Engine - INFO - [generated in 0.00012s] (55.924542, 37.746166, 'мытищи1-й Рупасовский, ПГСК №41 переулок')
2026-02-17 11:42:00,321 - sqlalchemy.engine.Engine - INFO - COMMIT
2026-02-17 11:42:00,322 - sqlalchemy.engine.Engine - INFO - BEGIN (implicit)
2026-02-17 11:42:00,323 - sqlalchemy.engine.Engine - INFO - SELECT address_cache.address, address_cache.lat, address_cache.lon, address_cache.updated_at 
FROM address_cache 
WHERE address_cache.address = $1::VARCHAR
2026-02-17 11:42:00,323 - sqlalchemy.engine.Engine - INFO - [generated in 0.00010s] ('мытищи1-й Рупасовский, ПГСК №41 переулок',)
2026-02-17 11:42:00,325 - sqlalchemy.engine.Engine - INFO - UPDATE orders SET installer_id=$1::INTEGER, updated_at=now() WHERE orders.id = $2::INTEGER
2026-02-17 11:42:00,325 - sqlalchemy.engine.Engine - INFO - [generated in 0.00011s] (1, 1)
2026-02-17 11:42:00,327 - sqlalchemy.engine.Engine - INFO - COMMIT
2026-02-17 11:42:00,328 - sqlalchemy.engine.Engine - INFO - BEGIN (implicit)
2026-02-17 11:42:00,329 - sqlalchemy.engine.Engine - INFO - SELECT orders.id, orders.client_id, orders.installer_id, orders.status, orders.service_type, orders.warehouse, orders.service_datetime, orders.delivery_datetime, orders.promise, orders.marker_color, orders.address_text, orders.created_at, orders.updated_at 
FROM orders 
WHERE orders.id = $1::INTEGER
2026-02-17 11:42:00,329 - sqlalchemy.engine.Engine - INFO - [generated in 0.00009s] (1,)
2026-02-17 11:42:00,330 - sqlalchemy.engine.Engine - INFO - SELECT finance.id AS finance_id, finance.order_id AS finance_order_id, finance.purchase_price AS finance_purchase_price, finance.sale_price_client AS finance_sale_price_client, finance.installer_pay AS finance_installer_pay, finance.my_commission AS finance_my_commission, finance.profit AS finance_profit, finance.installer_returned_money AS finance_installer_returned_money, finance.payment_state AS finance_payment_state, finance.updated_at AS finance_updated_at, finance.created_at AS finance_created_at 
FROM finance 
WHERE $1::INTEGER = finance.order_id
2026-02-17 11:42:00,330 - sqlalchemy.engine.Engine - INFO - [generated in 0.00014s] (1,)
2026-02-17 11:42:00,332 - sqlalchemy.engine.Engine - INFO - SELECT clients.id AS clients_id, clients.full_name AS clients_full_name, clients.phone AS clients_phone, clients.address AS clients_address, clients.coordinates AS clients_coordinates, clients.created_at AS clients_created_at, clients.last_contact AS clients_last_contact, clients.comments AS clients_comments, clients.updated_at AS clients_updated_at, clients.backup_phone AS clients_backup_phone, clients.deleted_at AS clients_deleted_at 
FROM clients 
WHERE clients.id = $1::INTEGER
2026-02-17 11:42:00,332 - sqlalchemy.engine.Engine - INFO - [generated in 0.00011s] (2,)
2026-02-17 11:42:00,333 - sqlalchemy.engine.Engine - INFO - SELECT installers.id AS installers_id, installers.full_name AS installers_full_name, installers.nickname AS installers_nickname, installers.phone AS installers_phone, installers.backup_phone AS installers_backup_phone, installers.specialization AS installers_specialization, installers.rating AS installers_rating, installers.base_price AS installers_base_price, installers.is_debtor AS installers_is_debtor, installers.comments AS installers_comments, installers.is_active AS installers_is_active, installers.is_in_funnel AS installers_is_in_funnel, installers.total_orders AS installers_total_orders, installers.poor_work_count AS installers_poor_work_count, installers.warranty_visits_count AS installers_warranty_visits_count, installers.last_incident_date AS installers_last_incident_date, installers.updated_at AS installers_updated_at, installers.created_at AS installers_created_at, installers.deleted_at AS installers_deleted_at 
FROM installers 
WHERE installers.id = $1::INTEGER
2026-02-17 11:42:00,333 - sqlalchemy.engine.Engine - INFO - [generated in 0.00012s] (1,)
2026-02-17 11:42:00,335 - sqlalchemy.engine.Engine - INFO - ROLLBACK
2026-02-17 11:42:04,663 - sqlalchemy.engine.Engine - INFO - BEGIN (implicit)
2026-02-17 11:42:04,663 - sqlalchemy.engine.Engine - INFO - SELECT orders.id, orders.client_id, orders.installer_id, orders.status, orders.service_type, orders.warehouse, orders.service_datetime, orders.delivery_datetime, orders.promise, orders.marker_color, orders.address_text, orders.created_at, orders.updated_at 
FROM orders 
 LIMIT $1::INTEGER OFFSET $2::INTEGER
2026-02-17 11:42:04,663 - sqlalchemy.engine.Engine - INFO - [cached since 71.12s ago] (100, 0)
2026-02-17 11:42:04,665 - sqlalchemy.engine.Engine - INFO - SELECT finance.order_id AS finance_order_id, finance.id AS finance_id, finance.purchase_price AS finance_purchase_price, finance.sale_price_client AS finance_sale_price_client, finance.installer_pay AS finance_installer_pay, finance.my_commission AS finance_my_commission, finance.profit AS finance_profit, finance.installer_returned_money AS finance_installer_returned_money, finance.payment_state AS finance_payment_state, finance.updated_at AS finance_updated_at, finance.created_at AS finance_created_at 
FROM finance 
WHERE finance.order_id IN ($1::INTEGER)
2026-02-17 11:42:04,665 - sqlalchemy.engine.Engine - INFO - [cached since 71.11s ago] (1,)
2026-02-17 11:42:04,666 - sqlalchemy.engine.Engine - INFO - SELECT clients.id AS clients_id, clients.full_name AS clients_full_name, clients.phone AS clients_phone, clients.address AS clients_address, clients.coordinates AS clients_coordinates, clients.created_at AS clients_created_at, clients.last_contact AS clients_last_contact, clients.comments AS clients_comments, clients.updated_at AS clients_updated_at, clients.backup_phone AS clients_backup_phone, clients.deleted_at AS clients_deleted_at 
FROM clients 
WHERE clients.id IN ($1::INTEGER)
2026-02-17 11:42:04,666 - sqlalchemy.engine.Engine - INFO - [cached since 71.11s ago] (2,)
2026-02-17 11:42:04,667 - sqlalchemy.engine.Engine - INFO - SELECT installers.id AS installers_id, installers.full_name AS installers_full_name, installers.nickname AS installers_nickname, installers.phone AS installers_phone, installers.backup_phone AS installers_backup_phone, installers.specialization AS installers_specialization, installers.rating AS installers_rating, installers.base_price AS installers_base_price, installers.is_debtor AS installers_is_debtor, installers.comments AS installers_comments, installers.is_active AS installers_is_active, installers.is_in_funnel AS installers_is_in_funnel, installers.total_orders AS installers_total_orders, installers.poor_work_count AS installers_poor_work_count, installers.warranty_visits_count AS installers_warranty_visits_count, installers.last_incident_date AS installers_last_incident_date, installers.updated_at AS installers_updated_at, installers.created_at AS installers_created_at, installers.deleted_at AS installers_deleted_at 
FROM installers 
WHERE installers.id IN ($1::INTEGER)
2026-02-17 11:42:04,667 - sqlalchemy.engine.Engine - INFO - [generated in 0.00016s] (1,)
2026-02-17 11:42:04,670 - sqlalchemy.engine.Engine - INFO - ROLLBACK
2026-02-17 11:42:04,672 - sqlalchemy.engine.Engine - INFO - BEGIN (implicit)
2026-02-17 11:42:04,672 - sqlalchemy.engine.Engine - INFO - SELECT orders.id, orders.client_id, orders.installer_id, orders.status, orders.service_type, orders.warehouse, orders.service_datetime, orders.delivery_datetime, orders.promise, orders.marker_color, orders.address_text, orders.created_at, orders.updated_at 
FROM orders 
 LIMIT $1::INTEGER OFFSET $2::INTEGER
2026-02-17 11:42:04,672 - sqlalchemy.engine.Engine - INFO - [cached since 71.13s ago] (100, 0)
2026-02-17 11:42:04,674 - sqlalchemy.engine.Engine - INFO - SELECT finance.order_id AS finance_order_id, finance.id AS finance_id, finance.purchase_price AS finance_purchase_price, finance.sale_price_client AS finance_sale_price_client, finance.installer_pay AS finance_installer_pay, finance.my_commission AS finance_my_commission, finance.profit AS finance_profit, finance.installer_returned_money AS finance_installer_returned_money, finance.payment_state AS finance_payment_state, finance.updated_at AS finance_updated_at, finance.created_at AS finance_created_at 
FROM finance 
WHERE finance.order_id IN ($1::INTEGER)
2026-02-17 11:42:04,674 - sqlalchemy.engine.Engine - INFO - [cached since 71.12s ago] (1,)
2026-02-17 11:42:04,675 - sqlalchemy.engine.Engine - INFO - SELECT clients.id AS clients_id, clients.full_name AS clients_full_name, clients.phone AS clients_phone, clients.address AS clients_address, clients.coordinates AS clients_coordinates, clients.created_at AS clients_created_at, clients.last_contact AS clients_last_contact, clients.comments AS clients_comments, clients.updated_at AS clients_updated_at, clients.backup_phone AS clients_backup_phone, clients.deleted_at AS clients_deleted_at 
FROM clients 
WHERE clients.id IN ($1::INTEGER)
2026-02-17 11:42:04,675 - sqlalchemy.engine.Engine - INFO - [cached since 71.11s ago] (2,)
2026-02-17 11:42:04,676 - sqlalchemy.engine.Engine - INFO - SELECT installers.id AS installers_id, installers.full_name AS installers_full_name, installers.nickname AS installers_nickname, installers.phone AS installers_phone, installers.backup_phone AS installers_backup_phone, installers.specialization AS installers_specialization, installers.rating AS installers_rating, installers.base_price AS installers_base_price, installers.is_debtor AS installers_is_debtor, installers.comments AS installers_comments, installers.is_active AS installers_is_active, installers.is_in_funnel AS installers_is_in_funnel, installers.total_orders AS installers_total_orders, installers.poor_work_count AS installers_poor_work_count, installers.warranty_visits_count AS installers_warranty_visits_count, installers.last_incident_date AS installers_last_incident_date, installers.updated_at AS installers_updated_at, installers.created_at AS installers_created_at, installers.deleted_at AS installers_deleted_at 
FROM installers 
WHERE installers.id IN ($1::INTEGER)
2026-02-17 11:42:04,676 - sqlalchemy.engine.Engine - INFO - [cached since 0.00937s ago] (1,)
2026-02-17 11:42:04,678 - sqlalchemy.engine.Engine - INFO - ROLLBACK
2026-02-17 11:42:07,529 - sqlalchemy.engine.Engine - INFO - BEGIN (implicit)
2026-02-17 11:42:07,529 - sqlalchemy.engine.Engine - INFO - SELECT orders.id, orders.client_id, orders.installer_id, orders.status, orders.service_type, orders.warehouse, orders.service_datetime, orders.delivery_datetime, orders.promise, orders.marker_color, orders.address_text, orders.created_at, orders.updated_at 
FROM orders 
 LIMIT $1::INTEGER OFFSET $2::INTEGER
2026-02-17 11:42:07,529 - sqlalchemy.engine.Engine - INFO - [cached since 73.99s ago] (100, 0)
2026-02-17 11:42:07,530 - sqlalchemy.engine.Engine - INFO - SELECT finance.order_id AS finance_order_id, finance.id AS finance_id, finance.purchase_price AS finance_purchase_price, finance.sale_price_client AS finance_sale_price_client, finance.installer_pay AS finance_installer_pay, finance.my_commission AS finance_my_commission, finance.profit AS finance_profit, finance.installer_returned_money AS finance_installer_returned_money, finance.payment_state AS finance_payment_state, finance.updated_at AS finance_updated_at, finance.created_at AS finance_created_at 
FROM finance 
WHERE finance.order_id IN ($1::INTEGER)
2026-02-17 11:42:07,530 - sqlalchemy.engine.Engine - INFO - [cached since 73.98s ago] (1,)
2026-02-17 11:42:07,531 - sqlalchemy.engine.Engine - INFO - SELECT clients.id AS clients_id, clients.full_name AS clients_full_name, clients.phone AS clients_phone, clients.address AS clients_address, clients.coordinates AS clients_coordinates, clients.created_at AS clients_created_at, clients.last_contact AS clients_last_contact, clients.comments AS clients_comments, clients.updated_at AS clients_updated_at, clients.backup_phone AS clients_backup_phone, clients.deleted_at AS clients_deleted_at 
FROM clients 
WHERE clients.id IN ($1::INTEGER)
2026-02-17 11:42:07,531 - sqlalchemy.engine.Engine - INFO - [cached since 73.97s ago] (2,)
2026-02-17 11:42:07,532 - sqlalchemy.engine.Engine - INFO - SELECT installers.id AS installers_id, installers.full_name AS installers_full_name, installers.nickname AS installers_nickname, installers.phone AS installers_phone, installers.backup_phone AS installers_backup_phone, installers.specialization AS installers_specialization, installers.rating AS installers_rating, installers.base_price AS installers_base_price, installers.is_debtor AS installers_is_debtor, installers.comments AS installers_comments, installers.is_active AS installers_is_active, installers.is_in_funnel AS installers_is_in_funnel, installers.total_orders AS installers_total_orders, installers.poor_work_count AS installers_poor_work_count, installers.warranty_visits_count AS installers_warranty_visits_count, installers.last_incident_date AS installers_last_incident_date, installers.updated_at AS installers_updated_at, installers.created_at AS installers_created_at, installers.deleted_at AS installers_deleted_at 
FROM installers 
WHERE installers.id IN ($1::INTEGER)
2026-02-17 11:42:07,532 - sqlalchemy.engine.Engine - INFO - [cached since 2.865s ago] (1,)
2026-02-17 11:42:07,534 - sqlalchemy.engine.Engine - INFO - ROLLBACK
2026-02-17 11:42:07,535 - sqlalchemy.engine.Engine - INFO - BEGIN (implicit)
2026-02-17 11:42:07,535 - sqlalchemy.engine.Engine - INFO - SELECT orders.id, orders.client_id, orders.installer_id, orders.status, orders.service_type, orders.warehouse, orders.service_datetime, orders.delivery_datetime, orders.promise, orders.marker_color, orders.address_text, orders.created_at, orders.updated_at 
FROM orders 
 LIMIT $1::INTEGER OFFSET $2::INTEGER
2026-02-17 11:42:07,535 - sqlalchemy.engine.Engine - INFO - [cached since 73.99s ago] (100, 0)
2026-02-17 11:42:07,537 - sqlalchemy.engine.Engine - INFO - SELECT finance.order_id AS finance_order_id, finance.id AS finance_id, finance.purchase_price AS finance_purchase_price, finance.sale_price_client AS finance_sale_price_client, finance.installer_pay AS finance_installer_pay, finance.my_commission AS finance_my_commission, finance.profit AS finance_profit, finance.installer_returned_money AS finance_installer_returned_money, finance.payment_state AS finance_payment_state, finance.updated_at AS finance_updated_at, finance.created_at AS finance_created_at 
FROM finance 
WHERE finance.order_id IN ($1::INTEGER)
2026-02-17 11:42:07,538 - sqlalchemy.engine.Engine - INFO - [cached since 73.98s ago] (1,)
2026-02-17 11:42:07,540 - sqlalchemy.engine.Engine - INFO - SELECT clients.id AS clients_id, clients.full_name AS clients_full_name, clients.phone AS clients_phone, clients.address AS clients_address, clients.coordinates AS clients_coordinates, clients.created_at AS clients_created_at, clients.last_contact AS clients_last_contact, clients.comments AS clients_comments, clients.updated_at AS clients_updated_at, clients.backup_phone AS clients_backup_phone, clients.deleted_at AS clients_deleted_at 
FROM clients 
WHERE clients.id IN ($1::INTEGER)
2026-02-17 11:42:07,540 - sqlalchemy.engine.Engine - INFO - [cached since 73.98s ago] (2,)
2026-02-17 11:42:07,542 - sqlalchemy.engine.Engine - INFO - SELECT installers.id AS installers_id, installers.full_name AS installers_full_name, installers.nickname AS installers_nickname, installers.phone AS installers_phone, installers.backup_phone AS installers_backup_phone, installers.specialization AS installers_specialization, installers.rating AS installers_rating, installers.base_price AS installers_base_price, installers.is_debtor AS installers_is_debtor, installers.comments AS installers_comments, installers.is_active AS installers_is_active, installers.is_in_funnel AS installers_is_in_funnel, installers.total_orders AS installers_total_orders, installers.poor_work_count AS installers_poor_work_count, installers.warranty_visits_count AS installers_warranty_visits_count, installers.last_incident_date AS installers_last_incident_date, installers.updated_at AS installers_updated_at, installers.created_at AS installers_created_at, installers.deleted_at AS installers_deleted_at 
FROM installers 
WHERE installers.id IN ($1::INTEGER)
2026-02-17 11:42:07,542 - sqlalchemy.engine.Engine - INFO - [cached since 2.875s ago] (1,)
2026-02-17 11:42:07,544 - sqlalchemy.engine.Engine - INFO - ROLLBACK
2026-02-17 11:42:11,822 - sqlalchemy.engine.Engine - INFO - BEGIN (implicit)
2026-02-17 11:42:11,823 - sqlalchemy.engine.Engine - INFO - SELECT admins.id, admins.username, admins.password_hash, admins.created_at 
FROM admins 
WHERE admins.username = $1::VARCHAR
2026-02-17 11:42:11,823 - sqlalchemy.engine.Engine - INFO - [cached since 28.7s ago] ('zhura2296@yandex.ru',)
2026-02-17 11:42:11,829 - sqlalchemy.engine.Engine - INFO - SELECT installers.id, installers.full_name, installers.nickname, installers.phone, installers.backup_phone, installers.specialization, installers.rating, installers.base_price, installers.is_debtor, installers.comments, installers.is_active, installers.is_in_funnel, installers.total_orders, installers.poor_work_count, installers.warranty_visits_count, installers.last_incident_date, installers.updated_at, installers.created_at, installers.deleted_at 
FROM installers 
WHERE installers.deleted_at IS NULL 
 LIMIT $1::INTEGER OFFSET $2::INTEGER
2026-02-17 11:42:11,830 - sqlalchemy.engine.Engine - INFO - [cached since 28.61s ago] (100, 0)
2026-02-17 11:42:11,833 - sqlalchemy.engine.Engine - INFO - ROLLBACK
2026-02-17 11:42:11,835 - sqlalchemy.engine.Engine - INFO - BEGIN (implicit)
2026-02-17 11:42:11,835 - sqlalchemy.engine.Engine - INFO - SELECT admins.id, admins.username, admins.password_hash, admins.created_at 
FROM admins 
WHERE admins.username = $1::VARCHAR
2026-02-17 11:42:11,835 - sqlalchemy.engine.Engine - INFO - [cached since 28.71s ago] ('zhura2296@yandex.ru',)
2026-02-17 11:42:11,837 - sqlalchemy.engine.Engine - INFO - SELECT installers.id, installers.full_name, installers.nickname, installers.phone, installers.backup_phone, installers.specialization, installers.rating, installers.base_price, installers.is_debtor, installers.comments, installers.is_active, installers.is_in_funnel, installers.total_orders, installers.poor_work_count, installers.warranty_visits_count, installers.last_incident_date, installers.updated_at, installers.created_at, installers.deleted_at 
FROM installers 
WHERE installers.deleted_at IS NULL 
 LIMIT $1::INTEGER OFFSET $2::INTEGER
2026-02-17 11:42:11,837 - sqlalchemy.engine.Engine - INFO - [cached since 28.62s ago] (100, 0)
2026-02-17 11:42:11,839 - sqlalchemy.engine.Engine - INFO - ROLLBACK
2026-02-17 11:42:13,633 - sqlalchemy.engine.Engine - INFO - BEGIN (implicit)
2026-02-17 11:42:13,633 - sqlalchemy.engine.Engine - INFO - SELECT admins.id, admins.username, admins.password_hash, admins.created_at 
FROM admins 
WHERE admins.username = $1::VARCHAR
2026-02-17 11:42:13,633 - sqlalchemy.engine.Engine - INFO - [cached since 30.51s ago] ('zhura2296@yandex.ru',)
2026-02-17 11:42:13,635 - sqlalchemy.engine.Engine - INFO - SELECT installers.id, installers.full_name, installers.nickname, installers.phone, installers.backup_phone, installers.specialization, installers.rating, installers.base_price, installers.is_debtor, installers.comments, installers.is_active, installers.is_in_funnel, installers.total_orders, installers.poor_work_count, installers.warranty_visits_count, installers.last_incident_date, installers.updated_at, installers.created_at, installers.deleted_at 
FROM installers 
WHERE installers.id = $1::INTEGER AND installers.deleted_at IS NULL
2026-02-17 11:42:13,635 - sqlalchemy.engine.Engine - INFO - [generated in 0.00030s] (1,)
2026-02-17 11:42:13,638 - sqlalchemy.engine.Engine - INFO - ROLLBACK
2026-02-17 11:42:13,639 - sqlalchemy.engine.Engine - INFO - BEGIN (implicit)
2026-02-17 11:42:13,640 - sqlalchemy.engine.Engine - INFO - SELECT admins.id, admins.username, admins.password_hash, admins.created_at 
FROM admins 
WHERE admins.username = $1::VARCHAR
2026-02-17 11:42:13,640 - sqlalchemy.engine.Engine - INFO - [cached since 30.52s ago] ('zhura2296@yandex.ru',)
2026-02-17 11:42:13,642 - sqlalchemy.engine.Engine - INFO - SELECT installers.id, installers.full_name, installers.nickname, installers.phone, installers.backup_phone, installers.specialization, installers.rating, installers.base_price, installers.is_debtor, installers.comments, installers.is_active, installers.is_in_funnel, installers.total_orders, installers.poor_work_count, installers.warranty_visits_count, installers.last_incident_date, installers.updated_at, installers.created_at, installers.deleted_at 
FROM installers 
WHERE installers.id = $1::INTEGER AND installers.deleted_at IS NULL
2026-02-17 11:42:13,642 - sqlalchemy.engine.Engine - INFO - [cached since 0.007343s ago] (1,)
2026-02-17 11:42:13,645 - sqlalchemy.engine.Engine - INFO - ROLLBACK
2026-02-17 11:42:34,164 - sqlalchemy.engine.Engine - INFO - BEGIN (implicit)
2026-02-17 11:42:34,164 - sqlalchemy.engine.Engine - INFO - SELECT orders.id, orders.client_id, orders.installer_id, orders.status, orders.service_type, orders.warehouse, orders.service_datetime, orders.delivery_datetime, orders.promise, orders.marker_color, orders.address_text, orders.created_at, orders.updated_at 
FROM orders 
 LIMIT $1::INTEGER OFFSET $2::INTEGER
2026-02-17 11:42:34,164 - sqlalchemy.engine.Engine - INFO - [cached since 100.6s ago] (100, 0)
2026-02-17 11:42:34,166 - sqlalchemy.engine.Engine - INFO - SELECT finance.order_id AS finance_order_id, finance.id AS finance_id, finance.purchase_price AS finance_purchase_price, finance.sale_price_client AS finance_sale_price_client, finance.installer_pay AS finance_installer_pay, finance.my_commission AS finance_my_commission, finance.profit AS finance_profit, finance.installer_returned_money AS finance_installer_returned_money, finance.payment_state AS finance_payment_state, finance.updated_at AS finance_updated_at, finance.created_at AS finance_created_at 
FROM finance 
WHERE finance.order_id IN ($1::INTEGER)
2026-02-17 11:42:34,166 - sqlalchemy.engine.Engine - INFO - [cached since 100.6s ago] (1,)
2026-02-17 11:42:34,168 - sqlalchemy.engine.Engine - INFO - SELECT clients.id AS clients_id, clients.full_name AS clients_full_name, clients.phone AS clients_phone, clients.address AS clients_address, clients.coordinates AS clients_coordinates, clients.created_at AS clients_created_at, clients.last_contact AS clients_last_contact, clients.comments AS clients_comments, clients.updated_at AS clients_updated_at, clients.backup_phone AS clients_backup_phone, clients.deleted_at AS clients_deleted_at 
FROM clients 
WHERE clients.id IN ($1::INTEGER)
2026-02-17 11:42:34,168 - sqlalchemy.engine.Engine - INFO - [cached since 100.6s ago] (2,)
2026-02-17 11:42:34,169 - sqlalchemy.engine.Engine - INFO - SELECT installers.id AS installers_id, installers.full_name AS installers_full_name, installers.nickname AS installers_nickname, installers.phone AS installers_phone, installers.backup_phone AS installers_backup_phone, installers.specialization AS installers_specialization, installers.rating AS installers_rating, installers.base_price AS installers_base_price, installers.is_debtor AS installers_is_debtor, installers.comments AS installers_comments, installers.is_active AS installers_is_active, installers.is_in_funnel AS installers_is_in_funnel, installers.total_orders AS installers_total_orders, installers.poor_work_count AS installers_poor_work_count, installers.warranty_visits_count AS installers_warranty_visits_count, installers.last_incident_date AS installers_last_incident_date, installers.updated_at AS installers_updated_at, installers.created_at AS installers_created_at, installers.deleted_at AS installers_deleted_at 
FROM installers 
WHERE installers.id IN ($1::INTEGER)
2026-02-17 11:42:34,169 - sqlalchemy.engine.Engine - INFO - [cached since 29.5s ago] (1,)
2026-02-17 11:42:34,171 - sqlalchemy.engine.Engine - INFO - ROLLBACK
2026-02-17 11:42:34,172 - sqlalchemy.engine.Engine - INFO - BEGIN (implicit)
2026-02-17 11:42:34,173 - sqlalchemy.engine.Engine - INFO - SELECT orders.id, orders.client_id, orders.installer_id, orders.status, orders.service_type, orders.warehouse, orders.service_datetime, orders.delivery_datetime, orders.promise, orders.marker_color, orders.address_text, orders.created_at, orders.updated_at 
FROM orders 
 LIMIT $1::INTEGER OFFSET $2::INTEGER
2026-02-17 11:42:34,173 - sqlalchemy.engine.Engine - INFO - [cached since 100.6s ago] (100, 0)
2026-02-17 11:42:34,174 - sqlalchemy.engine.Engine - INFO - SELECT finance.order_id AS finance_order_id, finance.id AS finance_id, finance.purchase_price AS finance_purchase_price, finance.sale_price_client AS finance_sale_price_client, finance.installer_pay AS finance_installer_pay, finance.my_commission AS finance_my_commission, finance.profit AS finance_profit, finance.installer_returned_money AS finance_installer_returned_money, finance.payment_state AS finance_payment_state, finance.updated_at AS finance_updated_at, finance.created_at AS finance_created_at 
FROM finance 
WHERE finance.order_id IN ($1::INTEGER)
2026-02-17 11:42:34,174 - sqlalchemy.engine.Engine - INFO - [cached since 100.6s ago] (1,)
2026-02-17 11:42:34,176 - sqlalchemy.engine.Engine - INFO - SELECT clients.id AS clients_id, clients.full_name AS clients_full_name, clients.phone AS clients_phone, clients.address AS clients_address, clients.coordinates AS clients_coordinates, clients.created_at AS clients_created_at, clients.last_contact AS clients_last_contact, clients.comments AS clients_comments, clients.updated_at AS clients_updated_at, clients.backup_phone AS clients_backup_phone, clients.deleted_at AS clients_deleted_at 
FROM clients 
WHERE clients.id IN ($1::INTEGER)
2026-02-17 11:42:34,176 - sqlalchemy.engine.Engine - INFO - [cached since 100.6s ago] (2,)
2026-02-17 11:42:34,177 - sqlalchemy.engine.Engine - INFO - SELECT installers.id AS installers_id, installers.full_name AS installers_full_name, installers.nickname AS installers_nickname, installers.phone AS installers_phone, installers.backup_phone AS installers_backup_phone, installers.specialization AS installers_specialization, installers.rating AS installers_rating, installers.base_price AS installers_base_price, installers.is_debtor AS installers_is_debtor, installers.comments AS installers_comments, installers.is_active AS installers_is_active, installers.is_in_funnel AS installers_is_in_funnel, installers.total_orders AS installers_total_orders, installers.poor_work_count AS installers_poor_work_count, installers.warranty_visits_count AS installers_warranty_visits_count, installers.last_incident_date AS installers_last_incident_date, installers.updated_at AS installers_updated_at, installers.created_at AS installers_created_at, installers.deleted_at AS installers_deleted_at 
FROM installers 
WHERE installers.id IN ($1::INTEGER)
2026-02-17 11:42:34,177 - sqlalchemy.engine.Engine - INFO - [cached since 29.51s ago] (1,)
2026-02-17 11:42:34,178 - sqlalchemy.engine.Engine - INFO - ROLLBACK
2026-02-17 11:42:36,929 - sqlalchemy.engine.Engine - INFO - BEGIN (implicit)
2026-02-17 11:42:36,930 - sqlalchemy.engine.Engine - INFO - SELECT orders.id, orders.client_id, orders.installer_id, orders.status, orders.service_type, orders.warehouse, orders.service_datetime, orders.delivery_datetime, orders.promise, orders.marker_color, orders.address_text, orders.created_at, orders.updated_at 
FROM orders 
WHERE orders.id = $1::INTEGER
2026-02-17 11:42:36,931 - sqlalchemy.engine.Engine - INFO - [cached since 53.81s ago] (1,)
2026-02-17 11:42:36,936 - sqlalchemy.engine.Engine - INFO - BEGIN (implicit)
2026-02-17 11:42:36,937 - sqlalchemy.engine.Engine - INFO - SELECT admins.id, admins.username, admins.password_hash, admins.created_at 
FROM admins 
WHERE admins.username = $1::VARCHAR
2026-02-17 11:42:36,938 - sqlalchemy.engine.Engine - INFO - [cached since 53.81s ago] ('zhura2296@yandex.ru',)
2026-02-17 11:42:36,943 - sqlalchemy.engine.Engine - INFO - BEGIN (implicit)
2026-02-17 11:42:36,946 - sqlalchemy.engine.Engine - INFO - SELECT admins.id, admins.username, admins.password_hash, admins.created_at 
FROM admins 
WHERE admins.username = $1::VARCHAR
2026-02-17 11:42:36,946 - sqlalchemy.engine.Engine - INFO - [cached since 53.82s ago] ('zhura2296@yandex.ru',)
2026-02-17 11:42:36,949 - sqlalchemy.engine.Engine - INFO - SELECT finance.order_id AS finance_order_id, finance.id AS finance_id, finance.purchase_price AS finance_purchase_price, finance.sale_price_client AS finance_sale_price_client, finance.installer_pay AS finance_installer_pay, finance.my_commission AS finance_my_commission, finance.profit AS finance_profit, finance.installer_returned_money AS finance_installer_returned_money, finance.payment_state AS finance_payment_state, finance.updated_at AS finance_updated_at, finance.created_at AS finance_created_at 
FROM finance 
WHERE finance.order_id IN ($1::INTEGER)
2026-02-17 11:42:36,949 - sqlalchemy.engine.Engine - INFO - [cached since 103.4s ago] (1,)
2026-02-17 11:42:36,950 - sqlalchemy.engine.Engine - INFO - SELECT installers.id, installers.full_name, installers.nickname, installers.phone, installers.backup_phone, installers.specialization, installers.rating, installers.base_price, installers.is_debtor, installers.comments, installers.is_active, installers.is_in_funnel, installers.total_orders, installers.poor_work_count, installers.warranty_visits_count, installers.last_incident_date, installers.updated_at, installers.created_at, installers.deleted_at 
FROM installers 
WHERE installers.deleted_at IS NULL 
 LIMIT $1::INTEGER OFFSET $2::INTEGER
2026-02-17 11:42:36,950 - sqlalchemy.engine.Engine - INFO - [cached since 53.73s ago] (100, 0)
2026-02-17 11:42:36,952 - sqlalchemy.engine.Engine - INFO - SELECT clients.id, clients.full_name, clients.phone, clients.address, clients.coordinates, clients.created_at, clients.last_contact, clients.comments, clients.updated_at, clients.backup_phone, clients.deleted_at 
FROM clients 
 LIMIT $1::INTEGER OFFSET $2::INTEGER
2026-02-17 11:42:36,952 - sqlalchemy.engine.Engine - INFO - [cached since 53.82s ago] (100, 0)
2026-02-17 11:42:36,954 - sqlalchemy.engine.Engine - INFO - SELECT clients.id AS clients_id, clients.full_name AS clients_full_name, clients.phone AS clients_phone, clients.address AS clients_address, clients.coordinates AS clients_coordinates, clients.created_at AS clients_created_at, clients.last_contact AS clients_last_contact, clients.comments AS clients_comments, clients.updated_at AS clients_updated_at, clients.backup_phone AS clients_backup_phone, clients.deleted_at AS clients_deleted_at 
FROM clients 
WHERE clients.id IN ($1::INTEGER)
2026-02-17 11:42:36,954 - sqlalchemy.engine.Engine - INFO - [cached since 103.4s ago] (2,)
2026-02-17 11:42:36,956 - sqlalchemy.engine.Engine - INFO - SELECT installers.id AS installers_id, installers.full_name AS installers_full_name, installers.nickname AS installers_nickname, installers.phone AS installers_phone, installers.backup_phone AS installers_backup_phone, installers.specialization AS installers_specialization, installers.rating AS installers_rating, installers.base_price AS installers_base_price, installers.is_debtor AS installers_is_debtor, installers.comments AS installers_comments, installers.is_active AS installers_is_active, installers.is_in_funnel AS installers_is_in_funnel, installers.total_orders AS installers_total_orders, installers.poor_work_count AS installers_poor_work_count, installers.warranty_visits_count AS installers_warranty_visits_count, installers.last_incident_date AS installers_last_incident_date, installers.updated_at AS installers_updated_at, installers.created_at AS installers_created_at, installers.deleted_at AS installers_deleted_at 
FROM installers 
WHERE installers.id IN ($1::INTEGER)
2026-02-17 11:42:36,956 - sqlalchemy.engine.Engine - INFO - [cached since 32.29s ago] (1,)
2026-02-17 11:42:36,958 - sqlalchemy.engine.Engine - INFO - ROLLBACK
2026-02-17 11:42:36,959 - sqlalchemy.engine.Engine - INFO - BEGIN (implicit)
2026-02-17 11:42:36,960 - sqlalchemy.engine.Engine - INFO - SELECT admins.id, admins.username, admins.password_hash, admins.created_at 
FROM admins 
WHERE admins.username = $1::VARCHAR
2026-02-17 11:42:36,960 - sqlalchemy.engine.Engine - INFO - [cached since 53.84s ago] ('zhura2296@yandex.ru',)
2026-02-17 11:42:36,960 - sqlalchemy.engine.Engine - INFO - ROLLBACK
2026-02-17 11:42:36,960 - sqlalchemy.engine.Engine - INFO - ROLLBACK
2026-02-17 11:42:36,961 - sqlalchemy.engine.Engine - INFO - SELECT installers.id, installers.full_name, installers.nickname, installers.phone, installers.backup_phone, installers.specialization, installers.rating, installers.base_price, installers.is_debtor, installers.comments, installers.is_active, installers.is_in_funnel, installers.total_orders, installers.poor_work_count, installers.warranty_visits_count, installers.last_incident_date, installers.updated_at, installers.created_at, installers.deleted_at 
FROM installers 
WHERE installers.deleted_at IS NULL 
 LIMIT $1::INTEGER OFFSET $2::INTEGER
2026-02-17 11:42:36,961 - sqlalchemy.engine.Engine - INFO - [cached since 53.74s ago] (100, 0)
2026-02-17 11:42:36,962 - sqlalchemy.engine.Engine - INFO - BEGIN (implicit)
2026-02-17 11:42:36,962 - sqlalchemy.engine.Engine - INFO - SELECT admins.id, admins.username, admins.password_hash, admins.created_at 
FROM admins 
WHERE admins.username = $1::VARCHAR
2026-02-17 11:42:36,962 - sqlalchemy.engine.Engine - INFO - [cached since 53.84s ago] ('zhura2296@yandex.ru',)
2026-02-17 11:42:36,963 - sqlalchemy.engine.Engine - INFO - BEGIN (implicit)
2026-02-17 11:42:36,964 - sqlalchemy.engine.Engine - INFO - SELECT orders.id, orders.client_id, orders.installer_id, orders.status, orders.service_type, orders.warehouse, orders.service_datetime, orders.delivery_datetime, orders.promise, orders.marker_color, orders.address_text, orders.created_at, orders.updated_at 
FROM orders 
WHERE orders.id = $1::INTEGER
2026-02-17 11:42:36,964 - sqlalchemy.engine.Engine - INFO - [cached since 53.85s ago] (1,)
2026-02-17 11:42:36,965 - sqlalchemy.engine.Engine - INFO - SELECT clients.id, clients.full_name, clients.phone, clients.address, clients.coordinates, clients.created_at, clients.last_contact, clients.comments, clients.updated_at, clients.backup_phone, clients.deleted_at 
FROM clients 
 LIMIT $1::INTEGER OFFSET $2::INTEGER
2026-02-17 11:42:36,965 - sqlalchemy.engine.Engine - INFO - [cached since 53.83s ago] (100, 0)
2026-02-17 11:42:36,966 - sqlalchemy.engine.Engine - INFO - SELECT finance.order_id AS finance_order_id, finance.id AS finance_id, finance.purchase_price AS finance_purchase_price, finance.sale_price_client AS finance_sale_price_client, finance.installer_pay AS finance_installer_pay, finance.my_commission AS finance_my_commission, finance.profit AS finance_profit, finance.installer_returned_money AS finance_installer_returned_money, finance.payment_state AS finance_payment_state, finance.updated_at AS finance_updated_at, finance.created_at AS finance_created_at 
FROM finance 
WHERE finance.order_id IN ($1::INTEGER)
2026-02-17 11:42:36,966 - sqlalchemy.engine.Engine - INFO - [cached since 103.4s ago] (1,)
2026-02-17 11:42:36,966 - sqlalchemy.engine.Engine - INFO - ROLLBACK
2026-02-17 11:42:36,967 - sqlalchemy.engine.Engine - INFO - SELECT clients.id AS clients_id, clients.full_name AS clients_full_name, clients.phone AS clients_phone, clients.address AS clients_address, clients.coordinates AS clients_coordinates, clients.created_at AS clients_created_at, clients.last_contact AS clients_last_contact, clients.comments AS clients_comments, clients.updated_at AS clients_updated_at, clients.backup_phone AS clients_backup_phone, clients.deleted_at AS clients_deleted_at 
FROM clients 
WHERE clients.id IN ($1::INTEGER)
2026-02-17 11:42:36,967 - sqlalchemy.engine.Engine - INFO - [cached since 103.4s ago] (2,)
2026-02-17 11:42:36,968 - sqlalchemy.engine.Engine - INFO - SELECT installers.id AS installers_id, installers.full_name AS installers_full_name, installers.nickname AS installers_nickname, installers.phone AS installers_phone, installers.backup_phone AS installers_backup_phone, installers.specialization AS installers_specialization, installers.rating AS installers_rating, installers.base_price AS installers_base_price, installers.is_debtor AS installers_is_debtor, installers.comments AS installers_comments, installers.is_active AS installers_is_active, installers.is_in_funnel AS installers_is_in_funnel, installers.total_orders AS installers_total_orders, installers.poor_work_count AS installers_poor_work_count, installers.warranty_visits_count AS installers_warranty_visits_count, installers.last_incident_date AS installers_last_incident_date, installers.updated_at AS installers_updated_at, installers.created_at AS installers_created_at, installers.deleted_at AS installers_deleted_at 
FROM installers 
WHERE installers.id IN ($1::INTEGER)
2026-02-17 11:42:36,968 - sqlalchemy.engine.Engine - INFO - [cached since 32.3s ago] (1,)
2026-02-17 11:42:36,969 - sqlalchemy.engine.Engine - INFO - ROLLBACK
2026-02-17 11:42:36,969 - sqlalchemy.engine.Engine - INFO - ROLLBACK
2026-02-17 11:42:42,084 - sqlalchemy.engine.Engine - INFO - BEGIN (implicit)
2026-02-17 11:42:42,085 - sqlalchemy.engine.Engine - INFO - SELECT orders.id, orders.client_id, orders.installer_id, orders.status, orders.service_type, orders.warehouse, orders.service_datetime, orders.delivery_datetime, orders.promise, orders.marker_color, orders.address_text, orders.created_at, orders.updated_at 
FROM orders 
 LIMIT $1::INTEGER OFFSET $2::INTEGER
2026-02-17 11:42:42,085 - sqlalchemy.engine.Engine - INFO - [cached since 108.5s ago] (100, 0)
2026-02-17 11:42:42,090 - sqlalchemy.engine.Engine - INFO - SELECT finance.order_id AS finance_order_id, finance.id AS finance_id, finance.purchase_price AS finance_purchase_price, finance.sale_price_client AS finance_sale_price_client, finance.installer_pay AS finance_installer_pay, finance.my_commission AS finance_my_commission, finance.profit AS finance_profit, finance.installer_returned_money AS finance_installer_returned_money, finance.payment_state AS finance_payment_state, finance.updated_at AS finance_updated_at, finance.created_at AS finance_created_at 
FROM finance 
WHERE finance.order_id IN ($1::INTEGER)
2026-02-17 11:42:42,091 - sqlalchemy.engine.Engine - INFO - [cached since 108.5s ago] (1,)
2026-02-17 11:42:42,095 - sqlalchemy.engine.Engine - INFO - SELECT clients.id AS clients_id, clients.full_name AS clients_full_name, clients.phone AS clients_phone, clients.address AS clients_address, clients.coordinates AS clients_coordinates, clients.created_at AS clients_created_at, clients.last_contact AS clients_last_contact, clients.comments AS clients_comments, clients.updated_at AS clients_updated_at, clients.backup_phone AS clients_backup_phone, clients.deleted_at AS clients_deleted_at 
FROM clients 
WHERE clients.id IN ($1::INTEGER)
2026-02-17 11:42:42,096 - sqlalchemy.engine.Engine - INFO - [cached since 108.5s ago] (2,)
2026-02-17 11:42:42,099 - sqlalchemy.engine.Engine - INFO - SELECT installers.id AS installers_id, installers.full_name AS installers_full_name, installers.nickname AS installers_nickname, installers.phone AS installers_phone, installers.backup_phone AS installers_backup_phone, installers.specialization AS installers_specialization, installers.rating AS installers_rating, installers.base_price AS installers_base_price, installers.is_debtor AS installers_is_debtor, installers.comments AS installers_comments, installers.is_active AS installers_is_active, installers.is_in_funnel AS installers_is_in_funnel, installers.total_orders AS installers_total_orders, installers.poor_work_count AS installers_poor_work_count, installers.warranty_visits_count AS installers_warranty_visits_count, installers.last_incident_date AS installers_last_incident_date, installers.updated_at AS installers_updated_at, installers.created_at AS installers_created_at, installers.deleted_at AS installers_deleted_at 
FROM installers 
WHERE installers.id IN ($1::INTEGER)
2026-02-17 11:42:42,099 - sqlalchemy.engine.Engine - INFO - [cached since 37.43s ago] (1,)
2026-02-17 11:42:42,101 - sqlalchemy.engine.Engine - INFO - ROLLBACK
2026-02-17 11:42:42,102 - sqlalchemy.engine.Engine - INFO - BEGIN (implicit)
2026-02-17 11:42:42,139 - sqlalchemy.engine.Engine - INFO - SELECT orders.id, orders.client_id, orders.installer_id, orders.status, orders.service_type, orders.warehouse, orders.service_datetime, orders.delivery_datetime, orders.promise, orders.marker_color, orders.address_text, orders.created_at, orders.updated_at 
FROM orders 
 LIMIT $1::INTEGER OFFSET $2::INTEGER
2026-02-17 11:42:42,139 - sqlalchemy.engine.Engine - INFO - [cached since 108.6s ago] (100, 0)
2026-02-17 11:42:42,141 - sqlalchemy.engine.Engine - INFO - SELECT finance.order_id AS finance_order_id, finance.id AS finance_id, finance.purchase_price AS finance_purchase_price, finance.sale_price_client AS finance_sale_price_client, finance.installer_pay AS finance_installer_pay, finance.my_commission AS finance_my_commission, finance.profit AS finance_profit, finance.installer_returned_money AS finance_installer_returned_money, finance.payment_state AS finance_payment_state, finance.updated_at AS finance_updated_at, finance.created_at AS finance_created_at 
FROM finance 
WHERE finance.order_id IN ($1::INTEGER)
2026-02-17 11:42:42,141 - sqlalchemy.engine.Engine - INFO - [cached since 108.6s ago] (1,)
2026-02-17 11:42:42,142 - sqlalchemy.engine.Engine - INFO - SELECT clients.id AS clients_id, clients.full_name AS clients_full_name, clients.phone AS clients_phone, clients.address AS clients_address, clients.coordinates AS clients_coordinates, clients.created_at AS clients_created_at, clients.last_contact AS clients_last_contact, clients.comments AS clients_comments, clients.updated_at AS clients_updated_at, clients.backup_phone AS clients_backup_phone, clients.deleted_at AS clients_deleted_at 
FROM clients 
WHERE clients.id IN ($1::INTEGER)
2026-02-17 11:42:42,142 - sqlalchemy.engine.Engine - INFO - [cached since 108.6s ago] (2,)
2026-02-17 11:42:42,144 - sqlalchemy.engine.Engine - INFO - SELECT installers.id AS installers_id, installers.full_name AS installers_full_name, installers.nickname AS installers_nickname, installers.phone AS installers_phone, installers.backup_phone AS installers_backup_phone, installers.specialization AS installers_specialization, installers.rating AS installers_rating, installers.base_price AS installers_base_price, installers.is_debtor AS installers_is_debtor, installers.comments AS installers_comments, installers.is_active AS installers_is_active, installers.is_in_funnel AS installers_is_in_funnel, installers.total_orders AS installers_total_orders, installers.poor_work_count AS installers_poor_work_count, installers.warranty_visits_count AS installers_warranty_visits_count, installers.last_incident_date AS installers_last_incident_date, installers.updated_at AS installers_updated_at, installers.created_at AS installers_created_at, installers.deleted_at AS installers_deleted_at 
FROM installers 
WHERE installers.id IN ($1::INTEGER)
2026-02-17 11:42:42,144 - sqlalchemy.engine.Engine - INFO - [cached since 37.48s ago] (1,)
2026-02-17 11:42:42,146 - sqlalchemy.engine.Engine - INFO - ROLLBACK
2026-02-17 11:43:30,061 - sqlalchemy.engine.Engine - INFO - BEGIN (implicit)
2026-02-17 11:43:30,061 - sqlalchemy.engine.Engine - INFO - SELECT orders.id, orders.client_id, orders.installer_id, orders.status, orders.service_type, orders.warehouse, orders.service_datetime, orders.delivery_datetime, orders.promise, orders.marker_color, orders.address_text, orders.created_at, orders.updated_at 
FROM orders 
 LIMIT $1::INTEGER OFFSET $2::INTEGER
2026-02-17 11:43:30,061 - sqlalchemy.engine.Engine - INFO - [cached since 156.5s ago] (100, 0)
2026-02-17 11:43:30,064 - sqlalchemy.engine.Engine - INFO - SELECT finance.order_id AS finance_order_id, finance.id AS finance_id, finance.purchase_price AS finance_purchase_price, finance.sale_price_client AS finance_sale_price_client, finance.installer_pay AS finance_installer_pay, finance.my_commission AS finance_my_commission, finance.profit AS finance_profit, finance.installer_returned_money AS finance_installer_returned_money, finance.payment_state AS finance_payment_state, finance.updated_at AS finance_updated_at, finance.created_at AS finance_created_at 
FROM finance 
WHERE finance.order_id IN ($1::INTEGER)
2026-02-17 11:43:30,064 - sqlalchemy.engine.Engine - INFO - [cached since 156.5s ago] (1,)
2026-02-17 11:43:30,066 - sqlalchemy.engine.Engine - INFO - SELECT clients.id AS clients_id, clients.full_name AS clients_full_name, clients.phone AS clients_phone, clients.address AS clients_address, clients.coordinates AS clients_coordinates, clients.created_at AS clients_created_at, clients.last_contact AS clients_last_contact, clients.comments AS clients_comments, clients.updated_at AS clients_updated_at, clients.backup_phone AS clients_backup_phone, clients.deleted_at AS clients_deleted_at 
FROM clients 
WHERE clients.id IN ($1::INTEGER)
2026-02-17 11:43:30,067 - sqlalchemy.engine.Engine - INFO - [cached since 156.5s ago] (2,)
2026-02-17 11:43:30,069 - sqlalchemy.engine.Engine - INFO - SELECT installers.id AS installers_id, installers.full_name AS installers_full_name, installers.nickname AS installers_nickname, installers.phone AS installers_phone, installers.backup_phone AS installers_backup_phone, installers.specialization AS installers_specialization, installers.rating AS installers_rating, installers.base_price AS installers_base_price, installers.is_debtor AS installers_is_debtor, installers.comments AS installers_comments, installers.is_active AS installers_is_active, installers.is_in_funnel AS installers_is_in_funnel, installers.total_orders AS installers_total_orders, installers.poor_work_count AS installers_poor_work_count, installers.warranty_visits_count AS installers_warranty_visits_count, installers.last_incident_date AS installers_last_incident_date, installers.updated_at AS installers_updated_at, installers.created_at AS installers_created_at, installers.deleted_at AS installers_deleted_at 
FROM installers 
WHERE installers.id IN ($1::INTEGER)
2026-02-17 11:43:30,069 - sqlalchemy.engine.Engine - INFO - [cached since 85.4s ago] (1,)
2026-02-17 11:43:30,070 - sqlalchemy.engine.Engine - INFO - ROLLBACK
2026-02-17 11:46:20,078 - core.logging - INFO - Starting CRM application
2026-02-17 11:46:20,078 - apscheduler.scheduler - INFO - Adding job tentatively -- it will be properly scheduled when the scheduler starts
2026-02-17 11:46:20,078 - apscheduler.scheduler - INFO - Adding job tentatively -- it will be properly scheduled when the scheduler starts
2026-02-17 11:46:20,078 - apscheduler.scheduler - INFO - Added job "daily_backup_and_report" to job store "default"
2026-02-17 11:46:20,079 - apscheduler.scheduler - INFO - Added job "daily_backup_and_report" to job store "default"
2026-02-17 11:46:20,079 - apscheduler.scheduler - INFO - Scheduler started
2026-02-17 11:46:20,079 - core.logging - INFO - Scheduler started
2026-02-17 11:47:07,978 - core.logging - INFO - Starting CRM application
2026-02-17 11:47:07,978 - apscheduler.scheduler - INFO - Adding job tentatively -- it will be properly scheduled when the scheduler starts
2026-02-17 11:47:07,978 - apscheduler.scheduler - INFO - Adding job tentatively -- it will be properly scheduled when the scheduler starts
2026-02-17 11:47:07,979 - apscheduler.scheduler - INFO - Added job "daily_backup_and_report" to job store "default"
2026-02-17 11:47:07,979 - apscheduler.scheduler - INFO - Added job "daily_backup_and_report" to job store "default"
2026-02-17 11:47:07,979 - apscheduler.scheduler - INFO - Scheduler started
2026-02-17 11:47:07,979 - core.logging - INFO - Scheduler started
2026-02-17 11:47:21,935 - core.logging - INFO - Starting CRM application
2026-02-17 11:47:21,935 - apscheduler.scheduler - INFO - Adding job tentatively -- it will be properly scheduled when the scheduler starts
2026-02-17 11:47:21,935 - apscheduler.scheduler - INFO - Adding job tentatively -- it will be properly scheduled when the scheduler starts
2026-02-17 11:47:21,936 - apscheduler.scheduler - INFO - Added job "daily_backup_and_report" to job store "default"
2026-02-17 11:47:21,936 - apscheduler.scheduler - INFO - Added job "daily_backup_and_report" to job store "default"
2026-02-17 11:47:21,936 - apscheduler.scheduler - INFO - Scheduler started
2026-02-17 11:47:21,936 - core.logging - INFO - Scheduler started
2026-02-17 11:47:25,943 - core.logging - INFO - Starting CRM application
2026-02-17 11:47:25,943 - apscheduler.scheduler - INFO - Adding job tentatively -- it will be properly scheduled when the scheduler starts
2026-02-17 11:47:25,943 - apscheduler.scheduler - INFO - Adding job tentatively -- it will be properly scheduled when the scheduler starts
2026-02-17 11:47:25,943 - apscheduler.scheduler - INFO - Added job "daily_backup_and_report" to job store "default"
2026-02-17 11:47:25,944 - apscheduler.scheduler - INFO - Added job "daily_backup_and_report" to job store "default"
2026-02-17 11:47:25,944 - apscheduler.scheduler - INFO - Scheduler started
2026-02-17 11:47:25,944 - core.logging - INFO - Scheduler started
2026-02-17 11:47:31,921 - sqlalchemy.engine.Engine - INFO - select pg_catalog.version()
2026-02-17 11:47:31,922 - sqlalchemy.engine.Engine - INFO - [raw sql] ()
2026-02-17 11:47:31,923 - sqlalchemy.engine.Engine - INFO - select current_schema()
2026-02-17 11:47:31,923 - sqlalchemy.engine.Engine - INFO - [raw sql] ()
2026-02-17 11:47:31,923 - sqlalchemy.engine.Engine - INFO - show standard_conforming_strings
2026-02-17 11:47:31,923 - sqlalchemy.engine.Engine - INFO - [raw sql] ()
2026-02-17 11:47:31,924 - sqlalchemy.engine.Engine - INFO - BEGIN (implicit)
2026-02-17 11:47:31,926 - sqlalchemy.engine.Engine - INFO - SELECT orders.id, orders.client_id, orders.installer_id, orders.status, orders.service_type, orders.warehouse, orders.service_datetime, orders.delivery_datetime, orders.promise, orders.marker_color, orders.address_text, orders.created_at, orders.updated_at 
FROM orders 
 LIMIT $1::INTEGER OFFSET $2::INTEGER
2026-02-17 11:47:31,926 - sqlalchemy.engine.Engine - INFO - [generated in 0.00012s] (100, 0)
2026-02-17 11:47:31,939 - sqlalchemy.engine.Engine - INFO - SELECT finance.order_id AS finance_order_id, finance.id AS finance_id, finance.purchase_price AS finance_purchase_price, finance.sale_price_client AS finance_sale_price_client, finance.installer_pay AS finance_installer_pay, finance.my_commission AS finance_my_commission, finance.profit AS finance_profit, finance.installer_returned_money AS finance_installer_returned_money, finance.payment_state AS finance_payment_state, finance.updated_at AS finance_updated_at, finance.created_at AS finance_created_at 
FROM finance 
WHERE finance.order_id IN ($1::INTEGER)
2026-02-17 11:47:31,939 - sqlalchemy.engine.Engine - INFO - [generated in 0.00021s] (1,)
2026-02-17 11:47:31,944 - sqlalchemy.engine.Engine - INFO - SELECT clients.id AS clients_id, clients.full_name AS clients_full_name, clients.phone AS clients_phone, clients.address AS clients_address, clients.coordinates AS clients_coordinates, clients.created_at AS clients_created_at, clients.last_contact AS clients_last_contact, clients.comments AS clients_comments, clients.updated_at AS clients_updated_at, clients.backup_phone AS clients_backup_phone, clients.deleted_at AS clients_deleted_at 
FROM clients 
WHERE clients.id IN ($1::INTEGER)
2026-02-17 11:47:31,944 - sqlalchemy.engine.Engine - INFO - [generated in 0.00017s] (2,)
2026-02-17 11:47:31,946 - sqlalchemy.engine.Engine - INFO - SELECT installers.id AS installers_id, installers.full_name AS installers_full_name, installers.nickname AS installers_nickname, installers.phone AS installers_phone, installers.backup_phone AS installers_backup_phone, installers.specialization AS installers_specialization, installers.rating AS installers_rating, installers.base_price AS installers_base_price, installers.is_debtor AS installers_is_debtor, installers.comments AS installers_comments, installers.is_active AS installers_is_active, installers.is_in_funnel AS installers_is_in_funnel, installers.total_orders AS installers_total_orders, installers.poor_work_count AS installers_poor_work_count, installers.warranty_visits_count AS installers_warranty_visits_count, installers.last_incident_date AS installers_last_incident_date, installers.updated_at AS installers_updated_at, installers.created_at AS installers_created_at, installers.deleted_at AS installers_deleted_at 
FROM installers 
WHERE installers.id IN ($1::INTEGER)
2026-02-17 11:47:31,947 - sqlalchemy.engine.Engine - INFO - [generated in 0.00014s] (1,)
2026-02-17 11:47:31,949 - sqlalchemy.engine.Engine - INFO - ROLLBACK
2026-02-17 11:47:31,950 - sqlalchemy.engine.Engine - INFO - BEGIN (implicit)
2026-02-17 11:47:31,950 - sqlalchemy.engine.Engine - INFO - SELECT orders.id, orders.client_id, orders.installer_id, orders.status, orders.service_type, orders.warehouse, orders.service_datetime, orders.delivery_datetime, orders.promise, orders.marker_color, orders.address_text, orders.created_at, orders.updated_at 
FROM orders 
 LIMIT $1::INTEGER OFFSET $2::INTEGER
2026-02-17 11:47:31,950 - sqlalchemy.engine.Engine - INFO - [cached since 0.02426s ago] (100, 0)
2026-02-17 11:47:31,952 - sqlalchemy.engine.Engine - INFO - SELECT finance.order_id AS finance_order_id, finance.id AS finance_id, finance.purchase_price AS finance_purchase_price, finance.sale_price_client AS finance_sale_price_client, finance.installer_pay AS finance_installer_pay, finance.my_commission AS finance_my_commission, finance.profit AS finance_profit, finance.installer_returned_money AS finance_installer_returned_money, finance.payment_state AS finance_payment_state, finance.updated_at AS finance_updated_at, finance.created_at AS finance_created_at 
FROM finance 
WHERE finance.order_id IN ($1::INTEGER)
2026-02-17 11:47:31,952 - sqlalchemy.engine.Engine - INFO - [cached since 0.01371s ago] (1,)
2026-02-17 11:47:31,953 - sqlalchemy.engine.Engine - INFO - SELECT clients.id AS clients_id, clients.full_name AS clients_full_name, clients.phone AS clients_phone, clients.address AS clients_address, clients.coordinates AS clients_coordinates, clients.created_at AS clients_created_at, clients.last_contact AS clients_last_contact, clients.comments AS clients_comments, clients.updated_at AS clients_updated_at, clients.backup_phone AS clients_backup_phone, clients.deleted_at AS clients_deleted_at 
FROM clients 
WHERE clients.id IN ($1::INTEGER)
2026-02-17 11:47:31,953 - sqlalchemy.engine.Engine - INFO - [cached since 0.009163s ago] (2,)
2026-02-17 11:47:31,954 - sqlalchemy.engine.Engine - INFO - SELECT installers.id AS installers_id, installers.full_name AS installers_full_name, installers.nickname AS installers_nickname, installers.phone AS installers_phone, installers.backup_phone AS installers_backup_phone, installers.specialization AS installers_specialization, installers.rating AS installers_rating, installers.base_price AS installers_base_price, installers.is_debtor AS installers_is_debtor, installers.comments AS installers_comments, installers.is_active AS installers_is_active, installers.is_in_funnel AS installers_is_in_funnel, installers.total_orders AS installers_total_orders, installers.poor_work_count AS installers_poor_work_count, installers.warranty_visits_count AS installers_warranty_visits_count, installers.last_incident_date AS installers_last_incident_date, installers.updated_at AS installers_updated_at, installers.created_at AS installers_created_at, installers.deleted_at AS installers_deleted_at 
FROM installers 
WHERE installers.id IN ($1::INTEGER)
2026-02-17 11:47:31,955 - sqlalchemy.engine.Engine - INFO - [cached since 0.008075s ago] (1,)
2026-02-17 11:47:31,956 - sqlalchemy.engine.Engine - INFO - ROLLBACK
