2026-02-18 07:58:49,026 - src.core.logging - INFO - Starting CRM application
2026-02-18 07:58:49,026 - apscheduler.scheduler - INFO - Adding job tentatively -- it will be properly scheduled when the scheduler starts
2026-02-18 07:58:49,026 - apscheduler.scheduler - INFO - Adding job tentatively -- it will be properly scheduled when the scheduler starts
2026-02-18 07:58:49,027 - apscheduler.scheduler - INFO - Added job "daily_backup_and_report" to job store "default"
2026-02-18 07:58:49,027 - apscheduler.scheduler - INFO - Added job "daily_backup_and_report" to job store "default"
2026-02-18 07:58:49,027 - apscheduler.scheduler - INFO - Scheduler started
2026-02-18 07:58:49,027 - src.core.logging - INFO - Scheduler started
2026-02-18 07:59:21,264 - sqlalchemy.engine.Engine - INFO - select pg_catalog.version()
2026-02-18 07:59:21,264 - sqlalchemy.engine.Engine - INFO - [raw sql] ()
2026-02-18 07:59:21,271 - sqlalchemy.engine.Engine - INFO - select current_schema()
2026-02-18 07:59:21,272 - sqlalchemy.engine.Engine - INFO - [raw sql] ()
2026-02-18 07:59:21,273 - sqlalchemy.engine.Engine - INFO - show standard_conforming_strings
2026-02-18 07:59:21,273 - sqlalchemy.engine.Engine - INFO - [raw sql] ()
2026-02-18 07:59:21,273 - sqlalchemy.engine.Engine - INFO - BEGIN (implicit)
2026-02-18 07:59:21,280 - sqlalchemy.engine.Engine - INFO - SELECT admins.id, admins.username, admins.password_hash, admins.created_at 
FROM admins 
WHERE admins.username = $1::VARCHAR
2026-02-18 07:59:21,280 - sqlalchemy.engine.Engine - INFO - [generated in 0.00012s] ('zhura2296@yandex.ru',)
2026-02-18 07:59:21,536 - sqlalchemy.engine.Engine - INFO - ROLLBACK
2026-02-18 08:01:36,769 - sqlalchemy.engine.Engine - INFO - BEGIN (implicit)
2026-02-18 08:01:36,770 - sqlalchemy.engine.Engine - INFO - SELECT admins.id, admins.username, admins.password_hash, admins.created_at 
FROM admins 
WHERE admins.username = $1::VARCHAR
2026-02-18 08:01:36,770 - sqlalchemy.engine.Engine - INFO - [cached since 135.5s ago] ('zhura2296@yandex.ru',)
2026-02-18 08:01:36,775 - sqlalchemy.engine.Engine - INFO - SELECT clients.id, clients.full_name, clients.phone, clients.address, clients.coordinates, clients.created_at, clients.last_contact, clients.comments, clients.updated_at, clients.backup_phone, clients.deleted_at 
FROM clients 
 LIMIT $1::INTEGER OFFSET $2::INTEGER
2026-02-18 08:01:36,775 - sqlalchemy.engine.Engine - INFO - [generated in 0.00033s] (100, 0)
2026-02-18 08:01:36,793 - sqlalchemy.engine.Engine - INFO - BEGIN (implicit)
2026-02-18 08:01:36,794 - sqlalchemy.engine.Engine - INFO - SELECT admins.id, admins.username, admins.password_hash, admins.created_at 
FROM admins 
WHERE admins.username = $1::VARCHAR
2026-02-18 08:01:36,794 - sqlalchemy.engine.Engine - INFO - [cached since 135.5s ago] ('zhura2296@yandex.ru',)
2026-02-18 08:01:36,795 - sqlalchemy.engine.Engine - INFO - ROLLBACK
2026-02-18 08:01:36,798 - sqlalchemy.engine.Engine - INFO - SELECT installers.id, installers.full_name, installers.nickname, installers.phone, installers.backup_phone, installers.specialization, installers.rating, installers.base_price, installers.is_debtor, installers.comments, installers.is_active, installers.is_in_funnel, installers.total_orders, installers.poor_work_count, installers.warranty_visits_count, installers.last_incident_date, installers.updated_at, installers.created_at, installers.deleted_at 
FROM installers 
WHERE installers.deleted_at IS NULL 
 LIMIT $1::INTEGER OFFSET $2::INTEGER
2026-02-18 08:01:36,798 - sqlalchemy.engine.Engine - INFO - [generated in 0.00013s] (100, 0)
2026-02-18 08:01:36,801 - sqlalchemy.engine.Engine - INFO - ROLLBACK
2026-02-18 08:05:36,428 - sqlalchemy.engine.Engine - INFO - BEGIN (implicit)
2026-02-18 08:05:36,428 - sqlalchemy.engine.Engine - INFO - SELECT admins.id, admins.username, admins.password_hash, admins.created_at 
FROM admins 
WHERE admins.username = $1::VARCHAR
2026-02-18 08:05:36,429 - sqlalchemy.engine.Engine - INFO - [cached since 375.1s ago] ('zhura2296@yandex.ru',)
2026-02-18 08:05:36,431 - sqlalchemy.engine.Engine - INFO - INSERT INTO clients (full_name, phone, address, coordinates, comments, updated_at, backup_phone, deleted_at) VALUES ($1::VARCHAR, $2::VARCHAR, $3::VARCHAR, $4, $5::VARCHAR, $6::TIMESTAMP WITH TIME ZONE, $7::VARCHAR, $8::TIMESTAMP WITH TIME ZONE) RETURNING clients.id, clients.created_at, clients.last_contact
2026-02-18 08:05:36,431 - sqlalchemy.engine.Engine - INFO - [generated in 0.00014s] ('Петров Олег Юрьевич', '+79153227046', 'Московская область г.ивантеевка ул.смурякова д.1', None, 'Удобно устанавливать', None, None, None)
2026-02-18 08:05:36,466 - sqlalchemy.engine.Engine - INFO - COMMIT
2026-02-18 08:05:36,468 - sqlalchemy.engine.Engine - INFO - BEGIN (implicit)
2026-02-18 08:05:36,468 - sqlalchemy.engine.Engine - INFO - SELECT clients.id, clients.full_name, clients.phone, clients.address, clients.coordinates, clients.created_at, clients.last_contact, clients.comments, clients.updated_at, clients.backup_phone, clients.deleted_at 
FROM clients 
WHERE clients.id = $1::INTEGER
2026-02-18 08:05:36,468 - sqlalchemy.engine.Engine - INFO - [generated in 0.00010s] (5,)
2026-02-18 08:05:36,471 - sqlalchemy.engine.Engine - INFO - ROLLBACK
2026-02-18 08:05:36,476 - sqlalchemy.engine.Engine - INFO - BEGIN (implicit)
2026-02-18 08:05:36,477 - sqlalchemy.engine.Engine - INFO - INSERT INTO orders (client_id, installer_id, status, service_type, warehouse, service_datetime, delivery_datetime, promise, marker_color, address_text) VALUES ($1::INTEGER, $2::INTEGER, $3::order_status, $4::VARCHAR, $5::VARCHAR, $6::TIMESTAMP WITHOUT TIME ZONE, $7::TIMESTAMP WITHOUT TIME ZONE, $8::VARCHAR, $9::VARCHAR, $10::VARCHAR) RETURNING orders.id, orders.created_at, orders.updated_at
2026-02-18 08:05:36,477 - sqlalchemy.engine.Engine - INFO - [generated in 0.00022s] (5, None, 'Новый', 'Electrolux EACS-09HSK/N3_24Y', 'Основной', datetime.datetime(2026, 2, 21, 12, 45, tzinfo=TzInfo(0)), datetime.datetime(2026, 2, 20, 7, 0, tzinfo=TzInfo(0)), 'Обещал скидку', 'blue', None)
2026-02-18 08:05:36,497 - sqlalchemy.engine.Engine - INFO - ROLLBACK
2026-02-18 08:05:36,498 - src.core.logging - ERROR - Unhandled exception: (sqlalchemy.dialects.postgresql.asyncpg.Error) <class 'asyncpg.exceptions.DataError'>: invalid input for query argument $6: datetime.datetime(2026, 2, 21, 12, 45, t... (can't subtract offset-naive and offset-aware datetimes)
[SQL: INSERT INTO orders (client_id, installer_id, status, service_type, warehouse, service_datetime, delivery_datetime, promise, marker_color, address_text) VALUES ($1::INTEGER, $2::INTEGER, $3::order_status, $4::VARCHAR, $5::VARCHAR, $6::TIMESTAMP WITHOUT TIME ZONE, $7::TIMESTAMP WITHOUT TIME ZONE, $8::VARCHAR, $9::VARCHAR, $10::VARCHAR) RETURNING orders.id, orders.created_at, orders.updated_at]
[parameters: (5, None, 'Новый', 'Electrolux EACS-09HSK/N3_24Y', 'Основной', datetime.datetime(2026, 2, 21, 12, 45, tzinfo=TzInfo(0)), datetime.datetime(2026, 2, 20, 7, 0, tzinfo=TzInfo(0)), 'Обещал скидку', 'blue', None)]
(Background on this error at: https://sqlalche.me/e/20/dbapi)
Traceback (most recent call last):
  File "asyncpg/protocol/prepared_stmt.pyx", line 175, in asyncpg.protocol.protocol.PreparedStatementState._encode_bind_msg
  File "asyncpg/protocol/codecs/base.pyx", line 251, in asyncpg.protocol.protocol.Codec.encode
  File "asyncpg/protocol/codecs/base.pyx", line 153, in asyncpg.protocol.protocol.Codec.encode_scalar
  File "asyncpg/pgproto/codecs/datetime.pyx", line 152, in asyncpg.pgproto.pgproto.timestamp_encode
TypeError: can't subtract offset-naive and offset-aware datetimes

The above exception was the direct cause of the following exception:

Traceback (most recent call last):
  File "/home/andre/Рабочий стол/CRM/venv/lib/python3.12/site-packages/sqlalchemy/dialects/postgresql/asyncpg.py", line 557, in _prepare_and_execute
    self._rows = await prepared_stmt.fetch(*parameters)
                 ^^^^^^^^^^^^^^^^^^^^^^^^^^^^^^^^^^^^^^
  File "/home/andre/Рабочий стол/CRM/venv/lib/python3.12/site-packages/asyncpg/prepared_stmt.py", line 177, in fetch
    data = await self.__bind_execute(args, 0, timeout)
           ^^^^^^^^^^^^^^^^^^^^^^^^^^^^^^^^^^^^^^^^^^^
  File "/home/andre/Рабочий стол/CRM/venv/lib/python3.12/site-packages/asyncpg/prepared_stmt.py", line 268, in __bind_execute
    data, status, _ = await self.__do_execute(
                      ^^^^^^^^^^^^^^^^^^^^^^^^
  File "/home/andre/Рабочий стол/CRM/venv/lib/python3.12/site-packages/asyncpg/prepared_stmt.py", line 257, in __do_execute
    return await executor(protocol)
           ^^^^^^^^^^^^^^^^^^^^^^^^
  File "asyncpg/protocol/protocol.pyx", line 184, in bind_execute
  File "asyncpg/protocol/prepared_stmt.pyx", line 204, in asyncpg.protocol.protocol.PreparedStatementState._encode_bind_msg
asyncpg.exceptions.DataError: invalid input for query argument $6: datetime.datetime(2026, 2, 21, 12, 45, t... (can't subtract offset-naive and offset-aware datetimes)

The above exception was the direct cause of the following exception:

Traceback (most recent call last):
  File "/home/andre/Рабочий стол/CRM/venv/lib/python3.12/site-packages/sqlalchemy/engine/base.py", line 1969, in _exec_single_context
    self.dialect.do_execute(
  File "/home/andre/Рабочий стол/CRM/venv/lib/python3.12/site-packages/sqlalchemy/engine/default.py", line 922, in do_execute
    cursor.execute(statement, parameters)
  File "/home/andre/Рабочий стол/CRM/venv/lib/python3.12/site-packages/sqlalchemy/dialects/postgresql/asyncpg.py", line 591, in execute
    self._adapt_connection.await_(
  File "/home/andre/Рабочий стол/CRM/venv/lib/python3.12/site-packages/sqlalchemy/util/_concurrency_py3k.py", line 125, in await_only
    return current.driver.switch(awaitable)  # type: ignore[no-any-return]
           ^^^^^^^^^^^^^^^^^^^^^^^^^^^^^^^^
  File "/home/andre/Рабочий стол/CRM/venv/lib/python3.12/site-packages/sqlalchemy/util/_concurrency_py3k.py", line 185, in greenlet_spawn
    value = await result
            ^^^^^^^^^^^^
  File "/home/andre/Рабочий стол/CRM/venv/lib/python3.12/site-packages/sqlalchemy/dialects/postgresql/asyncpg.py", line 569, in _prepare_and_execute
    self._handle_exception(error)
  File "/home/andre/Рабочий стол/CRM/venv/lib/python3.12/site-packages/sqlalchemy/dialects/postgresql/asyncpg.py", line 520, in _handle_exception
    self._adapt_connection._handle_exception(error)
  File "/home/andre/Рабочий стол/CRM/venv/lib/python3.12/site-packages/sqlalchemy/dialects/postgresql/asyncpg.py", line 808, in _handle_exception
    raise translated_error from error
sqlalchemy.dialects.postgresql.asyncpg.AsyncAdapt_asyncpg_dbapi.Error: <class 'asyncpg.exceptions.DataError'>: invalid input for query argument $6: datetime.datetime(2026, 2, 21, 12, 45, t... (can't subtract offset-naive and offset-aware datetimes)

The above exception was the direct cause of the following exception:

Traceback (most recent call last):
  File "/home/andre/Рабочий стол/CRM/backend/src/core/logging.py", line 49, in dispatch
    response = await call_next(request)
               ^^^^^^^^^^^^^^^^^^^^^^^^
  File "/home/andre/Рабочий стол/CRM/venv/lib/python3.12/site-packages/starlette/middleware/base.py", line 84, in call_next
    raise app_exc
  File "/home/andre/Рабочий стол/CRM/venv/lib/python3.12/site-packages/starlette/middleware/base.py", line 70, in coro
    await self.app(scope, receive_or_disconnect, send_no_error)
  File "/home/andre/Рабочий стол/CRM/venv/lib/python3.12/site-packages/starlette/middleware/cors.py", line 91, in __call__
    await self.simple_response(scope, receive, send, request_headers=headers)
  File "/home/andre/Рабочий стол/CRM/venv/lib/python3.12/site-packages/starlette/middleware/cors.py", line 146, in simple_response
    await self.app(scope, receive, send)
  File "/home/andre/Рабочий стол/CRM/venv/lib/python3.12/site-packages/starlette/middleware/exceptions.py", line 79, in __call__
    raise exc
  File "/home/andre/Рабочий стол/CRM/venv/lib/python3.12/site-packages/starlette/middleware/exceptions.py", line 68, in __call__
    await self.app(scope, receive, sender)
  File "/home/andre/Рабочий стол/CRM/venv/lib/python3.12/site-packages/fastapi/middleware/asyncexitstack.py", line 20, in __call__
    raise e
  File "/home/andre/Рабочий стол/CRM/venv/lib/python3.12/site-packages/fastapi/middleware/asyncexitstack.py", line 17, in __call__
    await self.app(scope, receive, send)
  File "/home/andre/Рабочий стол/CRM/venv/lib/python3.12/site-packages/starlette/routing.py", line 718, in __call__
    await route.handle(scope, receive, send)
  File "/home/andre/Рабочий стол/CRM/venv/lib/python3.12/site-packages/starlette/routing.py", line 276, in handle
    await self.app(scope, receive, send)
  File "/home/andre/Рабочий стол/CRM/venv/lib/python3.12/site-packages/starlette/routing.py", line 66, in app
    response = await func(request)
               ^^^^^^^^^^^^^^^^^^^
  File "/home/andre/Рабочий стол/CRM/venv/lib/python3.12/site-packages/fastapi/routing.py", line 274, in app
    raw_response = await run_endpoint_function(
                   ^^^^^^^^^^^^^^^^^^^^^^^^^^^^
  File "/home/andre/Рабочий стол/CRM/venv/lib/python3.12/site-packages/fastapi/routing.py", line 191, in run_endpoint_function
    return await dependant.call(**values)
           ^^^^^^^^^^^^^^^^^^^^^^^^^^^^^^
  File "/home/andre/Рабочий стол/CRM/backend/src/routers/orders.py", line 17, in create_order_endpoint
    return await create_order(db, order)
           ^^^^^^^^^^^^^^^^^^^^^^^^^^^^^
  File "/home/andre/Рабочий стол/CRM/backend/src/services/orders.py", line 18, in create_order
    await db.flush()  # чтобы получить id заказа
    ^^^^^^^^^^^^^^^^
  File "/home/andre/Рабочий стол/CRM/venv/lib/python3.12/site-packages/sqlalchemy/ext/asyncio/session.py", line 802, in flush
    await greenlet_spawn(self.sync_session.flush, objects=objects)
  File "/home/andre/Рабочий стол/CRM/venv/lib/python3.12/site-packages/sqlalchemy/util/_concurrency_py3k.py", line 192, in greenlet_spawn
    result = context.switch(value)
             ^^^^^^^^^^^^^^^^^^^^^
  File "/home/andre/Рабочий стол/CRM/venv/lib/python3.12/site-packages/sqlalchemy/orm/session.py", line 4312, in flush
    self._flush(objects)
  File "/home/andre/Рабочий стол/CRM/venv/lib/python3.12/site-packages/sqlalchemy/orm/session.py", line 4447, in _flush
    with util.safe_reraise():
  File "/home/andre/Рабочий стол/CRM/venv/lib/python3.12/site-packages/sqlalchemy/util/langhelpers.py", line 146, in __exit__
    raise exc_value.with_traceback(exc_tb)
  File "/home/andre/Рабочий стол/CRM/venv/lib/python3.12/site-packages/sqlalchemy/orm/session.py", line 4408, in _flush
    flush_context.execute()
  File "/home/andre/Рабочий стол/CRM/venv/lib/python3.12/site-packages/sqlalchemy/orm/unitofwork.py", line 466, in execute
    rec.execute(self)
  File "/home/andre/Рабочий стол/CRM/venv/lib/python3.12/site-packages/sqlalchemy/orm/unitofwork.py", line 642, in execute
    util.preloaded.orm_persistence.save_obj(
  File "/home/andre/Рабочий стол/CRM/venv/lib/python3.12/site-packages/sqlalchemy/orm/persistence.py", line 93, in save_obj
    _emit_insert_statements(
  File "/home/andre/Рабочий стол/CRM/venv/lib/python3.12/site-packages/sqlalchemy/orm/persistence.py", line 1226, in _emit_insert_statements
    result = connection.execute(
             ^^^^^^^^^^^^^^^^^^^
  File "/home/andre/Рабочий стол/CRM/venv/lib/python3.12/site-packages/sqlalchemy/engine/base.py", line 1416, in execute
    return meth(
           ^^^^^
  File "/home/andre/Рабочий стол/CRM/venv/lib/python3.12/site-packages/sqlalchemy/sql/elements.py", line 516, in _execute_on_connection
    return connection._execute_clauseelement(
           ^^^^^^^^^^^^^^^^^^^^^^^^^^^^^^^^^^
  File "/home/andre/Рабочий стол/CRM/venv/lib/python3.12/site-packages/sqlalchemy/engine/base.py", line 1639, in _execute_clauseelement
    ret = self._execute_context(
          ^^^^^^^^^^^^^^^^^^^^^^
  File "/home/andre/Рабочий стол/CRM/venv/lib/python3.12/site-packages/sqlalchemy/engine/base.py", line 1848, in _execute_context
    return self._exec_single_context(
           ^^^^^^^^^^^^^^^^^^^^^^^^^^
  File "/home/andre/Рабочий стол/CRM/venv/lib/python3.12/site-packages/sqlalchemy/engine/base.py", line 1988, in _exec_single_context
    self._handle_dbapi_exception(
  File "/home/andre/Рабочий стол/CRM/venv/lib/python3.12/site-packages/sqlalchemy/engine/base.py", line 2343, in _handle_dbapi_exception
    raise sqlalchemy_exception.with_traceback(exc_info[2]) from e
  File "/home/andre/Рабочий стол/CRM/venv/lib/python3.12/site-packages/sqlalchemy/engine/base.py", line 1969, in _exec_single_context
    self.dialect.do_execute(
  File "/home/andre/Рабочий стол/CRM/venv/lib/python3.12/site-packages/sqlalchemy/engine/default.py", line 922, in do_execute
    cursor.execute(statement, parameters)
  File "/home/andre/Рабочий стол/CRM/venv/lib/python3.12/site-packages/sqlalchemy/dialects/postgresql/asyncpg.py", line 591, in execute
    self._adapt_connection.await_(
  File "/home/andre/Рабочий стол/CRM/venv/lib/python3.12/site-packages/sqlalchemy/util/_concurrency_py3k.py", line 125, in await_only
    return current.driver.switch(awaitable)  # type: ignore[no-any-return]
           ^^^^^^^^^^^^^^^^^^^^^^^^^^^^^^^^
  File "/home/andre/Рабочий стол/CRM/venv/lib/python3.12/site-packages/sqlalchemy/util/_concurrency_py3k.py", line 185, in greenlet_spawn
    value = await result
            ^^^^^^^^^^^^
  File "/home/andre/Рабочий стол/CRM/venv/lib/python3.12/site-packages/sqlalchemy/dialects/postgresql/asyncpg.py", line 569, in _prepare_and_execute
    self._handle_exception(error)
  File "/home/andre/Рабочий стол/CRM/venv/lib/python3.12/site-packages/sqlalchemy/dialects/postgresql/asyncpg.py", line 520, in _handle_exception
    self._adapt_connection._handle_exception(error)
  File "/home/andre/Рабочий стол/CRM/venv/lib/python3.12/site-packages/sqlalchemy/dialects/postgresql/asyncpg.py", line 808, in _handle_exception
    raise translated_error from error
sqlalchemy.exc.DBAPIError: (sqlalchemy.dialects.postgresql.asyncpg.Error) <class 'asyncpg.exceptions.DataError'>: invalid input for query argument $6: datetime.datetime(2026, 2, 21, 12, 45, t... (can't subtract offset-naive and offset-aware datetimes)
[SQL: INSERT INTO orders (client_id, installer_id, status, service_type, warehouse, service_datetime, delivery_datetime, promise, marker_color, address_text) VALUES ($1::INTEGER, $2::INTEGER, $3::order_status, $4::VARCHAR, $5::VARCHAR, $6::TIMESTAMP WITHOUT TIME ZONE, $7::TIMESTAMP WITHOUT TIME ZONE, $8::VARCHAR, $9::VARCHAR, $10::VARCHAR) RETURNING orders.id, orders.created_at, orders.updated_at]
[parameters: (5, None, 'Новый', 'Electrolux EACS-09HSK/N3_24Y', 'Основной', datetime.datetime(2026, 2, 21, 12, 45, tzinfo=TzInfo(0)), datetime.datetime(2026, 2, 20, 7, 0, tzinfo=TzInfo(0)), 'Обещал скидку', 'blue', None)]
(Background on this error at: https://sqlalche.me/e/20/dbapi)
2026-02-18 08:09:19,593 - src.core.logging - INFO - Starting CRM application
2026-02-18 08:09:19,593 - apscheduler.scheduler - INFO - Adding job tentatively -- it will be properly scheduled when the scheduler starts
2026-02-18 08:09:19,593 - apscheduler.scheduler - INFO - Adding job tentatively -- it will be properly scheduled when the scheduler starts
2026-02-18 08:09:19,594 - apscheduler.scheduler - INFO - Added job "daily_backup_and_report" to job store "default"
2026-02-18 08:09:19,594 - apscheduler.scheduler - INFO - Added job "daily_backup_and_report" to job store "default"
2026-02-18 08:09:19,594 - apscheduler.scheduler - INFO - Scheduler started
2026-02-18 08:09:19,594 - src.core.logging - INFO - Scheduler started
2026-02-18 08:09:34,704 - src.core.logging - INFO - Starting CRM application
2026-02-18 08:09:34,704 - apscheduler.scheduler - INFO - Adding job tentatively -- it will be properly scheduled when the scheduler starts
2026-02-18 08:09:34,704 - apscheduler.scheduler - INFO - Adding job tentatively -- it will be properly scheduled when the scheduler starts
2026-02-18 08:09:34,704 - apscheduler.scheduler - INFO - Added job "daily_backup_and_report" to job store "default"
2026-02-18 08:09:34,704 - apscheduler.scheduler - INFO - Added job "daily_backup_and_report" to job store "default"
2026-02-18 08:09:34,705 - apscheduler.scheduler - INFO - Scheduler started
2026-02-18 08:09:34,705 - src.core.logging - INFO - Scheduler started
2026-02-18 08:10:19,701 - src.core.logging - INFO - Starting CRM application
2026-02-18 08:10:19,701 - apscheduler.scheduler - INFO - Adding job tentatively -- it will be properly scheduled when the scheduler starts
2026-02-18 08:10:19,701 - apscheduler.scheduler - INFO - Adding job tentatively -- it will be properly scheduled when the scheduler starts
2026-02-18 08:10:19,702 - apscheduler.scheduler - INFO - Added job "daily_backup_and_report" to job store "default"
2026-02-18 08:10:19,702 - apscheduler.scheduler - INFO - Added job "daily_backup_and_report" to job store "default"
2026-02-18 08:10:19,702 - apscheduler.scheduler - INFO - Scheduler started
2026-02-18 08:10:19,702 - src.core.logging - INFO - Scheduler started
2026-02-18 08:12:07,447 - src.core.logging - INFO - Starting CRM application
2026-02-18 08:12:07,447 - apscheduler.scheduler - INFO - Adding job tentatively -- it will be properly scheduled when the scheduler starts
2026-02-18 08:12:07,447 - apscheduler.scheduler - INFO - Adding job tentatively -- it will be properly scheduled when the scheduler starts
2026-02-18 08:12:07,447 - apscheduler.scheduler - INFO - Added job "daily_backup_and_report" to job store "default"
2026-02-18 08:12:07,448 - apscheduler.scheduler - INFO - Added job "daily_backup_and_report" to job store "default"
2026-02-18 08:12:07,448 - apscheduler.scheduler - INFO - Scheduler started
2026-02-18 08:12:07,448 - src.core.logging - INFO - Scheduler started
2026-02-18 08:12:49,564 - src.core.logging - INFO - Starting CRM application
2026-02-18 08:12:49,565 - apscheduler.scheduler - INFO - Adding job tentatively -- it will be properly scheduled when the scheduler starts
2026-02-18 08:12:49,565 - apscheduler.scheduler - INFO - Adding job tentatively -- it will be properly scheduled when the scheduler starts
2026-02-18 08:12:49,565 - apscheduler.scheduler - INFO - Added job "daily_backup_and_report" to job store "default"
2026-02-18 08:12:49,565 - apscheduler.scheduler - INFO - Added job "daily_backup_and_report" to job store "default"
2026-02-18 08:12:49,565 - apscheduler.scheduler - INFO - Scheduler started
2026-02-18 08:12:49,565 - src.core.logging - INFO - Scheduler started
2026-02-18 08:13:02,199 - sqlalchemy.engine.Engine - INFO - select pg_catalog.version()
2026-02-18 08:13:02,200 - sqlalchemy.engine.Engine - INFO - [raw sql] ()
2026-02-18 08:13:02,201 - sqlalchemy.engine.Engine - INFO - select current_schema()
2026-02-18 08:13:02,201 - sqlalchemy.engine.Engine - INFO - [raw sql] ()
2026-02-18 08:13:02,201 - sqlalchemy.engine.Engine - INFO - show standard_conforming_strings
2026-02-18 08:13:02,201 - sqlalchemy.engine.Engine - INFO - [raw sql] ()
2026-02-18 08:13:02,202 - sqlalchemy.engine.Engine - INFO - BEGIN (implicit)
2026-02-18 08:13:02,210 - sqlalchemy.engine.Engine - INFO - SELECT admins.id, admins.username, admins.password_hash, admins.created_at 
FROM admins 
WHERE admins.username = $1::VARCHAR
2026-02-18 08:13:02,210 - sqlalchemy.engine.Engine - INFO - [generated in 0.00015s] ('zhura2296@yandex.ru',)
2026-02-18 08:13:02,427 - sqlalchemy.engine.Engine - INFO - ROLLBACK
2026-02-18 08:13:02,509 - sqlalchemy.engine.Engine - INFO - BEGIN (implicit)
2026-02-18 08:13:02,509 - sqlalchemy.engine.Engine - INFO - SELECT admins.id, admins.username, admins.password_hash, admins.created_at 
FROM admins 
WHERE admins.username = $1::VARCHAR
2026-02-18 08:13:02,509 - sqlalchemy.engine.Engine - INFO - [cached since 0.2996s ago] ('zhura2296@yandex.ru',)
2026-02-18 08:13:02,514 - sqlalchemy.engine.Engine - INFO - SELECT clients.id, clients.full_name, clients.phone, clients.address, clients.coordinates, clients.created_at, clients.last_contact, clients.comments, clients.updated_at, clients.backup_phone, clients.deleted_at 
FROM clients 
 LIMIT $1::INTEGER OFFSET $2::INTEGER
2026-02-18 08:13:02,514 - sqlalchemy.engine.Engine - INFO - [generated in 0.00028s] (100, 0)
2026-02-18 08:13:02,533 - sqlalchemy.engine.Engine - INFO - ROLLBACK
2026-02-18 08:13:02,534 - sqlalchemy.engine.Engine - INFO - BEGIN (implicit)
2026-02-18 08:13:02,534 - sqlalchemy.engine.Engine - INFO - SELECT admins.id, admins.username, admins.password_hash, admins.created_at 
FROM admins 
WHERE admins.username = $1::VARCHAR
2026-02-18 08:13:02,534 - sqlalchemy.engine.Engine - INFO - [cached since 0.3244s ago] ('zhura2296@yandex.ru',)
2026-02-18 08:13:02,535 - sqlalchemy.engine.Engine - INFO - BEGIN (implicit)
2026-02-18 08:13:02,536 - sqlalchemy.engine.Engine - INFO - SELECT admins.id, admins.username, admins.password_hash, admins.created_at 
FROM admins 
WHERE admins.username = $1::VARCHAR
2026-02-18 08:13:02,536 - sqlalchemy.engine.Engine - INFO - [cached since 0.3262s ago] ('zhura2296@yandex.ru',)
2026-02-18 08:13:02,538 - sqlalchemy.engine.Engine - INFO - SELECT clients.id, clients.full_name, clients.phone, clients.address, clients.coordinates, clients.created_at, clients.last_contact, clients.comments, clients.updated_at, clients.backup_phone, clients.deleted_at 
FROM clients 
 LIMIT $1::INTEGER OFFSET $2::INTEGER
2026-02-18 08:13:02,538 - sqlalchemy.engine.Engine - INFO - [cached since 0.02392s ago] (100, 0)
2026-02-18 08:13:02,539 - sqlalchemy.engine.Engine - INFO - ROLLBACK
2026-02-18 08:13:02,542 - sqlalchemy.engine.Engine - INFO - SELECT installers.id, installers.full_name, installers.nickname, installers.phone, installers.backup_phone, installers.specialization, installers.rating, installers.base_price, installers.is_debtor, installers.comments, installers.is_active, installers.is_in_funnel, installers.total_orders, installers.poor_work_count, installers.warranty_visits_count, installers.last_incident_date, installers.updated_at, installers.created_at, installers.deleted_at 
FROM installers 
WHERE installers.deleted_at IS NULL 
 LIMIT $1::INTEGER OFFSET $2::INTEGER
2026-02-18 08:13:02,543 - sqlalchemy.engine.Engine - INFO - [generated in 0.00023s] (100, 0)
2026-02-18 08:13:02,545 - sqlalchemy.engine.Engine - INFO - ROLLBACK
2026-02-18 08:13:02,546 - sqlalchemy.engine.Engine - INFO - BEGIN (implicit)
2026-02-18 08:13:02,546 - sqlalchemy.engine.Engine - INFO - SELECT admins.id, admins.username, admins.password_hash, admins.created_at 
FROM admins 
WHERE admins.username = $1::VARCHAR
2026-02-18 08:13:02,546 - sqlalchemy.engine.Engine - INFO - [cached since 0.3367s ago] ('zhura2296@yandex.ru',)
2026-02-18 08:13:02,547 - sqlalchemy.engine.Engine - INFO - SELECT installers.id, installers.full_name, installers.nickname, installers.phone, installers.backup_phone, installers.specialization, installers.rating, installers.base_price, installers.is_debtor, installers.comments, installers.is_active, installers.is_in_funnel, installers.total_orders, installers.poor_work_count, installers.warranty_visits_count, installers.last_incident_date, installers.updated_at, installers.created_at, installers.deleted_at 
FROM installers 
WHERE installers.deleted_at IS NULL 
 LIMIT $1::INTEGER OFFSET $2::INTEGER
2026-02-18 08:13:02,547 - sqlalchemy.engine.Engine - INFO - [cached since 0.005044s ago] (100, 0)
2026-02-18 08:13:02,549 - sqlalchemy.engine.Engine - INFO - ROLLBACK
2026-02-18 08:15:06,810 - sqlalchemy.engine.Engine - INFO - BEGIN (implicit)
2026-02-18 08:15:06,810 - sqlalchemy.engine.Engine - INFO - SELECT admins.id, admins.username, admins.password_hash, admins.created_at 
FROM admins 
WHERE admins.username = $1::VARCHAR
2026-02-18 08:15:06,811 - sqlalchemy.engine.Engine - INFO - [cached since 124.6s ago] ('zhura2296@yandex.ru',)
2026-02-18 08:15:06,813 - sqlalchemy.engine.Engine - INFO - INSERT INTO clients (full_name, phone, address, coordinates, comments, updated_at, backup_phone, deleted_at) VALUES ($1::VARCHAR, $2::VARCHAR, $3::VARCHAR, $4, $5::VARCHAR, $6::TIMESTAMP WITH TIME ZONE, $7::VARCHAR, $8::TIMESTAMP WITH TIME ZONE) RETURNING clients.id, clients.created_at, clients.last_contact
2026-02-18 08:15:06,813 - sqlalchemy.engine.Engine - INFO - [generated in 0.00014s] ('Петров Петр', '89153227078', 'Москва Олимпийский проспект д.7', None, 'Может быть дождь', None, None, None)
2026-02-18 08:15:06,814 - sqlalchemy.engine.Engine - INFO - COMMIT
2026-02-18 08:15:06,843 - sqlalchemy.engine.Engine - INFO - BEGIN (implicit)
2026-02-18 08:15:06,844 - sqlalchemy.engine.Engine - INFO - SELECT clients.id, clients.full_name, clients.phone, clients.address, clients.coordinates, clients.created_at, clients.last_contact, clients.comments, clients.updated_at, clients.backup_phone, clients.deleted_at 
FROM clients 
WHERE clients.id = $1::INTEGER
2026-02-18 08:15:06,844 - sqlalchemy.engine.Engine - INFO - [generated in 0.00012s] (6,)
2026-02-18 08:15:06,845 - sqlalchemy.engine.Engine - INFO - ROLLBACK
2026-02-18 08:15:06,848 - sqlalchemy.engine.Engine - INFO - BEGIN (implicit)
2026-02-18 08:15:06,850 - sqlalchemy.engine.Engine - INFO - INSERT INTO orders (client_id, installer_id, status, service_type, warehouse, service_datetime, delivery_datetime, promise, marker_color, address_text) VALUES ($1::INTEGER, $2::INTEGER, $3::order_status, $4::VARCHAR, $5::VARCHAR, $6::TIMESTAMP WITHOUT TIME ZONE, $7::TIMESTAMP WITHOUT TIME ZONE, $8::VARCHAR, $9::VARCHAR, $10::VARCHAR) RETURNING orders.id, orders.created_at, orders.updated_at
2026-02-18 08:15:06,850 - sqlalchemy.engine.Engine - INFO - [generated in 0.00018s] (6, None, 'Новый', 'Electrolux EACS-09HSK/N3_24Y', 'Основной', datetime.datetime(2026, 2, 21, 9, 0, tzinfo=TzInfo(0)), datetime.datetime(2026, 2, 19, 10, 20, tzinfo=TzInfo(0)), 'Посмотреть пробки', 'blue', None)
2026-02-18 08:15:06,859 - sqlalchemy.engine.Engine - INFO - ROLLBACK
2026-02-18 08:15:06,859 - src.core.logging - ERROR - Unhandled exception: (sqlalchemy.dialects.postgresql.asyncpg.Error) <class 'asyncpg.exceptions.DataError'>: invalid input for query argument $6: datetime.datetime(2026, 2, 21, 9, 0, tzi... (can't subtract offset-naive and offset-aware datetimes)
[SQL: INSERT INTO orders (client_id, installer_id, status, service_type, warehouse, service_datetime, delivery_datetime, promise, marker_color, address_text) VALUES ($1::INTEGER, $2::INTEGER, $3::order_status, $4::VARCHAR, $5::VARCHAR, $6::TIMESTAMP WITHOUT TIME ZONE, $7::TIMESTAMP WITHOUT TIME ZONE, $8::VARCHAR, $9::VARCHAR, $10::VARCHAR) RETURNING orders.id, orders.created_at, orders.updated_at]
[parameters: (6, None, 'Новый', 'Electrolux EACS-09HSK/N3_24Y', 'Основной', datetime.datetime(2026, 2, 21, 9, 0, tzinfo=TzInfo(0)), datetime.datetime(2026, 2, 19, 10, 20, tzinfo=TzInfo(0)), 'Посмотреть пробки', 'blue', None)]
(Background on this error at: https://sqlalche.me/e/20/dbapi)
Traceback (most recent call last):
  File "asyncpg/protocol/prepared_stmt.pyx", line 175, in asyncpg.protocol.protocol.PreparedStatementState._encode_bind_msg
  File "asyncpg/protocol/codecs/base.pyx", line 251, in asyncpg.protocol.protocol.Codec.encode
  File "asyncpg/protocol/codecs/base.pyx", line 153, in asyncpg.protocol.protocol.Codec.encode_scalar
  File "asyncpg/pgproto/codecs/datetime.pyx", line 152, in asyncpg.pgproto.pgproto.timestamp_encode
TypeError: can't subtract offset-naive and offset-aware datetimes

The above exception was the direct cause of the following exception:

Traceback (most recent call last):
  File "/home/andre/Рабочий стол/CRM/venv/lib/python3.12/site-packages/sqlalchemy/dialects/postgresql/asyncpg.py", line 557, in _prepare_and_execute
    self._rows = await prepared_stmt.fetch(*parameters)
                 ^^^^^^^^^^^^^^^^^^^^^^^^^^^^^^^^^^^^^^
  File "/home/andre/Рабочий стол/CRM/venv/lib/python3.12/site-packages/asyncpg/prepared_stmt.py", line 177, in fetch
    data = await self.__bind_execute(args, 0, timeout)
           ^^^^^^^^^^^^^^^^^^^^^^^^^^^^^^^^^^^^^^^^^^^
  File "/home/andre/Рабочий стол/CRM/venv/lib/python3.12/site-packages/asyncpg/prepared_stmt.py", line 268, in __bind_execute
    data, status, _ = await self.__do_execute(
                      ^^^^^^^^^^^^^^^^^^^^^^^^
  File "/home/andre/Рабочий стол/CRM/venv/lib/python3.12/site-packages/asyncpg/prepared_stmt.py", line 257, in __do_execute
    return await executor(protocol)
           ^^^^^^^^^^^^^^^^^^^^^^^^
  File "asyncpg/protocol/protocol.pyx", line 184, in bind_execute
  File "asyncpg/protocol/prepared_stmt.pyx", line 204, in asyncpg.protocol.protocol.PreparedStatementState._encode_bind_msg
asyncpg.exceptions.DataError: invalid input for query argument $6: datetime.datetime(2026, 2, 21, 9, 0, tzi... (can't subtract offset-naive and offset-aware datetimes)

The above exception was the direct cause of the following exception:

Traceback (most recent call last):
  File "/home/andre/Рабочий стол/CRM/venv/lib/python3.12/site-packages/sqlalchemy/engine/base.py", line 1969, in _exec_single_context
    self.dialect.do_execute(
  File "/home/andre/Рабочий стол/CRM/venv/lib/python3.12/site-packages/sqlalchemy/engine/default.py", line 922, in do_execute
    cursor.execute(statement, parameters)
  File "/home/andre/Рабочий стол/CRM/venv/lib/python3.12/site-packages/sqlalchemy/dialects/postgresql/asyncpg.py", line 591, in execute
    self._adapt_connection.await_(
  File "/home/andre/Рабочий стол/CRM/venv/lib/python3.12/site-packages/sqlalchemy/util/_concurrency_py3k.py", line 125, in await_only
    return current.driver.switch(awaitable)  # type: ignore[no-any-return]
           ^^^^^^^^^^^^^^^^^^^^^^^^^^^^^^^^
  File "/home/andre/Рабочий стол/CRM/venv/lib/python3.12/site-packages/sqlalchemy/util/_concurrency_py3k.py", line 185, in greenlet_spawn
    value = await result
            ^^^^^^^^^^^^
  File "/home/andre/Рабочий стол/CRM/venv/lib/python3.12/site-packages/sqlalchemy/dialects/postgresql/asyncpg.py", line 569, in _prepare_and_execute
    self._handle_exception(error)
  File "/home/andre/Рабочий стол/CRM/venv/lib/python3.12/site-packages/sqlalchemy/dialects/postgresql/asyncpg.py", line 520, in _handle_exception
    self._adapt_connection._handle_exception(error)
  File "/home/andre/Рабочий стол/CRM/venv/lib/python3.12/site-packages/sqlalchemy/dialects/postgresql/asyncpg.py", line 808, in _handle_exception
    raise translated_error from error
sqlalchemy.dialects.postgresql.asyncpg.AsyncAdapt_asyncpg_dbapi.Error: <class 'asyncpg.exceptions.DataError'>: invalid input for query argument $6: datetime.datetime(2026, 2, 21, 9, 0, tzi... (can't subtract offset-naive and offset-aware datetimes)

The above exception was the direct cause of the following exception:

Traceback (most recent call last):
  File "/home/andre/Рабочий стол/CRM/backend/src/core/logging.py", line 49, in dispatch
    response = await call_next(request)
               ^^^^^^^^^^^^^^^^^^^^^^^^
  File "/home/andre/Рабочий стол/CRM/venv/lib/python3.12/site-packages/starlette/middleware/base.py", line 84, in call_next
    raise app_exc
  File "/home/andre/Рабочий стол/CRM/venv/lib/python3.12/site-packages/starlette/middleware/base.py", line 70, in coro
    await self.app(scope, receive_or_disconnect, send_no_error)
  File "/home/andre/Рабочий стол/CRM/venv/lib/python3.12/site-packages/starlette/middleware/cors.py", line 91, in __call__
    await self.simple_response(scope, receive, send, request_headers=headers)
  File "/home/andre/Рабочий стол/CRM/venv/lib/python3.12/site-packages/starlette/middleware/cors.py", line 146, in simple_response
    await self.app(scope, receive, send)
  File "/home/andre/Рабочий стол/CRM/venv/lib/python3.12/site-packages/starlette/middleware/exceptions.py", line 79, in __call__
    raise exc
  File "/home/andre/Рабочий стол/CRM/venv/lib/python3.12/site-packages/starlette/middleware/exceptions.py", line 68, in __call__
    await self.app(scope, receive, sender)
  File "/home/andre/Рабочий стол/CRM/venv/lib/python3.12/site-packages/fastapi/middleware/asyncexitstack.py", line 20, in __call__
    raise e
  File "/home/andre/Рабочий стол/CRM/venv/lib/python3.12/site-packages/fastapi/middleware/asyncexitstack.py", line 17, in __call__
    await self.app(scope, receive, send)
  File "/home/andre/Рабочий стол/CRM/venv/lib/python3.12/site-packages/starlette/routing.py", line 718, in __call__
    await route.handle(scope, receive, send)
  File "/home/andre/Рабочий стол/CRM/venv/lib/python3.12/site-packages/starlette/routing.py", line 276, in handle
    await self.app(scope, receive, send)
  File "/home/andre/Рабочий стол/CRM/venv/lib/python3.12/site-packages/starlette/routing.py", line 66, in app
    response = await func(request)
               ^^^^^^^^^^^^^^^^^^^
  File "/home/andre/Рабочий стол/CRM/venv/lib/python3.12/site-packages/fastapi/routing.py", line 274, in app
    raw_response = await run_endpoint_function(
                   ^^^^^^^^^^^^^^^^^^^^^^^^^^^^
  File "/home/andre/Рабочий стол/CRM/venv/lib/python3.12/site-packages/fastapi/routing.py", line 191, in run_endpoint_function
    return await dependant.call(**values)
           ^^^^^^^^^^^^^^^^^^^^^^^^^^^^^^
  File "/home/andre/Рабочий стол/CRM/backend/src/routers/orders.py", line 17, in create_order_endpoint
    return await create_order(db, order)
           ^^^^^^^^^^^^^^^^^^^^^^^^^^^^^
  File "/home/andre/Рабочий стол/CRM/backend/src/services/orders.py", line 18, in create_order
    await db.flush()  # чтобы получить id заказа
    ^^^^^^^^^^^^^^^^
  File "/home/andre/Рабочий стол/CRM/venv/lib/python3.12/site-packages/sqlalchemy/ext/asyncio/session.py", line 802, in flush
    await greenlet_spawn(self.sync_session.flush, objects=objects)
  File "/home/andre/Рабочий стол/CRM/venv/lib/python3.12/site-packages/sqlalchemy/util/_concurrency_py3k.py", line 192, in greenlet_spawn
    result = context.switch(value)
             ^^^^^^^^^^^^^^^^^^^^^
  File "/home/andre/Рабочий стол/CRM/venv/lib/python3.12/site-packages/sqlalchemy/orm/session.py", line 4312, in flush
    self._flush(objects)
  File "/home/andre/Рабочий стол/CRM/venv/lib/python3.12/site-packages/sqlalchemy/orm/session.py", line 4447, in _flush
    with util.safe_reraise():
  File "/home/andre/Рабочий стол/CRM/venv/lib/python3.12/site-packages/sqlalchemy/util/langhelpers.py", line 146, in __exit__
    raise exc_value.with_traceback(exc_tb)
  File "/home/andre/Рабочий стол/CRM/venv/lib/python3.12/site-packages/sqlalchemy/orm/session.py", line 4408, in _flush
    flush_context.execute()
  File "/home/andre/Рабочий стол/CRM/venv/lib/python3.12/site-packages/sqlalchemy/orm/unitofwork.py", line 466, in execute
    rec.execute(self)
  File "/home/andre/Рабочий стол/CRM/venv/lib/python3.12/site-packages/sqlalchemy/orm/unitofwork.py", line 642, in execute
    util.preloaded.orm_persistence.save_obj(
  File "/home/andre/Рабочий стол/CRM/venv/lib/python3.12/site-packages/sqlalchemy/orm/persistence.py", line 93, in save_obj
    _emit_insert_statements(
  File "/home/andre/Рабочий стол/CRM/venv/lib/python3.12/site-packages/sqlalchemy/orm/persistence.py", line 1226, in _emit_insert_statements
    result = connection.execute(
             ^^^^^^^^^^^^^^^^^^^
  File "/home/andre/Рабочий стол/CRM/venv/lib/python3.12/site-packages/sqlalchemy/engine/base.py", line 1416, in execute
    return meth(
           ^^^^^
  File "/home/andre/Рабочий стол/CRM/venv/lib/python3.12/site-packages/sqlalchemy/sql/elements.py", line 516, in _execute_on_connection
    return connection._execute_clauseelement(
           ^^^^^^^^^^^^^^^^^^^^^^^^^^^^^^^^^^
  File "/home/andre/Рабочий стол/CRM/venv/lib/python3.12/site-packages/sqlalchemy/engine/base.py", line 1639, in _execute_clauseelement
    ret = self._execute_context(
          ^^^^^^^^^^^^^^^^^^^^^^
  File "/home/andre/Рабочий стол/CRM/venv/lib/python3.12/site-packages/sqlalchemy/engine/base.py", line 1848, in _execute_context
    return self._exec_single_context(
           ^^^^^^^^^^^^^^^^^^^^^^^^^^
  File "/home/andre/Рабочий стол/CRM/venv/lib/python3.12/site-packages/sqlalchemy/engine/base.py", line 1988, in _exec_single_context
    self._handle_dbapi_exception(
  File "/home/andre/Рабочий стол/CRM/venv/lib/python3.12/site-packages/sqlalchemy/engine/base.py", line 2343, in _handle_dbapi_exception
    raise sqlalchemy_exception.with_traceback(exc_info[2]) from e
  File "/home/andre/Рабочий стол/CRM/venv/lib/python3.12/site-packages/sqlalchemy/engine/base.py", line 1969, in _exec_single_context
    self.dialect.do_execute(
  File "/home/andre/Рабочий стол/CRM/venv/lib/python3.12/site-packages/sqlalchemy/engine/default.py", line 922, in do_execute
    cursor.execute(statement, parameters)
  File "/home/andre/Рабочий стол/CRM/venv/lib/python3.12/site-packages/sqlalchemy/dialects/postgresql/asyncpg.py", line 591, in execute
    self._adapt_connection.await_(
  File "/home/andre/Рабочий стол/CRM/venv/lib/python3.12/site-packages/sqlalchemy/util/_concurrency_py3k.py", line 125, in await_only
    return current.driver.switch(awaitable)  # type: ignore[no-any-return]
           ^^^^^^^^^^^^^^^^^^^^^^^^^^^^^^^^
  File "/home/andre/Рабочий стол/CRM/venv/lib/python3.12/site-packages/sqlalchemy/util/_concurrency_py3k.py", line 185, in greenlet_spawn
    value = await result
            ^^^^^^^^^^^^
  File "/home/andre/Рабочий стол/CRM/venv/lib/python3.12/site-packages/sqlalchemy/dialects/postgresql/asyncpg.py", line 569, in _prepare_and_execute
    self._handle_exception(error)
  File "/home/andre/Рабочий стол/CRM/venv/lib/python3.12/site-packages/sqlalchemy/dialects/postgresql/asyncpg.py", line 520, in _handle_exception
    self._adapt_connection._handle_exception(error)
  File "/home/andre/Рабочий стол/CRM/venv/lib/python3.12/site-packages/sqlalchemy/dialects/postgresql/asyncpg.py", line 808, in _handle_exception
    raise translated_error from error
sqlalchemy.exc.DBAPIError: (sqlalchemy.dialects.postgresql.asyncpg.Error) <class 'asyncpg.exceptions.DataError'>: invalid input for query argument $6: datetime.datetime(2026, 2, 21, 9, 0, tzi... (can't subtract offset-naive and offset-aware datetimes)
[SQL: INSERT INTO orders (client_id, installer_id, status, service_type, warehouse, service_datetime, delivery_datetime, promise, marker_color, address_text) VALUES ($1::INTEGER, $2::INTEGER, $3::order_status, $4::VARCHAR, $5::VARCHAR, $6::TIMESTAMP WITHOUT TIME ZONE, $7::TIMESTAMP WITHOUT TIME ZONE, $8::VARCHAR, $9::VARCHAR, $10::VARCHAR) RETURNING orders.id, orders.created_at, orders.updated_at]
[parameters: (6, None, 'Новый', 'Electrolux EACS-09HSK/N3_24Y', 'Основной', datetime.datetime(2026, 2, 21, 9, 0, tzinfo=TzInfo(0)), datetime.datetime(2026, 2, 19, 10, 20, tzinfo=TzInfo(0)), 'Посмотреть пробки', 'blue', None)]
(Background on this error at: https://sqlalche.me/e/20/dbapi)
2026-02-18 08:16:18,569 - src.core.logging - INFO - Starting CRM application
2026-02-18 08:16:18,569 - apscheduler.scheduler - INFO - Adding job tentatively -- it will be properly scheduled when the scheduler starts
2026-02-18 08:16:18,569 - apscheduler.scheduler - INFO - Adding job tentatively -- it will be properly scheduled when the scheduler starts
2026-02-18 08:16:18,569 - apscheduler.scheduler - INFO - Added job "daily_backup_and_report" to job store "default"
2026-02-18 08:16:18,570 - apscheduler.scheduler - INFO - Added job "daily_backup_and_report" to job store "default"
2026-02-18 08:16:18,570 - apscheduler.scheduler - INFO - Scheduler started
2026-02-18 08:16:18,570 - src.core.logging - INFO - Scheduler started
2026-02-18 08:18:10,534 - src.core.logging - INFO - Starting CRM application
2026-02-18 08:18:10,534 - apscheduler.scheduler - INFO - Adding job tentatively -- it will be properly scheduled when the scheduler starts
2026-02-18 08:18:10,535 - apscheduler.scheduler - INFO - Adding job tentatively -- it will be properly scheduled when the scheduler starts
2026-02-18 08:18:10,535 - apscheduler.scheduler - INFO - Added job "daily_backup_and_report" to job store "default"
2026-02-18 08:18:10,535 - apscheduler.scheduler - INFO - Added job "daily_backup_and_report" to job store "default"
2026-02-18 08:18:10,535 - apscheduler.scheduler - INFO - Scheduler started
2026-02-18 08:18:10,535 - src.core.logging - INFO - Scheduler started
2026-02-18 08:18:50,201 - src.core.logging - INFO - Starting CRM application
2026-02-18 08:18:50,201 - apscheduler.scheduler - INFO - Adding job tentatively -- it will be properly scheduled when the scheduler starts
2026-02-18 08:18:50,201 - apscheduler.scheduler - INFO - Adding job tentatively -- it will be properly scheduled when the scheduler starts
2026-02-18 08:18:50,201 - apscheduler.scheduler - INFO - Added job "daily_backup_and_report" to job store "default"
2026-02-18 08:18:50,201 - apscheduler.scheduler - INFO - Added job "daily_backup_and_report" to job store "default"
2026-02-18 08:18:50,201 - apscheduler.scheduler - INFO - Scheduler started
2026-02-18 08:18:50,201 - src.core.logging - INFO - Scheduler started
2026-02-18 08:19:00,421 - sqlalchemy.engine.Engine - INFO - select pg_catalog.version()
2026-02-18 08:19:00,421 - sqlalchemy.engine.Engine - INFO - [raw sql] ()
2026-02-18 08:19:00,422 - sqlalchemy.engine.Engine - INFO - select current_schema()
2026-02-18 08:19:00,422 - sqlalchemy.engine.Engine - INFO - [raw sql] ()
2026-02-18 08:19:00,423 - sqlalchemy.engine.Engine - INFO - show standard_conforming_strings
2026-02-18 08:19:00,423 - sqlalchemy.engine.Engine - INFO - [raw sql] ()
2026-02-18 08:19:00,424 - sqlalchemy.engine.Engine - INFO - BEGIN (implicit)
2026-02-18 08:19:00,432 - sqlalchemy.engine.Engine - INFO - SELECT admins.id, admins.username, admins.password_hash, admins.created_at 
FROM admins 
WHERE admins.username = $1::VARCHAR
2026-02-18 08:19:00,432 - sqlalchemy.engine.Engine - INFO - [generated in 0.00015s] ('zhura2296@yandex.ru',)
2026-02-18 08:19:00,642 - sqlalchemy.engine.Engine - INFO - ROLLBACK
2026-02-18 08:19:00,718 - sqlalchemy.engine.Engine - INFO - BEGIN (implicit)
2026-02-18 08:19:00,718 - sqlalchemy.engine.Engine - INFO - SELECT admins.id, admins.username, admins.password_hash, admins.created_at 
FROM admins 
WHERE admins.username = $1::VARCHAR
2026-02-18 08:19:00,718 - sqlalchemy.engine.Engine - INFO - [cached since 0.2866s ago] ('zhura2296@yandex.ru',)
2026-02-18 08:19:00,722 - sqlalchemy.engine.Engine - INFO - SELECT clients.id, clients.full_name, clients.phone, clients.address, clients.coordinates, clients.created_at, clients.last_contact, clients.comments, clients.updated_at, clients.backup_phone, clients.deleted_at 
FROM clients 
 LIMIT $1::INTEGER OFFSET $2::INTEGER
2026-02-18 08:19:00,722 - sqlalchemy.engine.Engine - INFO - [generated in 0.00023s] (100, 0)
2026-02-18 08:19:00,740 - sqlalchemy.engine.Engine - INFO - ROLLBACK
2026-02-18 08:19:00,742 - sqlalchemy.engine.Engine - INFO - BEGIN (implicit)
2026-02-18 08:19:00,742 - sqlalchemy.engine.Engine - INFO - SELECT admins.id, admins.username, admins.password_hash, admins.created_at 
FROM admins 
WHERE admins.username = $1::VARCHAR
2026-02-18 08:19:00,742 - sqlalchemy.engine.Engine - INFO - [cached since 0.3105s ago] ('zhura2296@yandex.ru',)
2026-02-18 08:19:00,764 - sqlalchemy.engine.Engine - INFO - SELECT installers.id, installers.full_name, installers.nickname, installers.phone, installers.backup_phone, installers.specialization, installers.rating, installers.base_price, installers.is_debtor, installers.comments, installers.is_active, installers.is_in_funnel, installers.total_orders, installers.poor_work_count, installers.warranty_visits_count, installers.last_incident_date, installers.updated_at, installers.created_at, installers.deleted_at 
FROM installers 
WHERE installers.deleted_at IS NULL 
 LIMIT $1::INTEGER OFFSET $2::INTEGER
2026-02-18 08:19:00,764 - sqlalchemy.engine.Engine - INFO - [generated in 0.00018s] (100, 0)
2026-02-18 08:19:00,764 - sqlalchemy.engine.Engine - INFO - BEGIN (implicit)
2026-02-18 08:19:00,764 - sqlalchemy.engine.Engine - INFO - SELECT admins.id, admins.username, admins.password_hash, admins.created_at 
FROM admins 
WHERE admins.username = $1::VARCHAR
2026-02-18 08:19:00,764 - sqlalchemy.engine.Engine - INFO - [cached since 0.3329s ago] ('zhura2296@yandex.ru',)
2026-02-18 08:19:00,767 - sqlalchemy.engine.Engine - INFO - ROLLBACK
2026-02-18 08:19:00,768 - sqlalchemy.engine.Engine - INFO - BEGIN (implicit)
2026-02-18 08:19:00,768 - sqlalchemy.engine.Engine - INFO - SELECT admins.id, admins.username, admins.password_hash, admins.created_at 
FROM admins 
WHERE admins.username = $1::VARCHAR
2026-02-18 08:19:00,768 - sqlalchemy.engine.Engine - INFO - [cached since 0.3369s ago] ('zhura2296@yandex.ru',)
2026-02-18 08:19:00,769 - sqlalchemy.engine.Engine - INFO - SELECT clients.id, clients.full_name, clients.phone, clients.address, clients.coordinates, clients.created_at, clients.last_contact, clients.comments, clients.updated_at, clients.backup_phone, clients.deleted_at 
FROM clients 
 LIMIT $1::INTEGER OFFSET $2::INTEGER
2026-02-18 08:19:00,769 - sqlalchemy.engine.Engine - INFO - [cached since 0.04732s ago] (100, 0)
2026-02-18 08:19:00,770 - sqlalchemy.engine.Engine - INFO - SELECT installers.id, installers.full_name, installers.nickname, installers.phone, installers.backup_phone, installers.specialization, installers.rating, installers.base_price, installers.is_debtor, installers.comments, installers.is_active, installers.is_in_funnel, installers.total_orders, installers.poor_work_count, installers.warranty_visits_count, installers.last_incident_date, installers.updated_at, installers.created_at, installers.deleted_at 
FROM installers 
WHERE installers.deleted_at IS NULL 
 LIMIT $1::INTEGER OFFSET $2::INTEGER
2026-02-18 08:19:00,770 - sqlalchemy.engine.Engine - INFO - [cached since 0.006149s ago] (100, 0)
2026-02-18 08:19:00,771 - sqlalchemy.engine.Engine - INFO - ROLLBACK
2026-02-18 08:19:00,772 - sqlalchemy.engine.Engine - INFO - ROLLBACK
2026-02-18 08:20:56,753 - sqlalchemy.engine.Engine - INFO - BEGIN (implicit)
2026-02-18 08:20:56,753 - sqlalchemy.engine.Engine - INFO - SELECT admins.id, admins.username, admins.password_hash, admins.created_at 
FROM admins 
WHERE admins.username = $1::VARCHAR
2026-02-18 08:20:56,753 - sqlalchemy.engine.Engine - INFO - [cached since 116.3s ago] ('zhura2296@yandex.ru',)
2026-02-18 08:20:56,756 - sqlalchemy.engine.Engine - INFO - INSERT INTO clients (full_name, phone, address, coordinates, comments, updated_at, backup_phone, deleted_at) VALUES ($1::VARCHAR, $2::VARCHAR, $3::VARCHAR, $4, $5::VARCHAR, $6::TIMESTAMP WITH TIME ZONE, $7::VARCHAR, $8::TIMESTAMP WITH TIME ZONE) RETURNING clients.id, clients.created_at, clients.last_contact
2026-02-18 08:20:56,756 - sqlalchemy.engine.Engine - INFO - [generated in 0.00014s] ('Журавлев Андрей Михайлович', '+79153228095', 'г. Мытищи, ул. Карла Маркса, д. 4', None, '43534534534', None, None, None)
2026-02-18 08:20:56,757 - sqlalchemy.engine.Engine - INFO - COMMIT
2026-02-18 08:20:56,799 - sqlalchemy.engine.Engine - INFO - BEGIN (implicit)
2026-02-18 08:20:56,801 - sqlalchemy.engine.Engine - INFO - SELECT clients.id, clients.full_name, clients.phone, clients.address, clients.coordinates, clients.created_at, clients.last_contact, clients.comments, clients.updated_at, clients.backup_phone, clients.deleted_at 
FROM clients 
WHERE clients.id = $1::INTEGER
2026-02-18 08:20:56,801 - sqlalchemy.engine.Engine - INFO - [generated in 0.00012s] (7,)
2026-02-18 08:20:56,802 - sqlalchemy.engine.Engine - INFO - ROLLBACK
2026-02-18 08:20:56,806 - sqlalchemy.engine.Engine - INFO - BEGIN (implicit)
2026-02-18 08:20:56,808 - sqlalchemy.engine.Engine - INFO - INSERT INTO orders (client_id, installer_id, status, service_type, warehouse, service_datetime, delivery_datetime, promise, marker_color, address_text) VALUES ($1::INTEGER, $2::INTEGER, $3::order_status, $4::VARCHAR, $5::VARCHAR, $6::TIMESTAMP WITHOUT TIME ZONE, $7::TIMESTAMP WITHOUT TIME ZONE, $8::VARCHAR, $9::VARCHAR, $10::VARCHAR) RETURNING orders.id, orders.created_at, orders.updated_at
2026-02-18 08:20:56,808 - sqlalchemy.engine.Engine - INFO - [generated in 0.00024s] (7, None, 'Новый', 'Electrolux EACS-09HSK/N3_24Y', 'Основной', datetime.datetime(2026, 2, 27, 5, 20), datetime.datetime(2026, 2, 28, 5, 20), '123123', 'blue', 'г. Мытищи, ул. Карла Маркса, д. 4')
2026-02-18 08:20:56,832 - sqlalchemy.engine.Engine - INFO - SELECT orders.id, orders.client_id, orders.installer_id, orders.status, orders.service_type, orders.warehouse, orders.service_datetime, orders.delivery_datetime, orders.promise, orders.marker_color, orders.address_text, orders.created_at, orders.updated_at 
FROM orders 
WHERE orders.id = $1::INTEGER
2026-02-18 08:20:56,832 - sqlalchemy.engine.Engine - INFO - [generated in 0.00016s] (5,)
2026-02-18 08:20:56,835 - sqlalchemy.engine.Engine - INFO - SELECT clients.id AS clients_id, clients.full_name AS clients_full_name, clients.phone AS clients_phone, clients.address AS clients_address, clients.coordinates AS clients_coordinates, clients.created_at AS clients_created_at, clients.last_contact AS clients_last_contact, clients.comments AS clients_comments, clients.updated_at AS clients_updated_at, clients.backup_phone AS clients_backup_phone, clients.deleted_at AS clients_deleted_at 
FROM clients 
WHERE clients.id = $1::INTEGER
2026-02-18 08:20:56,835 - sqlalchemy.engine.Engine - INFO - [generated in 0.00012s] (7,)
2026-02-18 08:20:56,837 - sqlalchemy.engine.Engine - INFO - SELECT finance.id AS finance_id, finance.order_id AS finance_order_id, finance.purchase_price AS finance_purchase_price, finance.sale_price_client AS finance_sale_price_client, finance.installer_pay AS finance_installer_pay, finance.my_commission AS finance_my_commission, finance.profit AS finance_profit, finance.margin AS finance_margin, finance.profit_percent AS finance_profit_percent, finance.payment_state AS finance_payment_state, finance.installer_returned_money AS finance_installer_returned_money, finance.updated_at AS finance_updated_at, finance.created_at AS finance_created_at 
FROM finance 
WHERE $1::INTEGER = finance.order_id
2026-02-18 08:20:56,837 - sqlalchemy.engine.Engine - INFO - [generated in 0.00012s] (5,)
2026-02-18 08:20:56,837 - sqlalchemy.engine.Engine - INFO - ROLLBACK
2026-02-18 08:20:56,838 - src.core.logging - ERROR - Unhandled exception: 2 validation errors:
  {'type': 'get_attribute_error', 'loc': ('response', 'client'), 'msg': "Error extracting attribute: MissingGreenlet: greenlet_spawn has not been called; can't call await_only() here. Was IO attempted in an unexpected place? (Background on this error at: https://sqlalche.me/e/20/xd2s)", 'input': <src.models.orders.Order object at 0x7fb3b38e2c30>, 'ctx': {'error': "MissingGreenlet: greenlet_spawn has not been called; can't call await_only() here. Was IO attempted in an unexpected place? (Background on this error at: https://sqlalche.me/e/20/xd2s)"}, 'url': 'https://errors.pydantic.dev/2.12/v/get_attribute_error'}
  {'type': 'get_attribute_error', 'loc': ('response', 'finance'), 'msg': "Error extracting attribute: MissingGreenlet: greenlet_spawn has not been called; can't call await_only() here. Was IO attempted in an unexpected place? (Background on this error at: https://sqlalche.me/e/20/xd2s)", 'input': <src.models.orders.Order object at 0x7fb3b38e2c30>, 'ctx': {'error': "MissingGreenlet: greenlet_spawn has not been called; can't call await_only() here. Was IO attempted in an unexpected place? (Background on this error at: https://sqlalche.me/e/20/xd2s)"}, 'url': 'https://errors.pydantic.dev/2.12/v/get_attribute_error'}
Traceback (most recent call last):
  File "/home/andre/Рабочий стол/CRM/venv/lib/python3.12/site-packages/anyio/streams/memory.py", line 98, in receive
    return self.receive_nowait()
           ^^^^^^^^^^^^^^^^^^^^^
  File "/home/andre/Рабочий стол/CRM/venv/lib/python3.12/site-packages/anyio/streams/memory.py", line 93, in receive_nowait
    raise WouldBlock
anyio.WouldBlock

During handling of the above exception, another exception occurred:

Traceback (most recent call last):
  File "/home/andre/Рабочий стол/CRM/venv/lib/python3.12/site-packages/starlette/middleware/base.py", line 78, in call_next
    message = await recv_stream.receive()
              ^^^^^^^^^^^^^^^^^^^^^^^^^^^
  File "/home/andre/Рабочий стол/CRM/venv/lib/python3.12/site-packages/anyio/streams/memory.py", line 118, in receive
    raise EndOfStream
anyio.EndOfStream

During handling of the above exception, another exception occurred:

Traceback (most recent call last):
  File "/home/andre/Рабочий стол/CRM/backend/src/core/logging.py", line 49, in dispatch
    response = await call_next(request)
               ^^^^^^^^^^^^^^^^^^^^^^^^
  File "/home/andre/Рабочий стол/CRM/venv/lib/python3.12/site-packages/starlette/middleware/base.py", line 84, in call_next
    raise app_exc
  File "/home/andre/Рабочий стол/CRM/venv/lib/python3.12/site-packages/starlette/middleware/base.py", line 70, in coro
    await self.app(scope, receive_or_disconnect, send_no_error)
  File "/home/andre/Рабочий стол/CRM/venv/lib/python3.12/site-packages/starlette/middleware/cors.py", line 91, in __call__
    await self.simple_response(scope, receive, send, request_headers=headers)
  File "/home/andre/Рабочий стол/CRM/venv/lib/python3.12/site-packages/starlette/middleware/cors.py", line 146, in simple_response
    await self.app(scope, receive, send)
  File "/home/andre/Рабочий стол/CRM/venv/lib/python3.12/site-packages/starlette/middleware/exceptions.py", line 79, in __call__
    raise exc
  File "/home/andre/Рабочий стол/CRM/venv/lib/python3.12/site-packages/starlette/middleware/exceptions.py", line 68, in __call__
    await self.app(scope, receive, sender)
  File "/home/andre/Рабочий стол/CRM/venv/lib/python3.12/site-packages/fastapi/middleware/asyncexitstack.py", line 20, in __call__
    raise e
  File "/home/andre/Рабочий стол/CRM/venv/lib/python3.12/site-packages/fastapi/middleware/asyncexitstack.py", line 17, in __call__
    await self.app(scope, receive, send)
  File "/home/andre/Рабочий стол/CRM/venv/lib/python3.12/site-packages/starlette/routing.py", line 718, in __call__
    await route.handle(scope, receive, send)
  File "/home/andre/Рабочий стол/CRM/venv/lib/python3.12/site-packages/starlette/routing.py", line 276, in handle
    await self.app(scope, receive, send)
  File "/home/andre/Рабочий стол/CRM/venv/lib/python3.12/site-packages/starlette/routing.py", line 66, in app
    response = await func(request)
               ^^^^^^^^^^^^^^^^^^^
  File "/home/andre/Рабочий стол/CRM/venv/lib/python3.12/site-packages/fastapi/routing.py", line 292, in app
    content = await serialize_response(
              ^^^^^^^^^^^^^^^^^^^^^^^^^
  File "/home/andre/Рабочий стол/CRM/venv/lib/python3.12/site-packages/fastapi/routing.py", line 155, in serialize_response
    raise ResponseValidationError(
fastapi.exceptions.ResponseValidationError: 2 validation errors:
  {'type': 'get_attribute_error', 'loc': ('response', 'client'), 'msg': "Error extracting attribute: MissingGreenlet: greenlet_spawn has not been called; can't call await_only() here. Was IO attempted in an unexpected place? (Background on this error at: https://sqlalche.me/e/20/xd2s)", 'input': <src.models.orders.Order object at 0x7fb3b38e2c30>, 'ctx': {'error': "MissingGreenlet: greenlet_spawn has not been called; can't call await_only() here. Was IO attempted in an unexpected place? (Background on this error at: https://sqlalche.me/e/20/xd2s)"}, 'url': 'https://errors.pydantic.dev/2.12/v/get_attribute_error'}
  {'type': 'get_attribute_error', 'loc': ('response', 'finance'), 'msg': "Error extracting attribute: MissingGreenlet: greenlet_spawn has not been called; can't call await_only() here. Was IO attempted in an unexpected place? (Background on this error at: https://sqlalche.me/e/20/xd2s)", 'input': <src.models.orders.Order object at 0x7fb3b38e2c30>, 'ctx': {'error': "MissingGreenlet: greenlet_spawn has not been called; can't call await_only() here. Was IO attempted in an unexpected place? (Background on this error at: https://sqlalche.me/e/20/xd2s)"}, 'url': 'https://errors.pydantic.dev/2.12/v/get_attribute_error'}

2026-02-18 08:23:04,942 - src.core.logging - INFO - Starting CRM application
2026-02-18 08:23:04,942 - apscheduler.scheduler - INFO - Adding job tentatively -- it will be properly scheduled when the scheduler starts
2026-02-18 08:23:04,942 - apscheduler.scheduler - INFO - Adding job tentatively -- it will be properly scheduled when the scheduler starts
2026-02-18 08:23:04,943 - apscheduler.scheduler - INFO - Added job "daily_backup_and_report" to job store "default"
2026-02-18 08:23:04,943 - apscheduler.scheduler - INFO - Added job "daily_backup_and_report" to job store "default"
2026-02-18 08:23:04,943 - apscheduler.scheduler - INFO - Scheduler started
2026-02-18 08:23:04,943 - src.core.logging - INFO - Scheduler started
2026-02-18 08:23:32,635 - src.core.logging - INFO - Starting CRM application
2026-02-18 08:23:32,635 - apscheduler.scheduler - INFO - Adding job tentatively -- it will be properly scheduled when the scheduler starts
2026-02-18 08:23:32,635 - apscheduler.scheduler - INFO - Adding job tentatively -- it will be properly scheduled when the scheduler starts
2026-02-18 08:23:32,636 - apscheduler.scheduler - INFO - Added job "daily_backup_and_report" to job store "default"
2026-02-18 08:23:32,636 - apscheduler.scheduler - INFO - Added job "daily_backup_and_report" to job store "default"
2026-02-18 08:23:32,636 - apscheduler.scheduler - INFO - Scheduler started
2026-02-18 08:23:32,636 - src.core.logging - INFO - Scheduler started
2026-02-18 08:23:54,999 - src.core.logging - INFO - Starting CRM application
2026-02-18 08:23:54,999 - apscheduler.scheduler - INFO - Adding job tentatively -- it will be properly scheduled when the scheduler starts
2026-02-18 08:23:54,999 - apscheduler.scheduler - INFO - Adding job tentatively -- it will be properly scheduled when the scheduler starts
2026-02-18 08:23:55,000 - apscheduler.scheduler - INFO - Added job "daily_backup_and_report" to job store "default"
2026-02-18 08:23:55,000 - apscheduler.scheduler - INFO - Added job "daily_backup_and_report" to job store "default"
2026-02-18 08:23:55,000 - apscheduler.scheduler - INFO - Scheduler started
2026-02-18 08:23:55,000 - src.core.logging - INFO - Scheduler started
2026-02-18 08:25:04,162 - src.core.logging - INFO - Starting CRM application
2026-02-18 08:25:04,162 - apscheduler.scheduler - INFO - Adding job tentatively -- it will be properly scheduled when the scheduler starts
2026-02-18 08:25:04,162 - apscheduler.scheduler - INFO - Adding job tentatively -- it will be properly scheduled when the scheduler starts
2026-02-18 08:25:04,162 - apscheduler.scheduler - INFO - Added job "daily_backup_and_report" to job store "default"
2026-02-18 08:25:04,163 - apscheduler.scheduler - INFO - Added job "daily_backup_and_report" to job store "default"
2026-02-18 08:25:04,163 - apscheduler.scheduler - INFO - Scheduler started
2026-02-18 08:25:04,163 - src.core.logging - INFO - Scheduler started
2026-02-18 08:25:19,686 - src.core.logging - INFO - Starting CRM application
2026-02-18 08:25:19,687 - apscheduler.scheduler - INFO - Adding job tentatively -- it will be properly scheduled when the scheduler starts
2026-02-18 08:25:19,687 - apscheduler.scheduler - INFO - Adding job tentatively -- it will be properly scheduled when the scheduler starts
2026-02-18 08:25:19,687 - apscheduler.scheduler - INFO - Added job "daily_backup_and_report" to job store "default"
2026-02-18 08:25:19,687 - apscheduler.scheduler - INFO - Added job "daily_backup_and_report" to job store "default"
2026-02-18 08:25:19,687 - apscheduler.scheduler - INFO - Scheduler started
2026-02-18 08:25:19,687 - src.core.logging - INFO - Scheduler started
2026-02-18 08:26:40,378 - src.core.logging - INFO - Starting CRM application
2026-02-18 08:26:40,379 - apscheduler.scheduler - INFO - Adding job tentatively -- it will be properly scheduled when the scheduler starts
2026-02-18 08:26:40,379 - apscheduler.scheduler - INFO - Adding job tentatively -- it will be properly scheduled when the scheduler starts
2026-02-18 08:26:40,379 - apscheduler.scheduler - INFO - Added job "daily_backup_and_report" to job store "default"
2026-02-18 08:26:40,379 - apscheduler.scheduler - INFO - Added job "daily_backup_and_report" to job store "default"
2026-02-18 08:26:40,379 - apscheduler.scheduler - INFO - Scheduler started
2026-02-18 08:26:40,379 - src.core.logging - INFO - Scheduler started
2026-02-18 08:28:07,546 - src.core.logging - INFO - Starting CRM application
2026-02-18 08:28:07,547 - apscheduler.scheduler - INFO - Adding job tentatively -- it will be properly scheduled when the scheduler starts
2026-02-18 08:28:07,547 - apscheduler.scheduler - INFO - Adding job tentatively -- it will be properly scheduled when the scheduler starts
2026-02-18 08:28:07,547 - apscheduler.scheduler - INFO - Added job "daily_backup_and_report" to job store "default"
2026-02-18 08:28:07,547 - apscheduler.scheduler - INFO - Added job "daily_backup_and_report" to job store "default"
2026-02-18 08:28:07,547 - apscheduler.scheduler - INFO - Scheduler started
2026-02-18 08:28:07,547 - src.core.logging - INFO - Scheduler started
2026-02-18 08:37:06,513 - src.core.logging - INFO - Starting CRM application
2026-02-18 08:37:06,514 - apscheduler.scheduler - INFO - Adding job tentatively -- it will be properly scheduled when the scheduler starts
2026-02-18 08:37:06,514 - apscheduler.scheduler - INFO - Adding job tentatively -- it will be properly scheduled when the scheduler starts
2026-02-18 08:37:06,514 - apscheduler.scheduler - INFO - Added job "daily_backup_and_report" to job store "default"
2026-02-18 08:37:06,514 - apscheduler.scheduler - INFO - Added job "daily_backup_and_report" to job store "default"
2026-02-18 08:37:06,514 - apscheduler.scheduler - INFO - Scheduler started
2026-02-18 08:37:06,514 - src.core.logging - INFO - Scheduler started
2026-02-18 08:37:20,169 - sqlalchemy.engine.Engine - INFO - select pg_catalog.version()
2026-02-18 08:37:20,169 - sqlalchemy.engine.Engine - INFO - [raw sql] ()
2026-02-18 08:37:20,170 - sqlalchemy.engine.Engine - INFO - select current_schema()
2026-02-18 08:37:20,170 - sqlalchemy.engine.Engine - INFO - [raw sql] ()
2026-02-18 08:37:20,171 - sqlalchemy.engine.Engine - INFO - show standard_conforming_strings
2026-02-18 08:37:20,171 - sqlalchemy.engine.Engine - INFO - [raw sql] ()
2026-02-18 08:37:20,171 - sqlalchemy.engine.Engine - INFO - BEGIN (implicit)
2026-02-18 08:37:20,179 - sqlalchemy.engine.Engine - INFO - SELECT admins.id, admins.username, admins.password_hash, admins.created_at 
FROM admins 
WHERE admins.username = $1::VARCHAR
2026-02-18 08:37:20,179 - sqlalchemy.engine.Engine - INFO - [generated in 0.00018s] ('zhura2296@yandex.ru',)
2026-02-18 08:37:20,390 - sqlalchemy.engine.Engine - INFO - ROLLBACK
2026-02-18 08:37:20,476 - sqlalchemy.engine.Engine - INFO - BEGIN (implicit)
2026-02-18 08:37:20,476 - sqlalchemy.engine.Engine - INFO - SELECT admins.id, admins.username, admins.password_hash, admins.created_at 
FROM admins 
WHERE admins.username = $1::VARCHAR
2026-02-18 08:37:20,476 - sqlalchemy.engine.Engine - INFO - [cached since 0.2976s ago] ('zhura2296@yandex.ru',)
2026-02-18 08:37:20,481 - sqlalchemy.engine.Engine - INFO - SELECT clients.id, clients.full_name, clients.phone, clients.address, clients.coordinates, clients.created_at, clients.last_contact, clients.comments, clients.updated_at, clients.backup_phone, clients.deleted_at 
FROM clients 
 LIMIT $1::INTEGER OFFSET $2::INTEGER
2026-02-18 08:37:20,481 - sqlalchemy.engine.Engine - INFO - [generated in 0.00026s] (100, 0)
2026-02-18 08:37:20,502 - sqlalchemy.engine.Engine - INFO - ROLLBACK
2026-02-18 08:37:20,502 - sqlalchemy.engine.Engine - INFO - BEGIN (implicit)
2026-02-18 08:37:20,503 - sqlalchemy.engine.Engine - INFO - SELECT admins.id, admins.username, admins.password_hash, admins.created_at 
FROM admins 
WHERE admins.username = $1::VARCHAR
2026-02-18 08:37:20,503 - sqlalchemy.engine.Engine - INFO - [cached since 0.3239s ago] ('zhura2296@yandex.ru',)
2026-02-18 08:37:20,504 - sqlalchemy.engine.Engine - INFO - BEGIN (implicit)
2026-02-18 08:37:20,504 - sqlalchemy.engine.Engine - INFO - SELECT admins.id, admins.username, admins.password_hash, admins.created_at 
FROM admins 
WHERE admins.username = $1::VARCHAR
2026-02-18 08:37:20,504 - sqlalchemy.engine.Engine - INFO - [cached since 0.3254s ago] ('zhura2296@yandex.ru',)
2026-02-18 08:37:20,505 - sqlalchemy.engine.Engine - INFO - SELECT clients.id, clients.full_name, clients.phone, clients.address, clients.coordinates, clients.created_at, clients.last_contact, clients.comments, clients.updated_at, clients.backup_phone, clients.deleted_at 
FROM clients 
 LIMIT $1::INTEGER OFFSET $2::INTEGER
2026-02-18 08:37:20,506 - sqlalchemy.engine.Engine - INFO - [cached since 0.02434s ago] (100, 0)
2026-02-18 08:37:20,507 - sqlalchemy.engine.Engine - INFO - ROLLBACK
2026-02-18 08:37:20,511 - sqlalchemy.engine.Engine - INFO - SELECT installers.id, installers.full_name, installers.nickname, installers.phone, installers.backup_phone, installers.specialization, installers.rating, installers.base_price, installers.is_debtor, installers.comments, installers.is_active, installers.is_in_funnel, installers.total_orders, installers.poor_work_count, installers.warranty_visits_count, installers.last_incident_date, installers.updated_at, installers.created_at, installers.deleted_at 
FROM installers 
WHERE installers.deleted_at IS NULL 
 LIMIT $1::INTEGER OFFSET $2::INTEGER
2026-02-18 08:37:20,511 - sqlalchemy.engine.Engine - INFO - [generated in 0.00026s] (100, 0)
2026-02-18 08:37:20,514 - sqlalchemy.engine.Engine - INFO - ROLLBACK
2026-02-18 08:37:20,515 - sqlalchemy.engine.Engine - INFO - BEGIN (implicit)
2026-02-18 08:37:20,515 - sqlalchemy.engine.Engine - INFO - SELECT admins.id, admins.username, admins.password_hash, admins.created_at 
FROM admins 
WHERE admins.username = $1::VARCHAR
2026-02-18 08:37:20,515 - sqlalchemy.engine.Engine - INFO - [cached since 0.3363s ago] ('zhura2296@yandex.ru',)
2026-02-18 08:37:20,517 - sqlalchemy.engine.Engine - INFO - SELECT installers.id, installers.full_name, installers.nickname, installers.phone, installers.backup_phone, installers.specialization, installers.rating, installers.base_price, installers.is_debtor, installers.comments, installers.is_active, installers.is_in_funnel, installers.total_orders, installers.poor_work_count, installers.warranty_visits_count, installers.last_incident_date, installers.updated_at, installers.created_at, installers.deleted_at 
FROM installers 
WHERE installers.deleted_at IS NULL 
 LIMIT $1::INTEGER OFFSET $2::INTEGER
2026-02-18 08:37:20,517 - sqlalchemy.engine.Engine - INFO - [cached since 0.006243s ago] (100, 0)
2026-02-18 08:37:20,520 - sqlalchemy.engine.Engine - INFO - ROLLBACK
2026-02-18 08:38:28,594 - sqlalchemy.engine.Engine - INFO - BEGIN (implicit)
2026-02-18 08:38:28,594 - sqlalchemy.engine.Engine - INFO - SELECT admins.id, admins.username, admins.password_hash, admins.created_at 
FROM admins 
WHERE admins.username = $1::VARCHAR
2026-02-18 08:38:28,594 - sqlalchemy.engine.Engine - INFO - [cached since 68.41s ago] ('zhura2296@yandex.ru',)
2026-02-18 08:38:28,596 - sqlalchemy.engine.Engine - INFO - INSERT INTO clients (full_name, phone, address, coordinates, comments, updated_at, backup_phone, deleted_at) VALUES ($1::VARCHAR, $2::VARCHAR, $3::VARCHAR, $4, $5::VARCHAR, $6::TIMESTAMP WITH TIME ZONE, $7::VARCHAR, $8::TIMESTAMP WITH TIME ZONE) RETURNING clients.id, clients.created_at, clients.last_contact
2026-02-18 08:38:28,596 - sqlalchemy.engine.Engine - INFO - [generated in 0.00012s] ('Журавлев Андрей Михайлович', '+79153227869', 'г. Мытищи, ул. Карла Маркса, д. 4', None, '23423', None, None, None)
2026-02-18 08:38:28,598 - sqlalchemy.engine.Engine - INFO - COMMIT
2026-02-18 08:38:28,621 - sqlalchemy.engine.Engine - INFO - BEGIN (implicit)
2026-02-18 08:38:28,622 - sqlalchemy.engine.Engine - INFO - SELECT clients.id, clients.full_name, clients.phone, clients.address, clients.coordinates, clients.created_at, clients.last_contact, clients.comments, clients.updated_at, clients.backup_phone, clients.deleted_at 
FROM clients 
WHERE clients.id = $1::INTEGER
2026-02-18 08:38:28,622 - sqlalchemy.engine.Engine - INFO - [generated in 0.00016s] (8,)
2026-02-18 08:38:28,624 - sqlalchemy.engine.Engine - INFO - ROLLBACK
2026-02-18 08:38:28,709 - sqlalchemy.engine.Engine - INFO - BEGIN (implicit)
2026-02-18 08:38:28,710 - sqlalchemy.engine.Engine - INFO - SELECT address_cache.address, address_cache.lat, address_cache.lon, address_cache.updated_at 
FROM address_cache 
WHERE address_cache.address = $1::VARCHAR
2026-02-18 08:38:28,710 - sqlalchemy.engine.Engine - INFO - [generated in 0.00012s] ('г. Мытищи, ул. Карла Маркса, д. 4',)
2026-02-18 08:38:28,713 - sqlalchemy.engine.Engine - INFO - INSERT INTO address_cache (address, lat, lon) VALUES ($1::VARCHAR, $2::NUMERIC(10, 7), $3::NUMERIC(10, 7)) RETURNING address_cache.updated_at
2026-02-18 08:38:28,713 - sqlalchemy.engine.Engine - INFO - [generated in 0.00011s] ('г. Мытищи, ул. Карла Маркса, д. 4', 55.915679, 37.768094)
2026-02-18 08:38:28,714 - sqlalchemy.engine.Engine - INFO - COMMIT
2026-02-18 08:38:28,715 - sqlalchemy.engine.Engine - INFO - BEGIN (implicit)
2026-02-18 08:38:28,715 - sqlalchemy.engine.Engine - INFO - SELECT address_cache.address, address_cache.lat, address_cache.lon, address_cache.updated_at 
FROM address_cache 
WHERE address_cache.address = $1::VARCHAR
2026-02-18 08:38:28,715 - sqlalchemy.engine.Engine - INFO - [generated in 0.00008s] ('г. Мытищи, ул. Карла Маркса, д. 4',)
2026-02-18 08:38:28,716 - sqlalchemy.engine.Engine - INFO - ROLLBACK
2026-02-18 08:38:28,716 - src.core.logging - ERROR - Unhandled exception: 'address_id' is an invalid keyword argument for Order
Traceback (most recent call last):
  File "/home/andre/Рабочий стол/CRM/venv/lib/python3.12/site-packages/anyio/streams/memory.py", line 98, in receive
    return self.receive_nowait()
           ^^^^^^^^^^^^^^^^^^^^^
  File "/home/andre/Рабочий стол/CRM/venv/lib/python3.12/site-packages/anyio/streams/memory.py", line 93, in receive_nowait
    raise WouldBlock
anyio.WouldBlock

During handling of the above exception, another exception occurred:

Traceback (most recent call last):
  File "/home/andre/Рабочий стол/CRM/venv/lib/python3.12/site-packages/starlette/middleware/base.py", line 78, in call_next
    message = await recv_stream.receive()
              ^^^^^^^^^^^^^^^^^^^^^^^^^^^
  File "/home/andre/Рабочий стол/CRM/venv/lib/python3.12/site-packages/anyio/streams/memory.py", line 118, in receive
    raise EndOfStream
anyio.EndOfStream

During handling of the above exception, another exception occurred:

Traceback (most recent call last):
  File "/home/andre/Рабочий стол/CRM/backend/src/core/logging.py", line 49, in dispatch
    response = await call_next(request)
               ^^^^^^^^^^^^^^^^^^^^^^^^
  File "/home/andre/Рабочий стол/CRM/venv/lib/python3.12/site-packages/starlette/middleware/base.py", line 84, in call_next
    raise app_exc
  File "/home/andre/Рабочий стол/CRM/venv/lib/python3.12/site-packages/starlette/middleware/base.py", line 70, in coro
    await self.app(scope, receive_or_disconnect, send_no_error)
  File "/home/andre/Рабочий стол/CRM/venv/lib/python3.12/site-packages/starlette/middleware/cors.py", line 91, in __call__
    await self.simple_response(scope, receive, send, request_headers=headers)
  File "/home/andre/Рабочий стол/CRM/venv/lib/python3.12/site-packages/starlette/middleware/cors.py", line 146, in simple_response
    await self.app(scope, receive, send)
  File "/home/andre/Рабочий стол/CRM/venv/lib/python3.12/site-packages/starlette/middleware/exceptions.py", line 79, in __call__
    raise exc
  File "/home/andre/Рабочий стол/CRM/venv/lib/python3.12/site-packages/starlette/middleware/exceptions.py", line 68, in __call__
    await self.app(scope, receive, sender)
  File "/home/andre/Рабочий стол/CRM/venv/lib/python3.12/site-packages/fastapi/middleware/asyncexitstack.py", line 20, in __call__
    raise e
  File "/home/andre/Рабочий стол/CRM/venv/lib/python3.12/site-packages/fastapi/middleware/asyncexitstack.py", line 17, in __call__
    await self.app(scope, receive, send)
  File "/home/andre/Рабочий стол/CRM/venv/lib/python3.12/site-packages/starlette/routing.py", line 718, in __call__
    await route.handle(scope, receive, send)
  File "/home/andre/Рабочий стол/CRM/venv/lib/python3.12/site-packages/starlette/routing.py", line 276, in handle
    await self.app(scope, receive, send)
  File "/home/andre/Рабочий стол/CRM/venv/lib/python3.12/site-packages/starlette/routing.py", line 66, in app
    response = await func(request)
               ^^^^^^^^^^^^^^^^^^^
  File "/home/andre/Рабочий стол/CRM/venv/lib/python3.12/site-packages/fastapi/routing.py", line 274, in app
    raw_response = await run_endpoint_function(
                   ^^^^^^^^^^^^^^^^^^^^^^^^^^^^
  File "/home/andre/Рабочий стол/CRM/venv/lib/python3.12/site-packages/fastapi/routing.py", line 191, in run_endpoint_function
    return await dependant.call(**values)
           ^^^^^^^^^^^^^^^^^^^^^^^^^^^^^^
  File "/home/andre/Рабочий стол/CRM/backend/src/routers/orders.py", line 18, in create_order_endpoint
    return await create_order(db, order)
           ^^^^^^^^^^^^^^^^^^^^^^^^^^^^^
  File "/home/andre/Рабочий стол/CRM/backend/src/services/orders.py", line 33, in create_order
    order = Order(**order_dict)
            ^^^^^^^^^^^^^^^^^^^
  File "<string>", line 4, in __init__
  File "/home/andre/Рабочий стол/CRM/venv/lib/python3.12/site-packages/sqlalchemy/orm/state.py", line 566, in _initialize_instance
    with util.safe_reraise():
  File "/home/andre/Рабочий стол/CRM/venv/lib/python3.12/site-packages/sqlalchemy/util/langhelpers.py", line 146, in __exit__
    raise exc_value.with_traceback(exc_tb)
  File "/home/andre/Рабочий стол/CRM/venv/lib/python3.12/site-packages/sqlalchemy/orm/state.py", line 564, in _initialize_instance
    manager.original_init(*mixed[1:], **kwargs)
  File "/home/andre/Рабочий стол/CRM/venv/lib/python3.12/site-packages/sqlalchemy/orm/decl_base.py", line 2142, in _declarative_constructor
    raise TypeError(
TypeError: 'address_id' is an invalid keyword argument for Order
2026-02-18 08:40:13,356 - src.core.logging - INFO - Starting CRM application
2026-02-18 08:40:13,356 - apscheduler.scheduler - INFO - Adding job tentatively -- it will be properly scheduled when the scheduler starts
2026-02-18 08:40:13,356 - apscheduler.scheduler - INFO - Adding job tentatively -- it will be properly scheduled when the scheduler starts
2026-02-18 08:40:13,357 - apscheduler.scheduler - INFO - Added job "daily_backup_and_report" to job store "default"
2026-02-18 08:40:13,357 - apscheduler.scheduler - INFO - Added job "daily_backup_and_report" to job store "default"
2026-02-18 08:40:13,357 - apscheduler.scheduler - INFO - Scheduler started
2026-02-18 08:40:13,357 - src.core.logging - INFO - Scheduler started
2026-02-18 08:40:37,251 - src.core.logging - INFO - Starting CRM application
2026-02-18 08:40:37,251 - apscheduler.scheduler - INFO - Adding job tentatively -- it will be properly scheduled when the scheduler starts
2026-02-18 08:40:37,251 - apscheduler.scheduler - INFO - Adding job tentatively -- it will be properly scheduled when the scheduler starts
2026-02-18 08:40:37,252 - apscheduler.scheduler - INFO - Added job "daily_backup_and_report" to job store "default"
2026-02-18 08:40:37,252 - apscheduler.scheduler - INFO - Added job "daily_backup_and_report" to job store "default"
2026-02-18 08:40:37,252 - apscheduler.scheduler - INFO - Scheduler started
2026-02-18 08:40:37,252 - src.core.logging - INFO - Scheduler started
2026-02-18 08:41:08,667 - sqlalchemy.engine.Engine - INFO - select pg_catalog.version()
2026-02-18 08:41:08,667 - sqlalchemy.engine.Engine - INFO - [raw sql] ()
2026-02-18 08:41:08,669 - sqlalchemy.engine.Engine - INFO - select current_schema()
2026-02-18 08:41:08,669 - sqlalchemy.engine.Engine - INFO - [raw sql] ()
2026-02-18 08:41:08,670 - sqlalchemy.engine.Engine - INFO - show standard_conforming_strings
2026-02-18 08:41:08,670 - sqlalchemy.engine.Engine - INFO - [raw sql] ()
2026-02-18 08:41:08,670 - sqlalchemy.engine.Engine - INFO - BEGIN (implicit)
2026-02-18 08:41:08,678 - sqlalchemy.engine.Engine - INFO - SELECT admins.id, admins.username, admins.password_hash, admins.created_at 
FROM admins 
WHERE admins.username = $1::VARCHAR
2026-02-18 08:41:08,678 - sqlalchemy.engine.Engine - INFO - [generated in 0.00012s] ('zhura2296@yandex.ru',)
2026-02-18 08:41:08,893 - sqlalchemy.engine.Engine - INFO - ROLLBACK
2026-02-18 08:41:08,998 - sqlalchemy.engine.Engine - INFO - BEGIN (implicit)
2026-02-18 08:41:08,998 - sqlalchemy.engine.Engine - INFO - SELECT admins.id, admins.username, admins.password_hash, admins.created_at 
FROM admins 
WHERE admins.username = $1::VARCHAR
2026-02-18 08:41:08,998 - sqlalchemy.engine.Engine - INFO - [cached since 0.3205s ago] ('zhura2296@yandex.ru',)
2026-02-18 08:41:09,002 - sqlalchemy.engine.Engine - INFO - SELECT clients.id, clients.full_name, clients.phone, clients.address, clients.coordinates, clients.created_at, clients.last_contact, clients.comments, clients.updated_at, clients.backup_phone, clients.deleted_at 
FROM clients 
 LIMIT $1::INTEGER OFFSET $2::INTEGER
2026-02-18 08:41:09,002 - sqlalchemy.engine.Engine - INFO - [generated in 0.00018s] (100, 0)
2026-02-18 08:41:09,030 - sqlalchemy.engine.Engine - INFO - ROLLBACK
2026-02-18 08:41:09,031 - sqlalchemy.engine.Engine - INFO - BEGIN (implicit)
2026-02-18 08:41:09,031 - sqlalchemy.engine.Engine - INFO - SELECT admins.id, admins.username, admins.password_hash, admins.created_at 
FROM admins 
WHERE admins.username = $1::VARCHAR
2026-02-18 08:41:09,031 - sqlalchemy.engine.Engine - INFO - [cached since 0.3533s ago] ('zhura2296@yandex.ru',)
2026-02-18 08:41:09,032 - sqlalchemy.engine.Engine - INFO - BEGIN (implicit)
2026-02-18 08:41:09,032 - sqlalchemy.engine.Engine - INFO - SELECT admins.id, admins.username, admins.password_hash, admins.created_at 
FROM admins 
WHERE admins.username = $1::VARCHAR
2026-02-18 08:41:09,032 - sqlalchemy.engine.Engine - INFO - [cached since 0.3547s ago] ('zhura2296@yandex.ru',)
2026-02-18 08:41:09,033 - sqlalchemy.engine.Engine - INFO - SELECT clients.id, clients.full_name, clients.phone, clients.address, clients.coordinates, clients.created_at, clients.last_contact, clients.comments, clients.updated_at, clients.backup_phone, clients.deleted_at 
FROM clients 
 LIMIT $1::INTEGER OFFSET $2::INTEGER
2026-02-18 08:41:09,033 - sqlalchemy.engine.Engine - INFO - [cached since 0.03173s ago] (100, 0)
2026-02-18 08:41:09,034 - sqlalchemy.engine.Engine - INFO - ROLLBACK
2026-02-18 08:41:09,038 - sqlalchemy.engine.Engine - INFO - SELECT installers.id, installers.full_name, installers.nickname, installers.phone, installers.backup_phone, installers.specialization, installers.rating, installers.base_price, installers.is_debtor, installers.comments, installers.is_active, installers.is_in_funnel, installers.total_orders, installers.poor_work_count, installers.warranty_visits_count, installers.last_incident_date, installers.updated_at, installers.created_at, installers.deleted_at 
FROM installers 
WHERE installers.deleted_at IS NULL 
 LIMIT $1::INTEGER OFFSET $2::INTEGER
2026-02-18 08:41:09,038 - sqlalchemy.engine.Engine - INFO - [generated in 0.00021s] (100, 0)
2026-02-18 08:41:09,042 - sqlalchemy.engine.Engine - INFO - ROLLBACK
2026-02-18 08:41:09,043 - sqlalchemy.engine.Engine - INFO - BEGIN (implicit)
2026-02-18 08:41:09,043 - sqlalchemy.engine.Engine - INFO - SELECT admins.id, admins.username, admins.password_hash, admins.created_at 
FROM admins 
WHERE admins.username = $1::VARCHAR
2026-02-18 08:41:09,043 - sqlalchemy.engine.Engine - INFO - [cached since 0.3654s ago] ('zhura2296@yandex.ru',)
2026-02-18 08:41:09,044 - sqlalchemy.engine.Engine - INFO - SELECT installers.id, installers.full_name, installers.nickname, installers.phone, installers.backup_phone, installers.specialization, installers.rating, installers.base_price, installers.is_debtor, installers.comments, installers.is_active, installers.is_in_funnel, installers.total_orders, installers.poor_work_count, installers.warranty_visits_count, installers.last_incident_date, installers.updated_at, installers.created_at, installers.deleted_at 
FROM installers 
WHERE installers.deleted_at IS NULL 
 LIMIT $1::INTEGER OFFSET $2::INTEGER
2026-02-18 08:41:09,044 - sqlalchemy.engine.Engine - INFO - [cached since 0.006026s ago] (100, 0)
2026-02-18 08:41:09,046 - sqlalchemy.engine.Engine - INFO - ROLLBACK
2026-02-18 08:42:10,466 - sqlalchemy.engine.Engine - INFO - BEGIN (implicit)
2026-02-18 08:42:10,466 - sqlalchemy.engine.Engine - INFO - SELECT admins.id, admins.username, admins.password_hash, admins.created_at 
FROM admins 
WHERE admins.username = $1::VARCHAR
2026-02-18 08:42:10,466 - sqlalchemy.engine.Engine - INFO - [cached since 61.79s ago] ('zhura2296@yandex.ru',)
2026-02-18 08:42:10,468 - sqlalchemy.engine.Engine - INFO - INSERT INTO clients (full_name, phone, address, coordinates, comments, updated_at, backup_phone, deleted_at) VALUES ($1::VARCHAR, $2::VARCHAR, $3::VARCHAR, $4, $5::VARCHAR, $6::TIMESTAMP WITH TIME ZONE, $7::VARCHAR, $8::TIMESTAMP WITH TIME ZONE) RETURNING clients.id, clients.created_at, clients.last_contact
2026-02-18 08:42:10,468 - sqlalchemy.engine.Engine - INFO - [generated in 0.00014s] ('Журавлев Андрей Михайлович', '+79153228095', 'г. Мытищи, ул. Карла Маркса, д. 4', None, '12312', None, None, None)
2026-02-18 08:42:10,469 - sqlalchemy.engine.Engine - INFO - COMMIT
2026-02-18 08:42:10,493 - sqlalchemy.engine.Engine - INFO - BEGIN (implicit)
2026-02-18 08:42:10,494 - sqlalchemy.engine.Engine - INFO - SELECT clients.id, clients.full_name, clients.phone, clients.address, clients.coordinates, clients.created_at, clients.last_contact, clients.comments, clients.updated_at, clients.backup_phone, clients.deleted_at 
FROM clients 
WHERE clients.id = $1::INTEGER
2026-02-18 08:42:10,494 - sqlalchemy.engine.Engine - INFO - [generated in 0.00012s] (9,)
2026-02-18 08:42:10,496 - sqlalchemy.engine.Engine - INFO - ROLLBACK
2026-02-18 08:42:10,605 - sqlalchemy.engine.Engine - INFO - BEGIN (implicit)
2026-02-18 08:42:10,606 - sqlalchemy.engine.Engine - INFO - SELECT address_cache.address, address_cache.lat, address_cache.lon, address_cache.updated_at 
FROM address_cache 
WHERE address_cache.address = $1::VARCHAR
2026-02-18 08:42:10,606 - sqlalchemy.engine.Engine - INFO - [generated in 0.00012s] ('г. Мытищи, ул. Карла Маркса, д. 4',)
2026-02-18 08:42:10,608 - sqlalchemy.engine.Engine - INFO - UPDATE address_cache SET lat=$1::NUMERIC(10, 7), lon=$2::NUMERIC(10, 7), updated_at=now() WHERE address_cache.address = $3::VARCHAR
2026-02-18 08:42:10,608 - sqlalchemy.engine.Engine - INFO - [generated in 0.00011s] (55.915679, 37.768094, 'г. Мытищи, ул. Карла Маркса, д. 4')
2026-02-18 08:42:10,611 - sqlalchemy.engine.Engine - INFO - COMMIT
2026-02-18 08:42:10,612 - sqlalchemy.engine.Engine - INFO - BEGIN (implicit)
2026-02-18 08:42:10,612 - sqlalchemy.engine.Engine - INFO - SELECT address_cache.address, address_cache.lat, address_cache.lon, address_cache.updated_at 
FROM address_cache 
WHERE address_cache.address = $1::VARCHAR
2026-02-18 08:42:10,613 - sqlalchemy.engine.Engine - INFO - [generated in 0.00015s] ('г. Мытищи, ул. Карла Маркса, д. 4',)
2026-02-18 08:42:10,615 - sqlalchemy.engine.Engine - INFO - INSERT INTO orders (client_id, installer_id, status, service_type, warehouse, service_datetime, delivery_datetime, promise, marker_color, address_id, address_text) VALUES ($1::INTEGER, $2::INTEGER, $3::order_status, $4::VARCHAR, $5::VARCHAR, $6::TIMESTAMP WITHOUT TIME ZONE, $7::TIMESTAMP WITHOUT TIME ZONE, $8::VARCHAR, $9::VARCHAR, $10::VARCHAR, $11::VARCHAR) RETURNING orders.id, orders.created_at, orders.updated_at
2026-02-18 08:42:10,615 - sqlalchemy.engine.Engine - INFO - [generated in 0.00016s] (9, None, 'Новый', 'Electrolux EACS-09HSK/N3_24Y', 'Основной', datetime.datetime(2026, 2, 19, 5, 41), datetime.datetime(2026, 2, 20, 5, 41), '21312332', 'blue', 'г. Мытищи, ул. Карла Маркса, д. 4', 'г. Мытищи, ул. Карла Маркса, д. 4')
2026-02-18 08:42:10,630 - sqlalchemy.engine.Engine - INFO - SELECT orders.id 
FROM orders 
WHERE orders.id = $1::INTEGER
2026-02-18 08:42:10,630 - sqlalchemy.engine.Engine - INFO - [generated in 0.00019s] (6,)
2026-02-18 08:42:10,631 - sqlalchemy.engine.Engine - INFO - SELECT clients.id AS clients_id, clients.full_name AS clients_full_name, clients.phone AS clients_phone, clients.address AS clients_address, clients.coordinates AS clients_coordinates, clients.created_at AS clients_created_at, clients.last_contact AS clients_last_contact, clients.comments AS clients_comments, clients.updated_at AS clients_updated_at, clients.backup_phone AS clients_backup_phone, clients.deleted_at AS clients_deleted_at 
FROM clients 
WHERE clients.id = $1::INTEGER
2026-02-18 08:42:10,632 - sqlalchemy.engine.Engine - INFO - [generated in 0.00011s] (9,)
2026-02-18 08:42:10,673 - sqlalchemy.engine.Engine - INFO - SELECT finance.id AS finance_id, finance.order_id AS finance_order_id, finance.purchase_price AS finance_purchase_price, finance.sale_price_client AS finance_sale_price_client, finance.installer_pay AS finance_installer_pay, finance.my_commission AS finance_my_commission, finance.profit AS finance_profit, finance.margin AS finance_margin, finance.profit_percent AS finance_profit_percent, finance.payment_state AS finance_payment_state, finance.installer_returned_money AS finance_installer_returned_money, finance.updated_at AS finance_updated_at, finance.created_at AS finance_created_at 
FROM finance 
WHERE $1::INTEGER = finance.order_id
2026-02-18 08:42:10,673 - sqlalchemy.engine.Engine - INFO - [generated in 0.00017s] (6,)
2026-02-18 08:42:10,679 - sqlalchemy.engine.Engine - INFO - COMMIT
2026-02-18 08:42:10,684 - sqlalchemy.engine.Engine - INFO - BEGIN (implicit)
2026-02-18 08:42:10,685 - sqlalchemy.engine.Engine - INFO - SELECT finance.id, finance.order_id, finance.purchase_price, finance.sale_price_client, finance.installer_pay, finance.my_commission, finance.profit, finance.margin, finance.profit_percent, finance.payment_state, finance.installer_returned_money, finance.updated_at, finance.created_at 
FROM finance 
WHERE finance.order_id = $1::INTEGER
2026-02-18 08:42:10,685 - sqlalchemy.engine.Engine - INFO - [generated in 0.00016s] (6,)
2026-02-18 08:42:10,698 - sqlalchemy.engine.Engine - INFO - INSERT INTO finance (order_id, purchase_price, sale_price_client, installer_pay, my_commission, payment_state, installer_returned_money) VALUES ($1::INTEGER, $2::NUMERIC(10, 2), $3::NUMERIC(10, 2), $4::NUMERIC(10, 2), $5::NUMERIC(10, 2), $6::payment_status, $7::BOOLEAN) RETURNING finance.id, finance.profit, finance.margin, finance.profit_percent, finance.updated_at, finance.created_at
2026-02-18 08:42:10,698 - sqlalchemy.engine.Engine - INFO - [generated in 0.00017s] (6, 15000.0, 65000.0, 15000.0, 5000.0, 'Не оплачен', False)
2026-02-18 08:42:10,701 - sqlalchemy.engine.Engine - INFO - COMMIT
2026-02-18 08:42:10,702 - sqlalchemy.engine.Engine - INFO - BEGIN (implicit)
2026-02-18 08:42:10,702 - sqlalchemy.engine.Engine - INFO - SELECT finance.id, finance.order_id, finance.purchase_price, finance.sale_price_client, finance.installer_pay, finance.my_commission, finance.profit, finance.margin, finance.profit_percent, finance.payment_state, finance.installer_returned_money, finance.updated_at, finance.created_at 
FROM finance 
WHERE finance.id = $1::INTEGER
2026-02-18 08:42:10,702 - sqlalchemy.engine.Engine - INFO - [generated in 0.00015s] (3,)
2026-02-18 08:42:10,704 - sqlalchemy.engine.Engine - INFO - ROLLBACK
2026-02-18 08:42:10,745 - sqlalchemy.engine.Engine - INFO - BEGIN (implicit)
2026-02-18 08:42:10,748 - sqlalchemy.engine.Engine - INFO - SELECT orders.id, orders.client_id, orders.installer_id, orders.status, orders.service_type, orders.warehouse, orders.service_datetime, orders.delivery_datetime, orders.promise, orders.marker_color, orders.address_id, orders.address_text, orders.created_at, orders.updated_at 
FROM orders 
 LIMIT $1::INTEGER OFFSET $2::INTEGER
2026-02-18 08:42:10,748 - sqlalchemy.engine.Engine - INFO - [generated in 0.00019s] (100, 0)
2026-02-18 08:42:10,755 - sqlalchemy.engine.Engine - INFO - SELECT installers.id AS installers_id, installers.full_name AS installers_full_name, installers.nickname AS installers_nickname, installers.phone AS installers_phone, installers.backup_phone AS installers_backup_phone, installers.specialization AS installers_specialization, installers.rating AS installers_rating, installers.base_price AS installers_base_price, installers.is_debtor AS installers_is_debtor, installers.comments AS installers_comments, installers.is_active AS installers_is_active, installers.is_in_funnel AS installers_is_in_funnel, installers.total_orders AS installers_total_orders, installers.poor_work_count AS installers_poor_work_count, installers.warranty_visits_count AS installers_warranty_visits_count, installers.last_incident_date AS installers_last_incident_date, installers.updated_at AS installers_updated_at, installers.created_at AS installers_created_at, installers.deleted_at AS installers_deleted_at 
FROM installers 
WHERE installers.id IN ($1::INTEGER)
2026-02-18 08:42:10,755 - sqlalchemy.engine.Engine - INFO - [generated in 0.00019s] (1,)
2026-02-18 08:42:10,758 - sqlalchemy.engine.Engine - INFO - SELECT finance.order_id AS finance_order_id, finance.id AS finance_id, finance.purchase_price AS finance_purchase_price, finance.sale_price_client AS finance_sale_price_client, finance.installer_pay AS finance_installer_pay, finance.my_commission AS finance_my_commission, finance.profit AS finance_profit, finance.margin AS finance_margin, finance.profit_percent AS finance_profit_percent, finance.payment_state AS finance_payment_state, finance.installer_returned_money AS finance_installer_returned_money, finance.updated_at AS finance_updated_at, finance.created_at AS finance_created_at 
FROM finance 
WHERE finance.order_id IN ($1::INTEGER, $2::INTEGER, $3::INTEGER, $4::INTEGER, $5::INTEGER)
2026-02-18 08:42:10,758 - sqlalchemy.engine.Engine - INFO - [generated in 0.00031s] (2, 3, 4, 1, 6)
2026-02-18 08:42:10,760 - sqlalchemy.engine.Engine - INFO - SELECT clients.id AS clients_id, clients.full_name AS clients_full_name, clients.phone AS clients_phone, clients.address AS clients_address, clients.coordinates AS clients_coordinates, clients.created_at AS clients_created_at, clients.last_contact AS clients_last_contact, clients.comments AS clients_comments, clients.updated_at AS clients_updated_at, clients.backup_phone AS clients_backup_phone, clients.deleted_at AS clients_deleted_at 
FROM clients 
WHERE clients.id IN ($1::INTEGER, $2::INTEGER, $3::INTEGER, $4::INTEGER, $5::INTEGER)
2026-02-18 08:42:10,760 - sqlalchemy.engine.Engine - INFO - [generated in 0.00025s] (1, 2, 3, 4, 9)
2026-02-18 08:42:10,763 - sqlalchemy.engine.Engine - INFO - ROLLBACK
2026-02-18 08:42:10,764 - sqlalchemy.engine.Engine - INFO - BEGIN (implicit)
2026-02-18 08:42:10,764 - sqlalchemy.engine.Engine - INFO - SELECT orders.id, orders.client_id, orders.installer_id, orders.status, orders.service_type, orders.warehouse, orders.service_datetime, orders.delivery_datetime, orders.promise, orders.marker_color, orders.address_id, orders.address_text, orders.created_at, orders.updated_at 
FROM orders 
 LIMIT $1::INTEGER OFFSET $2::INTEGER
2026-02-18 08:42:10,764 - sqlalchemy.engine.Engine - INFO - [cached since 0.01643s ago] (100, 0)
2026-02-18 08:42:10,767 - sqlalchemy.engine.Engine - INFO - SELECT installers.id AS installers_id, installers.full_name AS installers_full_name, installers.nickname AS installers_nickname, installers.phone AS installers_phone, installers.backup_phone AS installers_backup_phone, installers.specialization AS installers_specialization, installers.rating AS installers_rating, installers.base_price AS installers_base_price, installers.is_debtor AS installers_is_debtor, installers.comments AS installers_comments, installers.is_active AS installers_is_active, installers.is_in_funnel AS installers_is_in_funnel, installers.total_orders AS installers_total_orders, installers.poor_work_count AS installers_poor_work_count, installers.warranty_visits_count AS installers_warranty_visits_count, installers.last_incident_date AS installers_last_incident_date, installers.updated_at AS installers_updated_at, installers.created_at AS installers_created_at, installers.deleted_at AS installers_deleted_at 
FROM installers 
WHERE installers.id IN ($1::INTEGER)
2026-02-18 08:42:10,767 - sqlalchemy.engine.Engine - INFO - [cached since 0.01188s ago] (1,)
2026-02-18 08:42:10,769 - sqlalchemy.engine.Engine - INFO - SELECT finance.order_id AS finance_order_id, finance.id AS finance_id, finance.purchase_price AS finance_purchase_price, finance.sale_price_client AS finance_sale_price_client, finance.installer_pay AS finance_installer_pay, finance.my_commission AS finance_my_commission, finance.profit AS finance_profit, finance.margin AS finance_margin, finance.profit_percent AS finance_profit_percent, finance.payment_state AS finance_payment_state, finance.installer_returned_money AS finance_installer_returned_money, finance.updated_at AS finance_updated_at, finance.created_at AS finance_created_at 
FROM finance 
WHERE finance.order_id IN ($1::INTEGER, $2::INTEGER, $3::INTEGER, $4::INTEGER, $5::INTEGER)
2026-02-18 08:42:10,769 - sqlalchemy.engine.Engine - INFO - [cached since 0.01122s ago] (2, 3, 4, 1, 6)
2026-02-18 08:42:10,770 - sqlalchemy.engine.Engine - INFO - SELECT clients.id AS clients_id, clients.full_name AS clients_full_name, clients.phone AS clients_phone, clients.address AS clients_address, clients.coordinates AS clients_coordinates, clients.created_at AS clients_created_at, clients.last_contact AS clients_last_contact, clients.comments AS clients_comments, clients.updated_at AS clients_updated_at, clients.backup_phone AS clients_backup_phone, clients.deleted_at AS clients_deleted_at 
FROM clients 
WHERE clients.id IN ($1::INTEGER, $2::INTEGER, $3::INTEGER, $4::INTEGER, $5::INTEGER)
2026-02-18 08:42:10,770 - sqlalchemy.engine.Engine - INFO - [cached since 0.01029s ago] (1, 2, 3, 4, 9)
2026-02-18 08:42:10,772 - sqlalchemy.engine.Engine - INFO - ROLLBACK
2026-02-18 08:42:18,238 - sqlalchemy.engine.Engine - INFO - BEGIN (implicit)
2026-02-18 08:42:18,238 - sqlalchemy.engine.Engine - INFO - SELECT admins.id, admins.username, admins.password_hash, admins.created_at 
FROM admins 
WHERE admins.username = $1::VARCHAR
2026-02-18 08:42:18,238 - sqlalchemy.engine.Engine - INFO - [cached since 69.56s ago] ('zhura2296@yandex.ru',)
2026-02-18 08:42:18,240 - sqlalchemy.engine.Engine - INFO - BEGIN (implicit)
2026-02-18 08:42:18,240 - sqlalchemy.engine.Engine - INFO - SELECT orders.id, orders.client_id, orders.installer_id, orders.status, orders.service_type, orders.warehouse, orders.service_datetime, orders.delivery_datetime, orders.promise, orders.marker_color, orders.address_id, orders.address_text, orders.created_at, orders.updated_at 
FROM orders 
WHERE orders.id = $1::INTEGER
2026-02-18 08:42:18,240 - sqlalchemy.engine.Engine - INFO - [generated in 0.00011s] (6,)
2026-02-18 08:42:18,241 - sqlalchemy.engine.Engine - INFO - SELECT installers.id, installers.full_name, installers.nickname, installers.phone, installers.backup_phone, installers.specialization, installers.rating, installers.base_price, installers.is_debtor, installers.comments, installers.is_active, installers.is_in_funnel, installers.total_orders, installers.poor_work_count, installers.warranty_visits_count, installers.last_incident_date, installers.updated_at, installers.created_at, installers.deleted_at 
FROM installers 
WHERE installers.deleted_at IS NULL 
 LIMIT $1::INTEGER OFFSET $2::INTEGER
2026-02-18 08:42:18,241 - sqlalchemy.engine.Engine - INFO - [cached since 69.2s ago] (100, 0)
2026-02-18 08:42:18,243 - sqlalchemy.engine.Engine - INFO - SELECT finance.order_id AS finance_order_id, finance.id AS finance_id, finance.purchase_price AS finance_purchase_price, finance.sale_price_client AS finance_sale_price_client, finance.installer_pay AS finance_installer_pay, finance.my_commission AS finance_my_commission, finance.profit AS finance_profit, finance.margin AS finance_margin, finance.profit_percent AS finance_profit_percent, finance.payment_state AS finance_payment_state, finance.installer_returned_money AS finance_installer_returned_money, finance.updated_at AS finance_updated_at, finance.created_at AS finance_created_at 
FROM finance 
WHERE finance.order_id IN ($1::INTEGER)
2026-02-18 08:42:18,243 - sqlalchemy.engine.Engine - INFO - [cached since 7.485s ago] (6,)
2026-02-18 08:42:18,243 - sqlalchemy.engine.Engine - INFO - ROLLBACK
2026-02-18 08:42:18,244 - sqlalchemy.engine.Engine - INFO - SELECT clients.id AS clients_id, clients.full_name AS clients_full_name, clients.phone AS clients_phone, clients.address AS clients_address, clients.coordinates AS clients_coordinates, clients.created_at AS clients_created_at, clients.last_contact AS clients_last_contact, clients.comments AS clients_comments, clients.updated_at AS clients_updated_at, clients.backup_phone AS clients_backup_phone, clients.deleted_at AS clients_deleted_at 
FROM clients 
WHERE clients.id IN ($1::INTEGER)
2026-02-18 08:42:18,245 - sqlalchemy.engine.Engine - INFO - [cached since 7.484s ago] (9,)
2026-02-18 08:42:18,246 - sqlalchemy.engine.Engine - INFO - BEGIN (implicit)
2026-02-18 08:42:18,246 - sqlalchemy.engine.Engine - INFO - SELECT admins.id, admins.username, admins.password_hash, admins.created_at 
FROM admins 
WHERE admins.username = $1::VARCHAR
2026-02-18 08:42:18,246 - sqlalchemy.engine.Engine - INFO - [cached since 69.57s ago] ('zhura2296@yandex.ru',)
2026-02-18 08:42:18,248 - sqlalchemy.engine.Engine - INFO - SELECT installers.id, installers.full_name, installers.nickname, installers.phone, installers.backup_phone, installers.specialization, installers.rating, installers.base_price, installers.is_debtor, installers.comments, installers.is_active, installers.is_in_funnel, installers.total_orders, installers.poor_work_count, installers.warranty_visits_count, installers.last_incident_date, installers.updated_at, installers.created_at, installers.deleted_at 
FROM installers 
WHERE installers.deleted_at IS NULL 
 LIMIT $1::INTEGER OFFSET $2::INTEGER
2026-02-18 08:42:18,248 - sqlalchemy.engine.Engine - INFO - [cached since 69.21s ago] (100, 0)
2026-02-18 08:42:18,250 - sqlalchemy.engine.Engine - INFO - ROLLBACK
2026-02-18 08:42:18,251 - sqlalchemy.engine.Engine - INFO - ROLLBACK
2026-02-18 08:42:18,267 - sqlalchemy.engine.Engine - INFO - BEGIN (implicit)
2026-02-18 08:42:18,268 - sqlalchemy.engine.Engine - INFO - SELECT orders.id, orders.client_id, orders.installer_id, orders.status, orders.service_type, orders.warehouse, orders.service_datetime, orders.delivery_datetime, orders.promise, orders.marker_color, orders.address_id, orders.address_text, orders.created_at, orders.updated_at 
FROM orders 
WHERE orders.id = $1::INTEGER
2026-02-18 08:42:18,268 - sqlalchemy.engine.Engine - INFO - [cached since 0.02775s ago] (6,)
2026-02-18 08:42:18,279 - sqlalchemy.engine.Engine - INFO - SELECT finance.order_id AS finance_order_id, finance.id AS finance_id, finance.purchase_price AS finance_purchase_price, finance.sale_price_client AS finance_sale_price_client, finance.installer_pay AS finance_installer_pay, finance.my_commission AS finance_my_commission, finance.profit AS finance_profit, finance.margin AS finance_margin, finance.profit_percent AS finance_profit_percent, finance.payment_state AS finance_payment_state, finance.installer_returned_money AS finance_installer_returned_money, finance.updated_at AS finance_updated_at, finance.created_at AS finance_created_at 
FROM finance 
WHERE finance.order_id IN ($1::INTEGER)
2026-02-18 08:42:18,279 - sqlalchemy.engine.Engine - INFO - [cached since 7.522s ago] (6,)
2026-02-18 08:42:18,285 - sqlalchemy.engine.Engine - INFO - SELECT clients.id AS clients_id, clients.full_name AS clients_full_name, clients.phone AS clients_phone, clients.address AS clients_address, clients.coordinates AS clients_coordinates, clients.created_at AS clients_created_at, clients.last_contact AS clients_last_contact, clients.comments AS clients_comments, clients.updated_at AS clients_updated_at, clients.backup_phone AS clients_backup_phone, clients.deleted_at AS clients_deleted_at 
FROM clients 
WHERE clients.id IN ($1::INTEGER)
2026-02-18 08:42:18,285 - sqlalchemy.engine.Engine - INFO - [cached since 7.525s ago] (9,)
2026-02-18 08:42:18,286 - sqlalchemy.engine.Engine - INFO - ROLLBACK
2026-02-18 08:48:39,571 - sqlalchemy.engine.Engine - INFO - BEGIN (implicit)
2026-02-18 08:48:39,572 - sqlalchemy.engine.Engine - INFO - SELECT admins.id, admins.username, admins.password_hash, admins.created_at 
FROM admins 
WHERE admins.username = $1::VARCHAR
2026-02-18 08:48:39,572 - sqlalchemy.engine.Engine - INFO - [cached since 450.9s ago] ('zhura2296@yandex.ru',)
2026-02-18 08:48:39,573 - sqlalchemy.engine.Engine - INFO - BEGIN (implicit)
2026-02-18 08:48:39,573 - sqlalchemy.engine.Engine - INFO - SELECT admins.id, admins.username, admins.password_hash, admins.created_at 
FROM admins 
WHERE admins.username = $1::VARCHAR
2026-02-18 08:48:39,573 - sqlalchemy.engine.Engine - INFO - [cached since 450.9s ago] ('zhura2296@yandex.ru',)
2026-02-18 08:48:39,574 - sqlalchemy.engine.Engine - INFO - SELECT installers.id, installers.full_name, installers.nickname, installers.phone, installers.backup_phone, installers.specialization, installers.rating, installers.base_price, installers.is_debtor, installers.comments, installers.is_active, installers.is_in_funnel, installers.total_orders, installers.poor_work_count, installers.warranty_visits_count, installers.last_incident_date, installers.updated_at, installers.created_at, installers.deleted_at 
FROM installers 
WHERE installers.deleted_at IS NULL 
 LIMIT $1::INTEGER OFFSET $2::INTEGER
2026-02-18 08:48:39,574 - sqlalchemy.engine.Engine - INFO - [cached since 450.5s ago] (100, 0)
2026-02-18 08:48:39,575 - sqlalchemy.engine.Engine - INFO - SELECT clients.id, clients.full_name, clients.phone, clients.address, clients.coordinates, clients.created_at, clients.last_contact, clients.comments, clients.updated_at, clients.backup_phone, clients.deleted_at 
FROM clients 
 LIMIT $1::INTEGER OFFSET $2::INTEGER
2026-02-18 08:48:39,575 - sqlalchemy.engine.Engine - INFO - [cached since 450.6s ago] (100, 0)
2026-02-18 08:48:39,576 - sqlalchemy.engine.Engine - INFO - ROLLBACK
2026-02-18 08:48:39,576 - sqlalchemy.engine.Engine - INFO - ROLLBACK
2026-02-18 08:48:39,577 - sqlalchemy.engine.Engine - INFO - BEGIN (implicit)
2026-02-18 08:48:39,577 - sqlalchemy.engine.Engine - INFO - SELECT admins.id, admins.username, admins.password_hash, admins.created_at 
FROM admins 
WHERE admins.username = $1::VARCHAR
2026-02-18 08:48:39,577 - sqlalchemy.engine.Engine - INFO - [cached since 450.9s ago] ('zhura2296@yandex.ru',)
2026-02-18 08:48:39,578 - sqlalchemy.engine.Engine - INFO - BEGIN (implicit)
2026-02-18 08:48:39,578 - sqlalchemy.engine.Engine - INFO - SELECT admins.id, admins.username, admins.password_hash, admins.created_at 
FROM admins 
WHERE admins.username = $1::VARCHAR
2026-02-18 08:48:39,578 - sqlalchemy.engine.Engine - INFO - [cached since 450.9s ago] ('zhura2296@yandex.ru',)
2026-02-18 08:48:39,579 - sqlalchemy.engine.Engine - INFO - SELECT clients.id, clients.full_name, clients.phone, clients.address, clients.coordinates, clients.created_at, clients.last_contact, clients.comments, clients.updated_at, clients.backup_phone, clients.deleted_at 
FROM clients 
 LIMIT $1::INTEGER OFFSET $2::INTEGER
2026-02-18 08:48:39,579 - sqlalchemy.engine.Engine - INFO - [cached since 450.6s ago] (100, 0)
2026-02-18 08:48:39,581 - sqlalchemy.engine.Engine - INFO - ROLLBACK
2026-02-18 08:48:39,582 - sqlalchemy.engine.Engine - INFO - SELECT installers.id, installers.full_name, installers.nickname, installers.phone, installers.backup_phone, installers.specialization, installers.rating, installers.base_price, installers.is_debtor, installers.comments, installers.is_active, installers.is_in_funnel, installers.total_orders, installers.poor_work_count, installers.warranty_visits_count, installers.last_incident_date, installers.updated_at, installers.created_at, installers.deleted_at 
FROM installers 
WHERE installers.deleted_at IS NULL 
 LIMIT $1::INTEGER OFFSET $2::INTEGER
2026-02-18 08:48:39,582 - sqlalchemy.engine.Engine - INFO - [cached since 450.5s ago] (100, 0)
2026-02-18 08:48:39,584 - sqlalchemy.engine.Engine - INFO - ROLLBACK
2026-02-18 08:51:33,979 - sqlalchemy.engine.Engine - INFO - BEGIN (implicit)
2026-02-18 08:51:33,979 - sqlalchemy.engine.Engine - INFO - SELECT admins.id, admins.username, admins.password_hash, admins.created_at 
FROM admins 
WHERE admins.username = $1::VARCHAR
2026-02-18 08:51:33,979 - sqlalchemy.engine.Engine - INFO - [cached since 625.3s ago] ('zhura2296@yandex.ru',)
2026-02-18 08:51:33,980 - sqlalchemy.engine.Engine - INFO - INSERT INTO clients (full_name, phone, address, coordinates, comments, updated_at, backup_phone, deleted_at) VALUES ($1::VARCHAR, $2::VARCHAR, $3::VARCHAR, $4, $5::VARCHAR, $6::TIMESTAMP WITH TIME ZONE, $7::VARCHAR, $8::TIMESTAMP WITH TIME ZONE) RETURNING clients.id, clients.created_at, clients.last_contact
2026-02-18 08:51:33,980 - sqlalchemy.engine.Engine - INFO - [cached since 563.5s ago] ('Журавлев Андрей Михайлович', '+79153227456', 'г. Мытищи, ул. Карла Маркса, д. 4', None, 'asdasdas', None, None, None)
2026-02-18 08:51:33,981 - sqlalchemy.engine.Engine - INFO - COMMIT
2026-02-18 08:51:34,005 - sqlalchemy.engine.Engine - INFO - BEGIN (implicit)
2026-02-18 08:51:34,005 - sqlalchemy.engine.Engine - INFO - SELECT clients.id, clients.full_name, clients.phone, clients.address, clients.coordinates, clients.created_at, clients.last_contact, clients.comments, clients.updated_at, clients.backup_phone, clients.deleted_at 
FROM clients 
WHERE clients.id = $1::INTEGER
2026-02-18 08:51:34,005 - sqlalchemy.engine.Engine - INFO - [cached since 563.5s ago] (10,)
2026-02-18 08:51:34,006 - sqlalchemy.engine.Engine - INFO - ROLLBACK
2026-02-18 08:51:34,101 - sqlalchemy.engine.Engine - INFO - BEGIN (implicit)
2026-02-18 08:51:34,101 - sqlalchemy.engine.Engine - INFO - SELECT address_cache.address, address_cache.lat, address_cache.lon, address_cache.updated_at 
FROM address_cache 
WHERE address_cache.address = $1::VARCHAR
2026-02-18 08:51:34,101 - sqlalchemy.engine.Engine - INFO - [cached since 563.5s ago] ('г. Мытищи, ул. Карла Маркса, д. 4',)
2026-02-18 08:51:34,103 - sqlalchemy.engine.Engine - INFO - UPDATE address_cache SET lat=$1::NUMERIC(10, 7), lon=$2::NUMERIC(10, 7), updated_at=now() WHERE address_cache.address = $3::VARCHAR
2026-02-18 08:51:34,103 - sqlalchemy.engine.Engine - INFO - [cached since 563.5s ago] (55.915679, 37.768094, 'г. Мытищи, ул. Карла Маркса, д. 4')
2026-02-18 08:51:34,104 - sqlalchemy.engine.Engine - INFO - COMMIT
2026-02-18 08:51:34,105 - sqlalchemy.engine.Engine - INFO - BEGIN (implicit)
2026-02-18 08:51:34,105 - sqlalchemy.engine.Engine - INFO - SELECT address_cache.address, address_cache.lat, address_cache.lon, address_cache.updated_at 
FROM address_cache 
WHERE address_cache.address = $1::VARCHAR
2026-02-18 08:51:34,105 - sqlalchemy.engine.Engine - INFO - [cached since 563.5s ago] ('г. Мытищи, ул. Карла Маркса, д. 4',)
2026-02-18 08:51:34,106 - sqlalchemy.engine.Engine - INFO - INSERT INTO orders (client_id, installer_id, status, service_type, warehouse, service_datetime, delivery_datetime, promise, marker_color, address_id, address_text) VALUES ($1::INTEGER, $2::INTEGER, $3::order_status, $4::VARCHAR, $5::VARCHAR, $6::TIMESTAMP WITHOUT TIME ZONE, $7::TIMESTAMP WITHOUT TIME ZONE, $8::VARCHAR, $9::VARCHAR, $10::VARCHAR, $11::VARCHAR) RETURNING orders.id, orders.created_at, orders.updated_at
2026-02-18 08:51:34,106 - sqlalchemy.engine.Engine - INFO - [cached since 563.5s ago] (10, 1, 'Ждет установщика', 'Electrolux EACS-09HSK/N3_24Y', 'Основной', datetime.datetime(2026, 2, 19, 5, 51), datetime.datetime(2026, 2, 20, 5, 51), 'asdasd', 'blue', 'г. Мытищи, ул. Карла Маркса, д. 4', 'г. Мытищи, ул. Карла Маркса, д. 4')
2026-02-18 08:51:34,107 - sqlalchemy.engine.Engine - INFO - SELECT orders.id 
FROM orders 
WHERE orders.id = $1::INTEGER
2026-02-18 08:51:34,107 - sqlalchemy.engine.Engine - INFO - [cached since 563.5s ago] (7,)
2026-02-18 08:51:34,108 - sqlalchemy.engine.Engine - INFO - SELECT clients.id AS clients_id, clients.full_name AS clients_full_name, clients.phone AS clients_phone, clients.address AS clients_address, clients.coordinates AS clients_coordinates, clients.created_at AS clients_created_at, clients.last_contact AS clients_last_contact, clients.comments AS clients_comments, clients.updated_at AS clients_updated_at, clients.backup_phone AS clients_backup_phone, clients.deleted_at AS clients_deleted_at 
FROM clients 
WHERE clients.id = $1::INTEGER
2026-02-18 08:51:34,108 - sqlalchemy.engine.Engine - INFO - [cached since 563.5s ago] (10,)
2026-02-18 08:51:34,109 - sqlalchemy.engine.Engine - INFO - SELECT installers.id AS installers_id, installers.full_name AS installers_full_name, installers.nickname AS installers_nickname, installers.phone AS installers_phone, installers.backup_phone AS installers_backup_phone, installers.specialization AS installers_specialization, installers.rating AS installers_rating, installers.base_price AS installers_base_price, installers.is_debtor AS installers_is_debtor, installers.comments AS installers_comments, installers.is_active AS installers_is_active, installers.is_in_funnel AS installers_is_in_funnel, installers.total_orders AS installers_total_orders, installers.poor_work_count AS installers_poor_work_count, installers.warranty_visits_count AS installers_warranty_visits_count, installers.last_incident_date AS installers_last_incident_date, installers.updated_at AS installers_updated_at, installers.created_at AS installers_created_at, installers.deleted_at AS installers_deleted_at 
FROM installers 
WHERE installers.id = $1::INTEGER
2026-02-18 08:51:34,109 - sqlalchemy.engine.Engine - INFO - [generated in 0.00010s] (1,)
2026-02-18 08:51:34,110 - sqlalchemy.engine.Engine - INFO - SELECT finance.id AS finance_id, finance.order_id AS finance_order_id, finance.purchase_price AS finance_purchase_price, finance.sale_price_client AS finance_sale_price_client, finance.installer_pay AS finance_installer_pay, finance.my_commission AS finance_my_commission, finance.profit AS finance_profit, finance.margin AS finance_margin, finance.profit_percent AS finance_profit_percent, finance.payment_state AS finance_payment_state, finance.installer_returned_money AS finance_installer_returned_money, finance.updated_at AS finance_updated_at, finance.created_at AS finance_created_at 
FROM finance 
WHERE $1::INTEGER = finance.order_id
2026-02-18 08:51:34,110 - sqlalchemy.engine.Engine - INFO - [cached since 563.4s ago] (7,)
2026-02-18 08:51:34,110 - sqlalchemy.engine.Engine - INFO - COMMIT
2026-02-18 08:51:34,114 - sqlalchemy.engine.Engine - INFO - BEGIN (implicit)
2026-02-18 08:51:34,114 - sqlalchemy.engine.Engine - INFO - SELECT finance.id, finance.order_id, finance.purchase_price, finance.sale_price_client, finance.installer_pay, finance.my_commission, finance.profit, finance.margin, finance.profit_percent, finance.payment_state, finance.installer_returned_money, finance.updated_at, finance.created_at 
FROM finance 
WHERE finance.order_id = $1::INTEGER
2026-02-18 08:51:34,114 - sqlalchemy.engine.Engine - INFO - [cached since 563.4s ago] (7,)
2026-02-18 08:51:34,115 - sqlalchemy.engine.Engine - INFO - INSERT INTO finance (order_id, purchase_price, sale_price_client, installer_pay, my_commission, payment_state, installer_returned_money) VALUES ($1::INTEGER, $2::NUMERIC(10, 2), $3::NUMERIC(10, 2), $4::NUMERIC(10, 2), $5::NUMERIC(10, 2), $6::payment_status, $7::BOOLEAN) RETURNING finance.id, finance.profit, finance.margin, finance.profit_percent, finance.updated_at, finance.created_at
2026-02-18 08:51:34,115 - sqlalchemy.engine.Engine - INFO - [cached since 563.4s ago] (7, 52000.0, 150000.0, 50000.0, 50000.0, 'Не оплачен', False)
2026-02-18 08:51:34,116 - sqlalchemy.engine.Engine - INFO - COMMIT
2026-02-18 08:51:34,116 - sqlalchemy.engine.Engine - INFO - BEGIN (implicit)
2026-02-18 08:51:34,117 - sqlalchemy.engine.Engine - INFO - SELECT finance.id, finance.order_id, finance.purchase_price, finance.sale_price_client, finance.installer_pay, finance.my_commission, finance.profit, finance.margin, finance.profit_percent, finance.payment_state, finance.installer_returned_money, finance.updated_at, finance.created_at 
FROM finance 
WHERE finance.id = $1::INTEGER
2026-02-18 08:51:34,117 - sqlalchemy.engine.Engine - INFO - [cached since 563.4s ago] (4,)
2026-02-18 08:51:34,118 - sqlalchemy.engine.Engine - INFO - ROLLBACK
2026-02-18 08:51:34,161 - sqlalchemy.engine.Engine - INFO - BEGIN (implicit)
2026-02-18 08:51:34,161 - sqlalchemy.engine.Engine - INFO - SELECT orders.id, orders.client_id, orders.installer_id, orders.status, orders.service_type, orders.warehouse, orders.service_datetime, orders.delivery_datetime, orders.promise, orders.marker_color, orders.address_id, orders.address_text, orders.created_at, orders.updated_at 
FROM orders 
 LIMIT $1::INTEGER OFFSET $2::INTEGER
2026-02-18 08:51:34,161 - sqlalchemy.engine.Engine - INFO - [cached since 563.4s ago] (100, 0)
2026-02-18 08:51:34,163 - sqlalchemy.engine.Engine - INFO - SELECT installers.id AS installers_id, installers.full_name AS installers_full_name, installers.nickname AS installers_nickname, installers.phone AS installers_phone, installers.backup_phone AS installers_backup_phone, installers.specialization AS installers_specialization, installers.rating AS installers_rating, installers.base_price AS installers_base_price, installers.is_debtor AS installers_is_debtor, installers.comments AS installers_comments, installers.is_active AS installers_is_active, installers.is_in_funnel AS installers_is_in_funnel, installers.total_orders AS installers_total_orders, installers.poor_work_count AS installers_poor_work_count, installers.warranty_visits_count AS installers_warranty_visits_count, installers.last_incident_date AS installers_last_incident_date, installers.updated_at AS installers_updated_at, installers.created_at AS installers_created_at, installers.deleted_at AS installers_deleted_at 
FROM installers 
WHERE installers.id IN ($1::INTEGER)
2026-02-18 08:51:34,163 - sqlalchemy.engine.Engine - INFO - [cached since 563.4s ago] (1,)
2026-02-18 08:51:34,164 - sqlalchemy.engine.Engine - INFO - SELECT finance.order_id AS finance_order_id, finance.id AS finance_id, finance.purchase_price AS finance_purchase_price, finance.sale_price_client AS finance_sale_price_client, finance.installer_pay AS finance_installer_pay, finance.my_commission AS finance_my_commission, finance.profit AS finance_profit, finance.margin AS finance_margin, finance.profit_percent AS finance_profit_percent, finance.payment_state AS finance_payment_state, finance.installer_returned_money AS finance_installer_returned_money, finance.updated_at AS finance_updated_at, finance.created_at AS finance_created_at 
FROM finance 
WHERE finance.order_id IN ($1::INTEGER, $2::INTEGER, $3::INTEGER, $4::INTEGER, $5::INTEGER, $6::INTEGER)
2026-02-18 08:51:34,164 - sqlalchemy.engine.Engine - INFO - [cached since 563.4s ago] (2, 3, 4, 1, 6, 7)
2026-02-18 08:51:34,168 - sqlalchemy.engine.Engine - INFO - SELECT clients.id AS clients_id, clients.full_name AS clients_full_name, clients.phone AS clients_phone, clients.address AS clients_address, clients.coordinates AS clients_coordinates, clients.created_at AS clients_created_at, clients.last_contact AS clients_last_contact, clients.comments AS clients_comments, clients.updated_at AS clients_updated_at, clients.backup_phone AS clients_backup_phone, clients.deleted_at AS clients_deleted_at 
FROM clients 
WHERE clients.id IN ($1::INTEGER, $2::INTEGER, $3::INTEGER, $4::INTEGER, $5::INTEGER, $6::INTEGER)
2026-02-18 08:51:34,168 - sqlalchemy.engine.Engine - INFO - [cached since 563.4s ago] (1, 2, 3, 4, 9, 10)
2026-02-18 08:51:34,171 - sqlalchemy.engine.Engine - INFO - ROLLBACK
2026-02-18 08:51:34,172 - sqlalchemy.engine.Engine - INFO - BEGIN (implicit)
2026-02-18 08:51:34,173 - sqlalchemy.engine.Engine - INFO - SELECT orders.id, orders.client_id, orders.installer_id, orders.status, orders.service_type, orders.warehouse, orders.service_datetime, orders.delivery_datetime, orders.promise, orders.marker_color, orders.address_id, orders.address_text, orders.created_at, orders.updated_at 
FROM orders 
 LIMIT $1::INTEGER OFFSET $2::INTEGER
2026-02-18 08:51:34,173 - sqlalchemy.engine.Engine - INFO - [cached since 563.4s ago] (100, 0)
2026-02-18 08:51:34,175 - sqlalchemy.engine.Engine - INFO - SELECT installers.id AS installers_id, installers.full_name AS installers_full_name, installers.nickname AS installers_nickname, installers.phone AS installers_phone, installers.backup_phone AS installers_backup_phone, installers.specialization AS installers_specialization, installers.rating AS installers_rating, installers.base_price AS installers_base_price, installers.is_debtor AS installers_is_debtor, installers.comments AS installers_comments, installers.is_active AS installers_is_active, installers.is_in_funnel AS installers_is_in_funnel, installers.total_orders AS installers_total_orders, installers.poor_work_count AS installers_poor_work_count, installers.warranty_visits_count AS installers_warranty_visits_count, installers.last_incident_date AS installers_last_incident_date, installers.updated_at AS installers_updated_at, installers.created_at AS installers_created_at, installers.deleted_at AS installers_deleted_at 
FROM installers 
WHERE installers.id IN ($1::INTEGER)
2026-02-18 08:51:34,175 - sqlalchemy.engine.Engine - INFO - [cached since 563.4s ago] (1,)
2026-02-18 08:51:34,176 - sqlalchemy.engine.Engine - INFO - SELECT finance.order_id AS finance_order_id, finance.id AS finance_id, finance.purchase_price AS finance_purchase_price, finance.sale_price_client AS finance_sale_price_client, finance.installer_pay AS finance_installer_pay, finance.my_commission AS finance_my_commission, finance.profit AS finance_profit, finance.margin AS finance_margin, finance.profit_percent AS finance_profit_percent, finance.payment_state AS finance_payment_state, finance.installer_returned_money AS finance_installer_returned_money, finance.updated_at AS finance_updated_at, finance.created_at AS finance_created_at 
FROM finance 
WHERE finance.order_id IN ($1::INTEGER, $2::INTEGER, $3::INTEGER, $4::INTEGER, $5::INTEGER, $6::INTEGER)
2026-02-18 08:51:34,176 - sqlalchemy.engine.Engine - INFO - [cached since 563.4s ago] (2, 3, 4, 1, 6, 7)
2026-02-18 08:51:34,178 - sqlalchemy.engine.Engine - INFO - SELECT clients.id AS clients_id, clients.full_name AS clients_full_name, clients.phone AS clients_phone, clients.address AS clients_address, clients.coordinates AS clients_coordinates, clients.created_at AS clients_created_at, clients.last_contact AS clients_last_contact, clients.comments AS clients_comments, clients.updated_at AS clients_updated_at, clients.backup_phone AS clients_backup_phone, clients.deleted_at AS clients_deleted_at 
FROM clients 
WHERE clients.id IN ($1::INTEGER, $2::INTEGER, $3::INTEGER, $4::INTEGER, $5::INTEGER, $6::INTEGER)
2026-02-18 08:51:34,178 - sqlalchemy.engine.Engine - INFO - [cached since 563.4s ago] (1, 2, 3, 4, 9, 10)
2026-02-18 08:51:34,180 - sqlalchemy.engine.Engine - INFO - ROLLBACK
2026-02-18 08:51:39,726 - sqlalchemy.engine.Engine - INFO - BEGIN (implicit)
2026-02-18 08:51:39,726 - sqlalchemy.engine.Engine - INFO - SELECT admins.id, admins.username, admins.password_hash, admins.created_at 
FROM admins 
WHERE admins.username = $1::VARCHAR
2026-02-18 08:51:39,726 - sqlalchemy.engine.Engine - INFO - [cached since 631s ago] ('zhura2296@yandex.ru',)
2026-02-18 08:51:39,727 - sqlalchemy.engine.Engine - INFO - SELECT installers.id, installers.full_name, installers.nickname, installers.phone, installers.backup_phone, installers.specialization, installers.rating, installers.base_price, installers.is_debtor, installers.comments, installers.is_active, installers.is_in_funnel, installers.total_orders, installers.poor_work_count, installers.warranty_visits_count, installers.last_incident_date, installers.updated_at, installers.created_at, installers.deleted_at 
FROM installers 
WHERE installers.deleted_at IS NULL 
 LIMIT $1::INTEGER OFFSET $2::INTEGER
2026-02-18 08:51:39,728 - sqlalchemy.engine.Engine - INFO - [cached since 630.7s ago] (100, 0)
2026-02-18 08:51:39,728 - sqlalchemy.engine.Engine - INFO - ROLLBACK
2026-02-18 08:51:39,729 - sqlalchemy.engine.Engine - INFO - BEGIN (implicit)
2026-02-18 08:51:39,729 - sqlalchemy.engine.Engine - INFO - SELECT admins.id, admins.username, admins.password_hash, admins.created_at 
FROM admins 
WHERE admins.username = $1::VARCHAR
2026-02-18 08:51:39,729 - sqlalchemy.engine.Engine - INFO - [cached since 631.1s ago] ('zhura2296@yandex.ru',)
2026-02-18 08:51:39,730 - sqlalchemy.engine.Engine - INFO - BEGIN (implicit)
2026-02-18 08:51:39,730 - sqlalchemy.engine.Engine - INFO - SELECT orders.id, orders.client_id, orders.installer_id, orders.status, orders.service_type, orders.warehouse, orders.service_datetime, orders.delivery_datetime, orders.promise, orders.marker_color, orders.address_id, orders.address_text, orders.created_at, orders.updated_at 
FROM orders 
WHERE orders.id = $1::INTEGER
2026-02-18 08:51:39,730 - sqlalchemy.engine.Engine - INFO - [cached since 561.5s ago] (7,)
2026-02-18 08:51:39,731 - sqlalchemy.engine.Engine - INFO - SELECT installers.id, installers.full_name, installers.nickname, installers.phone, installers.backup_phone, installers.specialization, installers.rating, installers.base_price, installers.is_debtor, installers.comments, installers.is_active, installers.is_in_funnel, installers.total_orders, installers.poor_work_count, installers.warranty_visits_count, installers.last_incident_date, installers.updated_at, installers.created_at, installers.deleted_at 
FROM installers 
WHERE installers.deleted_at IS NULL 
 LIMIT $1::INTEGER OFFSET $2::INTEGER
2026-02-18 08:51:39,731 - sqlalchemy.engine.Engine - INFO - [cached since 630.7s ago] (100, 0)
2026-02-18 08:51:39,732 - sqlalchemy.engine.Engine - INFO - SELECT installers.id AS installers_id, installers.full_name AS installers_full_name, installers.nickname AS installers_nickname, installers.phone AS installers_phone, installers.backup_phone AS installers_backup_phone, installers.specialization AS installers_specialization, installers.rating AS installers_rating, installers.base_price AS installers_base_price, installers.is_debtor AS installers_is_debtor, installers.comments AS installers_comments, installers.is_active AS installers_is_active, installers.is_in_funnel AS installers_is_in_funnel, installers.total_orders AS installers_total_orders, installers.poor_work_count AS installers_poor_work_count, installers.warranty_visits_count AS installers_warranty_visits_count, installers.last_incident_date AS installers_last_incident_date, installers.updated_at AS installers_updated_at, installers.created_at AS installers_created_at, installers.deleted_at AS installers_deleted_at 
FROM installers 
WHERE installers.id IN ($1::INTEGER)
2026-02-18 08:51:39,732 - sqlalchemy.engine.Engine - INFO - [cached since 569s ago] (1,)
2026-02-18 08:51:39,732 - sqlalchemy.engine.Engine - INFO - ROLLBACK
2026-02-18 08:51:39,733 - sqlalchemy.engine.Engine - INFO - SELECT finance.order_id AS finance_order_id, finance.id AS finance_id, finance.purchase_price AS finance_purchase_price, finance.sale_price_client AS finance_sale_price_client, finance.installer_pay AS finance_installer_pay, finance.my_commission AS finance_my_commission, finance.profit AS finance_profit, finance.margin AS finance_margin, finance.profit_percent AS finance_profit_percent, finance.payment_state AS finance_payment_state, finance.installer_returned_money AS finance_installer_returned_money, finance.updated_at AS finance_updated_at, finance.created_at AS finance_created_at 
FROM finance 
WHERE finance.order_id IN ($1::INTEGER)
2026-02-18 08:51:39,733 - sqlalchemy.engine.Engine - INFO - [cached since 569s ago] (7,)
2026-02-18 08:51:39,734 - sqlalchemy.engine.Engine - INFO - SELECT clients.id AS clients_id, clients.full_name AS clients_full_name, clients.phone AS clients_phone, clients.address AS clients_address, clients.coordinates AS clients_coordinates, clients.created_at AS clients_created_at, clients.last_contact AS clients_last_contact, clients.comments AS clients_comments, clients.updated_at AS clients_updated_at, clients.backup_phone AS clients_backup_phone, clients.deleted_at AS clients_deleted_at 
FROM clients 
WHERE clients.id IN ($1::INTEGER)
2026-02-18 08:51:39,734 - sqlalchemy.engine.Engine - INFO - [cached since 569s ago] (10,)
2026-02-18 08:51:39,735 - sqlalchemy.engine.Engine - INFO - ROLLBACK
2026-02-18 08:51:39,736 - sqlalchemy.engine.Engine - INFO - BEGIN (implicit)
2026-02-18 08:51:39,736 - sqlalchemy.engine.Engine - INFO - SELECT orders.id, orders.client_id, orders.installer_id, orders.status, orders.service_type, orders.warehouse, orders.service_datetime, orders.delivery_datetime, orders.promise, orders.marker_color, orders.address_id, orders.address_text, orders.created_at, orders.updated_at 
FROM orders 
WHERE orders.id = $1::INTEGER
2026-02-18 08:51:39,736 - sqlalchemy.engine.Engine - INFO - [cached since 561.5s ago] (7,)
2026-02-18 08:51:39,737 - sqlalchemy.engine.Engine - INFO - SELECT installers.id AS installers_id, installers.full_name AS installers_full_name, installers.nickname AS installers_nickname, installers.phone AS installers_phone, installers.backup_phone AS installers_backup_phone, installers.specialization AS installers_specialization, installers.rating AS installers_rating, installers.base_price AS installers_base_price, installers.is_debtor AS installers_is_debtor, installers.comments AS installers_comments, installers.is_active AS installers_is_active, installers.is_in_funnel AS installers_is_in_funnel, installers.total_orders AS installers_total_orders, installers.poor_work_count AS installers_poor_work_count, installers.warranty_visits_count AS installers_warranty_visits_count, installers.last_incident_date AS installers_last_incident_date, installers.updated_at AS installers_updated_at, installers.created_at AS installers_created_at, installers.deleted_at AS installers_deleted_at 
FROM installers 
WHERE installers.id IN ($1::INTEGER)
2026-02-18 08:51:39,737 - sqlalchemy.engine.Engine - INFO - [cached since 569s ago] (1,)
2026-02-18 08:51:39,739 - sqlalchemy.engine.Engine - INFO - SELECT finance.order_id AS finance_order_id, finance.id AS finance_id, finance.purchase_price AS finance_purchase_price, finance.sale_price_client AS finance_sale_price_client, finance.installer_pay AS finance_installer_pay, finance.my_commission AS finance_my_commission, finance.profit AS finance_profit, finance.margin AS finance_margin, finance.profit_percent AS finance_profit_percent, finance.payment_state AS finance_payment_state, finance.installer_returned_money AS finance_installer_returned_money, finance.updated_at AS finance_updated_at, finance.created_at AS finance_created_at 
FROM finance 
WHERE finance.order_id IN ($1::INTEGER)
2026-02-18 08:51:39,739 - sqlalchemy.engine.Engine - INFO - [cached since 569s ago] (7,)
2026-02-18 08:51:39,740 - sqlalchemy.engine.Engine - INFO - SELECT clients.id AS clients_id, clients.full_name AS clients_full_name, clients.phone AS clients_phone, clients.address AS clients_address, clients.coordinates AS clients_coordinates, clients.created_at AS clients_created_at, clients.last_contact AS clients_last_contact, clients.comments AS clients_comments, clients.updated_at AS clients_updated_at, clients.backup_phone AS clients_backup_phone, clients.deleted_at AS clients_deleted_at 
FROM clients 
WHERE clients.id IN ($1::INTEGER)
2026-02-18 08:51:39,740 - sqlalchemy.engine.Engine - INFO - [cached since 569s ago] (10,)
2026-02-18 08:51:39,741 - sqlalchemy.engine.Engine - INFO - ROLLBACK
2026-02-18 08:52:27,135 - sqlalchemy.engine.Engine - INFO - BEGIN (implicit)
2026-02-18 08:52:27,136 - sqlalchemy.engine.Engine - INFO - SELECT admins.id, admins.username, admins.password_hash, admins.created_at 
FROM admins 
WHERE admins.username = $1::VARCHAR
2026-02-18 08:52:27,136 - sqlalchemy.engine.Engine - INFO - [cached since 678.5s ago] ('zhura2296@yandex.ru',)
2026-02-18 08:52:27,137 - sqlalchemy.engine.Engine - INFO - SELECT clients.id, clients.full_name, clients.phone, clients.address, clients.coordinates, clients.created_at, clients.last_contact, clients.comments, clients.updated_at, clients.backup_phone, clients.deleted_at 
FROM clients 
WHERE clients.id = $1::INTEGER
2026-02-18 08:52:27,137 - sqlalchemy.engine.Engine - INFO - [generated in 0.00018s] (10,)
2026-02-18 08:52:27,139 - sqlalchemy.engine.Engine - INFO - UPDATE clients SET phone=$1::VARCHAR, last_contact=now(), updated_at=now() WHERE clients.id = $2::INTEGER
2026-02-18 08:52:27,139 - sqlalchemy.engine.Engine - INFO - [generated in 0.00013s] ('+79153227045', 10)
2026-02-18 08:52:27,140 - sqlalchemy.engine.Engine - INFO - COMMIT
2026-02-18 08:52:27,140 - sqlalchemy.engine.Engine - INFO - BEGIN (implicit)
2026-02-18 08:52:27,140 - sqlalchemy.engine.Engine - INFO - SELECT clients.id, clients.full_name, clients.phone, clients.address, clients.coordinates, clients.created_at, clients.last_contact, clients.comments, clients.updated_at, clients.backup_phone, clients.deleted_at 
FROM clients 
WHERE clients.id = $1::INTEGER
2026-02-18 08:52:27,140 - sqlalchemy.engine.Engine - INFO - [cached since 616.6s ago] (10,)
2026-02-18 08:52:27,141 - sqlalchemy.engine.Engine - INFO - ROLLBACK
2026-02-18 08:52:27,144 - sqlalchemy.engine.Engine - INFO - BEGIN (implicit)
2026-02-18 08:52:27,144 - sqlalchemy.engine.Engine - INFO - SELECT orders.id, orders.client_id, orders.installer_id, orders.status, orders.service_type, orders.warehouse, orders.service_datetime, orders.delivery_datetime, orders.promise, orders.marker_color, orders.address_id, orders.address_text, orders.created_at, orders.updated_at 
FROM orders 
WHERE orders.id = $1::INTEGER
2026-02-18 08:52:27,144 - sqlalchemy.engine.Engine - INFO - [cached since 608.9s ago] (7,)
2026-02-18 08:52:27,145 - sqlalchemy.engine.Engine - INFO - SELECT installers.id AS installers_id, installers.full_name AS installers_full_name, installers.nickname AS installers_nickname, installers.phone AS installers_phone, installers.backup_phone AS installers_backup_phone, installers.specialization AS installers_specialization, installers.rating AS installers_rating, installers.base_price AS installers_base_price, installers.is_debtor AS installers_is_debtor, installers.comments AS installers_comments, installers.is_active AS installers_is_active, installers.is_in_funnel AS installers_is_in_funnel, installers.total_orders AS installers_total_orders, installers.poor_work_count AS installers_poor_work_count, installers.warranty_visits_count AS installers_warranty_visits_count, installers.last_incident_date AS installers_last_incident_date, installers.updated_at AS installers_updated_at, installers.created_at AS installers_created_at, installers.deleted_at AS installers_deleted_at 
FROM installers 
WHERE installers.id IN ($1::INTEGER)
2026-02-18 08:52:27,145 - sqlalchemy.engine.Engine - INFO - [cached since 616.4s ago] (1,)
2026-02-18 08:52:27,146 - sqlalchemy.engine.Engine - INFO - SELECT finance.order_id AS finance_order_id, finance.id AS finance_id, finance.purchase_price AS finance_purchase_price, finance.sale_price_client AS finance_sale_price_client, finance.installer_pay AS finance_installer_pay, finance.my_commission AS finance_my_commission, finance.profit AS finance_profit, finance.margin AS finance_margin, finance.profit_percent AS finance_profit_percent, finance.payment_state AS finance_payment_state, finance.installer_returned_money AS finance_installer_returned_money, finance.updated_at AS finance_updated_at, finance.created_at AS finance_created_at 
FROM finance 
WHERE finance.order_id IN ($1::INTEGER)
2026-02-18 08:52:27,146 - sqlalchemy.engine.Engine - INFO - [cached since 616.4s ago] (7,)
2026-02-18 08:52:27,146 - sqlalchemy.engine.Engine - INFO - SELECT clients.id AS clients_id, clients.full_name AS clients_full_name, clients.phone AS clients_phone, clients.address AS clients_address, clients.coordinates AS clients_coordinates, clients.created_at AS clients_created_at, clients.last_contact AS clients_last_contact, clients.comments AS clients_comments, clients.updated_at AS clients_updated_at, clients.backup_phone AS clients_backup_phone, clients.deleted_at AS clients_deleted_at 
FROM clients 
WHERE clients.id IN ($1::INTEGER)
2026-02-18 08:52:27,146 - sqlalchemy.engine.Engine - INFO - [cached since 616.4s ago] (10,)
2026-02-18 08:52:27,239 - sqlalchemy.engine.Engine - INFO - SELECT address_cache.address, address_cache.lat, address_cache.lon, address_cache.updated_at 
FROM address_cache 
WHERE address_cache.address = $1::VARCHAR
2026-02-18 08:52:27,239 - sqlalchemy.engine.Engine - INFO - [cached since 616.6s ago] ('г. Мытищи, ул. Карла Маркса, д. 4',)
2026-02-18 08:52:27,240 - sqlalchemy.engine.Engine - INFO - UPDATE address_cache SET lat=$1::NUMERIC(10, 7), lon=$2::NUMERIC(10, 7), updated_at=now() WHERE address_cache.address = $3::VARCHAR
2026-02-18 08:52:27,240 - sqlalchemy.engine.Engine - INFO - [cached since 616.6s ago] (55.915679, 37.768094, 'г. Мытищи, ул. Карла Маркса, д. 4')
2026-02-18 08:52:27,240 - sqlalchemy.engine.Engine - INFO - COMMIT
2026-02-18 08:52:27,242 - sqlalchemy.engine.Engine - INFO - BEGIN (implicit)
2026-02-18 08:52:27,242 - sqlalchemy.engine.Engine - INFO - SELECT address_cache.address, address_cache.lat, address_cache.lon, address_cache.updated_at 
FROM address_cache 
WHERE address_cache.address = $1::VARCHAR
2026-02-18 08:52:27,242 - sqlalchemy.engine.Engine - INFO - [cached since 616.6s ago] ('г. Мытищи, ул. Карла Маркса, д. 4',)
2026-02-18 08:52:27,243 - sqlalchemy.engine.Engine - INFO - COMMIT
2026-02-18 08:52:27,244 - sqlalchemy.engine.Engine - INFO - BEGIN (implicit)
2026-02-18 08:52:27,244 - sqlalchemy.engine.Engine - INFO - SELECT orders.id 
FROM orders 
WHERE orders.id = $1::INTEGER
2026-02-18 08:52:27,244 - sqlalchemy.engine.Engine - INFO - [generated in 0.00008s] (7,)
2026-02-18 08:52:27,245 - sqlalchemy.engine.Engine - INFO - SELECT clients.id AS clients_id, clients.full_name AS clients_full_name, clients.phone AS clients_phone, clients.address AS clients_address, clients.coordinates AS clients_coordinates, clients.created_at AS clients_created_at, clients.last_contact AS clients_last_contact, clients.comments AS clients_comments, clients.updated_at AS clients_updated_at, clients.backup_phone AS clients_backup_phone, clients.deleted_at AS clients_deleted_at 
FROM clients 
WHERE clients.id = $1::INTEGER
2026-02-18 08:52:27,246 - sqlalchemy.engine.Engine - INFO - [generated in 0.00010s] (10,)
2026-02-18 08:52:27,247 - sqlalchemy.engine.Engine - INFO - SELECT installers.id AS installers_id, installers.full_name AS installers_full_name, installers.nickname AS installers_nickname, installers.phone AS installers_phone, installers.backup_phone AS installers_backup_phone, installers.specialization AS installers_specialization, installers.rating AS installers_rating, installers.base_price AS installers_base_price, installers.is_debtor AS installers_is_debtor, installers.comments AS installers_comments, installers.is_active AS installers_is_active, installers.is_in_funnel AS installers_is_in_funnel, installers.total_orders AS installers_total_orders, installers.poor_work_count AS installers_poor_work_count, installers.warranty_visits_count AS installers_warranty_visits_count, installers.last_incident_date AS installers_last_incident_date, installers.updated_at AS installers_updated_at, installers.created_at AS installers_created_at, installers.deleted_at AS installers_deleted_at 
FROM installers 
WHERE installers.id = $1::INTEGER
2026-02-18 08:52:27,247 - sqlalchemy.engine.Engine - INFO - [generated in 0.00010s] (1,)
2026-02-18 08:52:27,248 - sqlalchemy.engine.Engine - INFO - SELECT finance.id AS finance_id, finance.order_id AS finance_order_id, finance.purchase_price AS finance_purchase_price, finance.sale_price_client AS finance_sale_price_client, finance.installer_pay AS finance_installer_pay, finance.my_commission AS finance_my_commission, finance.profit AS finance_profit, finance.margin AS finance_margin, finance.profit_percent AS finance_profit_percent, finance.payment_state AS finance_payment_state, finance.installer_returned_money AS finance_installer_returned_money, finance.updated_at AS finance_updated_at, finance.created_at AS finance_created_at 
FROM finance 
WHERE $1::INTEGER = finance.order_id
2026-02-18 08:52:27,248 - sqlalchemy.engine.Engine - INFO - [generated in 0.00011s] (7,)
2026-02-18 08:52:27,249 - sqlalchemy.engine.Engine - INFO - ROLLBACK
2026-02-18 08:52:27,252 - sqlalchemy.engine.Engine - INFO - BEGIN (implicit)
2026-02-18 08:52:27,253 - sqlalchemy.engine.Engine - INFO - SELECT finance.id, finance.order_id, finance.purchase_price, finance.sale_price_client, finance.installer_pay, finance.my_commission, finance.profit, finance.margin, finance.profit_percent, finance.payment_state, finance.installer_returned_money, finance.updated_at, finance.created_at 
FROM finance 
WHERE finance.id = $1::INTEGER
2026-02-18 08:52:27,253 - sqlalchemy.engine.Engine - INFO - [generated in 0.00011s] (4,)
2026-02-18 08:52:27,254 - sqlalchemy.engine.Engine - INFO - COMMIT
2026-02-18 08:52:27,254 - sqlalchemy.engine.Engine - INFO - BEGIN (implicit)
2026-02-18 08:52:27,255 - sqlalchemy.engine.Engine - INFO - SELECT finance.id, finance.order_id, finance.purchase_price, finance.sale_price_client, finance.installer_pay, finance.my_commission, finance.profit, finance.margin, finance.profit_percent, finance.payment_state, finance.installer_returned_money, finance.updated_at, finance.created_at 
FROM finance 
WHERE finance.id = $1::INTEGER
2026-02-18 08:52:27,255 - sqlalchemy.engine.Engine - INFO - [cached since 616.6s ago] (4,)
2026-02-18 08:52:27,256 - sqlalchemy.engine.Engine - INFO - ROLLBACK
2026-02-18 08:52:31,542 - sqlalchemy.engine.Engine - INFO - BEGIN (implicit)
2026-02-18 08:52:31,543 - sqlalchemy.engine.Engine - INFO - SELECT orders.id, orders.client_id, orders.installer_id, orders.status, orders.service_type, orders.warehouse, orders.service_datetime, orders.delivery_datetime, orders.promise, orders.marker_color, orders.address_id, orders.address_text, orders.created_at, orders.updated_at 
FROM orders 
 LIMIT $1::INTEGER OFFSET $2::INTEGER
2026-02-18 08:52:31,543 - sqlalchemy.engine.Engine - INFO - [cached since 620.8s ago] (100, 0)
2026-02-18 08:52:31,545 - sqlalchemy.engine.Engine - INFO - SELECT installers.id AS installers_id, installers.full_name AS installers_full_name, installers.nickname AS installers_nickname, installers.phone AS installers_phone, installers.backup_phone AS installers_backup_phone, installers.specialization AS installers_specialization, installers.rating AS installers_rating, installers.base_price AS installers_base_price, installers.is_debtor AS installers_is_debtor, installers.comments AS installers_comments, installers.is_active AS installers_is_active, installers.is_in_funnel AS installers_is_in_funnel, installers.total_orders AS installers_total_orders, installers.poor_work_count AS installers_poor_work_count, installers.warranty_visits_count AS installers_warranty_visits_count, installers.last_incident_date AS installers_last_incident_date, installers.updated_at AS installers_updated_at, installers.created_at AS installers_created_at, installers.deleted_at AS installers_deleted_at 
FROM installers 
WHERE installers.id IN ($1::INTEGER)
2026-02-18 08:52:31,545 - sqlalchemy.engine.Engine - INFO - [cached since 620.8s ago] (1,)
2026-02-18 08:52:31,546 - sqlalchemy.engine.Engine - INFO - SELECT finance.order_id AS finance_order_id, finance.id AS finance_id, finance.purchase_price AS finance_purchase_price, finance.sale_price_client AS finance_sale_price_client, finance.installer_pay AS finance_installer_pay, finance.my_commission AS finance_my_commission, finance.profit AS finance_profit, finance.margin AS finance_margin, finance.profit_percent AS finance_profit_percent, finance.payment_state AS finance_payment_state, finance.installer_returned_money AS finance_installer_returned_money, finance.updated_at AS finance_updated_at, finance.created_at AS finance_created_at 
FROM finance 
WHERE finance.order_id IN ($1::INTEGER, $2::INTEGER, $3::INTEGER, $4::INTEGER, $5::INTEGER, $6::INTEGER)
2026-02-18 08:52:31,546 - sqlalchemy.engine.Engine - INFO - [cached since 620.8s ago] (2, 3, 4, 1, 6, 7)
2026-02-18 08:52:31,548 - sqlalchemy.engine.Engine - INFO - SELECT clients.id AS clients_id, clients.full_name AS clients_full_name, clients.phone AS clients_phone, clients.address AS clients_address, clients.coordinates AS clients_coordinates, clients.created_at AS clients_created_at, clients.last_contact AS clients_last_contact, clients.comments AS clients_comments, clients.updated_at AS clients_updated_at, clients.backup_phone AS clients_backup_phone, clients.deleted_at AS clients_deleted_at 
FROM clients 
WHERE clients.id IN ($1::INTEGER, $2::INTEGER, $3::INTEGER, $4::INTEGER, $5::INTEGER, $6::INTEGER)
2026-02-18 08:52:31,548 - sqlalchemy.engine.Engine - INFO - [cached since 620.8s ago] (1, 2, 3, 4, 9, 10)
2026-02-18 08:52:31,551 - sqlalchemy.engine.Engine - INFO - ROLLBACK
2026-02-18 08:52:31,552 - sqlalchemy.engine.Engine - INFO - BEGIN (implicit)
2026-02-18 08:52:31,553 - sqlalchemy.engine.Engine - INFO - SELECT orders.id, orders.client_id, orders.installer_id, orders.status, orders.service_type, orders.warehouse, orders.service_datetime, orders.delivery_datetime, orders.promise, orders.marker_color, orders.address_id, orders.address_text, orders.created_at, orders.updated_at 
FROM orders 
 LIMIT $1::INTEGER OFFSET $2::INTEGER
2026-02-18 08:52:31,553 - sqlalchemy.engine.Engine - INFO - [cached since 620.8s ago] (100, 0)
2026-02-18 08:52:31,555 - sqlalchemy.engine.Engine - INFO - SELECT installers.id AS installers_id, installers.full_name AS installers_full_name, installers.nickname AS installers_nickname, installers.phone AS installers_phone, installers.backup_phone AS installers_backup_phone, installers.specialization AS installers_specialization, installers.rating AS installers_rating, installers.base_price AS installers_base_price, installers.is_debtor AS installers_is_debtor, installers.comments AS installers_comments, installers.is_active AS installers_is_active, installers.is_in_funnel AS installers_is_in_funnel, installers.total_orders AS installers_total_orders, installers.poor_work_count AS installers_poor_work_count, installers.warranty_visits_count AS installers_warranty_visits_count, installers.last_incident_date AS installers_last_incident_date, installers.updated_at AS installers_updated_at, installers.created_at AS installers_created_at, installers.deleted_at AS installers_deleted_at 
FROM installers 
WHERE installers.id IN ($1::INTEGER)
2026-02-18 08:52:31,555 - sqlalchemy.engine.Engine - INFO - [cached since 620.8s ago] (1,)
2026-02-18 08:52:31,557 - sqlalchemy.engine.Engine - INFO - SELECT finance.order_id AS finance_order_id, finance.id AS finance_id, finance.purchase_price AS finance_purchase_price, finance.sale_price_client AS finance_sale_price_client, finance.installer_pay AS finance_installer_pay, finance.my_commission AS finance_my_commission, finance.profit AS finance_profit, finance.margin AS finance_margin, finance.profit_percent AS finance_profit_percent, finance.payment_state AS finance_payment_state, finance.installer_returned_money AS finance_installer_returned_money, finance.updated_at AS finance_updated_at, finance.created_at AS finance_created_at 
FROM finance 
WHERE finance.order_id IN ($1::INTEGER, $2::INTEGER, $3::INTEGER, $4::INTEGER, $5::INTEGER, $6::INTEGER)
2026-02-18 08:52:31,557 - sqlalchemy.engine.Engine - INFO - [cached since 620.8s ago] (2, 3, 4, 1, 6, 7)
2026-02-18 08:52:31,558 - sqlalchemy.engine.Engine - INFO - SELECT clients.id AS clients_id, clients.full_name AS clients_full_name, clients.phone AS clients_phone, clients.address AS clients_address, clients.coordinates AS clients_coordinates, clients.created_at AS clients_created_at, clients.last_contact AS clients_last_contact, clients.comments AS clients_comments, clients.updated_at AS clients_updated_at, clients.backup_phone AS clients_backup_phone, clients.deleted_at AS clients_deleted_at 
FROM clients 
WHERE clients.id IN ($1::INTEGER, $2::INTEGER, $3::INTEGER, $4::INTEGER, $5::INTEGER, $6::INTEGER)
2026-02-18 08:52:31,558 - sqlalchemy.engine.Engine - INFO - [cached since 620.8s ago] (1, 2, 3, 4, 9, 10)
2026-02-18 08:52:31,560 - sqlalchemy.engine.Engine - INFO - ROLLBACK
2026-02-18 08:52:34,917 - sqlalchemy.engine.Engine - INFO - BEGIN (implicit)
2026-02-18 08:52:34,918 - sqlalchemy.engine.Engine - INFO - SELECT orders.id, orders.client_id, orders.installer_id, orders.status, orders.service_type, orders.warehouse, orders.service_datetime, orders.delivery_datetime, orders.promise, orders.marker_color, orders.address_id, orders.address_text, orders.created_at, orders.updated_at 
FROM orders 
WHERE orders.id = $1::INTEGER
2026-02-18 08:52:34,918 - sqlalchemy.engine.Engine - INFO - [cached since 616.7s ago] (7,)
2026-02-18 08:52:34,921 - sqlalchemy.engine.Engine - INFO - BEGIN (implicit)
2026-02-18 08:52:34,921 - sqlalchemy.engine.Engine - INFO - SELECT admins.id, admins.username, admins.password_hash, admins.created_at 
FROM admins 
WHERE admins.username = $1::VARCHAR
2026-02-18 08:52:34,922 - sqlalchemy.engine.Engine - INFO - [cached since 686.2s ago] ('zhura2296@yandex.ru',)
2026-02-18 08:52:34,927 - sqlalchemy.engine.Engine - INFO - SELECT installers.id AS installers_id, installers.full_name AS installers_full_name, installers.nickname AS installers_nickname, installers.phone AS installers_phone, installers.backup_phone AS installers_backup_phone, installers.specialization AS installers_specialization, installers.rating AS installers_rating, installers.base_price AS installers_base_price, installers.is_debtor AS installers_is_debtor, installers.comments AS installers_comments, installers.is_active AS installers_is_active, installers.is_in_funnel AS installers_is_in_funnel, installers.total_orders AS installers_total_orders, installers.poor_work_count AS installers_poor_work_count, installers.warranty_visits_count AS installers_warranty_visits_count, installers.last_incident_date AS installers_last_incident_date, installers.updated_at AS installers_updated_at, installers.created_at AS installers_created_at, installers.deleted_at AS installers_deleted_at 
FROM installers 
WHERE installers.id IN ($1::INTEGER)
2026-02-18 08:52:34,928 - sqlalchemy.engine.Engine - INFO - [cached since 624.2s ago] (1,)
2026-02-18 08:52:34,930 - sqlalchemy.engine.Engine - INFO - SELECT installers.id, installers.full_name, installers.nickname, installers.phone, installers.backup_phone, installers.specialization, installers.rating, installers.base_price, installers.is_debtor, installers.comments, installers.is_active, installers.is_in_funnel, installers.total_orders, installers.poor_work_count, installers.warranty_visits_count, installers.last_incident_date, installers.updated_at, installers.created_at, installers.deleted_at 
FROM installers 
WHERE installers.deleted_at IS NULL 
 LIMIT $1::INTEGER OFFSET $2::INTEGER
2026-02-18 08:52:34,931 - sqlalchemy.engine.Engine - INFO - [cached since 685.9s ago] (100, 0)
2026-02-18 08:52:34,931 - sqlalchemy.engine.Engine - INFO - SELECT finance.order_id AS finance_order_id, finance.id AS finance_id, finance.purchase_price AS finance_purchase_price, finance.sale_price_client AS finance_sale_price_client, finance.installer_pay AS finance_installer_pay, finance.my_commission AS finance_my_commission, finance.profit AS finance_profit, finance.margin AS finance_margin, finance.profit_percent AS finance_profit_percent, finance.payment_state AS finance_payment_state, finance.installer_returned_money AS finance_installer_returned_money, finance.updated_at AS finance_updated_at, finance.created_at AS finance_created_at 
FROM finance 
WHERE finance.order_id IN ($1::INTEGER)
2026-02-18 08:52:34,932 - sqlalchemy.engine.Engine - INFO - [cached since 624.2s ago] (7,)
2026-02-18 08:52:34,932 - sqlalchemy.engine.Engine - INFO - SELECT clients.id AS clients_id, clients.full_name AS clients_full_name, clients.phone AS clients_phone, clients.address AS clients_address, clients.coordinates AS clients_coordinates, clients.created_at AS clients_created_at, clients.last_contact AS clients_last_contact, clients.comments AS clients_comments, clients.updated_at AS clients_updated_at, clients.backup_phone AS clients_backup_phone, clients.deleted_at AS clients_deleted_at 
FROM clients 
WHERE clients.id IN ($1::INTEGER)
2026-02-18 08:52:34,932 - sqlalchemy.engine.Engine - INFO - [cached since 624.2s ago] (10,)
2026-02-18 08:52:34,933 - sqlalchemy.engine.Engine - INFO - ROLLBACK
2026-02-18 08:52:34,934 - sqlalchemy.engine.Engine - INFO - BEGIN (implicit)
2026-02-18 08:52:34,934 - sqlalchemy.engine.Engine - INFO - SELECT admins.id, admins.username, admins.password_hash, admins.created_at 
FROM admins 
WHERE admins.username = $1::VARCHAR
2026-02-18 08:52:34,934 - sqlalchemy.engine.Engine - INFO - [cached since 686.3s ago] ('zhura2296@yandex.ru',)
2026-02-18 08:52:34,935 - sqlalchemy.engine.Engine - INFO - ROLLBACK
2026-02-18 08:52:34,936 - sqlalchemy.engine.Engine - INFO - BEGIN (implicit)
2026-02-18 08:52:34,936 - sqlalchemy.engine.Engine - INFO - SELECT orders.id, orders.client_id, orders.installer_id, orders.status, orders.service_type, orders.warehouse, orders.service_datetime, orders.delivery_datetime, orders.promise, orders.marker_color, orders.address_id, orders.address_text, orders.created_at, orders.updated_at 
FROM orders 
WHERE orders.id = $1::INTEGER
2026-02-18 08:52:34,936 - sqlalchemy.engine.Engine - INFO - [cached since 616.7s ago] (7,)
2026-02-18 08:52:34,937 - sqlalchemy.engine.Engine - INFO - SELECT installers.id, installers.full_name, installers.nickname, installers.phone, installers.backup_phone, installers.specialization, installers.rating, installers.base_price, installers.is_debtor, installers.comments, installers.is_active, installers.is_in_funnel, installers.total_orders, installers.poor_work_count, installers.warranty_visits_count, installers.last_incident_date, installers.updated_at, installers.created_at, installers.deleted_at 
FROM installers 
WHERE installers.deleted_at IS NULL 
 LIMIT $1::INTEGER OFFSET $2::INTEGER
2026-02-18 08:52:34,937 - sqlalchemy.engine.Engine - INFO - [cached since 685.9s ago] (100, 0)
2026-02-18 08:52:34,939 - sqlalchemy.engine.Engine - INFO - SELECT installers.id AS installers_id, installers.full_name AS installers_full_name, installers.nickname AS installers_nickname, installers.phone AS installers_phone, installers.backup_phone AS installers_backup_phone, installers.specialization AS installers_specialization, installers.rating AS installers_rating, installers.base_price AS installers_base_price, installers.is_debtor AS installers_is_debtor, installers.comments AS installers_comments, installers.is_active AS installers_is_active, installers.is_in_funnel AS installers_is_in_funnel, installers.total_orders AS installers_total_orders, installers.poor_work_count AS installers_poor_work_count, installers.warranty_visits_count AS installers_warranty_visits_count, installers.last_incident_date AS installers_last_incident_date, installers.updated_at AS installers_updated_at, installers.created_at AS installers_created_at, installers.deleted_at AS installers_deleted_at 
FROM installers 
WHERE installers.id IN ($1::INTEGER)
2026-02-18 08:52:34,939 - sqlalchemy.engine.Engine - INFO - [cached since 624.2s ago] (1,)
2026-02-18 08:52:34,941 - sqlalchemy.engine.Engine - INFO - SELECT finance.order_id AS finance_order_id, finance.id AS finance_id, finance.purchase_price AS finance_purchase_price, finance.sale_price_client AS finance_sale_price_client, finance.installer_pay AS finance_installer_pay, finance.my_commission AS finance_my_commission, finance.profit AS finance_profit, finance.margin AS finance_margin, finance.profit_percent AS finance_profit_percent, finance.payment_state AS finance_payment_state, finance.installer_returned_money AS finance_installer_returned_money, finance.updated_at AS finance_updated_at, finance.created_at AS finance_created_at 
FROM finance 
WHERE finance.order_id IN ($1::INTEGER)
2026-02-18 08:52:34,941 - sqlalchemy.engine.Engine - INFO - [cached since 624.2s ago] (7,)
2026-02-18 08:52:34,942 - sqlalchemy.engine.Engine - INFO - ROLLBACK
2026-02-18 08:52:34,943 - sqlalchemy.engine.Engine - INFO - SELECT clients.id AS clients_id, clients.full_name AS clients_full_name, clients.phone AS clients_phone, clients.address AS clients_address, clients.coordinates AS clients_coordinates, clients.created_at AS clients_created_at, clients.last_contact AS clients_last_contact, clients.comments AS clients_comments, clients.updated_at AS clients_updated_at, clients.backup_phone AS clients_backup_phone, clients.deleted_at AS clients_deleted_at 
FROM clients 
WHERE clients.id IN ($1::INTEGER)
2026-02-18 08:52:34,943 - sqlalchemy.engine.Engine - INFO - [cached since 624.2s ago] (10,)
2026-02-18 08:52:34,944 - sqlalchemy.engine.Engine - INFO - ROLLBACK
2026-02-18 08:52:37,694 - sqlalchemy.engine.Engine - INFO - BEGIN (implicit)
2026-02-18 08:52:37,695 - sqlalchemy.engine.Engine - INFO - SELECT admins.id, admins.username, admins.password_hash, admins.created_at 
FROM admins 
WHERE admins.username = $1::VARCHAR
2026-02-18 08:52:37,695 - sqlalchemy.engine.Engine - INFO - [cached since 689s ago] ('zhura2296@yandex.ru',)
2026-02-18 08:52:37,696 - sqlalchemy.engine.Engine - INFO - BEGIN (implicit)
2026-02-18 08:52:37,696 - sqlalchemy.engine.Engine - INFO - SELECT admins.id, admins.username, admins.password_hash, admins.created_at 
FROM admins 
WHERE admins.username = $1::VARCHAR
2026-02-18 08:52:37,696 - sqlalchemy.engine.Engine - INFO - [cached since 689s ago] ('zhura2296@yandex.ru',)
2026-02-18 08:52:37,697 - sqlalchemy.engine.Engine - INFO - SELECT clients.id, clients.full_name, clients.phone, clients.address, clients.coordinates, clients.created_at, clients.last_contact, clients.comments, clients.updated_at, clients.backup_phone, clients.deleted_at 
FROM clients 
 LIMIT $1::INTEGER OFFSET $2::INTEGER
2026-02-18 08:52:37,698 - sqlalchemy.engine.Engine - INFO - [cached since 688.7s ago] (100, 0)
2026-02-18 08:52:37,699 - sqlalchemy.engine.Engine - INFO - SELECT installers.id, installers.full_name, installers.nickname, installers.phone, installers.backup_phone, installers.specialization, installers.rating, installers.base_price, installers.is_debtor, installers.comments, installers.is_active, installers.is_in_funnel, installers.total_orders, installers.poor_work_count, installers.warranty_visits_count, installers.last_incident_date, installers.updated_at, installers.created_at, installers.deleted_at 
FROM installers 
WHERE installers.deleted_at IS NULL 
 LIMIT $1::INTEGER OFFSET $2::INTEGER
2026-02-18 08:52:37,699 - sqlalchemy.engine.Engine - INFO - [cached since 688.7s ago] (100, 0)
2026-02-18 08:52:37,701 - sqlalchemy.engine.Engine - INFO - ROLLBACK
2026-02-18 08:52:37,702 - sqlalchemy.engine.Engine - INFO - ROLLBACK
2026-02-18 08:52:37,703 - sqlalchemy.engine.Engine - INFO - BEGIN (implicit)
2026-02-18 08:52:37,703 - sqlalchemy.engine.Engine - INFO - SELECT admins.id, admins.username, admins.password_hash, admins.created_at 
FROM admins 
WHERE admins.username = $1::VARCHAR
2026-02-18 08:52:37,703 - sqlalchemy.engine.Engine - INFO - [cached since 689s ago] ('zhura2296@yandex.ru',)
2026-02-18 08:52:37,705 - sqlalchemy.engine.Engine - INFO - BEGIN (implicit)
2026-02-18 08:52:37,705 - sqlalchemy.engine.Engine - INFO - SELECT admins.id, admins.username, admins.password_hash, admins.created_at 
FROM admins 
WHERE admins.username = $1::VARCHAR
2026-02-18 08:52:37,705 - sqlalchemy.engine.Engine - INFO - [cached since 689s ago] ('zhura2296@yandex.ru',)
2026-02-18 08:52:37,706 - sqlalchemy.engine.Engine - INFO - SELECT clients.id, clients.full_name, clients.phone, clients.address, clients.coordinates, clients.created_at, clients.last_contact, clients.comments, clients.updated_at, clients.backup_phone, clients.deleted_at 
FROM clients 
 LIMIT $1::INTEGER OFFSET $2::INTEGER
2026-02-18 08:52:37,707 - sqlalchemy.engine.Engine - INFO - [cached since 688.7s ago] (100, 0)
2026-02-18 08:52:37,707 - sqlalchemy.engine.Engine - INFO - SELECT installers.id, installers.full_name, installers.nickname, installers.phone, installers.backup_phone, installers.specialization, installers.rating, installers.base_price, installers.is_debtor, installers.comments, installers.is_active, installers.is_in_funnel, installers.total_orders, installers.poor_work_count, installers.warranty_visits_count, installers.last_incident_date, installers.updated_at, installers.created_at, installers.deleted_at 
FROM installers 
WHERE installers.deleted_at IS NULL 
 LIMIT $1::INTEGER OFFSET $2::INTEGER
2026-02-18 08:52:37,707 - sqlalchemy.engine.Engine - INFO - [cached since 688.7s ago] (100, 0)
2026-02-18 08:52:37,708 - sqlalchemy.engine.Engine - INFO - ROLLBACK
2026-02-18 08:52:37,708 - sqlalchemy.engine.Engine - INFO - ROLLBACK
2026-02-18 08:54:00,943 - sqlalchemy.engine.Engine - INFO - BEGIN (implicit)
2026-02-18 08:54:00,944 - sqlalchemy.engine.Engine - INFO - SELECT admins.id, admins.username, admins.password_hash, admins.created_at 
FROM admins 
WHERE admins.username = $1::VARCHAR
2026-02-18 08:54:00,944 - sqlalchemy.engine.Engine - INFO - [cached since 772.3s ago] ('zhura2296@yandex.ru',)
2026-02-18 08:54:00,945 - sqlalchemy.engine.Engine - INFO - INSERT INTO clients (full_name, phone, address, coordinates, comments, updated_at, backup_phone, deleted_at) VALUES ($1::VARCHAR, $2::VARCHAR, $3::VARCHAR, $4, $5::VARCHAR, $6::TIMESTAMP WITH TIME ZONE, $7::VARCHAR, $8::TIMESTAMP WITH TIME ZONE) RETURNING clients.id, clients.created_at, clients.last_contact
2026-02-18 08:54:00,945 - sqlalchemy.engine.Engine - INFO - [cached since 710.5s ago] ('Иванов Петр', '+79153227089', 'мытищи1-й Рупасовский, ПГСК №41 переулок', None, '234234', None, None, None)
2026-02-18 08:54:00,946 - sqlalchemy.engine.Engine - INFO - COMMIT
2026-02-18 08:54:00,986 - sqlalchemy.engine.Engine - INFO - BEGIN (implicit)
2026-02-18 08:54:00,986 - sqlalchemy.engine.Engine - INFO - SELECT clients.id, clients.full_name, clients.phone, clients.address, clients.coordinates, clients.created_at, clients.last_contact, clients.comments, clients.updated_at, clients.backup_phone, clients.deleted_at 
FROM clients 
WHERE clients.id = $1::INTEGER
2026-02-18 08:54:00,986 - sqlalchemy.engine.Engine - INFO - [cached since 710.5s ago] (11,)
2026-02-18 08:54:00,988 - sqlalchemy.engine.Engine - INFO - ROLLBACK
2026-02-18 08:54:00,992 - sqlalchemy.engine.Engine - INFO - BEGIN (implicit)
2026-02-18 08:54:00,992 - sqlalchemy.engine.Engine - INFO - INSERT INTO orders (client_id, installer_id, status, service_type, warehouse, service_datetime, delivery_datetime, promise, marker_color, address_id, address_text) VALUES ($1::INTEGER, $2::INTEGER, $3::order_status, $4::VARCHAR, $5::VARCHAR, $6::TIMESTAMP WITHOUT TIME ZONE, $7::TIMESTAMP WITHOUT TIME ZONE, $8::VARCHAR, $9::VARCHAR, $10::VARCHAR, $11::VARCHAR) RETURNING orders.id, orders.created_at, orders.updated_at
2026-02-18 08:54:00,992 - sqlalchemy.engine.Engine - INFO - [cached since 710.4s ago] (11, 1, 'Завершено', 'Electrolux EACS-09HSK/N3_24Y', 'Основной', datetime.datetime(2026, 2, 21, 5, 52), datetime.datetime(2026, 2, 20, 5, 53), '32423', 'blue', None, 'мытищи1-й Рупасовский, ПГСК №41 переулок')
2026-02-18 08:54:00,994 - sqlalchemy.engine.Engine - INFO - ROLLBACK
2026-02-18 08:54:00,994 - src.core.logging - ERROR - Unhandled exception: (sqlalchemy.dialects.postgresql.asyncpg.Error) <class 'asyncpg.exceptions.InvalidTextRepresentationError'>: invalid input value for enum order_status: "Завершено"
[SQL: INSERT INTO orders (client_id, installer_id, status, service_type, warehouse, service_datetime, delivery_datetime, promise, marker_color, address_id, address_text) VALUES ($1::INTEGER, $2::INTEGER, $3::order_status, $4::VARCHAR, $5::VARCHAR, $6::TIMESTAMP WITHOUT TIME ZONE, $7::TIMESTAMP WITHOUT TIME ZONE, $8::VARCHAR, $9::VARCHAR, $10::VARCHAR, $11::VARCHAR) RETURNING orders.id, orders.created_at, orders.updated_at]
[parameters: (11, 1, 'Завершено', 'Electrolux EACS-09HSK/N3_24Y', 'Основной', datetime.datetime(2026, 2, 21, 5, 52), datetime.datetime(2026, 2, 20, 5, 53), '32423', 'blue', None, 'мытищи1-й Рупасовский, ПГСК №41 переулок')]
(Background on this error at: https://sqlalche.me/e/20/dbapi)
Traceback (most recent call last):
  File "/home/andre/Рабочий стол/CRM/venv/lib/python3.12/site-packages/sqlalchemy/dialects/postgresql/asyncpg.py", line 557, in _prepare_and_execute
    self._rows = await prepared_stmt.fetch(*parameters)
                 ^^^^^^^^^^^^^^^^^^^^^^^^^^^^^^^^^^^^^^
  File "/home/andre/Рабочий стол/CRM/venv/lib/python3.12/site-packages/asyncpg/prepared_stmt.py", line 177, in fetch
    data = await self.__bind_execute(args, 0, timeout)
           ^^^^^^^^^^^^^^^^^^^^^^^^^^^^^^^^^^^^^^^^^^^
  File "/home/andre/Рабочий стол/CRM/venv/lib/python3.12/site-packages/asyncpg/prepared_stmt.py", line 268, in __bind_execute
    data, status, _ = await self.__do_execute(
                      ^^^^^^^^^^^^^^^^^^^^^^^^
  File "/home/andre/Рабочий стол/CRM/venv/lib/python3.12/site-packages/asyncpg/prepared_stmt.py", line 257, in __do_execute
    return await executor(protocol)
           ^^^^^^^^^^^^^^^^^^^^^^^^
  File "asyncpg/protocol/protocol.pyx", line 205, in bind_execute
asyncpg.exceptions.InvalidTextRepresentationError: invalid input value for enum order_status: "Завершено"

The above exception was the direct cause of the following exception:

Traceback (most recent call last):
  File "/home/andre/Рабочий стол/CRM/venv/lib/python3.12/site-packages/sqlalchemy/engine/base.py", line 1969, in _exec_single_context
    self.dialect.do_execute(
  File "/home/andre/Рабочий стол/CRM/venv/lib/python3.12/site-packages/sqlalchemy/engine/default.py", line 922, in do_execute
    cursor.execute(statement, parameters)
  File "/home/andre/Рабочий стол/CRM/venv/lib/python3.12/site-packages/sqlalchemy/dialects/postgresql/asyncpg.py", line 591, in execute
    self._adapt_connection.await_(
  File "/home/andre/Рабочий стол/CRM/venv/lib/python3.12/site-packages/sqlalchemy/util/_concurrency_py3k.py", line 125, in await_only
    return current.driver.switch(awaitable)  # type: ignore[no-any-return]
           ^^^^^^^^^^^^^^^^^^^^^^^^^^^^^^^^
  File "/home/andre/Рабочий стол/CRM/venv/lib/python3.12/site-packages/sqlalchemy/util/_concurrency_py3k.py", line 185, in greenlet_spawn
    value = await result
            ^^^^^^^^^^^^
  File "/home/andre/Рабочий стол/CRM/venv/lib/python3.12/site-packages/sqlalchemy/dialects/postgresql/asyncpg.py", line 569, in _prepare_and_execute
    self._handle_exception(error)
  File "/home/andre/Рабочий стол/CRM/venv/lib/python3.12/site-packages/sqlalchemy/dialects/postgresql/asyncpg.py", line 520, in _handle_exception
    self._adapt_connection._handle_exception(error)
  File "/home/andre/Рабочий стол/CRM/venv/lib/python3.12/site-packages/sqlalchemy/dialects/postgresql/asyncpg.py", line 808, in _handle_exception
    raise translated_error from error
sqlalchemy.dialects.postgresql.asyncpg.AsyncAdapt_asyncpg_dbapi.Error: <class 'asyncpg.exceptions.InvalidTextRepresentationError'>: invalid input value for enum order_status: "Завершено"

The above exception was the direct cause of the following exception:

Traceback (most recent call last):
  File "/home/andre/Рабочий стол/CRM/backend/src/core/logging.py", line 49, in dispatch
    response = await call_next(request)
               ^^^^^^^^^^^^^^^^^^^^^^^^
  File "/home/andre/Рабочий стол/CRM/venv/lib/python3.12/site-packages/starlette/middleware/base.py", line 84, in call_next
    raise app_exc
  File "/home/andre/Рабочий стол/CRM/venv/lib/python3.12/site-packages/starlette/middleware/base.py", line 70, in coro
    await self.app(scope, receive_or_disconnect, send_no_error)
  File "/home/andre/Рабочий стол/CRM/venv/lib/python3.12/site-packages/starlette/middleware/cors.py", line 91, in __call__
    await self.simple_response(scope, receive, send, request_headers=headers)
  File "/home/andre/Рабочий стол/CRM/venv/lib/python3.12/site-packages/starlette/middleware/cors.py", line 146, in simple_response
    await self.app(scope, receive, send)
  File "/home/andre/Рабочий стол/CRM/venv/lib/python3.12/site-packages/starlette/middleware/exceptions.py", line 79, in __call__
    raise exc
  File "/home/andre/Рабочий стол/CRM/venv/lib/python3.12/site-packages/starlette/middleware/exceptions.py", line 68, in __call__
    await self.app(scope, receive, sender)
  File "/home/andre/Рабочий стол/CRM/venv/lib/python3.12/site-packages/fastapi/middleware/asyncexitstack.py", line 20, in __call__
    raise e
  File "/home/andre/Рабочий стол/CRM/venv/lib/python3.12/site-packages/fastapi/middleware/asyncexitstack.py", line 17, in __call__
    await self.app(scope, receive, send)
  File "/home/andre/Рабочий стол/CRM/venv/lib/python3.12/site-packages/starlette/routing.py", line 718, in __call__
    await route.handle(scope, receive, send)
  File "/home/andre/Рабочий стол/CRM/venv/lib/python3.12/site-packages/starlette/routing.py", line 276, in handle
    await self.app(scope, receive, send)
  File "/home/andre/Рабочий стол/CRM/venv/lib/python3.12/site-packages/starlette/routing.py", line 66, in app
    response = await func(request)
               ^^^^^^^^^^^^^^^^^^^
  File "/home/andre/Рабочий стол/CRM/venv/lib/python3.12/site-packages/fastapi/routing.py", line 274, in app
    raw_response = await run_endpoint_function(
                   ^^^^^^^^^^^^^^^^^^^^^^^^^^^^
  File "/home/andre/Рабочий стол/CRM/venv/lib/python3.12/site-packages/fastapi/routing.py", line 191, in run_endpoint_function
    return await dependant.call(**values)
           ^^^^^^^^^^^^^^^^^^^^^^^^^^^^^^
  File "/home/andre/Рабочий стол/CRM/backend/src/routers/orders.py", line 18, in create_order_endpoint
    return await create_order(db, order)
           ^^^^^^^^^^^^^^^^^^^^^^^^^^^^^
  File "/home/andre/Рабочий стол/CRM/backend/src/services/orders.py", line 35, in create_order
    await db.flush()  # получаем id
    ^^^^^^^^^^^^^^^^
  File "/home/andre/Рабочий стол/CRM/venv/lib/python3.12/site-packages/sqlalchemy/ext/asyncio/session.py", line 802, in flush
    await greenlet_spawn(self.sync_session.flush, objects=objects)
  File "/home/andre/Рабочий стол/CRM/venv/lib/python3.12/site-packages/sqlalchemy/util/_concurrency_py3k.py", line 192, in greenlet_spawn
    result = context.switch(value)
             ^^^^^^^^^^^^^^^^^^^^^
  File "/home/andre/Рабочий стол/CRM/venv/lib/python3.12/site-packages/sqlalchemy/orm/session.py", line 4312, in flush
    self._flush(objects)
  File "/home/andre/Рабочий стол/CRM/venv/lib/python3.12/site-packages/sqlalchemy/orm/session.py", line 4447, in _flush
    with util.safe_reraise():
  File "/home/andre/Рабочий стол/CRM/venv/lib/python3.12/site-packages/sqlalchemy/util/langhelpers.py", line 146, in __exit__
    raise exc_value.with_traceback(exc_tb)
  File "/home/andre/Рабочий стол/CRM/venv/lib/python3.12/site-packages/sqlalchemy/orm/session.py", line 4408, in _flush
    flush_context.execute()
  File "/home/andre/Рабочий стол/CRM/venv/lib/python3.12/site-packages/sqlalchemy/orm/unitofwork.py", line 466, in execute
    rec.execute(self)
  File "/home/andre/Рабочий стол/CRM/venv/lib/python3.12/site-packages/sqlalchemy/orm/unitofwork.py", line 642, in execute
    util.preloaded.orm_persistence.save_obj(
  File "/home/andre/Рабочий стол/CRM/venv/lib/python3.12/site-packages/sqlalchemy/orm/persistence.py", line 93, in save_obj
    _emit_insert_statements(
  File "/home/andre/Рабочий стол/CRM/venv/lib/python3.12/site-packages/sqlalchemy/orm/persistence.py", line 1226, in _emit_insert_statements
    result = connection.execute(
             ^^^^^^^^^^^^^^^^^^^
  File "/home/andre/Рабочий стол/CRM/venv/lib/python3.12/site-packages/sqlalchemy/engine/base.py", line 1416, in execute
    return meth(
           ^^^^^
  File "/home/andre/Рабочий стол/CRM/venv/lib/python3.12/site-packages/sqlalchemy/sql/elements.py", line 516, in _execute_on_connection
    return connection._execute_clauseelement(
           ^^^^^^^^^^^^^^^^^^^^^^^^^^^^^^^^^^
  File "/home/andre/Рабочий стол/CRM/venv/lib/python3.12/site-packages/sqlalchemy/engine/base.py", line 1639, in _execute_clauseelement
    ret = self._execute_context(
          ^^^^^^^^^^^^^^^^^^^^^^
  File "/home/andre/Рабочий стол/CRM/venv/lib/python3.12/site-packages/sqlalchemy/engine/base.py", line 1848, in _execute_context
    return self._exec_single_context(
           ^^^^^^^^^^^^^^^^^^^^^^^^^^
  File "/home/andre/Рабочий стол/CRM/venv/lib/python3.12/site-packages/sqlalchemy/engine/base.py", line 1988, in _exec_single_context
    self._handle_dbapi_exception(
  File "/home/andre/Рабочий стол/CRM/venv/lib/python3.12/site-packages/sqlalchemy/engine/base.py", line 2343, in _handle_dbapi_exception
    raise sqlalchemy_exception.with_traceback(exc_info[2]) from e
  File "/home/andre/Рабочий стол/CRM/venv/lib/python3.12/site-packages/sqlalchemy/engine/base.py", line 1969, in _exec_single_context
    self.dialect.do_execute(
  File "/home/andre/Рабочий стол/CRM/venv/lib/python3.12/site-packages/sqlalchemy/engine/default.py", line 922, in do_execute
    cursor.execute(statement, parameters)
  File "/home/andre/Рабочий стол/CRM/venv/lib/python3.12/site-packages/sqlalchemy/dialects/postgresql/asyncpg.py", line 591, in execute
    self._adapt_connection.await_(
  File "/home/andre/Рабочий стол/CRM/venv/lib/python3.12/site-packages/sqlalchemy/util/_concurrency_py3k.py", line 125, in await_only
    return current.driver.switch(awaitable)  # type: ignore[no-any-return]
           ^^^^^^^^^^^^^^^^^^^^^^^^^^^^^^^^
  File "/home/andre/Рабочий стол/CRM/venv/lib/python3.12/site-packages/sqlalchemy/util/_concurrency_py3k.py", line 185, in greenlet_spawn
    value = await result
            ^^^^^^^^^^^^
  File "/home/andre/Рабочий стол/CRM/venv/lib/python3.12/site-packages/sqlalchemy/dialects/postgresql/asyncpg.py", line 569, in _prepare_and_execute
    self._handle_exception(error)
  File "/home/andre/Рабочий стол/CRM/venv/lib/python3.12/site-packages/sqlalchemy/dialects/postgresql/asyncpg.py", line 520, in _handle_exception
    self._adapt_connection._handle_exception(error)
  File "/home/andre/Рабочий стол/CRM/venv/lib/python3.12/site-packages/sqlalchemy/dialects/postgresql/asyncpg.py", line 808, in _handle_exception
    raise translated_error from error
sqlalchemy.exc.DBAPIError: (sqlalchemy.dialects.postgresql.asyncpg.Error) <class 'asyncpg.exceptions.InvalidTextRepresentationError'>: invalid input value for enum order_status: "Завершено"
[SQL: INSERT INTO orders (client_id, installer_id, status, service_type, warehouse, service_datetime, delivery_datetime, promise, marker_color, address_id, address_text) VALUES ($1::INTEGER, $2::INTEGER, $3::order_status, $4::VARCHAR, $5::VARCHAR, $6::TIMESTAMP WITHOUT TIME ZONE, $7::TIMESTAMP WITHOUT TIME ZONE, $8::VARCHAR, $9::VARCHAR, $10::VARCHAR, $11::VARCHAR) RETURNING orders.id, orders.created_at, orders.updated_at]
[parameters: (11, 1, 'Завершено', 'Electrolux EACS-09HSK/N3_24Y', 'Основной', datetime.datetime(2026, 2, 21, 5, 52), datetime.datetime(2026, 2, 20, 5, 53), '32423', 'blue', None, 'мытищи1-й Рупасовский, ПГСК №41 переулок')]
(Background on this error at: https://sqlalche.me/e/20/dbapi)
2026-02-18 09:09:01,068 - src.core.logging - INFO - Starting CRM application
2026-02-18 09:09:01,068 - apscheduler.scheduler - INFO - Adding job tentatively -- it will be properly scheduled when the scheduler starts
2026-02-18 09:09:01,068 - apscheduler.scheduler - INFO - Adding job tentatively -- it will be properly scheduled when the scheduler starts
2026-02-18 09:09:01,069 - apscheduler.scheduler - INFO - Added job "daily_backup_and_report" to job store "default"
2026-02-18 09:09:01,069 - apscheduler.scheduler - INFO - Added job "daily_backup_and_report" to job store "default"
2026-02-18 09:09:01,069 - apscheduler.scheduler - INFO - Scheduler started
2026-02-18 09:09:01,069 - src.core.logging - INFO - Scheduler started
2026-02-18 09:09:31,716 - sqlalchemy.engine.Engine - INFO - select pg_catalog.version()
2026-02-18 09:09:31,717 - sqlalchemy.engine.Engine - INFO - [raw sql] ()
2026-02-18 09:09:31,718 - sqlalchemy.engine.Engine - INFO - select current_schema()
2026-02-18 09:09:31,718 - sqlalchemy.engine.Engine - INFO - [raw sql] ()
2026-02-18 09:09:31,719 - sqlalchemy.engine.Engine - INFO - show standard_conforming_strings
2026-02-18 09:09:31,719 - sqlalchemy.engine.Engine - INFO - [raw sql] ()
2026-02-18 09:09:31,719 - sqlalchemy.engine.Engine - INFO - BEGIN (implicit)
2026-02-18 09:09:31,727 - sqlalchemy.engine.Engine - INFO - SELECT admins.id, admins.username, admins.password_hash, admins.created_at 
FROM admins 
WHERE admins.username = $1::VARCHAR
2026-02-18 09:09:31,727 - sqlalchemy.engine.Engine - INFO - [generated in 0.00018s] ('zhura2296@yandex.ru',)
2026-02-18 09:09:31,940 - sqlalchemy.engine.Engine - INFO - ROLLBACK
2026-02-18 09:09:32,024 - sqlalchemy.engine.Engine - INFO - BEGIN (implicit)
2026-02-18 09:09:32,024 - sqlalchemy.engine.Engine - INFO - SELECT admins.id, admins.username, admins.password_hash, admins.created_at 
FROM admins 
WHERE admins.username = $1::VARCHAR
2026-02-18 09:09:32,024 - sqlalchemy.engine.Engine - INFO - [cached since 0.2972s ago] ('zhura2296@yandex.ru',)
2026-02-18 09:09:32,027 - sqlalchemy.engine.Engine - INFO - SELECT clients.id, clients.full_name, clients.phone, clients.address, clients.coordinates, clients.created_at, clients.last_contact, clients.comments, clients.updated_at, clients.backup_phone, clients.deleted_at 
FROM clients 
 LIMIT $1::INTEGER OFFSET $2::INTEGER
2026-02-18 09:09:32,028 - sqlalchemy.engine.Engine - INFO - [generated in 0.00019s] (100, 0)
2026-02-18 09:09:32,049 - sqlalchemy.engine.Engine - INFO - BEGIN (implicit)
2026-02-18 09:09:32,049 - sqlalchemy.engine.Engine - INFO - SELECT admins.id, admins.username, admins.password_hash, admins.created_at 
FROM admins 
WHERE admins.username = $1::VARCHAR
2026-02-18 09:09:32,049 - sqlalchemy.engine.Engine - INFO - [cached since 0.3226s ago] ('zhura2296@yandex.ru',)
2026-02-18 09:09:32,050 - sqlalchemy.engine.Engine - INFO - ROLLBACK
2026-02-18 09:09:32,056 - sqlalchemy.engine.Engine - INFO - SELECT installers.id, installers.full_name, installers.nickname, installers.phone, installers.backup_phone, installers.specialization, installers.rating, installers.base_price, installers.is_debtor, installers.comments, installers.is_active, installers.is_in_funnel, installers.total_orders, installers.poor_work_count, installers.warranty_visits_count, installers.last_incident_date, installers.updated_at, installers.created_at, installers.deleted_at 
FROM installers 
WHERE installers.deleted_at IS NULL 
 LIMIT $1::INTEGER OFFSET $2::INTEGER
2026-02-18 09:09:32,056 - sqlalchemy.engine.Engine - INFO - [generated in 0.00032s] (100, 0)
2026-02-18 09:09:32,075 - sqlalchemy.engine.Engine - INFO - BEGIN (implicit)
2026-02-18 09:09:32,076 - sqlalchemy.engine.Engine - INFO - SELECT admins.id, admins.username, admins.password_hash, admins.created_at 
FROM admins 
WHERE admins.username = $1::VARCHAR
2026-02-18 09:09:32,076 - sqlalchemy.engine.Engine - INFO - [cached since 0.349s ago] ('zhura2296@yandex.ru',)
2026-02-18 09:09:32,076 - sqlalchemy.engine.Engine - INFO - ROLLBACK
2026-02-18 09:09:32,078 - sqlalchemy.engine.Engine - INFO - BEGIN (implicit)
2026-02-18 09:09:32,079 - sqlalchemy.engine.Engine - INFO - SELECT admins.id, admins.username, admins.password_hash, admins.created_at 
FROM admins 
WHERE admins.username = $1::VARCHAR
2026-02-18 09:09:32,079 - sqlalchemy.engine.Engine - INFO - [cached since 0.3519s ago] ('zhura2296@yandex.ru',)
2026-02-18 09:09:32,080 - sqlalchemy.engine.Engine - INFO - SELECT installers.id, installers.full_name, installers.nickname, installers.phone, installers.backup_phone, installers.specialization, installers.rating, installers.base_price, installers.is_debtor, installers.comments, installers.is_active, installers.is_in_funnel, installers.total_orders, installers.poor_work_count, installers.warranty_visits_count, installers.last_incident_date, installers.updated_at, installers.created_at, installers.deleted_at 
FROM installers 
WHERE installers.deleted_at IS NULL 
 LIMIT $1::INTEGER OFFSET $2::INTEGER
2026-02-18 09:09:32,080 - sqlalchemy.engine.Engine - INFO - [cached since 0.02435s ago] (100, 0)
2026-02-18 09:09:32,081 - sqlalchemy.engine.Engine - INFO - SELECT clients.id, clients.full_name, clients.phone, clients.address, clients.coordinates, clients.created_at, clients.last_contact, clients.comments, clients.updated_at, clients.backup_phone, clients.deleted_at 
FROM clients 
 LIMIT $1::INTEGER OFFSET $2::INTEGER
2026-02-18 09:09:32,081 - sqlalchemy.engine.Engine - INFO - [cached since 0.05371s ago] (100, 0)
2026-02-18 09:09:32,084 - sqlalchemy.engine.Engine - INFO - ROLLBACK
2026-02-18 09:09:32,084 - sqlalchemy.engine.Engine - INFO - ROLLBACK
2026-02-18 09:10:50,577 - sqlalchemy.engine.Engine - INFO - BEGIN (implicit)
2026-02-18 09:10:50,577 - sqlalchemy.engine.Engine - INFO - SELECT admins.id, admins.username, admins.password_hash, admins.created_at 
FROM admins 
WHERE admins.username = $1::VARCHAR
2026-02-18 09:10:50,577 - sqlalchemy.engine.Engine - INFO - [cached since 78.85s ago] ('zhura2296@yandex.ru',)
2026-02-18 09:10:50,580 - sqlalchemy.engine.Engine - INFO - INSERT INTO clients (full_name, phone, address, coordinates, comments, updated_at, backup_phone, deleted_at) VALUES ($1::VARCHAR, $2::VARCHAR, $3::VARCHAR, $4, $5::VARCHAR, $6::TIMESTAMP WITH TIME ZONE, $7::VARCHAR, $8::TIMESTAMP WITH TIME ZONE) RETURNING clients.id, clients.created_at, clients.last_contact
2026-02-18 09:10:50,580 - sqlalchemy.engine.Engine - INFO - [generated in 0.00021s] ('Тестовый должник', '+79153227046', 'г. Мытищи, и ул. Мира с 32/2', None, '23423', None, None, None)
2026-02-18 09:10:50,581 - sqlalchemy.engine.Engine - INFO - COMMIT
2026-02-18 09:10:50,609 - sqlalchemy.engine.Engine - INFO - BEGIN (implicit)
2026-02-18 09:10:50,610 - sqlalchemy.engine.Engine - INFO - SELECT clients.id, clients.full_name, clients.phone, clients.address, clients.coordinates, clients.created_at, clients.last_contact, clients.comments, clients.updated_at, clients.backup_phone, clients.deleted_at 
FROM clients 
WHERE clients.id = $1::INTEGER
2026-02-18 09:10:50,610 - sqlalchemy.engine.Engine - INFO - [generated in 0.00013s] (12,)
2026-02-18 09:10:50,612 - sqlalchemy.engine.Engine - INFO - ROLLBACK
2026-02-18 09:10:50,736 - sqlalchemy.engine.Engine - INFO - BEGIN (implicit)
2026-02-18 09:10:50,737 - sqlalchemy.engine.Engine - INFO - SELECT address_cache.address, address_cache.lat, address_cache.lon, address_cache.updated_at 
FROM address_cache 
WHERE address_cache.address = $1::VARCHAR
2026-02-18 09:10:50,737 - sqlalchemy.engine.Engine - INFO - [generated in 0.00011s] ('г. Мытищи, и ул. Мира с 32/2',)
2026-02-18 09:10:50,739 - sqlalchemy.engine.Engine - INFO - INSERT INTO address_cache (address, lat, lon) VALUES ($1::VARCHAR, $2::NUMERIC(10, 7), $3::NUMERIC(10, 7)) RETURNING address_cache.updated_at
2026-02-18 09:10:50,739 - sqlalchemy.engine.Engine - INFO - [generated in 0.00011s] ('г. Мытищи, и ул. Мира с 32/2', 55.909968, 37.736743)
2026-02-18 09:10:50,739 - sqlalchemy.engine.Engine - INFO - COMMIT
2026-02-18 09:10:50,742 - sqlalchemy.engine.Engine - INFO - BEGIN (implicit)
2026-02-18 09:10:50,742 - sqlalchemy.engine.Engine - INFO - SELECT address_cache.address, address_cache.lat, address_cache.lon, address_cache.updated_at 
FROM address_cache 
WHERE address_cache.address = $1::VARCHAR
2026-02-18 09:10:50,743 - sqlalchemy.engine.Engine - INFO - [generated in 0.00009s] ('г. Мытищи, и ул. Мира с 32/2',)
2026-02-18 09:10:50,747 - sqlalchemy.engine.Engine - INFO - INSERT INTO orders (client_id, installer_id, status, service_type, warehouse, service_datetime, delivery_datetime, promise, marker_color, address_id, address_text) VALUES ($1::INTEGER, $2::INTEGER, $3::order_status, $4::VARCHAR, $5::VARCHAR, $6::TIMESTAMP WITHOUT TIME ZONE, $7::TIMESTAMP WITHOUT TIME ZONE, $8::VARCHAR, $9::VARCHAR, $10::VARCHAR, $11::VARCHAR) RETURNING orders.id, orders.created_at, orders.updated_at
2026-02-18 09:10:50,747 - sqlalchemy.engine.Engine - INFO - [generated in 0.00018s] (12, 1, 'Новый', 'Electrolux EACS-09HSK/N3_24Y', 'Основной', datetime.datetime(2026, 2, 19, 6, 10), datetime.datetime(2026, 2, 20, 6, 10), '3242342', 'blue', 'г. Мытищи, и ул. Мира с 32/2', 'г. Мытищи, и ул. Мира с 32/2')
2026-02-18 09:10:50,759 - sqlalchemy.engine.Engine - INFO - SELECT orders.id 
FROM orders 
WHERE orders.id = $1::INTEGER
2026-02-18 09:10:50,759 - sqlalchemy.engine.Engine - INFO - [generated in 0.00016s] (8,)
2026-02-18 09:10:50,800 - sqlalchemy.engine.Engine - INFO - SELECT clients.id AS clients_id, clients.full_name AS clients_full_name, clients.phone AS clients_phone, clients.address AS clients_address, clients.coordinates AS clients_coordinates, clients.created_at AS clients_created_at, clients.last_contact AS clients_last_contact, clients.comments AS clients_comments, clients.updated_at AS clients_updated_at, clients.backup_phone AS clients_backup_phone, clients.deleted_at AS clients_deleted_at 
FROM clients 
WHERE clients.id = $1::INTEGER
2026-02-18 09:10:50,800 - sqlalchemy.engine.Engine - INFO - [generated in 0.00024s] (12,)
2026-02-18 09:10:50,802 - sqlalchemy.engine.Engine - INFO - SELECT installers.id AS installers_id, installers.full_name AS installers_full_name, installers.nickname AS installers_nickname, installers.phone AS installers_phone, installers.backup_phone AS installers_backup_phone, installers.specialization AS installers_specialization, installers.rating AS installers_rating, installers.base_price AS installers_base_price, installers.is_debtor AS installers_is_debtor, installers.comments AS installers_comments, installers.is_active AS installers_is_active, installers.is_in_funnel AS installers_is_in_funnel, installers.total_orders AS installers_total_orders, installers.poor_work_count AS installers_poor_work_count, installers.warranty_visits_count AS installers_warranty_visits_count, installers.last_incident_date AS installers_last_incident_date, installers.updated_at AS installers_updated_at, installers.created_at AS installers_created_at, installers.deleted_at AS installers_deleted_at 
FROM installers 
WHERE installers.id = $1::INTEGER
2026-02-18 09:10:50,802 - sqlalchemy.engine.Engine - INFO - [generated in 0.00011s] (1,)
2026-02-18 09:10:50,804 - sqlalchemy.engine.Engine - INFO - SELECT finance.id AS finance_id, finance.order_id AS finance_order_id, finance.purchase_price AS finance_purchase_price, finance.sale_price_client AS finance_sale_price_client, finance.installer_pay AS finance_installer_pay, finance.my_commission AS finance_my_commission, finance.profit AS finance_profit, finance.margin AS finance_margin, finance.profit_percent AS finance_profit_percent, finance.payment_state AS finance_payment_state, finance.installer_returned_money AS finance_installer_returned_money, finance.updated_at AS finance_updated_at, finance.created_at AS finance_created_at 
FROM finance 
WHERE $1::INTEGER = finance.order_id
2026-02-18 09:10:50,804 - sqlalchemy.engine.Engine - INFO - [generated in 0.00011s] (8,)
2026-02-18 09:10:50,809 - sqlalchemy.engine.Engine - INFO - COMMIT
2026-02-18 09:10:50,817 - sqlalchemy.engine.Engine - INFO - BEGIN (implicit)
2026-02-18 09:10:50,817 - sqlalchemy.engine.Engine - INFO - SELECT finance.id, finance.order_id, finance.purchase_price, finance.sale_price_client, finance.installer_pay, finance.my_commission, finance.profit, finance.margin, finance.profit_percent, finance.payment_state, finance.installer_returned_money, finance.updated_at, finance.created_at 
FROM finance 
WHERE finance.order_id = $1::INTEGER
2026-02-18 09:10:50,817 - sqlalchemy.engine.Engine - INFO - [generated in 0.00016s] (8,)
2026-02-18 09:10:50,829 - sqlalchemy.engine.Engine - INFO - INSERT INTO finance (order_id, purchase_price, sale_price_client, installer_pay, my_commission, payment_state, installer_returned_money) VALUES ($1::INTEGER, $2::NUMERIC(10, 2), $3::NUMERIC(10, 2), $4::NUMERIC(10, 2), $5::NUMERIC(10, 2), $6::payment_status, $7::BOOLEAN) RETURNING finance.id, finance.profit, finance.margin, finance.profit_percent, finance.updated_at, finance.created_at
2026-02-18 09:10:50,829 - sqlalchemy.engine.Engine - INFO - [generated in 0.00017s] (8, 520000.0, 54654789489.0, 55126.0, 4551.0, 'Не оплачен', False)
2026-02-18 09:10:50,830 - sqlalchemy.engine.Engine - INFO - ROLLBACK
2026-02-18 09:10:50,831 - src.core.logging - ERROR - Unhandled exception: (sqlalchemy.dialects.postgresql.asyncpg.Error) <class 'asyncpg.exceptions.NumericValueOutOfRangeError'>: numeric field overflow
DETAIL:  A field with precision 10, scale 2 must round to an absolute value less than 10^8.
[SQL: INSERT INTO finance (order_id, purchase_price, sale_price_client, installer_pay, my_commission, payment_state, installer_returned_money) VALUES ($1::INTEGER, $2::NUMERIC(10, 2), $3::NUMERIC(10, 2), $4::NUMERIC(10, 2), $5::NUMERIC(10, 2), $6::payment_status, $7::BOOLEAN) RETURNING finance.id, finance.profit, finance.margin, finance.profit_percent, finance.updated_at, finance.created_at]
[parameters: (8, 520000.0, 54654789489.0, 55126.0, 4551.0, 'Не оплачен', False)]
(Background on this error at: https://sqlalche.me/e/20/dbapi)
Traceback (most recent call last):
  File "/home/andre/Рабочий стол/CRM/venv/lib/python3.12/site-packages/sqlalchemy/dialects/postgresql/asyncpg.py", line 557, in _prepare_and_execute
    self._rows = await prepared_stmt.fetch(*parameters)
                 ^^^^^^^^^^^^^^^^^^^^^^^^^^^^^^^^^^^^^^
  File "/home/andre/Рабочий стол/CRM/venv/lib/python3.12/site-packages/asyncpg/prepared_stmt.py", line 177, in fetch
    data = await self.__bind_execute(args, 0, timeout)
           ^^^^^^^^^^^^^^^^^^^^^^^^^^^^^^^^^^^^^^^^^^^
  File "/home/andre/Рабочий стол/CRM/venv/lib/python3.12/site-packages/asyncpg/prepared_stmt.py", line 268, in __bind_execute
    data, status, _ = await self.__do_execute(
                      ^^^^^^^^^^^^^^^^^^^^^^^^
  File "/home/andre/Рабочий стол/CRM/venv/lib/python3.12/site-packages/asyncpg/prepared_stmt.py", line 257, in __do_execute
    return await executor(protocol)
           ^^^^^^^^^^^^^^^^^^^^^^^^
  File "asyncpg/protocol/protocol.pyx", line 205, in bind_execute
asyncpg.exceptions.NumericValueOutOfRangeError: numeric field overflow
DETAIL:  A field with precision 10, scale 2 must round to an absolute value less than 10^8.

The above exception was the direct cause of the following exception:

Traceback (most recent call last):
  File "/home/andre/Рабочий стол/CRM/venv/lib/python3.12/site-packages/sqlalchemy/engine/base.py", line 1969, in _exec_single_context
    self.dialect.do_execute(
  File "/home/andre/Рабочий стол/CRM/venv/lib/python3.12/site-packages/sqlalchemy/engine/default.py", line 922, in do_execute
    cursor.execute(statement, parameters)
  File "/home/andre/Рабочий стол/CRM/venv/lib/python3.12/site-packages/sqlalchemy/dialects/postgresql/asyncpg.py", line 591, in execute
    self._adapt_connection.await_(
  File "/home/andre/Рабочий стол/CRM/venv/lib/python3.12/site-packages/sqlalchemy/util/_concurrency_py3k.py", line 125, in await_only
    return current.driver.switch(awaitable)  # type: ignore[no-any-return]
           ^^^^^^^^^^^^^^^^^^^^^^^^^^^^^^^^
  File "/home/andre/Рабочий стол/CRM/venv/lib/python3.12/site-packages/sqlalchemy/util/_concurrency_py3k.py", line 185, in greenlet_spawn
    value = await result
            ^^^^^^^^^^^^
  File "/home/andre/Рабочий стол/CRM/venv/lib/python3.12/site-packages/sqlalchemy/dialects/postgresql/asyncpg.py", line 569, in _prepare_and_execute
    self._handle_exception(error)
  File "/home/andre/Рабочий стол/CRM/venv/lib/python3.12/site-packages/sqlalchemy/dialects/postgresql/asyncpg.py", line 520, in _handle_exception
    self._adapt_connection._handle_exception(error)
  File "/home/andre/Рабочий стол/CRM/venv/lib/python3.12/site-packages/sqlalchemy/dialects/postgresql/asyncpg.py", line 808, in _handle_exception
    raise translated_error from error
sqlalchemy.dialects.postgresql.asyncpg.AsyncAdapt_asyncpg_dbapi.Error: <class 'asyncpg.exceptions.NumericValueOutOfRangeError'>: numeric field overflow
DETAIL:  A field with precision 10, scale 2 must round to an absolute value less than 10^8.

The above exception was the direct cause of the following exception:

Traceback (most recent call last):
  File "/home/andre/Рабочий стол/CRM/backend/src/core/logging.py", line 49, in dispatch
    response = await call_next(request)
               ^^^^^^^^^^^^^^^^^^^^^^^^
  File "/home/andre/Рабочий стол/CRM/venv/lib/python3.12/site-packages/starlette/middleware/base.py", line 84, in call_next
    raise app_exc
  File "/home/andre/Рабочий стол/CRM/venv/lib/python3.12/site-packages/starlette/middleware/base.py", line 70, in coro
    await self.app(scope, receive_or_disconnect, send_no_error)
  File "/home/andre/Рабочий стол/CRM/venv/lib/python3.12/site-packages/starlette/middleware/cors.py", line 91, in __call__
    await self.simple_response(scope, receive, send, request_headers=headers)
  File "/home/andre/Рабочий стол/CRM/venv/lib/python3.12/site-packages/starlette/middleware/cors.py", line 146, in simple_response
    await self.app(scope, receive, send)
  File "/home/andre/Рабочий стол/CRM/venv/lib/python3.12/site-packages/starlette/middleware/exceptions.py", line 79, in __call__
    raise exc
  File "/home/andre/Рабочий стол/CRM/venv/lib/python3.12/site-packages/starlette/middleware/exceptions.py", line 68, in __call__
    await self.app(scope, receive, sender)
  File "/home/andre/Рабочий стол/CRM/venv/lib/python3.12/site-packages/fastapi/middleware/asyncexitstack.py", line 20, in __call__
    raise e
  File "/home/andre/Рабочий стол/CRM/venv/lib/python3.12/site-packages/fastapi/middleware/asyncexitstack.py", line 17, in __call__
    await self.app(scope, receive, send)
  File "/home/andre/Рабочий стол/CRM/venv/lib/python3.12/site-packages/starlette/routing.py", line 718, in __call__
    await route.handle(scope, receive, send)
  File "/home/andre/Рабочий стол/CRM/venv/lib/python3.12/site-packages/starlette/routing.py", line 276, in handle
    await self.app(scope, receive, send)
  File "/home/andre/Рабочий стол/CRM/venv/lib/python3.12/site-packages/starlette/routing.py", line 66, in app
    response = await func(request)
               ^^^^^^^^^^^^^^^^^^^
  File "/home/andre/Рабочий стол/CRM/venv/lib/python3.12/site-packages/fastapi/routing.py", line 274, in app
    raw_response = await run_endpoint_function(
                   ^^^^^^^^^^^^^^^^^^^^^^^^^^^^
  File "/home/andre/Рабочий стол/CRM/venv/lib/python3.12/site-packages/fastapi/routing.py", line 191, in run_endpoint_function
    return await dependant.call(**values)
           ^^^^^^^^^^^^^^^^^^^^^^^^^^^^^^
  File "/home/andre/Рабочий стол/CRM/backend/src/routers/finance.py", line 20, in create_finance_endpoint
    return await create_finance(db, finance)
           ^^^^^^^^^^^^^^^^^^^^^^^^^^^^^^^^^
  File "/home/andre/Рабочий стол/CRM/backend/src/services/finance.py", line 9, in create_finance
    await db.commit()
  File "/home/andre/Рабочий стол/CRM/venv/lib/python3.12/site-packages/sqlalchemy/ext/asyncio/session.py", line 1011, in commit
    await greenlet_spawn(self.sync_session.commit)
  File "/home/andre/Рабочий стол/CRM/venv/lib/python3.12/site-packages/sqlalchemy/util/_concurrency_py3k.py", line 192, in greenlet_spawn
    result = context.switch(value)
             ^^^^^^^^^^^^^^^^^^^^^
  File "/home/andre/Рабочий стол/CRM/venv/lib/python3.12/site-packages/sqlalchemy/orm/session.py", line 1969, in commit
    trans.commit(_to_root=True)
  File "<string>", line 2, in commit
  File "/home/andre/Рабочий стол/CRM/venv/lib/python3.12/site-packages/sqlalchemy/orm/state_changes.py", line 139, in _go
    ret_value = fn(self, *arg, **kw)
                ^^^^^^^^^^^^^^^^^^^^
  File "/home/andre/Рабочий стол/CRM/venv/lib/python3.12/site-packages/sqlalchemy/orm/session.py", line 1256, in commit
    self._prepare_impl()
  File "<string>", line 2, in _prepare_impl
  File "/home/andre/Рабочий стол/CRM/venv/lib/python3.12/site-packages/sqlalchemy/orm/state_changes.py", line 139, in _go
    ret_value = fn(self, *arg, **kw)
                ^^^^^^^^^^^^^^^^^^^^
  File "/home/andre/Рабочий стол/CRM/venv/lib/python3.12/site-packages/sqlalchemy/orm/session.py", line 1231, in _prepare_impl
    self.session.flush()
  File "/home/andre/Рабочий стол/CRM/venv/lib/python3.12/site-packages/sqlalchemy/orm/session.py", line 4312, in flush
    self._flush(objects)
  File "/home/andre/Рабочий стол/CRM/venv/lib/python3.12/site-packages/sqlalchemy/orm/session.py", line 4447, in _flush
    with util.safe_reraise():
  File "/home/andre/Рабочий стол/CRM/venv/lib/python3.12/site-packages/sqlalchemy/util/langhelpers.py", line 146, in __exit__
    raise exc_value.with_traceback(exc_tb)
  File "/home/andre/Рабочий стол/CRM/venv/lib/python3.12/site-packages/sqlalchemy/orm/session.py", line 4408, in _flush
    flush_context.execute()
  File "/home/andre/Рабочий стол/CRM/venv/lib/python3.12/site-packages/sqlalchemy/orm/unitofwork.py", line 466, in execute
    rec.execute(self)
  File "/home/andre/Рабочий стол/CRM/venv/lib/python3.12/site-packages/sqlalchemy/orm/unitofwork.py", line 642, in execute
    util.preloaded.orm_persistence.save_obj(
  File "/home/andre/Рабочий стол/CRM/venv/lib/python3.12/site-packages/sqlalchemy/orm/persistence.py", line 93, in save_obj
    _emit_insert_statements(
  File "/home/andre/Рабочий стол/CRM/venv/lib/python3.12/site-packages/sqlalchemy/orm/persistence.py", line 1226, in _emit_insert_statements
    result = connection.execute(
             ^^^^^^^^^^^^^^^^^^^
  File "/home/andre/Рабочий стол/CRM/venv/lib/python3.12/site-packages/sqlalchemy/engine/base.py", line 1416, in execute
    return meth(
           ^^^^^
  File "/home/andre/Рабочий стол/CRM/venv/lib/python3.12/site-packages/sqlalchemy/sql/elements.py", line 516, in _execute_on_connection
    return connection._execute_clauseelement(
           ^^^^^^^^^^^^^^^^^^^^^^^^^^^^^^^^^^
  File "/home/andre/Рабочий стол/CRM/venv/lib/python3.12/site-packages/sqlalchemy/engine/base.py", line 1639, in _execute_clauseelement
    ret = self._execute_context(
          ^^^^^^^^^^^^^^^^^^^^^^
  File "/home/andre/Рабочий стол/CRM/venv/lib/python3.12/site-packages/sqlalchemy/engine/base.py", line 1848, in _execute_context
    return self._exec_single_context(
           ^^^^^^^^^^^^^^^^^^^^^^^^^^
  File "/home/andre/Рабочий стол/CRM/venv/lib/python3.12/site-packages/sqlalchemy/engine/base.py", line 1988, in _exec_single_context
    self._handle_dbapi_exception(
  File "/home/andre/Рабочий стол/CRM/venv/lib/python3.12/site-packages/sqlalchemy/engine/base.py", line 2343, in _handle_dbapi_exception
    raise sqlalchemy_exception.with_traceback(exc_info[2]) from e
  File "/home/andre/Рабочий стол/CRM/venv/lib/python3.12/site-packages/sqlalchemy/engine/base.py", line 1969, in _exec_single_context
    self.dialect.do_execute(
  File "/home/andre/Рабочий стол/CRM/venv/lib/python3.12/site-packages/sqlalchemy/engine/default.py", line 922, in do_execute
    cursor.execute(statement, parameters)
  File "/home/andre/Рабочий стол/CRM/venv/lib/python3.12/site-packages/sqlalchemy/dialects/postgresql/asyncpg.py", line 591, in execute
    self._adapt_connection.await_(
  File "/home/andre/Рабочий стол/CRM/venv/lib/python3.12/site-packages/sqlalchemy/util/_concurrency_py3k.py", line 125, in await_only
    return current.driver.switch(awaitable)  # type: ignore[no-any-return]
           ^^^^^^^^^^^^^^^^^^^^^^^^^^^^^^^^
  File "/home/andre/Рабочий стол/CRM/venv/lib/python3.12/site-packages/sqlalchemy/util/_concurrency_py3k.py", line 185, in greenlet_spawn
    value = await result
            ^^^^^^^^^^^^
  File "/home/andre/Рабочий стол/CRM/venv/lib/python3.12/site-packages/sqlalchemy/dialects/postgresql/asyncpg.py", line 569, in _prepare_and_execute
    self._handle_exception(error)
  File "/home/andre/Рабочий стол/CRM/venv/lib/python3.12/site-packages/sqlalchemy/dialects/postgresql/asyncpg.py", line 520, in _handle_exception
    self._adapt_connection._handle_exception(error)
  File "/home/andre/Рабочий стол/CRM/venv/lib/python3.12/site-packages/sqlalchemy/dialects/postgresql/asyncpg.py", line 808, in _handle_exception
    raise translated_error from error
sqlalchemy.exc.DBAPIError: (sqlalchemy.dialects.postgresql.asyncpg.Error) <class 'asyncpg.exceptions.NumericValueOutOfRangeError'>: numeric field overflow
DETAIL:  A field with precision 10, scale 2 must round to an absolute value less than 10^8.
[SQL: INSERT INTO finance (order_id, purchase_price, sale_price_client, installer_pay, my_commission, payment_state, installer_returned_money) VALUES ($1::INTEGER, $2::NUMERIC(10, 2), $3::NUMERIC(10, 2), $4::NUMERIC(10, 2), $5::NUMERIC(10, 2), $6::payment_status, $7::BOOLEAN) RETURNING finance.id, finance.profit, finance.margin, finance.profit_percent, finance.updated_at, finance.created_at]
[parameters: (8, 520000.0, 54654789489.0, 55126.0, 4551.0, 'Не оплачен', False)]
(Background on this error at: https://sqlalche.me/e/20/dbapi)
2026-02-18 09:12:14,013 - src.core.logging - INFO - Starting CRM application
2026-02-18 09:12:14,013 - apscheduler.scheduler - INFO - Adding job tentatively -- it will be properly scheduled when the scheduler starts
2026-02-18 09:12:14,013 - apscheduler.scheduler - INFO - Adding job tentatively -- it will be properly scheduled when the scheduler starts
2026-02-18 09:12:14,013 - apscheduler.scheduler - INFO - Added job "daily_backup_and_report" to job store "default"
2026-02-18 09:12:14,013 - apscheduler.scheduler - INFO - Added job "daily_backup_and_report" to job store "default"
2026-02-18 09:12:14,013 - apscheduler.scheduler - INFO - Scheduler started
2026-02-18 09:12:14,013 - src.core.logging - INFO - Scheduler started
2026-02-18 09:12:40,673 - sqlalchemy.engine.Engine - INFO - select pg_catalog.version()
2026-02-18 09:12:40,674 - sqlalchemy.engine.Engine - INFO - [raw sql] ()
2026-02-18 09:12:40,675 - sqlalchemy.engine.Engine - INFO - select current_schema()
2026-02-18 09:12:40,675 - sqlalchemy.engine.Engine - INFO - [raw sql] ()
2026-02-18 09:12:40,675 - sqlalchemy.engine.Engine - INFO - show standard_conforming_strings
2026-02-18 09:12:40,675 - sqlalchemy.engine.Engine - INFO - [raw sql] ()
2026-02-18 09:12:40,676 - sqlalchemy.engine.Engine - INFO - BEGIN (implicit)
2026-02-18 09:12:40,683 - sqlalchemy.engine.Engine - INFO - SELECT admins.id, admins.username, admins.password_hash, admins.created_at 
FROM admins 
WHERE admins.username = $1::VARCHAR
2026-02-18 09:12:40,683 - sqlalchemy.engine.Engine - INFO - [generated in 0.00016s] ('zhura2296@yandex.ru',)
2026-02-18 09:12:40,892 - sqlalchemy.engine.Engine - INFO - ROLLBACK
2026-02-18 09:12:40,984 - sqlalchemy.engine.Engine - INFO - BEGIN (implicit)
2026-02-18 09:12:40,984 - sqlalchemy.engine.Engine - INFO - SELECT admins.id, admins.username, admins.password_hash, admins.created_at 
FROM admins 
WHERE admins.username = $1::VARCHAR
2026-02-18 09:12:40,984 - sqlalchemy.engine.Engine - INFO - [cached since 0.3007s ago] ('zhura2296@yandex.ru',)
2026-02-18 09:12:40,987 - sqlalchemy.engine.Engine - INFO - SELECT clients.id, clients.full_name, clients.phone, clients.address, clients.coordinates, clients.created_at, clients.last_contact, clients.comments, clients.updated_at, clients.backup_phone, clients.deleted_at 
FROM clients 
 LIMIT $1::INTEGER OFFSET $2::INTEGER
2026-02-18 09:12:40,988 - sqlalchemy.engine.Engine - INFO - [generated in 0.00021s] (100, 0)
2026-02-18 09:12:41,007 - sqlalchemy.engine.Engine - INFO - ROLLBACK
2026-02-18 09:12:41,007 - sqlalchemy.engine.Engine - INFO - BEGIN (implicit)
2026-02-18 09:12:41,007 - sqlalchemy.engine.Engine - INFO - SELECT admins.id, admins.username, admins.password_hash, admins.created_at 
FROM admins 
WHERE admins.username = $1::VARCHAR
2026-02-18 09:12:41,008 - sqlalchemy.engine.Engine - INFO - [cached since 0.3243s ago] ('zhura2296@yandex.ru',)
2026-02-18 09:12:41,009 - sqlalchemy.engine.Engine - INFO - BEGIN (implicit)
2026-02-18 09:12:41,009 - sqlalchemy.engine.Engine - INFO - SELECT admins.id, admins.username, admins.password_hash, admins.created_at 
FROM admins 
WHERE admins.username = $1::VARCHAR
2026-02-18 09:12:41,009 - sqlalchemy.engine.Engine - INFO - [cached since 0.326s ago] ('zhura2296@yandex.ru',)
2026-02-18 09:12:41,011 - sqlalchemy.engine.Engine - INFO - SELECT clients.id, clients.full_name, clients.phone, clients.address, clients.coordinates, clients.created_at, clients.last_contact, clients.comments, clients.updated_at, clients.backup_phone, clients.deleted_at 
FROM clients 
 LIMIT $1::INTEGER OFFSET $2::INTEGER
2026-02-18 09:12:41,011 - sqlalchemy.engine.Engine - INFO - [cached since 0.02318s ago] (100, 0)
2026-02-18 09:12:41,012 - sqlalchemy.engine.Engine - INFO - ROLLBACK
2026-02-18 09:12:41,014 - sqlalchemy.engine.Engine - INFO - SELECT installers.id, installers.full_name, installers.nickname, installers.phone, installers.backup_phone, installers.specialization, installers.rating, installers.base_price, installers.is_debtor, installers.comments, installers.is_active, installers.is_in_funnel, installers.total_orders, installers.poor_work_count, installers.warranty_visits_count, installers.last_incident_date, installers.updated_at, installers.created_at, installers.deleted_at 
FROM installers 
WHERE installers.deleted_at IS NULL 
 LIMIT $1::INTEGER OFFSET $2::INTEGER
2026-02-18 09:12:41,014 - sqlalchemy.engine.Engine - INFO - [generated in 0.00017s] (100, 0)
2026-02-18 09:12:41,016 - sqlalchemy.engine.Engine - INFO - ROLLBACK
2026-02-18 09:12:41,017 - sqlalchemy.engine.Engine - INFO - BEGIN (implicit)
2026-02-18 09:12:41,018 - sqlalchemy.engine.Engine - INFO - SELECT admins.id, admins.username, admins.password_hash, admins.created_at 
FROM admins 
WHERE admins.username = $1::VARCHAR
2026-02-18 09:12:41,018 - sqlalchemy.engine.Engine - INFO - [cached since 0.3345s ago] ('zhura2296@yandex.ru',)
2026-02-18 09:12:41,019 - sqlalchemy.engine.Engine - INFO - SELECT installers.id, installers.full_name, installers.nickname, installers.phone, installers.backup_phone, installers.specialization, installers.rating, installers.base_price, installers.is_debtor, installers.comments, installers.is_active, installers.is_in_funnel, installers.total_orders, installers.poor_work_count, installers.warranty_visits_count, installers.last_incident_date, installers.updated_at, installers.created_at, installers.deleted_at 
FROM installers 
WHERE installers.deleted_at IS NULL 
 LIMIT $1::INTEGER OFFSET $2::INTEGER
2026-02-18 09:12:41,019 - sqlalchemy.engine.Engine - INFO - [cached since 0.00519s ago] (100, 0)
2026-02-18 09:12:41,023 - sqlalchemy.engine.Engine - INFO - ROLLBACK
2026-02-18 09:13:30,620 - sqlalchemy.engine.Engine - INFO - BEGIN (implicit)
2026-02-18 09:13:30,622 - sqlalchemy.engine.Engine - INFO - INSERT INTO orders (client_id, installer_id, status, service_type, warehouse, service_datetime, delivery_datetime, promise, marker_color, address_id, address_text) VALUES ($1::INTEGER, $2::INTEGER, $3::order_status, $4::VARCHAR, $5::VARCHAR, $6::TIMESTAMP WITHOUT TIME ZONE, $7::TIMESTAMP WITHOUT TIME ZONE, $8::VARCHAR, $9::VARCHAR, $10::VARCHAR, $11::VARCHAR) RETURNING orders.id, orders.created_at, orders.updated_at
2026-02-18 09:13:30,622 - sqlalchemy.engine.Engine - INFO - [generated in 0.00015s] (5, 1, 'Выполнен', 'Установка кондиционера', 'Транзит', datetime.datetime(2026, 3, 18, 6, 12), datetime.datetime(2026, 2, 20, 6, 12), '123123', 'red', None, '')
2026-02-18 09:13:30,672 - sqlalchemy.engine.Engine - INFO - SELECT orders.id 
FROM orders 
WHERE orders.id = $1::INTEGER
2026-02-18 09:13:30,673 - sqlalchemy.engine.Engine - INFO - [generated in 0.00016s] (9,)
2026-02-18 09:13:30,674 - sqlalchemy.engine.Engine - INFO - SELECT clients.id AS clients_id, clients.full_name AS clients_full_name, clients.phone AS clients_phone, clients.address AS clients_address, clients.coordinates AS clients_coordinates, clients.created_at AS clients_created_at, clients.last_contact AS clients_last_contact, clients.comments AS clients_comments, clients.updated_at AS clients_updated_at, clients.backup_phone AS clients_backup_phone, clients.deleted_at AS clients_deleted_at 
FROM clients 
WHERE clients.id = $1::INTEGER
2026-02-18 09:13:30,674 - sqlalchemy.engine.Engine - INFO - [generated in 0.00011s] (5,)
2026-02-18 09:13:30,675 - sqlalchemy.engine.Engine - INFO - SELECT installers.id AS installers_id, installers.full_name AS installers_full_name, installers.nickname AS installers_nickname, installers.phone AS installers_phone, installers.backup_phone AS installers_backup_phone, installers.specialization AS installers_specialization, installers.rating AS installers_rating, installers.base_price AS installers_base_price, installers.is_debtor AS installers_is_debtor, installers.comments AS installers_comments, installers.is_active AS installers_is_active, installers.is_in_funnel AS installers_is_in_funnel, installers.total_orders AS installers_total_orders, installers.poor_work_count AS installers_poor_work_count, installers.warranty_visits_count AS installers_warranty_visits_count, installers.last_incident_date AS installers_last_incident_date, installers.updated_at AS installers_updated_at, installers.created_at AS installers_created_at, installers.deleted_at AS installers_deleted_at 
FROM installers 
WHERE installers.id = $1::INTEGER
2026-02-18 09:13:30,675 - sqlalchemy.engine.Engine - INFO - [generated in 0.00010s] (1,)
2026-02-18 09:13:30,678 - sqlalchemy.engine.Engine - INFO - SELECT finance.id AS finance_id, finance.order_id AS finance_order_id, finance.purchase_price AS finance_purchase_price, finance.sale_price_client AS finance_sale_price_client, finance.installer_pay AS finance_installer_pay, finance.my_commission AS finance_my_commission, finance.profit AS finance_profit, finance.margin AS finance_margin, finance.profit_percent AS finance_profit_percent, finance.payment_state AS finance_payment_state, finance.installer_returned_money AS finance_installer_returned_money, finance.updated_at AS finance_updated_at, finance.created_at AS finance_created_at 
FROM finance 
WHERE $1::INTEGER = finance.order_id
2026-02-18 09:13:30,678 - sqlalchemy.engine.Engine - INFO - [generated in 0.00011s] (9,)
2026-02-18 09:13:30,682 - sqlalchemy.engine.Engine - INFO - COMMIT
2026-02-18 09:13:30,687 - sqlalchemy.engine.Engine - INFO - BEGIN (implicit)
2026-02-18 09:13:30,688 - sqlalchemy.engine.Engine - INFO - SELECT finance.id, finance.order_id, finance.purchase_price, finance.sale_price_client, finance.installer_pay, finance.my_commission, finance.profit, finance.margin, finance.profit_percent, finance.payment_state, finance.installer_returned_money, finance.updated_at, finance.created_at 
FROM finance 
WHERE finance.order_id = $1::INTEGER
2026-02-18 09:13:30,688 - sqlalchemy.engine.Engine - INFO - [generated in 0.00013s] (9,)
2026-02-18 09:13:30,736 - sqlalchemy.engine.Engine - INFO - INSERT INTO finance (order_id, purchase_price, sale_price_client, installer_pay, my_commission, payment_state, installer_returned_money) VALUES ($1::INTEGER, $2::NUMERIC(10, 2), $3::NUMERIC(10, 2), $4::NUMERIC(10, 2), $5::NUMERIC(10, 2), $6::payment_status, $7::BOOLEAN) RETURNING finance.id, finance.profit, finance.margin, finance.profit_percent, finance.updated_at, finance.created_at
2026-02-18 09:13:30,736 - sqlalchemy.engine.Engine - INFO - [generated in 0.00020s] (9, 65000.0, 125000.0, 15000.0, 5000.0, 'Не оплачен', False)
2026-02-18 09:13:30,738 - sqlalchemy.engine.Engine - INFO - COMMIT
2026-02-18 09:13:30,739 - sqlalchemy.engine.Engine - INFO - BEGIN (implicit)
2026-02-18 09:13:30,740 - sqlalchemy.engine.Engine - INFO - SELECT finance.id, finance.order_id, finance.purchase_price, finance.sale_price_client, finance.installer_pay, finance.my_commission, finance.profit, finance.margin, finance.profit_percent, finance.payment_state, finance.installer_returned_money, finance.updated_at, finance.created_at 
FROM finance 
WHERE finance.id = $1::INTEGER
2026-02-18 09:13:30,740 - sqlalchemy.engine.Engine - INFO - [generated in 0.00012s] (5,)
2026-02-18 09:13:30,742 - sqlalchemy.engine.Engine - INFO - ROLLBACK
2026-02-18 09:13:30,781 - sqlalchemy.engine.Engine - INFO - BEGIN (implicit)
2026-02-18 09:13:30,784 - sqlalchemy.engine.Engine - INFO - SELECT orders.id, orders.client_id, orders.installer_id, orders.status, orders.service_type, orders.warehouse, orders.service_datetime, orders.delivery_datetime, orders.promise, orders.marker_color, orders.address_id, orders.address_text, orders.created_at, orders.updated_at 
FROM orders 
 LIMIT $1::INTEGER OFFSET $2::INTEGER
2026-02-18 09:13:30,785 - sqlalchemy.engine.Engine - INFO - [generated in 0.00026s] (100, 0)
2026-02-18 09:13:30,794 - sqlalchemy.engine.Engine - INFO - SELECT installers.id AS installers_id, installers.full_name AS installers_full_name, installers.nickname AS installers_nickname, installers.phone AS installers_phone, installers.backup_phone AS installers_backup_phone, installers.specialization AS installers_specialization, installers.rating AS installers_rating, installers.base_price AS installers_base_price, installers.is_debtor AS installers_is_debtor, installers.comments AS installers_comments, installers.is_active AS installers_is_active, installers.is_in_funnel AS installers_is_in_funnel, installers.total_orders AS installers_total_orders, installers.poor_work_count AS installers_poor_work_count, installers.warranty_visits_count AS installers_warranty_visits_count, installers.last_incident_date AS installers_last_incident_date, installers.updated_at AS installers_updated_at, installers.created_at AS installers_created_at, installers.deleted_at AS installers_deleted_at 
FROM installers 
WHERE installers.id IN ($1::INTEGER)
2026-02-18 09:13:30,794 - sqlalchemy.engine.Engine - INFO - [generated in 0.00028s] (1,)
2026-02-18 09:13:30,797 - sqlalchemy.engine.Engine - INFO - SELECT finance.order_id AS finance_order_id, finance.id AS finance_id, finance.purchase_price AS finance_purchase_price, finance.sale_price_client AS finance_sale_price_client, finance.installer_pay AS finance_installer_pay, finance.my_commission AS finance_my_commission, finance.profit AS finance_profit, finance.margin AS finance_margin, finance.profit_percent AS finance_profit_percent, finance.payment_state AS finance_payment_state, finance.installer_returned_money AS finance_installer_returned_money, finance.updated_at AS finance_updated_at, finance.created_at AS finance_created_at 
FROM finance 
WHERE finance.order_id IN ($1::INTEGER, $2::INTEGER, $3::INTEGER, $4::INTEGER, $5::INTEGER, $6::INTEGER, $7::INTEGER, $8::INTEGER)
2026-02-18 09:13:30,797 - sqlalchemy.engine.Engine - INFO - [generated in 0.00032s] (2, 3, 4, 1, 6, 7, 8, 9)
2026-02-18 09:13:30,799 - sqlalchemy.engine.Engine - INFO - SELECT clients.id AS clients_id, clients.full_name AS clients_full_name, clients.phone AS clients_phone, clients.address AS clients_address, clients.coordinates AS clients_coordinates, clients.created_at AS clients_created_at, clients.last_contact AS clients_last_contact, clients.comments AS clients_comments, clients.updated_at AS clients_updated_at, clients.backup_phone AS clients_backup_phone, clients.deleted_at AS clients_deleted_at 
FROM clients 
WHERE clients.id IN ($1::INTEGER, $2::INTEGER, $3::INTEGER, $4::INTEGER, $5::INTEGER, $6::INTEGER, $7::INTEGER, $8::INTEGER)
2026-02-18 09:13:30,799 - sqlalchemy.engine.Engine - INFO - [generated in 0.00024s] (1, 2, 3, 4, 5, 9, 10, 12)
2026-02-18 09:13:30,802 - sqlalchemy.engine.Engine - INFO - ROLLBACK
2026-02-18 09:13:30,804 - sqlalchemy.engine.Engine - INFO - BEGIN (implicit)
2026-02-18 09:13:30,804 - sqlalchemy.engine.Engine - INFO - SELECT orders.id, orders.client_id, orders.installer_id, orders.status, orders.service_type, orders.warehouse, orders.service_datetime, orders.delivery_datetime, orders.promise, orders.marker_color, orders.address_id, orders.address_text, orders.created_at, orders.updated_at 
FROM orders 
 LIMIT $1::INTEGER OFFSET $2::INTEGER
2026-02-18 09:13:30,804 - sqlalchemy.engine.Engine - INFO - [cached since 0.01965s ago] (100, 0)
2026-02-18 09:13:30,807 - sqlalchemy.engine.Engine - INFO - SELECT installers.id AS installers_id, installers.full_name AS installers_full_name, installers.nickname AS installers_nickname, installers.phone AS installers_phone, installers.backup_phone AS installers_backup_phone, installers.specialization AS installers_specialization, installers.rating AS installers_rating, installers.base_price AS installers_base_price, installers.is_debtor AS installers_is_debtor, installers.comments AS installers_comments, installers.is_active AS installers_is_active, installers.is_in_funnel AS installers_is_in_funnel, installers.total_orders AS installers_total_orders, installers.poor_work_count AS installers_poor_work_count, installers.warranty_visits_count AS installers_warranty_visits_count, installers.last_incident_date AS installers_last_incident_date, installers.updated_at AS installers_updated_at, installers.created_at AS installers_created_at, installers.deleted_at AS installers_deleted_at 
FROM installers 
WHERE installers.id IN ($1::INTEGER)
2026-02-18 09:13:30,807 - sqlalchemy.engine.Engine - INFO - [cached since 0.01278s ago] (1,)
2026-02-18 09:13:30,809 - sqlalchemy.engine.Engine - INFO - SELECT finance.order_id AS finance_order_id, finance.id AS finance_id, finance.purchase_price AS finance_purchase_price, finance.sale_price_client AS finance_sale_price_client, finance.installer_pay AS finance_installer_pay, finance.my_commission AS finance_my_commission, finance.profit AS finance_profit, finance.margin AS finance_margin, finance.profit_percent AS finance_profit_percent, finance.payment_state AS finance_payment_state, finance.installer_returned_money AS finance_installer_returned_money, finance.updated_at AS finance_updated_at, finance.created_at AS finance_created_at 
FROM finance 
WHERE finance.order_id IN ($1::INTEGER, $2::INTEGER, $3::INTEGER, $4::INTEGER, $5::INTEGER, $6::INTEGER, $7::INTEGER, $8::INTEGER)
2026-02-18 09:13:30,809 - sqlalchemy.engine.Engine - INFO - [cached since 0.01243s ago] (2, 3, 4, 1, 6, 7, 8, 9)
2026-02-18 09:13:30,811 - sqlalchemy.engine.Engine - INFO - SELECT clients.id AS clients_id, clients.full_name AS clients_full_name, clients.phone AS clients_phone, clients.address AS clients_address, clients.coordinates AS clients_coordinates, clients.created_at AS clients_created_at, clients.last_contact AS clients_last_contact, clients.comments AS clients_comments, clients.updated_at AS clients_updated_at, clients.backup_phone AS clients_backup_phone, clients.deleted_at AS clients_deleted_at 
FROM clients 
WHERE clients.id IN ($1::INTEGER, $2::INTEGER, $3::INTEGER, $4::INTEGER, $5::INTEGER, $6::INTEGER, $7::INTEGER, $8::INTEGER)
2026-02-18 09:13:30,811 - sqlalchemy.engine.Engine - INFO - [cached since 0.01167s ago] (1, 2, 3, 4, 5, 9, 10, 12)
2026-02-18 09:13:30,812 - sqlalchemy.engine.Engine - INFO - ROLLBACK
2026-02-18 09:13:35,743 - sqlalchemy.engine.Engine - INFO - BEGIN (implicit)
2026-02-18 09:13:35,743 - sqlalchemy.engine.Engine - INFO - SELECT admins.id, admins.username, admins.password_hash, admins.created_at 
FROM admins 
WHERE admins.username = $1::VARCHAR
2026-02-18 09:13:35,744 - sqlalchemy.engine.Engine - INFO - [cached since 55.06s ago] ('zhura2296@yandex.ru',)
2026-02-18 09:13:35,745 - sqlalchemy.engine.Engine - INFO - SELECT installers.id, installers.full_name, installers.nickname, installers.phone, installers.backup_phone, installers.specialization, installers.rating, installers.base_price, installers.is_debtor, installers.comments, installers.is_active, installers.is_in_funnel, installers.total_orders, installers.poor_work_count, installers.warranty_visits_count, installers.last_incident_date, installers.updated_at, installers.created_at, installers.deleted_at 
FROM installers 
WHERE installers.deleted_at IS NULL 
 LIMIT $1::INTEGER OFFSET $2::INTEGER
2026-02-18 09:13:35,745 - sqlalchemy.engine.Engine - INFO - [cached since 54.73s ago] (100, 0)
2026-02-18 09:13:35,747 - sqlalchemy.engine.Engine - INFO - BEGIN (implicit)
2026-02-18 09:13:35,748 - sqlalchemy.engine.Engine - INFO - SELECT orders.id, orders.client_id, orders.installer_id, orders.status, orders.service_type, orders.warehouse, orders.service_datetime, orders.delivery_datetime, orders.promise, orders.marker_color, orders.address_id, orders.address_text, orders.created_at, orders.updated_at 
FROM orders 
WHERE orders.id = $1::INTEGER
2026-02-18 09:13:35,748 - sqlalchemy.engine.Engine - INFO - [generated in 0.00019s] (9,)
2026-02-18 09:13:35,749 - sqlalchemy.engine.Engine - INFO - ROLLBACK
2026-02-18 09:13:35,752 - sqlalchemy.engine.Engine - INFO - SELECT installers.id AS installers_id, installers.full_name AS installers_full_name, installers.nickname AS installers_nickname, installers.phone AS installers_phone, installers.backup_phone AS installers_backup_phone, installers.specialization AS installers_specialization, installers.rating AS installers_rating, installers.base_price AS installers_base_price, installers.is_debtor AS installers_is_debtor, installers.comments AS installers_comments, installers.is_active AS installers_is_active, installers.is_in_funnel AS installers_is_in_funnel, installers.total_orders AS installers_total_orders, installers.poor_work_count AS installers_poor_work_count, installers.warranty_visits_count AS installers_warranty_visits_count, installers.last_incident_date AS installers_last_incident_date, installers.updated_at AS installers_updated_at, installers.created_at AS installers_created_at, installers.deleted_at AS installers_deleted_at 
FROM installers 
WHERE installers.id IN ($1::INTEGER)
2026-02-18 09:13:35,752 - sqlalchemy.engine.Engine - INFO - [cached since 4.958s ago] (1,)
2026-02-18 09:13:35,753 - sqlalchemy.engine.Engine - INFO - SELECT finance.order_id AS finance_order_id, finance.id AS finance_id, finance.purchase_price AS finance_purchase_price, finance.sale_price_client AS finance_sale_price_client, finance.installer_pay AS finance_installer_pay, finance.my_commission AS finance_my_commission, finance.profit AS finance_profit, finance.margin AS finance_margin, finance.profit_percent AS finance_profit_percent, finance.payment_state AS finance_payment_state, finance.installer_returned_money AS finance_installer_returned_money, finance.updated_at AS finance_updated_at, finance.created_at AS finance_created_at 
FROM finance 
WHERE finance.order_id IN ($1::INTEGER)
2026-02-18 09:13:35,754 - sqlalchemy.engine.Engine - INFO - [cached since 4.957s ago] (9,)
2026-02-18 09:13:35,755 - sqlalchemy.engine.Engine - INFO - SELECT clients.id AS clients_id, clients.full_name AS clients_full_name, clients.phone AS clients_phone, clients.address AS clients_address, clients.coordinates AS clients_coordinates, clients.created_at AS clients_created_at, clients.last_contact AS clients_last_contact, clients.comments AS clients_comments, clients.updated_at AS clients_updated_at, clients.backup_phone AS clients_backup_phone, clients.deleted_at AS clients_deleted_at 
FROM clients 
WHERE clients.id IN ($1::INTEGER)
2026-02-18 09:13:35,755 - sqlalchemy.engine.Engine - INFO - [cached since 4.956s ago] (5,)
2026-02-18 09:13:35,774 - sqlalchemy.engine.Engine - INFO - ROLLBACK
2026-02-18 09:13:35,774 - sqlalchemy.engine.Engine - INFO - BEGIN (implicit)
2026-02-18 09:13:35,774 - sqlalchemy.engine.Engine - INFO - SELECT admins.id, admins.username, admins.password_hash, admins.created_at 
FROM admins 
WHERE admins.username = $1::VARCHAR
2026-02-18 09:13:35,774 - sqlalchemy.engine.Engine - INFO - [cached since 55.09s ago] ('zhura2296@yandex.ru',)
2026-02-18 09:13:35,775 - sqlalchemy.engine.Engine - INFO - BEGIN (implicit)
2026-02-18 09:13:35,775 - sqlalchemy.engine.Engine - INFO - SELECT orders.id, orders.client_id, orders.installer_id, orders.status, orders.service_type, orders.warehouse, orders.service_datetime, orders.delivery_datetime, orders.promise, orders.marker_color, orders.address_id, orders.address_text, orders.created_at, orders.updated_at 
FROM orders 
WHERE orders.id = $1::INTEGER
2026-02-18 09:13:35,776 - sqlalchemy.engine.Engine - INFO - [cached since 0.02787s ago] (9,)
2026-02-18 09:13:35,777 - sqlalchemy.engine.Engine - INFO - SELECT installers.id AS installers_id, installers.full_name AS installers_full_name, installers.nickname AS installers_nickname, installers.phone AS installers_phone, installers.backup_phone AS installers_backup_phone, installers.specialization AS installers_specialization, installers.rating AS installers_rating, installers.base_price AS installers_base_price, installers.is_debtor AS installers_is_debtor, installers.comments AS installers_comments, installers.is_active AS installers_is_active, installers.is_in_funnel AS installers_is_in_funnel, installers.total_orders AS installers_total_orders, installers.poor_work_count AS installers_poor_work_count, installers.warranty_visits_count AS installers_warranty_visits_count, installers.last_incident_date AS installers_last_incident_date, installers.updated_at AS installers_updated_at, installers.created_at AS installers_created_at, installers.deleted_at AS installers_deleted_at 
FROM installers 
WHERE installers.id IN ($1::INTEGER)
2026-02-18 09:13:35,777 - sqlalchemy.engine.Engine - INFO - [cached since 4.983s ago] (1,)
2026-02-18 09:13:35,778 - sqlalchemy.engine.Engine - INFO - SELECT finance.order_id AS finance_order_id, finance.id AS finance_id, finance.purchase_price AS finance_purchase_price, finance.sale_price_client AS finance_sale_price_client, finance.installer_pay AS finance_installer_pay, finance.my_commission AS finance_my_commission, finance.profit AS finance_profit, finance.margin AS finance_margin, finance.profit_percent AS finance_profit_percent, finance.payment_state AS finance_payment_state, finance.installer_returned_money AS finance_installer_returned_money, finance.updated_at AS finance_updated_at, finance.created_at AS finance_created_at 
FROM finance 
WHERE finance.order_id IN ($1::INTEGER)
2026-02-18 09:13:35,778 - sqlalchemy.engine.Engine - INFO - [cached since 4.981s ago] (9,)
2026-02-18 09:13:35,779 - sqlalchemy.engine.Engine - INFO - SELECT clients.id AS clients_id, clients.full_name AS clients_full_name, clients.phone AS clients_phone, clients.address AS clients_address, clients.coordinates AS clients_coordinates, clients.created_at AS clients_created_at, clients.last_contact AS clients_last_contact, clients.comments AS clients_comments, clients.updated_at AS clients_updated_at, clients.backup_phone AS clients_backup_phone, clients.deleted_at AS clients_deleted_at 
FROM clients 
WHERE clients.id IN ($1::INTEGER)
2026-02-18 09:13:35,779 - sqlalchemy.engine.Engine - INFO - [cached since 4.98s ago] (5,)
2026-02-18 09:13:35,779 - sqlalchemy.engine.Engine - INFO - SELECT installers.id, installers.full_name, installers.nickname, installers.phone, installers.backup_phone, installers.specialization, installers.rating, installers.base_price, installers.is_debtor, installers.comments, installers.is_active, installers.is_in_funnel, installers.total_orders, installers.poor_work_count, installers.warranty_visits_count, installers.last_incident_date, installers.updated_at, installers.created_at, installers.deleted_at 
FROM installers 
WHERE installers.deleted_at IS NULL 
 LIMIT $1::INTEGER OFFSET $2::INTEGER
2026-02-18 09:13:35,779 - sqlalchemy.engine.Engine - INFO - [cached since 54.77s ago] (100, 0)
2026-02-18 09:13:35,780 - sqlalchemy.engine.Engine - INFO - ROLLBACK
2026-02-18 09:13:35,782 - sqlalchemy.engine.Engine - INFO - ROLLBACK
2026-02-18 09:13:44,242 - sqlalchemy.engine.Engine - INFO - BEGIN (implicit)
2026-02-18 09:13:44,242 - sqlalchemy.engine.Engine - INFO - SELECT orders.id, orders.client_id, orders.installer_id, orders.status, orders.service_type, orders.warehouse, orders.service_datetime, orders.delivery_datetime, orders.promise, orders.marker_color, orders.address_id, orders.address_text, orders.created_at, orders.updated_at 
FROM orders 
 LIMIT $1::INTEGER OFFSET $2::INTEGER
2026-02-18 09:13:44,242 - sqlalchemy.engine.Engine - INFO - [cached since 13.46s ago] (100, 0)
2026-02-18 09:13:44,243 - sqlalchemy.engine.Engine - INFO - SELECT installers.id AS installers_id, installers.full_name AS installers_full_name, installers.nickname AS installers_nickname, installers.phone AS installers_phone, installers.backup_phone AS installers_backup_phone, installers.specialization AS installers_specialization, installers.rating AS installers_rating, installers.base_price AS installers_base_price, installers.is_debtor AS installers_is_debtor, installers.comments AS installers_comments, installers.is_active AS installers_is_active, installers.is_in_funnel AS installers_is_in_funnel, installers.total_orders AS installers_total_orders, installers.poor_work_count AS installers_poor_work_count, installers.warranty_visits_count AS installers_warranty_visits_count, installers.last_incident_date AS installers_last_incident_date, installers.updated_at AS installers_updated_at, installers.created_at AS installers_created_at, installers.deleted_at AS installers_deleted_at 
FROM installers 
WHERE installers.id IN ($1::INTEGER)
2026-02-18 09:13:44,244 - sqlalchemy.engine.Engine - INFO - [cached since 13.45s ago] (1,)
2026-02-18 09:13:44,246 - sqlalchemy.engine.Engine - INFO - SELECT finance.order_id AS finance_order_id, finance.id AS finance_id, finance.purchase_price AS finance_purchase_price, finance.sale_price_client AS finance_sale_price_client, finance.installer_pay AS finance_installer_pay, finance.my_commission AS finance_my_commission, finance.profit AS finance_profit, finance.margin AS finance_margin, finance.profit_percent AS finance_profit_percent, finance.payment_state AS finance_payment_state, finance.installer_returned_money AS finance_installer_returned_money, finance.updated_at AS finance_updated_at, finance.created_at AS finance_created_at 
FROM finance 
WHERE finance.order_id IN ($1::INTEGER, $2::INTEGER, $3::INTEGER, $4::INTEGER, $5::INTEGER, $6::INTEGER, $7::INTEGER, $8::INTEGER)
2026-02-18 09:13:44,247 - sqlalchemy.engine.Engine - INFO - [cached since 13.45s ago] (2, 3, 4, 1, 6, 7, 8, 9)
2026-02-18 09:13:44,251 - sqlalchemy.engine.Engine - INFO - SELECT clients.id AS clients_id, clients.full_name AS clients_full_name, clients.phone AS clients_phone, clients.address AS clients_address, clients.coordinates AS clients_coordinates, clients.created_at AS clients_created_at, clients.last_contact AS clients_last_contact, clients.comments AS clients_comments, clients.updated_at AS clients_updated_at, clients.backup_phone AS clients_backup_phone, clients.deleted_at AS clients_deleted_at 
FROM clients 
WHERE clients.id IN ($1::INTEGER, $2::INTEGER, $3::INTEGER, $4::INTEGER, $5::INTEGER, $6::INTEGER, $7::INTEGER, $8::INTEGER)
2026-02-18 09:13:44,251 - sqlalchemy.engine.Engine - INFO - [cached since 13.45s ago] (1, 2, 3, 4, 5, 9, 10, 12)
2026-02-18 09:13:44,256 - sqlalchemy.engine.Engine - INFO - ROLLBACK
2026-02-18 09:13:44,259 - sqlalchemy.engine.Engine - INFO - BEGIN (implicit)
2026-02-18 09:13:44,259 - sqlalchemy.engine.Engine - INFO - SELECT orders.id, orders.client_id, orders.installer_id, orders.status, orders.service_type, orders.warehouse, orders.service_datetime, orders.delivery_datetime, orders.promise, orders.marker_color, orders.address_id, orders.address_text, orders.created_at, orders.updated_at 
FROM orders 
 LIMIT $1::INTEGER OFFSET $2::INTEGER
2026-02-18 09:13:44,259 - sqlalchemy.engine.Engine - INFO - [cached since 13.48s ago] (100, 0)
2026-02-18 09:13:44,265 - sqlalchemy.engine.Engine - INFO - SELECT installers.id AS installers_id, installers.full_name AS installers_full_name, installers.nickname AS installers_nickname, installers.phone AS installers_phone, installers.backup_phone AS installers_backup_phone, installers.specialization AS installers_specialization, installers.rating AS installers_rating, installers.base_price AS installers_base_price, installers.is_debtor AS installers_is_debtor, installers.comments AS installers_comments, installers.is_active AS installers_is_active, installers.is_in_funnel AS installers_is_in_funnel, installers.total_orders AS installers_total_orders, installers.poor_work_count AS installers_poor_work_count, installers.warranty_visits_count AS installers_warranty_visits_count, installers.last_incident_date AS installers_last_incident_date, installers.updated_at AS installers_updated_at, installers.created_at AS installers_created_at, installers.deleted_at AS installers_deleted_at 
FROM installers 
WHERE installers.id IN ($1::INTEGER)
2026-02-18 09:13:44,265 - sqlalchemy.engine.Engine - INFO - [cached since 13.47s ago] (1,)
2026-02-18 09:13:44,269 - sqlalchemy.engine.Engine - INFO - SELECT finance.order_id AS finance_order_id, finance.id AS finance_id, finance.purchase_price AS finance_purchase_price, finance.sale_price_client AS finance_sale_price_client, finance.installer_pay AS finance_installer_pay, finance.my_commission AS finance_my_commission, finance.profit AS finance_profit, finance.margin AS finance_margin, finance.profit_percent AS finance_profit_percent, finance.payment_state AS finance_payment_state, finance.installer_returned_money AS finance_installer_returned_money, finance.updated_at AS finance_updated_at, finance.created_at AS finance_created_at 
FROM finance 
WHERE finance.order_id IN ($1::INTEGER, $2::INTEGER, $3::INTEGER, $4::INTEGER, $5::INTEGER, $6::INTEGER, $7::INTEGER, $8::INTEGER)
2026-02-18 09:13:44,269 - sqlalchemy.engine.Engine - INFO - [cached since 13.47s ago] (2, 3, 4, 1, 6, 7, 8, 9)
2026-02-18 09:13:44,271 - sqlalchemy.engine.Engine - INFO - SELECT clients.id AS clients_id, clients.full_name AS clients_full_name, clients.phone AS clients_phone, clients.address AS clients_address, clients.coordinates AS clients_coordinates, clients.created_at AS clients_created_at, clients.last_contact AS clients_last_contact, clients.comments AS clients_comments, clients.updated_at AS clients_updated_at, clients.backup_phone AS clients_backup_phone, clients.deleted_at AS clients_deleted_at 
FROM clients 
WHERE clients.id IN ($1::INTEGER, $2::INTEGER, $3::INTEGER, $4::INTEGER, $5::INTEGER, $6::INTEGER, $7::INTEGER, $8::INTEGER)
2026-02-18 09:13:44,271 - sqlalchemy.engine.Engine - INFO - [cached since 13.47s ago] (1, 2, 3, 4, 5, 9, 10, 12)
2026-02-18 09:13:44,273 - sqlalchemy.engine.Engine - INFO - ROLLBACK
2026-02-18 09:13:48,380 - sqlalchemy.engine.Engine - INFO - BEGIN (implicit)
2026-02-18 09:13:48,380 - sqlalchemy.engine.Engine - INFO - SELECT orders.id, orders.client_id, orders.installer_id, orders.status, orders.service_type, orders.warehouse, orders.service_datetime, orders.delivery_datetime, orders.promise, orders.marker_color, orders.address_id, orders.address_text, orders.created_at, orders.updated_at 
FROM orders 
WHERE orders.id = $1::INTEGER
2026-02-18 09:13:48,381 - sqlalchemy.engine.Engine - INFO - [cached since 12.63s ago] (9,)
2026-02-18 09:13:48,382 - sqlalchemy.engine.Engine - INFO - BEGIN (implicit)
2026-02-18 09:13:48,382 - sqlalchemy.engine.Engine - INFO - SELECT admins.id, admins.username, admins.password_hash, admins.created_at 
FROM admins 
WHERE admins.username = $1::VARCHAR
2026-02-18 09:13:48,382 - sqlalchemy.engine.Engine - INFO - [cached since 67.7s ago] ('zhura2296@yandex.ru',)
2026-02-18 09:13:48,384 - sqlalchemy.engine.Engine - INFO - SELECT installers.id, installers.full_name, installers.nickname, installers.phone, installers.backup_phone, installers.specialization, installers.rating, installers.base_price, installers.is_debtor, installers.comments, installers.is_active, installers.is_in_funnel, installers.total_orders, installers.poor_work_count, installers.warranty_visits_count, installers.last_incident_date, installers.updated_at, installers.created_at, installers.deleted_at 
FROM installers 
WHERE installers.deleted_at IS NULL 
 LIMIT $1::INTEGER OFFSET $2::INTEGER
2026-02-18 09:13:48,384 - sqlalchemy.engine.Engine - INFO - [cached since 67.37s ago] (100, 0)
2026-02-18 09:13:48,387 - sqlalchemy.engine.Engine - INFO - ROLLBACK
2026-02-18 09:13:48,390 - sqlalchemy.engine.Engine - INFO - BEGIN (implicit)
2026-02-18 09:13:48,391 - sqlalchemy.engine.Engine - INFO - SELECT admins.id, admins.username, admins.password_hash, admins.created_at 
FROM admins 
WHERE admins.username = $1::VARCHAR
2026-02-18 09:13:48,391 - sqlalchemy.engine.Engine - INFO - [cached since 67.71s ago] ('zhura2296@yandex.ru',)
2026-02-18 09:13:48,394 - sqlalchemy.engine.Engine - INFO - SELECT installers.id, installers.full_name, installers.nickname, installers.phone, installers.backup_phone, installers.specialization, installers.rating, installers.base_price, installers.is_debtor, installers.comments, installers.is_active, installers.is_in_funnel, installers.total_orders, installers.poor_work_count, installers.warranty_visits_count, installers.last_incident_date, installers.updated_at, installers.created_at, installers.deleted_at 
FROM installers 
WHERE installers.deleted_at IS NULL 
 LIMIT $1::INTEGER OFFSET $2::INTEGER
2026-02-18 09:13:48,394 - sqlalchemy.engine.Engine - INFO - [cached since 67.38s ago] (100, 0)
2026-02-18 09:13:48,396 - sqlalchemy.engine.Engine - INFO - ROLLBACK
2026-02-18 09:13:48,401 - sqlalchemy.engine.Engine - INFO - SELECT installers.id AS installers_id, installers.full_name AS installers_full_name, installers.nickname AS installers_nickname, installers.phone AS installers_phone, installers.backup_phone AS installers_backup_phone, installers.specialization AS installers_specialization, installers.rating AS installers_rating, installers.base_price AS installers_base_price, installers.is_debtor AS installers_is_debtor, installers.comments AS installers_comments, installers.is_active AS installers_is_active, installers.is_in_funnel AS installers_is_in_funnel, installers.total_orders AS installers_total_orders, installers.poor_work_count AS installers_poor_work_count, installers.warranty_visits_count AS installers_warranty_visits_count, installers.last_incident_date AS installers_last_incident_date, installers.updated_at AS installers_updated_at, installers.created_at AS installers_created_at, installers.deleted_at AS installers_deleted_at 
FROM installers 
WHERE installers.id IN ($1::INTEGER)
2026-02-18 09:13:48,402 - sqlalchemy.engine.Engine - INFO - [cached since 17.61s ago] (1,)
2026-02-18 09:13:48,403 - sqlalchemy.engine.Engine - INFO - SELECT finance.order_id AS finance_order_id, finance.id AS finance_id, finance.purchase_price AS finance_purchase_price, finance.sale_price_client AS finance_sale_price_client, finance.installer_pay AS finance_installer_pay, finance.my_commission AS finance_my_commission, finance.profit AS finance_profit, finance.margin AS finance_margin, finance.profit_percent AS finance_profit_percent, finance.payment_state AS finance_payment_state, finance.installer_returned_money AS finance_installer_returned_money, finance.updated_at AS finance_updated_at, finance.created_at AS finance_created_at 
FROM finance 
WHERE finance.order_id IN ($1::INTEGER)
2026-02-18 09:13:48,403 - sqlalchemy.engine.Engine - INFO - [cached since 17.61s ago] (9,)
2026-02-18 09:13:48,407 - sqlalchemy.engine.Engine - INFO - SELECT clients.id AS clients_id, clients.full_name AS clients_full_name, clients.phone AS clients_phone, clients.address AS clients_address, clients.coordinates AS clients_coordinates, clients.created_at AS clients_created_at, clients.last_contact AS clients_last_contact, clients.comments AS clients_comments, clients.updated_at AS clients_updated_at, clients.backup_phone AS clients_backup_phone, clients.deleted_at AS clients_deleted_at 
FROM clients 
WHERE clients.id IN ($1::INTEGER)
2026-02-18 09:13:48,407 - sqlalchemy.engine.Engine - INFO - [cached since 17.61s ago] (5,)
2026-02-18 09:13:48,409 - sqlalchemy.engine.Engine - INFO - ROLLBACK
2026-02-18 09:13:48,409 - sqlalchemy.engine.Engine - INFO - BEGIN (implicit)
2026-02-18 09:13:48,409 - sqlalchemy.engine.Engine - INFO - SELECT orders.id, orders.client_id, orders.installer_id, orders.status, orders.service_type, orders.warehouse, orders.service_datetime, orders.delivery_datetime, orders.promise, orders.marker_color, orders.address_id, orders.address_text, orders.created_at, orders.updated_at 
FROM orders 
WHERE orders.id = $1::INTEGER
2026-02-18 09:13:48,409 - sqlalchemy.engine.Engine - INFO - [cached since 12.66s ago] (9,)
2026-02-18 09:13:48,410 - sqlalchemy.engine.Engine - INFO - SELECT installers.id AS installers_id, installers.full_name AS installers_full_name, installers.nickname AS installers_nickname, installers.phone AS installers_phone, installers.backup_phone AS installers_backup_phone, installers.specialization AS installers_specialization, installers.rating AS installers_rating, installers.base_price AS installers_base_price, installers.is_debtor AS installers_is_debtor, installers.comments AS installers_comments, installers.is_active AS installers_is_active, installers.is_in_funnel AS installers_is_in_funnel, installers.total_orders AS installers_total_orders, installers.poor_work_count AS installers_poor_work_count, installers.warranty_visits_count AS installers_warranty_visits_count, installers.last_incident_date AS installers_last_incident_date, installers.updated_at AS installers_updated_at, installers.created_at AS installers_created_at, installers.deleted_at AS installers_deleted_at 
FROM installers 
WHERE installers.id IN ($1::INTEGER)
2026-02-18 09:13:48,410 - sqlalchemy.engine.Engine - INFO - [cached since 17.62s ago] (1,)
2026-02-18 09:13:48,411 - sqlalchemy.engine.Engine - INFO - SELECT finance.order_id AS finance_order_id, finance.id AS finance_id, finance.purchase_price AS finance_purchase_price, finance.sale_price_client AS finance_sale_price_client, finance.installer_pay AS finance_installer_pay, finance.my_commission AS finance_my_commission, finance.profit AS finance_profit, finance.margin AS finance_margin, finance.profit_percent AS finance_profit_percent, finance.payment_state AS finance_payment_state, finance.installer_returned_money AS finance_installer_returned_money, finance.updated_at AS finance_updated_at, finance.created_at AS finance_created_at 
FROM finance 
WHERE finance.order_id IN ($1::INTEGER)
2026-02-18 09:13:48,411 - sqlalchemy.engine.Engine - INFO - [cached since 17.61s ago] (9,)
2026-02-18 09:13:48,412 - sqlalchemy.engine.Engine - INFO - SELECT clients.id AS clients_id, clients.full_name AS clients_full_name, clients.phone AS clients_phone, clients.address AS clients_address, clients.coordinates AS clients_coordinates, clients.created_at AS clients_created_at, clients.last_contact AS clients_last_contact, clients.comments AS clients_comments, clients.updated_at AS clients_updated_at, clients.backup_phone AS clients_backup_phone, clients.deleted_at AS clients_deleted_at 
FROM clients 
WHERE clients.id IN ($1::INTEGER)
2026-02-18 09:13:48,412 - sqlalchemy.engine.Engine - INFO - [cached since 17.61s ago] (5,)
2026-02-18 09:13:48,412 - sqlalchemy.engine.Engine - INFO - ROLLBACK
2026-02-18 09:14:00,759 - sqlalchemy.engine.Engine - INFO - BEGIN (implicit)
2026-02-18 09:14:00,760 - sqlalchemy.engine.Engine - INFO - SELECT orders.id, orders.client_id, orders.installer_id, orders.status, orders.service_type, orders.warehouse, orders.service_datetime, orders.delivery_datetime, orders.promise, orders.marker_color, orders.address_id, orders.address_text, orders.created_at, orders.updated_at 
FROM orders 
 LIMIT $1::INTEGER OFFSET $2::INTEGER
2026-02-18 09:14:00,760 - sqlalchemy.engine.Engine - INFO - [cached since 29.98s ago] (100, 0)
2026-02-18 09:14:00,763 - sqlalchemy.engine.Engine - INFO - SELECT installers.id AS installers_id, installers.full_name AS installers_full_name, installers.nickname AS installers_nickname, installers.phone AS installers_phone, installers.backup_phone AS installers_backup_phone, installers.specialization AS installers_specialization, installers.rating AS installers_rating, installers.base_price AS installers_base_price, installers.is_debtor AS installers_is_debtor, installers.comments AS installers_comments, installers.is_active AS installers_is_active, installers.is_in_funnel AS installers_is_in_funnel, installers.total_orders AS installers_total_orders, installers.poor_work_count AS installers_poor_work_count, installers.warranty_visits_count AS installers_warranty_visits_count, installers.last_incident_date AS installers_last_incident_date, installers.updated_at AS installers_updated_at, installers.created_at AS installers_created_at, installers.deleted_at AS installers_deleted_at 
FROM installers 
WHERE installers.id IN ($1::INTEGER)
2026-02-18 09:14:00,764 - sqlalchemy.engine.Engine - INFO - [cached since 29.97s ago] (1,)
2026-02-18 09:14:00,765 - sqlalchemy.engine.Engine - INFO - SELECT finance.order_id AS finance_order_id, finance.id AS finance_id, finance.purchase_price AS finance_purchase_price, finance.sale_price_client AS finance_sale_price_client, finance.installer_pay AS finance_installer_pay, finance.my_commission AS finance_my_commission, finance.profit AS finance_profit, finance.margin AS finance_margin, finance.profit_percent AS finance_profit_percent, finance.payment_state AS finance_payment_state, finance.installer_returned_money AS finance_installer_returned_money, finance.updated_at AS finance_updated_at, finance.created_at AS finance_created_at 
FROM finance 
WHERE finance.order_id IN ($1::INTEGER, $2::INTEGER, $3::INTEGER, $4::INTEGER, $5::INTEGER, $6::INTEGER, $7::INTEGER, $8::INTEGER)
2026-02-18 09:14:00,765 - sqlalchemy.engine.Engine - INFO - [cached since 29.97s ago] (2, 3, 4, 1, 6, 7, 8, 9)
2026-02-18 09:14:00,768 - sqlalchemy.engine.Engine - INFO - SELECT clients.id AS clients_id, clients.full_name AS clients_full_name, clients.phone AS clients_phone, clients.address AS clients_address, clients.coordinates AS clients_coordinates, clients.created_at AS clients_created_at, clients.last_contact AS clients_last_contact, clients.comments AS clients_comments, clients.updated_at AS clients_updated_at, clients.backup_phone AS clients_backup_phone, clients.deleted_at AS clients_deleted_at 
FROM clients 
WHERE clients.id IN ($1::INTEGER, $2::INTEGER, $3::INTEGER, $4::INTEGER, $5::INTEGER, $6::INTEGER, $7::INTEGER, $8::INTEGER)
2026-02-18 09:14:00,768 - sqlalchemy.engine.Engine - INFO - [cached since 29.97s ago] (1, 2, 3, 4, 5, 9, 10, 12)
2026-02-18 09:14:00,772 - sqlalchemy.engine.Engine - INFO - ROLLBACK
2026-02-18 09:14:00,774 - sqlalchemy.engine.Engine - INFO - BEGIN (implicit)
2026-02-18 09:14:00,774 - sqlalchemy.engine.Engine - INFO - SELECT orders.id, orders.client_id, orders.installer_id, orders.status, orders.service_type, orders.warehouse, orders.service_datetime, orders.delivery_datetime, orders.promise, orders.marker_color, orders.address_id, orders.address_text, orders.created_at, orders.updated_at 
FROM orders 
 LIMIT $1::INTEGER OFFSET $2::INTEGER
2026-02-18 09:14:00,775 - sqlalchemy.engine.Engine - INFO - [cached since 29.99s ago] (100, 0)
2026-02-18 09:14:00,777 - sqlalchemy.engine.Engine - INFO - SELECT installers.id AS installers_id, installers.full_name AS installers_full_name, installers.nickname AS installers_nickname, installers.phone AS installers_phone, installers.backup_phone AS installers_backup_phone, installers.specialization AS installers_specialization, installers.rating AS installers_rating, installers.base_price AS installers_base_price, installers.is_debtor AS installers_is_debtor, installers.comments AS installers_comments, installers.is_active AS installers_is_active, installers.is_in_funnel AS installers_is_in_funnel, installers.total_orders AS installers_total_orders, installers.poor_work_count AS installers_poor_work_count, installers.warranty_visits_count AS installers_warranty_visits_count, installers.last_incident_date AS installers_last_incident_date, installers.updated_at AS installers_updated_at, installers.created_at AS installers_created_at, installers.deleted_at AS installers_deleted_at 
FROM installers 
WHERE installers.id IN ($1::INTEGER)
2026-02-18 09:14:00,778 - sqlalchemy.engine.Engine - INFO - [cached since 29.98s ago] (1,)
2026-02-18 09:14:00,779 - sqlalchemy.engine.Engine - INFO - SELECT finance.order_id AS finance_order_id, finance.id AS finance_id, finance.purchase_price AS finance_purchase_price, finance.sale_price_client AS finance_sale_price_client, finance.installer_pay AS finance_installer_pay, finance.my_commission AS finance_my_commission, finance.profit AS finance_profit, finance.margin AS finance_margin, finance.profit_percent AS finance_profit_percent, finance.payment_state AS finance_payment_state, finance.installer_returned_money AS finance_installer_returned_money, finance.updated_at AS finance_updated_at, finance.created_at AS finance_created_at 
FROM finance 
WHERE finance.order_id IN ($1::INTEGER, $2::INTEGER, $3::INTEGER, $4::INTEGER, $5::INTEGER, $6::INTEGER, $7::INTEGER, $8::INTEGER)
2026-02-18 09:14:00,779 - sqlalchemy.engine.Engine - INFO - [cached since 29.98s ago] (2, 3, 4, 1, 6, 7, 8, 9)
2026-02-18 09:14:00,781 - sqlalchemy.engine.Engine - INFO - SELECT clients.id AS clients_id, clients.full_name AS clients_full_name, clients.phone AS clients_phone, clients.address AS clients_address, clients.coordinates AS clients_coordinates, clients.created_at AS clients_created_at, clients.last_contact AS clients_last_contact, clients.comments AS clients_comments, clients.updated_at AS clients_updated_at, clients.backup_phone AS clients_backup_phone, clients.deleted_at AS clients_deleted_at 
FROM clients 
WHERE clients.id IN ($1::INTEGER, $2::INTEGER, $3::INTEGER, $4::INTEGER, $5::INTEGER, $6::INTEGER, $7::INTEGER, $8::INTEGER)
2026-02-18 09:14:00,781 - sqlalchemy.engine.Engine - INFO - [cached since 29.98s ago] (1, 2, 3, 4, 5, 9, 10, 12)
2026-02-18 09:14:00,783 - sqlalchemy.engine.Engine - INFO - ROLLBACK
2026-02-18 09:14:01,928 - sqlalchemy.engine.Engine - INFO - BEGIN (implicit)
2026-02-18 09:14:01,929 - sqlalchemy.engine.Engine - INFO - SELECT admins.id, admins.username, admins.password_hash, admins.created_at 
FROM admins 
WHERE admins.username = $1::VARCHAR
2026-02-18 09:14:01,929 - sqlalchemy.engine.Engine - INFO - [cached since 81.25s ago] ('zhura2296@yandex.ru',)
2026-02-18 09:14:01,930 - sqlalchemy.engine.Engine - INFO - BEGIN (implicit)
2026-02-18 09:14:01,930 - sqlalchemy.engine.Engine - INFO - SELECT orders.id, orders.client_id, orders.installer_id, orders.status, orders.service_type, orders.warehouse, orders.service_datetime, orders.delivery_datetime, orders.promise, orders.marker_color, orders.address_id, orders.address_text, orders.created_at, orders.updated_at 
FROM orders 
WHERE orders.id = $1::INTEGER
2026-02-18 09:14:01,930 - sqlalchemy.engine.Engine - INFO - [cached since 26.18s ago] (7,)
2026-02-18 09:14:01,931 - sqlalchemy.engine.Engine - INFO - SELECT installers.id, installers.full_name, installers.nickname, installers.phone, installers.backup_phone, installers.specialization, installers.rating, installers.base_price, installers.is_debtor, installers.comments, installers.is_active, installers.is_in_funnel, installers.total_orders, installers.poor_work_count, installers.warranty_visits_count, installers.last_incident_date, installers.updated_at, installers.created_at, installers.deleted_at 
FROM installers 
WHERE installers.deleted_at IS NULL 
 LIMIT $1::INTEGER OFFSET $2::INTEGER
2026-02-18 09:14:01,931 - sqlalchemy.engine.Engine - INFO - [cached since 80.92s ago] (100, 0)
2026-02-18 09:14:01,933 - sqlalchemy.engine.Engine - INFO - SELECT installers.id AS installers_id, installers.full_name AS installers_full_name, installers.nickname AS installers_nickname, installers.phone AS installers_phone, installers.backup_phone AS installers_backup_phone, installers.specialization AS installers_specialization, installers.rating AS installers_rating, installers.base_price AS installers_base_price, installers.is_debtor AS installers_is_debtor, installers.comments AS installers_comments, installers.is_active AS installers_is_active, installers.is_in_funnel AS installers_is_in_funnel, installers.total_orders AS installers_total_orders, installers.poor_work_count AS installers_poor_work_count, installers.warranty_visits_count AS installers_warranty_visits_count, installers.last_incident_date AS installers_last_incident_date, installers.updated_at AS installers_updated_at, installers.created_at AS installers_created_at, installers.deleted_at AS installers_deleted_at 
FROM installers 
WHERE installers.id IN ($1::INTEGER)
2026-02-18 09:14:01,933 - sqlalchemy.engine.Engine - INFO - [cached since 31.14s ago] (1,)
2026-02-18 09:14:01,935 - sqlalchemy.engine.Engine - INFO - SELECT finance.order_id AS finance_order_id, finance.id AS finance_id, finance.purchase_price AS finance_purchase_price, finance.sale_price_client AS finance_sale_price_client, finance.installer_pay AS finance_installer_pay, finance.my_commission AS finance_my_commission, finance.profit AS finance_profit, finance.margin AS finance_margin, finance.profit_percent AS finance_profit_percent, finance.payment_state AS finance_payment_state, finance.installer_returned_money AS finance_installer_returned_money, finance.updated_at AS finance_updated_at, finance.created_at AS finance_created_at 
FROM finance 
WHERE finance.order_id IN ($1::INTEGER)
2026-02-18 09:14:01,935 - sqlalchemy.engine.Engine - INFO - [cached since 31.14s ago] (7,)
2026-02-18 09:14:01,936 - sqlalchemy.engine.Engine - INFO - BEGIN (implicit)
2026-02-18 09:14:01,936 - sqlalchemy.engine.Engine - INFO - SELECT admins.id, admins.username, admins.password_hash, admins.created_at 
FROM admins 
WHERE admins.username = $1::VARCHAR
2026-02-18 09:14:01,936 - sqlalchemy.engine.Engine - INFO - [cached since 81.25s ago] ('zhura2296@yandex.ru',)
2026-02-18 09:14:01,937 - sqlalchemy.engine.Engine - INFO - ROLLBACK
2026-02-18 09:14:01,937 - sqlalchemy.engine.Engine - INFO - SELECT clients.id AS clients_id, clients.full_name AS clients_full_name, clients.phone AS clients_phone, clients.address AS clients_address, clients.coordinates AS clients_coordinates, clients.created_at AS clients_created_at, clients.last_contact AS clients_last_contact, clients.comments AS clients_comments, clients.updated_at AS clients_updated_at, clients.backup_phone AS clients_backup_phone, clients.deleted_at AS clients_deleted_at 
FROM clients 
WHERE clients.id IN ($1::INTEGER)
2026-02-18 09:14:01,938 - sqlalchemy.engine.Engine - INFO - [cached since 31.14s ago] (10,)
2026-02-18 09:14:01,938 - sqlalchemy.engine.Engine - INFO - SELECT installers.id, installers.full_name, installers.nickname, installers.phone, installers.backup_phone, installers.specialization, installers.rating, installers.base_price, installers.is_debtor, installers.comments, installers.is_active, installers.is_in_funnel, installers.total_orders, installers.poor_work_count, installers.warranty_visits_count, installers.last_incident_date, installers.updated_at, installers.created_at, installers.deleted_at 
FROM installers 
WHERE installers.deleted_at IS NULL 
 LIMIT $1::INTEGER OFFSET $2::INTEGER
2026-02-18 09:14:01,938 - sqlalchemy.engine.Engine - INFO - [cached since 80.92s ago] (100, 0)
2026-02-18 09:14:01,940 - sqlalchemy.engine.Engine - INFO - BEGIN (implicit)
2026-02-18 09:14:01,941 - sqlalchemy.engine.Engine - INFO - SELECT orders.id, orders.client_id, orders.installer_id, orders.status, orders.service_type, orders.warehouse, orders.service_datetime, orders.delivery_datetime, orders.promise, orders.marker_color, orders.address_id, orders.address_text, orders.created_at, orders.updated_at 
FROM orders 
WHERE orders.id = $1::INTEGER
2026-02-18 09:14:01,941 - sqlalchemy.engine.Engine - INFO - [cached since 26.19s ago] (7,)
2026-02-18 09:14:01,941 - sqlalchemy.engine.Engine - INFO - ROLLBACK
2026-02-18 09:14:01,941 - sqlalchemy.engine.Engine - INFO - ROLLBACK
2026-02-18 09:14:01,942 - sqlalchemy.engine.Engine - INFO - SELECT installers.id AS installers_id, installers.full_name AS installers_full_name, installers.nickname AS installers_nickname, installers.phone AS installers_phone, installers.backup_phone AS installers_backup_phone, installers.specialization AS installers_specialization, installers.rating AS installers_rating, installers.base_price AS installers_base_price, installers.is_debtor AS installers_is_debtor, installers.comments AS installers_comments, installers.is_active AS installers_is_active, installers.is_in_funnel AS installers_is_in_funnel, installers.total_orders AS installers_total_orders, installers.poor_work_count AS installers_poor_work_count, installers.warranty_visits_count AS installers_warranty_visits_count, installers.last_incident_date AS installers_last_incident_date, installers.updated_at AS installers_updated_at, installers.created_at AS installers_created_at, installers.deleted_at AS installers_deleted_at 
FROM installers 
WHERE installers.id IN ($1::INTEGER)
2026-02-18 09:14:01,942 - sqlalchemy.engine.Engine - INFO - [cached since 31.15s ago] (1,)
2026-02-18 09:14:01,943 - sqlalchemy.engine.Engine - INFO - SELECT finance.order_id AS finance_order_id, finance.id AS finance_id, finance.purchase_price AS finance_purchase_price, finance.sale_price_client AS finance_sale_price_client, finance.installer_pay AS finance_installer_pay, finance.my_commission AS finance_my_commission, finance.profit AS finance_profit, finance.margin AS finance_margin, finance.profit_percent AS finance_profit_percent, finance.payment_state AS finance_payment_state, finance.installer_returned_money AS finance_installer_returned_money, finance.updated_at AS finance_updated_at, finance.created_at AS finance_created_at 
FROM finance 
WHERE finance.order_id IN ($1::INTEGER)
2026-02-18 09:14:01,943 - sqlalchemy.engine.Engine - INFO - [cached since 31.15s ago] (7,)
2026-02-18 09:14:01,944 - sqlalchemy.engine.Engine - INFO - SELECT clients.id AS clients_id, clients.full_name AS clients_full_name, clients.phone AS clients_phone, clients.address AS clients_address, clients.coordinates AS clients_coordinates, clients.created_at AS clients_created_at, clients.last_contact AS clients_last_contact, clients.comments AS clients_comments, clients.updated_at AS clients_updated_at, clients.backup_phone AS clients_backup_phone, clients.deleted_at AS clients_deleted_at 
FROM clients 
WHERE clients.id IN ($1::INTEGER)
2026-02-18 09:14:01,944 - sqlalchemy.engine.Engine - INFO - [cached since 31.14s ago] (10,)
2026-02-18 09:14:01,945 - sqlalchemy.engine.Engine - INFO - ROLLBACK
2026-02-18 09:14:03,411 - sqlalchemy.engine.Engine - INFO - BEGIN (implicit)
2026-02-18 09:14:03,412 - sqlalchemy.engine.Engine - INFO - SELECT orders.id, orders.client_id, orders.installer_id, orders.status, orders.service_type, orders.warehouse, orders.service_datetime, orders.delivery_datetime, orders.promise, orders.marker_color, orders.address_id, orders.address_text, orders.created_at, orders.updated_at 
FROM orders 
 LIMIT $1::INTEGER OFFSET $2::INTEGER
2026-02-18 09:14:03,412 - sqlalchemy.engine.Engine - INFO - [cached since 32.63s ago] (100, 0)
2026-02-18 09:14:03,418 - sqlalchemy.engine.Engine - INFO - SELECT installers.id AS installers_id, installers.full_name AS installers_full_name, installers.nickname AS installers_nickname, installers.phone AS installers_phone, installers.backup_phone AS installers_backup_phone, installers.specialization AS installers_specialization, installers.rating AS installers_rating, installers.base_price AS installers_base_price, installers.is_debtor AS installers_is_debtor, installers.comments AS installers_comments, installers.is_active AS installers_is_active, installers.is_in_funnel AS installers_is_in_funnel, installers.total_orders AS installers_total_orders, installers.poor_work_count AS installers_poor_work_count, installers.warranty_visits_count AS installers_warranty_visits_count, installers.last_incident_date AS installers_last_incident_date, installers.updated_at AS installers_updated_at, installers.created_at AS installers_created_at, installers.deleted_at AS installers_deleted_at 
FROM installers 
WHERE installers.id IN ($1::INTEGER)
2026-02-18 09:14:03,419 - sqlalchemy.engine.Engine - INFO - [cached since 32.62s ago] (1,)
2026-02-18 09:14:03,424 - sqlalchemy.engine.Engine - INFO - SELECT finance.order_id AS finance_order_id, finance.id AS finance_id, finance.purchase_price AS finance_purchase_price, finance.sale_price_client AS finance_sale_price_client, finance.installer_pay AS finance_installer_pay, finance.my_commission AS finance_my_commission, finance.profit AS finance_profit, finance.margin AS finance_margin, finance.profit_percent AS finance_profit_percent, finance.payment_state AS finance_payment_state, finance.installer_returned_money AS finance_installer_returned_money, finance.updated_at AS finance_updated_at, finance.created_at AS finance_created_at 
FROM finance 
WHERE finance.order_id IN ($1::INTEGER, $2::INTEGER, $3::INTEGER, $4::INTEGER, $5::INTEGER, $6::INTEGER, $7::INTEGER, $8::INTEGER)
2026-02-18 09:14:03,425 - sqlalchemy.engine.Engine - INFO - [cached since 32.63s ago] (2, 3, 4, 1, 6, 7, 8, 9)
2026-02-18 09:14:03,430 - sqlalchemy.engine.Engine - INFO - SELECT clients.id AS clients_id, clients.full_name AS clients_full_name, clients.phone AS clients_phone, clients.address AS clients_address, clients.coordinates AS clients_coordinates, clients.created_at AS clients_created_at, clients.last_contact AS clients_last_contact, clients.comments AS clients_comments, clients.updated_at AS clients_updated_at, clients.backup_phone AS clients_backup_phone, clients.deleted_at AS clients_deleted_at 
FROM clients 
WHERE clients.id IN ($1::INTEGER, $2::INTEGER, $3::INTEGER, $4::INTEGER, $5::INTEGER, $6::INTEGER, $7::INTEGER, $8::INTEGER)
2026-02-18 09:14:03,431 - sqlalchemy.engine.Engine - INFO - [cached since 32.63s ago] (1, 2, 3, 4, 5, 9, 10, 12)
2026-02-18 09:14:03,438 - sqlalchemy.engine.Engine - INFO - ROLLBACK
2026-02-18 09:14:03,440 - sqlalchemy.engine.Engine - INFO - BEGIN (implicit)
2026-02-18 09:14:03,441 - sqlalchemy.engine.Engine - INFO - SELECT orders.id, orders.client_id, orders.installer_id, orders.status, orders.service_type, orders.warehouse, orders.service_datetime, orders.delivery_datetime, orders.promise, orders.marker_color, orders.address_id, orders.address_text, orders.created_at, orders.updated_at 
FROM orders 
 LIMIT $1::INTEGER OFFSET $2::INTEGER
2026-02-18 09:14:03,441 - sqlalchemy.engine.Engine - INFO - [cached since 32.66s ago] (100, 0)
2026-02-18 09:14:03,446 - sqlalchemy.engine.Engine - INFO - SELECT installers.id AS installers_id, installers.full_name AS installers_full_name, installers.nickname AS installers_nickname, installers.phone AS installers_phone, installers.backup_phone AS installers_backup_phone, installers.specialization AS installers_specialization, installers.rating AS installers_rating, installers.base_price AS installers_base_price, installers.is_debtor AS installers_is_debtor, installers.comments AS installers_comments, installers.is_active AS installers_is_active, installers.is_in_funnel AS installers_is_in_funnel, installers.total_orders AS installers_total_orders, installers.poor_work_count AS installers_poor_work_count, installers.warranty_visits_count AS installers_warranty_visits_count, installers.last_incident_date AS installers_last_incident_date, installers.updated_at AS installers_updated_at, installers.created_at AS installers_created_at, installers.deleted_at AS installers_deleted_at 
FROM installers 
WHERE installers.id IN ($1::INTEGER)
2026-02-18 09:14:03,446 - sqlalchemy.engine.Engine - INFO - [cached since 32.65s ago] (1,)
2026-02-18 09:14:03,448 - sqlalchemy.engine.Engine - INFO - SELECT finance.order_id AS finance_order_id, finance.id AS finance_id, finance.purchase_price AS finance_purchase_price, finance.sale_price_client AS finance_sale_price_client, finance.installer_pay AS finance_installer_pay, finance.my_commission AS finance_my_commission, finance.profit AS finance_profit, finance.margin AS finance_margin, finance.profit_percent AS finance_profit_percent, finance.payment_state AS finance_payment_state, finance.installer_returned_money AS finance_installer_returned_money, finance.updated_at AS finance_updated_at, finance.created_at AS finance_created_at 
FROM finance 
WHERE finance.order_id IN ($1::INTEGER, $2::INTEGER, $3::INTEGER, $4::INTEGER, $5::INTEGER, $6::INTEGER, $7::INTEGER, $8::INTEGER)
2026-02-18 09:14:03,448 - sqlalchemy.engine.Engine - INFO - [cached since 32.65s ago] (2, 3, 4, 1, 6, 7, 8, 9)
2026-02-18 09:14:03,449 - sqlalchemy.engine.Engine - INFO - SELECT clients.id AS clients_id, clients.full_name AS clients_full_name, clients.phone AS clients_phone, clients.address AS clients_address, clients.coordinates AS clients_coordinates, clients.created_at AS clients_created_at, clients.last_contact AS clients_last_contact, clients.comments AS clients_comments, clients.updated_at AS clients_updated_at, clients.backup_phone AS clients_backup_phone, clients.deleted_at AS clients_deleted_at 
FROM clients 
WHERE clients.id IN ($1::INTEGER, $2::INTEGER, $3::INTEGER, $4::INTEGER, $5::INTEGER, $6::INTEGER, $7::INTEGER, $8::INTEGER)
2026-02-18 09:14:03,449 - sqlalchemy.engine.Engine - INFO - [cached since 32.65s ago] (1, 2, 3, 4, 5, 9, 10, 12)
2026-02-18 09:14:03,450 - sqlalchemy.engine.Engine - INFO - ROLLBACK
2026-02-18 09:14:05,556 - sqlalchemy.engine.Engine - INFO - BEGIN (implicit)
2026-02-18 09:14:05,556 - sqlalchemy.engine.Engine - INFO - SELECT admins.id, admins.username, admins.password_hash, admins.created_at 
FROM admins 
WHERE admins.username = $1::VARCHAR
2026-02-18 09:14:05,556 - sqlalchemy.engine.Engine - INFO - [cached since 84.87s ago] ('zhura2296@yandex.ru',)
2026-02-18 09:14:05,559 - sqlalchemy.engine.Engine - INFO - SELECT installers.id, installers.full_name, installers.nickname, installers.phone, installers.backup_phone, installers.specialization, installers.rating, installers.base_price, installers.is_debtor, installers.comments, installers.is_active, installers.is_in_funnel, installers.total_orders, installers.poor_work_count, installers.warranty_visits_count, installers.last_incident_date, installers.updated_at, installers.created_at, installers.deleted_at 
FROM installers 
WHERE installers.deleted_at IS NULL 
 LIMIT $1::INTEGER OFFSET $2::INTEGER
2026-02-18 09:14:05,559 - sqlalchemy.engine.Engine - INFO - [cached since 84.54s ago] (100, 0)
2026-02-18 09:14:05,561 - sqlalchemy.engine.Engine - INFO - BEGIN (implicit)
2026-02-18 09:14:05,562 - sqlalchemy.engine.Engine - INFO - SELECT orders.id, orders.client_id, orders.installer_id, orders.status, orders.service_type, orders.warehouse, orders.service_datetime, orders.delivery_datetime, orders.promise, orders.marker_color, orders.address_id, orders.address_text, orders.created_at, orders.updated_at 
FROM orders 
WHERE orders.id = $1::INTEGER
2026-02-18 09:14:05,562 - sqlalchemy.engine.Engine - INFO - [cached since 29.81s ago] (3,)
2026-02-18 09:14:05,566 - sqlalchemy.engine.Engine - INFO - SELECT finance.order_id AS finance_order_id, finance.id AS finance_id, finance.purchase_price AS finance_purchase_price, finance.sale_price_client AS finance_sale_price_client, finance.installer_pay AS finance_installer_pay, finance.my_commission AS finance_my_commission, finance.profit AS finance_profit, finance.margin AS finance_margin, finance.profit_percent AS finance_profit_percent, finance.payment_state AS finance_payment_state, finance.installer_returned_money AS finance_installer_returned_money, finance.updated_at AS finance_updated_at, finance.created_at AS finance_created_at 
FROM finance 
WHERE finance.order_id IN ($1::INTEGER)
2026-02-18 09:14:05,567 - sqlalchemy.engine.Engine - INFO - [cached since 34.77s ago] (3,)
2026-02-18 09:14:05,569 - sqlalchemy.engine.Engine - INFO - BEGIN (implicit)
2026-02-18 09:14:05,569 - sqlalchemy.engine.Engine - INFO - SELECT admins.id, admins.username, admins.password_hash, admins.created_at 
FROM admins 
WHERE admins.username = $1::VARCHAR
2026-02-18 09:14:05,570 - sqlalchemy.engine.Engine - INFO - [cached since 84.89s ago] ('zhura2296@yandex.ru',)
2026-02-18 09:14:05,570 - sqlalchemy.engine.Engine - INFO - ROLLBACK
2026-02-18 09:14:05,571 - sqlalchemy.engine.Engine - INFO - SELECT clients.id AS clients_id, clients.full_name AS clients_full_name, clients.phone AS clients_phone, clients.address AS clients_address, clients.coordinates AS clients_coordinates, clients.created_at AS clients_created_at, clients.last_contact AS clients_last_contact, clients.comments AS clients_comments, clients.updated_at AS clients_updated_at, clients.backup_phone AS clients_backup_phone, clients.deleted_at AS clients_deleted_at 
FROM clients 
WHERE clients.id IN ($1::INTEGER)
2026-02-18 09:14:05,571 - sqlalchemy.engine.Engine - INFO - [cached since 34.77s ago] (3,)
2026-02-18 09:14:05,571 - sqlalchemy.engine.Engine - INFO - SELECT installers.id, installers.full_name, installers.nickname, installers.phone, installers.backup_phone, installers.specialization, installers.rating, installers.base_price, installers.is_debtor, installers.comments, installers.is_active, installers.is_in_funnel, installers.total_orders, installers.poor_work_count, installers.warranty_visits_count, installers.last_incident_date, installers.updated_at, installers.created_at, installers.deleted_at 
FROM installers 
WHERE installers.deleted_at IS NULL 
 LIMIT $1::INTEGER OFFSET $2::INTEGER
2026-02-18 09:14:05,571 - sqlalchemy.engine.Engine - INFO - [cached since 84.56s ago] (100, 0)
2026-02-18 09:14:05,573 - sqlalchemy.engine.Engine - INFO - ROLLBACK
2026-02-18 09:14:05,573 - sqlalchemy.engine.Engine - INFO - ROLLBACK
2026-02-18 09:14:05,574 - sqlalchemy.engine.Engine - INFO - BEGIN (implicit)
2026-02-18 09:14:05,574 - sqlalchemy.engine.Engine - INFO - SELECT orders.id, orders.client_id, orders.installer_id, orders.status, orders.service_type, orders.warehouse, orders.service_datetime, orders.delivery_datetime, orders.promise, orders.marker_color, orders.address_id, orders.address_text, orders.created_at, orders.updated_at 
FROM orders 
WHERE orders.id = $1::INTEGER
2026-02-18 09:14:05,575 - sqlalchemy.engine.Engine - INFO - [cached since 29.83s ago] (3,)
2026-02-18 09:14:05,577 - sqlalchemy.engine.Engine - INFO - SELECT finance.order_id AS finance_order_id, finance.id AS finance_id, finance.purchase_price AS finance_purchase_price, finance.sale_price_client AS finance_sale_price_client, finance.installer_pay AS finance_installer_pay, finance.my_commission AS finance_my_commission, finance.profit AS finance_profit, finance.margin AS finance_margin, finance.profit_percent AS finance_profit_percent, finance.payment_state AS finance_payment_state, finance.installer_returned_money AS finance_installer_returned_money, finance.updated_at AS finance_updated_at, finance.created_at AS finance_created_at 
FROM finance 
WHERE finance.order_id IN ($1::INTEGER)
2026-02-18 09:14:05,577 - sqlalchemy.engine.Engine - INFO - [cached since 34.78s ago] (3,)
2026-02-18 09:14:05,578 - sqlalchemy.engine.Engine - INFO - SELECT clients.id AS clients_id, clients.full_name AS clients_full_name, clients.phone AS clients_phone, clients.address AS clients_address, clients.coordinates AS clients_coordinates, clients.created_at AS clients_created_at, clients.last_contact AS clients_last_contact, clients.comments AS clients_comments, clients.updated_at AS clients_updated_at, clients.backup_phone AS clients_backup_phone, clients.deleted_at AS clients_deleted_at 
FROM clients 
WHERE clients.id IN ($1::INTEGER)
2026-02-18 09:14:05,578 - sqlalchemy.engine.Engine - INFO - [cached since 34.78s ago] (3,)
2026-02-18 09:14:05,580 - sqlalchemy.engine.Engine - INFO - ROLLBACK
2026-02-18 09:14:07,970 - sqlalchemy.engine.Engine - INFO - BEGIN (implicit)
2026-02-18 09:14:07,971 - sqlalchemy.engine.Engine - INFO - SELECT orders.id, orders.client_id, orders.installer_id, orders.status, orders.service_type, orders.warehouse, orders.service_datetime, orders.delivery_datetime, orders.promise, orders.marker_color, orders.address_id, orders.address_text, orders.created_at, orders.updated_at 
FROM orders 
 LIMIT $1::INTEGER OFFSET $2::INTEGER
2026-02-18 09:14:07,971 - sqlalchemy.engine.Engine - INFO - [cached since 37.19s ago] (100, 0)
2026-02-18 09:14:07,973 - sqlalchemy.engine.Engine - INFO - SELECT installers.id AS installers_id, installers.full_name AS installers_full_name, installers.nickname AS installers_nickname, installers.phone AS installers_phone, installers.backup_phone AS installers_backup_phone, installers.specialization AS installers_specialization, installers.rating AS installers_rating, installers.base_price AS installers_base_price, installers.is_debtor AS installers_is_debtor, installers.comments AS installers_comments, installers.is_active AS installers_is_active, installers.is_in_funnel AS installers_is_in_funnel, installers.total_orders AS installers_total_orders, installers.poor_work_count AS installers_poor_work_count, installers.warranty_visits_count AS installers_warranty_visits_count, installers.last_incident_date AS installers_last_incident_date, installers.updated_at AS installers_updated_at, installers.created_at AS installers_created_at, installers.deleted_at AS installers_deleted_at 
FROM installers 
WHERE installers.id IN ($1::INTEGER)
2026-02-18 09:14:07,974 - sqlalchemy.engine.Engine - INFO - [cached since 37.18s ago] (1,)
2026-02-18 09:14:07,975 - sqlalchemy.engine.Engine - INFO - SELECT finance.order_id AS finance_order_id, finance.id AS finance_id, finance.purchase_price AS finance_purchase_price, finance.sale_price_client AS finance_sale_price_client, finance.installer_pay AS finance_installer_pay, finance.my_commission AS finance_my_commission, finance.profit AS finance_profit, finance.margin AS finance_margin, finance.profit_percent AS finance_profit_percent, finance.payment_state AS finance_payment_state, finance.installer_returned_money AS finance_installer_returned_money, finance.updated_at AS finance_updated_at, finance.created_at AS finance_created_at 
FROM finance 
WHERE finance.order_id IN ($1::INTEGER, $2::INTEGER, $3::INTEGER, $4::INTEGER, $5::INTEGER, $6::INTEGER, $7::INTEGER, $8::INTEGER)
2026-02-18 09:14:07,976 - sqlalchemy.engine.Engine - INFO - [cached since 37.18s ago] (2, 3, 4, 1, 6, 7, 8, 9)
2026-02-18 09:14:07,977 - sqlalchemy.engine.Engine - INFO - SELECT clients.id AS clients_id, clients.full_name AS clients_full_name, clients.phone AS clients_phone, clients.address AS clients_address, clients.coordinates AS clients_coordinates, clients.created_at AS clients_created_at, clients.last_contact AS clients_last_contact, clients.comments AS clients_comments, clients.updated_at AS clients_updated_at, clients.backup_phone AS clients_backup_phone, clients.deleted_at AS clients_deleted_at 
FROM clients 
WHERE clients.id IN ($1::INTEGER, $2::INTEGER, $3::INTEGER, $4::INTEGER, $5::INTEGER, $6::INTEGER, $7::INTEGER, $8::INTEGER)
2026-02-18 09:14:07,978 - sqlalchemy.engine.Engine - INFO - [cached since 37.18s ago] (1, 2, 3, 4, 5, 9, 10, 12)
2026-02-18 09:14:07,980 - sqlalchemy.engine.Engine - INFO - ROLLBACK
2026-02-18 09:14:07,981 - sqlalchemy.engine.Engine - INFO - BEGIN (implicit)
2026-02-18 09:14:07,982 - sqlalchemy.engine.Engine - INFO - SELECT orders.id, orders.client_id, orders.installer_id, orders.status, orders.service_type, orders.warehouse, orders.service_datetime, orders.delivery_datetime, orders.promise, orders.marker_color, orders.address_id, orders.address_text, orders.created_at, orders.updated_at 
FROM orders 
 LIMIT $1::INTEGER OFFSET $2::INTEGER
2026-02-18 09:14:07,982 - sqlalchemy.engine.Engine - INFO - [cached since 37.2s ago] (100, 0)
2026-02-18 09:14:07,983 - sqlalchemy.engine.Engine - INFO - SELECT installers.id AS installers_id, installers.full_name AS installers_full_name, installers.nickname AS installers_nickname, installers.phone AS installers_phone, installers.backup_phone AS installers_backup_phone, installers.specialization AS installers_specialization, installers.rating AS installers_rating, installers.base_price AS installers_base_price, installers.is_debtor AS installers_is_debtor, installers.comments AS installers_comments, installers.is_active AS installers_is_active, installers.is_in_funnel AS installers_is_in_funnel, installers.total_orders AS installers_total_orders, installers.poor_work_count AS installers_poor_work_count, installers.warranty_visits_count AS installers_warranty_visits_count, installers.last_incident_date AS installers_last_incident_date, installers.updated_at AS installers_updated_at, installers.created_at AS installers_created_at, installers.deleted_at AS installers_deleted_at 
FROM installers 
WHERE installers.id IN ($1::INTEGER)
2026-02-18 09:14:07,984 - sqlalchemy.engine.Engine - INFO - [cached since 37.19s ago] (1,)
2026-02-18 09:14:07,985 - sqlalchemy.engine.Engine - INFO - SELECT finance.order_id AS finance_order_id, finance.id AS finance_id, finance.purchase_price AS finance_purchase_price, finance.sale_price_client AS finance_sale_price_client, finance.installer_pay AS finance_installer_pay, finance.my_commission AS finance_my_commission, finance.profit AS finance_profit, finance.margin AS finance_margin, finance.profit_percent AS finance_profit_percent, finance.payment_state AS finance_payment_state, finance.installer_returned_money AS finance_installer_returned_money, finance.updated_at AS finance_updated_at, finance.created_at AS finance_created_at 
FROM finance 
WHERE finance.order_id IN ($1::INTEGER, $2::INTEGER, $3::INTEGER, $4::INTEGER, $5::INTEGER, $6::INTEGER, $7::INTEGER, $8::INTEGER)
2026-02-18 09:14:07,985 - sqlalchemy.engine.Engine - INFO - [cached since 37.19s ago] (2, 3, 4, 1, 6, 7, 8, 9)
2026-02-18 09:14:07,986 - sqlalchemy.engine.Engine - INFO - SELECT clients.id AS clients_id, clients.full_name AS clients_full_name, clients.phone AS clients_phone, clients.address AS clients_address, clients.coordinates AS clients_coordinates, clients.created_at AS clients_created_at, clients.last_contact AS clients_last_contact, clients.comments AS clients_comments, clients.updated_at AS clients_updated_at, clients.backup_phone AS clients_backup_phone, clients.deleted_at AS clients_deleted_at 
FROM clients 
WHERE clients.id IN ($1::INTEGER, $2::INTEGER, $3::INTEGER, $4::INTEGER, $5::INTEGER, $6::INTEGER, $7::INTEGER, $8::INTEGER)
2026-02-18 09:14:07,986 - sqlalchemy.engine.Engine - INFO - [cached since 37.19s ago] (1, 2, 3, 4, 5, 9, 10, 12)
2026-02-18 09:14:07,988 - sqlalchemy.engine.Engine - INFO - ROLLBACK
2026-02-18 09:14:08,991 - sqlalchemy.engine.Engine - INFO - BEGIN (implicit)
2026-02-18 09:14:08,991 - sqlalchemy.engine.Engine - INFO - SELECT admins.id, admins.username, admins.password_hash, admins.created_at 
FROM admins 
WHERE admins.username = $1::VARCHAR
2026-02-18 09:14:08,991 - sqlalchemy.engine.Engine - INFO - [cached since 88.31s ago] ('zhura2296@yandex.ru',)
2026-02-18 09:14:08,994 - sqlalchemy.engine.Engine - INFO - SELECT installers.id, installers.full_name, installers.nickname, installers.phone, installers.backup_phone, installers.specialization, installers.rating, installers.base_price, installers.is_debtor, installers.comments, installers.is_active, installers.is_in_funnel, installers.total_orders, installers.poor_work_count, installers.warranty_visits_count, installers.last_incident_date, installers.updated_at, installers.created_at, installers.deleted_at 
FROM installers 
WHERE installers.deleted_at IS NULL 
 LIMIT $1::INTEGER OFFSET $2::INTEGER
2026-02-18 09:14:08,994 - sqlalchemy.engine.Engine - INFO - [cached since 87.98s ago] (100, 0)
2026-02-18 09:14:08,995 - sqlalchemy.engine.Engine - INFO - BEGIN (implicit)
2026-02-18 09:14:08,995 - sqlalchemy.engine.Engine - INFO - SELECT orders.id, orders.client_id, orders.installer_id, orders.status, orders.service_type, orders.warehouse, orders.service_datetime, orders.delivery_datetime, orders.promise, orders.marker_color, orders.address_id, orders.address_text, orders.created_at, orders.updated_at 
FROM orders 
WHERE orders.id = $1::INTEGER
2026-02-18 09:14:08,995 - sqlalchemy.engine.Engine - INFO - [cached since 33.25s ago] (1,)
2026-02-18 09:14:08,997 - sqlalchemy.engine.Engine - INFO - SELECT installers.id AS installers_id, installers.full_name AS installers_full_name, installers.nickname AS installers_nickname, installers.phone AS installers_phone, installers.backup_phone AS installers_backup_phone, installers.specialization AS installers_specialization, installers.rating AS installers_rating, installers.base_price AS installers_base_price, installers.is_debtor AS installers_is_debtor, installers.comments AS installers_comments, installers.is_active AS installers_is_active, installers.is_in_funnel AS installers_is_in_funnel, installers.total_orders AS installers_total_orders, installers.poor_work_count AS installers_poor_work_count, installers.warranty_visits_count AS installers_warranty_visits_count, installers.last_incident_date AS installers_last_incident_date, installers.updated_at AS installers_updated_at, installers.created_at AS installers_created_at, installers.deleted_at AS installers_deleted_at 
FROM installers 
WHERE installers.id IN ($1::INTEGER)
2026-02-18 09:14:08,997 - sqlalchemy.engine.Engine - INFO - [cached since 38.2s ago] (1,)
2026-02-18 09:14:08,998 - sqlalchemy.engine.Engine - INFO - BEGIN (implicit)
2026-02-18 09:14:08,998 - sqlalchemy.engine.Engine - INFO - SELECT admins.id, admins.username, admins.password_hash, admins.created_at 
FROM admins 
WHERE admins.username = $1::VARCHAR
2026-02-18 09:14:08,998 - sqlalchemy.engine.Engine - INFO - [cached since 88.31s ago] ('zhura2296@yandex.ru',)
2026-02-18 09:14:08,998 - sqlalchemy.engine.Engine - INFO - ROLLBACK
2026-02-18 09:14:08,999 - sqlalchemy.engine.Engine - INFO - SELECT finance.order_id AS finance_order_id, finance.id AS finance_id, finance.purchase_price AS finance_purchase_price, finance.sale_price_client AS finance_sale_price_client, finance.installer_pay AS finance_installer_pay, finance.my_commission AS finance_my_commission, finance.profit AS finance_profit, finance.margin AS finance_margin, finance.profit_percent AS finance_profit_percent, finance.payment_state AS finance_payment_state, finance.installer_returned_money AS finance_installer_returned_money, finance.updated_at AS finance_updated_at, finance.created_at AS finance_created_at 
FROM finance 
WHERE finance.order_id IN ($1::INTEGER)
2026-02-18 09:14:08,999 - sqlalchemy.engine.Engine - INFO - [cached since 38.2s ago] (1,)
2026-02-18 09:14:09,000 - sqlalchemy.engine.Engine - INFO - SELECT clients.id AS clients_id, clients.full_name AS clients_full_name, clients.phone AS clients_phone, clients.address AS clients_address, clients.coordinates AS clients_coordinates, clients.created_at AS clients_created_at, clients.last_contact AS clients_last_contact, clients.comments AS clients_comments, clients.updated_at AS clients_updated_at, clients.backup_phone AS clients_backup_phone, clients.deleted_at AS clients_deleted_at 
FROM clients 
WHERE clients.id IN ($1::INTEGER)
2026-02-18 09:14:09,000 - sqlalchemy.engine.Engine - INFO - [cached since 38.2s ago] (1,)
2026-02-18 09:14:09,000 - sqlalchemy.engine.Engine - INFO - SELECT installers.id, installers.full_name, installers.nickname, installers.phone, installers.backup_phone, installers.specialization, installers.rating, installers.base_price, installers.is_debtor, installers.comments, installers.is_active, installers.is_in_funnel, installers.total_orders, installers.poor_work_count, installers.warranty_visits_count, installers.last_incident_date, installers.updated_at, installers.created_at, installers.deleted_at 
FROM installers 
WHERE installers.deleted_at IS NULL 
 LIMIT $1::INTEGER OFFSET $2::INTEGER
2026-02-18 09:14:09,000 - sqlalchemy.engine.Engine - INFO - [cached since 87.99s ago] (100, 0)
2026-02-18 09:14:09,002 - sqlalchemy.engine.Engine - INFO - ROLLBACK
2026-02-18 09:14:09,002 - sqlalchemy.engine.Engine - INFO - ROLLBACK
2026-02-18 09:14:09,003 - sqlalchemy.engine.Engine - INFO - BEGIN (implicit)
2026-02-18 09:14:09,003 - sqlalchemy.engine.Engine - INFO - SELECT orders.id, orders.client_id, orders.installer_id, orders.status, orders.service_type, orders.warehouse, orders.service_datetime, orders.delivery_datetime, orders.promise, orders.marker_color, orders.address_id, orders.address_text, orders.created_at, orders.updated_at 
FROM orders 
WHERE orders.id = $1::INTEGER
2026-02-18 09:14:09,003 - sqlalchemy.engine.Engine - INFO - [cached since 33.26s ago] (1,)
2026-02-18 09:14:09,004 - sqlalchemy.engine.Engine - INFO - SELECT installers.id AS installers_id, installers.full_name AS installers_full_name, installers.nickname AS installers_nickname, installers.phone AS installers_phone, installers.backup_phone AS installers_backup_phone, installers.specialization AS installers_specialization, installers.rating AS installers_rating, installers.base_price AS installers_base_price, installers.is_debtor AS installers_is_debtor, installers.comments AS installers_comments, installers.is_active AS installers_is_active, installers.is_in_funnel AS installers_is_in_funnel, installers.total_orders AS installers_total_orders, installers.poor_work_count AS installers_poor_work_count, installers.warranty_visits_count AS installers_warranty_visits_count, installers.last_incident_date AS installers_last_incident_date, installers.updated_at AS installers_updated_at, installers.created_at AS installers_created_at, installers.deleted_at AS installers_deleted_at 
FROM installers 
WHERE installers.id IN ($1::INTEGER)
2026-02-18 09:14:09,004 - sqlalchemy.engine.Engine - INFO - [cached since 38.21s ago] (1,)
2026-02-18 09:14:09,005 - sqlalchemy.engine.Engine - INFO - SELECT finance.order_id AS finance_order_id, finance.id AS finance_id, finance.purchase_price AS finance_purchase_price, finance.sale_price_client AS finance_sale_price_client, finance.installer_pay AS finance_installer_pay, finance.my_commission AS finance_my_commission, finance.profit AS finance_profit, finance.margin AS finance_margin, finance.profit_percent AS finance_profit_percent, finance.payment_state AS finance_payment_state, finance.installer_returned_money AS finance_installer_returned_money, finance.updated_at AS finance_updated_at, finance.created_at AS finance_created_at 
FROM finance 
WHERE finance.order_id IN ($1::INTEGER)
2026-02-18 09:14:09,005 - sqlalchemy.engine.Engine - INFO - [cached since 38.21s ago] (1,)
2026-02-18 09:14:09,006 - sqlalchemy.engine.Engine - INFO - SELECT clients.id AS clients_id, clients.full_name AS clients_full_name, clients.phone AS clients_phone, clients.address AS clients_address, clients.coordinates AS clients_coordinates, clients.created_at AS clients_created_at, clients.last_contact AS clients_last_contact, clients.comments AS clients_comments, clients.updated_at AS clients_updated_at, clients.backup_phone AS clients_backup_phone, clients.deleted_at AS clients_deleted_at 
FROM clients 
WHERE clients.id IN ($1::INTEGER)
2026-02-18 09:14:09,006 - sqlalchemy.engine.Engine - INFO - [cached since 38.21s ago] (1,)
2026-02-18 09:14:09,007 - sqlalchemy.engine.Engine - INFO - ROLLBACK
2026-02-18 09:17:00,430 - src.core.logging - INFO - Starting CRM application
2026-02-18 09:17:00,430 - apscheduler.scheduler - INFO - Adding job tentatively -- it will be properly scheduled when the scheduler starts
2026-02-18 09:17:00,430 - apscheduler.scheduler - INFO - Adding job tentatively -- it will be properly scheduled when the scheduler starts
2026-02-18 09:17:00,431 - apscheduler.scheduler - INFO - Added job "daily_backup_and_report" to job store "default"
2026-02-18 09:17:00,431 - apscheduler.scheduler - INFO - Added job "daily_backup_and_report" to job store "default"
2026-02-18 09:17:00,431 - apscheduler.scheduler - INFO - Scheduler started
2026-02-18 09:17:00,431 - src.core.logging - INFO - Scheduler started
2026-02-18 09:17:23,889 - sqlalchemy.engine.Engine - INFO - select pg_catalog.version()
2026-02-18 09:17:23,889 - sqlalchemy.engine.Engine - INFO - [raw sql] ()
2026-02-18 09:17:23,891 - sqlalchemy.engine.Engine - INFO - select current_schema()
2026-02-18 09:17:23,891 - sqlalchemy.engine.Engine - INFO - [raw sql] ()
2026-02-18 09:17:23,891 - sqlalchemy.engine.Engine - INFO - show standard_conforming_strings
2026-02-18 09:17:23,891 - sqlalchemy.engine.Engine - INFO - [raw sql] ()
2026-02-18 09:17:23,892 - sqlalchemy.engine.Engine - INFO - BEGIN (implicit)
2026-02-18 09:17:23,899 - sqlalchemy.engine.Engine - INFO - SELECT admins.id, admins.username, admins.password_hash, admins.created_at 
FROM admins 
WHERE admins.username = $1::VARCHAR
2026-02-18 09:17:23,899 - sqlalchemy.engine.Engine - INFO - [generated in 0.00017s] ('zhura2296@yandex.ru',)
2026-02-18 09:17:24,110 - sqlalchemy.engine.Engine - INFO - ROLLBACK
2026-02-18 09:17:24,183 - sqlalchemy.engine.Engine - INFO - BEGIN (implicit)
2026-02-18 09:17:24,184 - sqlalchemy.engine.Engine - INFO - SELECT admins.id, admins.username, admins.password_hash, admins.created_at 
FROM admins 
WHERE admins.username = $1::VARCHAR
2026-02-18 09:17:24,184 - sqlalchemy.engine.Engine - INFO - [cached since 0.2847s ago] ('zhura2296@yandex.ru',)
2026-02-18 09:17:24,187 - sqlalchemy.engine.Engine - INFO - SELECT clients.id, clients.full_name, clients.phone, clients.address, clients.coordinates, clients.created_at, clients.last_contact, clients.comments, clients.updated_at, clients.backup_phone, clients.deleted_at 
FROM clients 
 LIMIT $1::INTEGER OFFSET $2::INTEGER
2026-02-18 09:17:24,187 - sqlalchemy.engine.Engine - INFO - [generated in 0.00021s] (100, 0)
2026-02-18 09:17:24,204 - sqlalchemy.engine.Engine - INFO - ROLLBACK
2026-02-18 09:17:24,206 - sqlalchemy.engine.Engine - INFO - BEGIN (implicit)
2026-02-18 09:17:24,206 - sqlalchemy.engine.Engine - INFO - SELECT admins.id, admins.username, admins.password_hash, admins.created_at 
FROM admins 
WHERE admins.username = $1::VARCHAR
2026-02-18 09:17:24,206 - sqlalchemy.engine.Engine - INFO - [cached since 0.3069s ago] ('zhura2296@yandex.ru',)
2026-02-18 09:17:24,206 - sqlalchemy.engine.Engine - INFO - BEGIN (implicit)
2026-02-18 09:17:24,207 - sqlalchemy.engine.Engine - INFO - SELECT admins.id, admins.username, admins.password_hash, admins.created_at 
FROM admins 
WHERE admins.username = $1::VARCHAR
2026-02-18 09:17:24,207 - sqlalchemy.engine.Engine - INFO - [cached since 0.3076s ago] ('zhura2296@yandex.ru',)
2026-02-18 09:17:24,208 - sqlalchemy.engine.Engine - INFO - SELECT clients.id, clients.full_name, clients.phone, clients.address, clients.coordinates, clients.created_at, clients.last_contact, clients.comments, clients.updated_at, clients.backup_phone, clients.deleted_at 
FROM clients 
 LIMIT $1::INTEGER OFFSET $2::INTEGER
2026-02-18 09:17:24,208 - sqlalchemy.engine.Engine - INFO - [cached since 0.02082s ago] (100, 0)
2026-02-18 09:17:24,210 - sqlalchemy.engine.Engine - INFO - ROLLBACK
2026-02-18 09:17:24,212 - sqlalchemy.engine.Engine - INFO - SELECT installers.id, installers.full_name, installers.nickname, installers.phone, installers.backup_phone, installers.specialization, installers.rating, installers.base_price, installers.is_debtor, installers.comments, installers.is_active, installers.is_in_funnel, installers.total_orders, installers.poor_work_count, installers.warranty_visits_count, installers.last_incident_date, installers.updated_at, installers.created_at, installers.deleted_at 
FROM installers 
WHERE installers.deleted_at IS NULL 
 LIMIT $1::INTEGER OFFSET $2::INTEGER
2026-02-18 09:17:24,212 - sqlalchemy.engine.Engine - INFO - [generated in 0.00024s] (100, 0)
2026-02-18 09:17:24,216 - sqlalchemy.engine.Engine - INFO - ROLLBACK
2026-02-18 09:17:24,217 - sqlalchemy.engine.Engine - INFO - BEGIN (implicit)
2026-02-18 09:17:24,218 - sqlalchemy.engine.Engine - INFO - SELECT admins.id, admins.username, admins.password_hash, admins.created_at 
FROM admins 
WHERE admins.username = $1::VARCHAR
2026-02-18 09:17:24,218 - sqlalchemy.engine.Engine - INFO - [cached since 0.3188s ago] ('zhura2296@yandex.ru',)
2026-02-18 09:17:24,219 - sqlalchemy.engine.Engine - INFO - SELECT installers.id, installers.full_name, installers.nickname, installers.phone, installers.backup_phone, installers.specialization, installers.rating, installers.base_price, installers.is_debtor, installers.comments, installers.is_active, installers.is_in_funnel, installers.total_orders, installers.poor_work_count, installers.warranty_visits_count, installers.last_incident_date, installers.updated_at, installers.created_at, installers.deleted_at 
FROM installers 
WHERE installers.deleted_at IS NULL 
 LIMIT $1::INTEGER OFFSET $2::INTEGER
2026-02-18 09:17:24,219 - sqlalchemy.engine.Engine - INFO - [cached since 0.006819s ago] (100, 0)
2026-02-18 09:17:24,220 - sqlalchemy.engine.Engine - INFO - ROLLBACK
2026-02-18 09:17:25,894 - sqlalchemy.engine.Engine - INFO - BEGIN (implicit)
2026-02-18 09:17:25,894 - sqlalchemy.engine.Engine - INFO - SELECT admins.id, admins.username, admins.password_hash, admins.created_at 
FROM admins 
WHERE admins.username = $1::VARCHAR
2026-02-18 09:17:25,895 - sqlalchemy.engine.Engine - INFO - [cached since 1.996s ago] ('zhura2296@yandex.ru',)
2026-02-18 09:17:25,900 - sqlalchemy.engine.Engine - INFO - SELECT installers.id, installers.full_name, installers.nickname, installers.phone, installers.backup_phone, installers.specialization, installers.rating, installers.base_price, installers.is_debtor, installers.comments, installers.is_active, installers.is_in_funnel, installers.total_orders, installers.poor_work_count, installers.warranty_visits_count, installers.last_incident_date, installers.updated_at, installers.created_at, installers.deleted_at 
FROM installers 
WHERE installers.deleted_at IS NULL 
 LIMIT $1::INTEGER OFFSET $2::INTEGER
2026-02-18 09:17:25,901 - sqlalchemy.engine.Engine - INFO - [cached since 1.689s ago] (100, 0)
2026-02-18 09:17:25,905 - sqlalchemy.engine.Engine - INFO - ROLLBACK
2026-02-18 09:17:25,909 - sqlalchemy.engine.Engine - INFO - BEGIN (implicit)
2026-02-18 09:17:25,910 - sqlalchemy.engine.Engine - INFO - SELECT admins.id, admins.username, admins.password_hash, admins.created_at 
FROM admins 
WHERE admins.username = $1::VARCHAR
2026-02-18 09:17:25,910 - sqlalchemy.engine.Engine - INFO - [cached since 2.011s ago] ('zhura2296@yandex.ru',)
2026-02-18 09:17:25,913 - sqlalchemy.engine.Engine - INFO - SELECT installers.id, installers.full_name, installers.nickname, installers.phone, installers.backup_phone, installers.specialization, installers.rating, installers.base_price, installers.is_debtor, installers.comments, installers.is_active, installers.is_in_funnel, installers.total_orders, installers.poor_work_count, installers.warranty_visits_count, installers.last_incident_date, installers.updated_at, installers.created_at, installers.deleted_at 
FROM installers 
WHERE installers.deleted_at IS NULL 
 LIMIT $1::INTEGER OFFSET $2::INTEGER
2026-02-18 09:17:25,914 - sqlalchemy.engine.Engine - INFO - [cached since 1.702s ago] (100, 0)
2026-02-18 09:17:25,916 - sqlalchemy.engine.Engine - INFO - ROLLBACK
2026-02-18 09:17:27,314 - sqlalchemy.engine.Engine - INFO - BEGIN (implicit)
2026-02-18 09:17:27,319 - sqlalchemy.engine.Engine - INFO - SELECT orders.id, orders.client_id, orders.installer_id, orders.status, orders.service_type, orders.warehouse, orders.service_datetime, orders.delivery_datetime, orders.promise, orders.marker_color, orders.address_id, orders.address_text, orders.created_at, orders.updated_at 
FROM orders 
 LIMIT $1::INTEGER OFFSET $2::INTEGER
2026-02-18 09:17:27,319 - sqlalchemy.engine.Engine - INFO - [generated in 0.00020s] (100, 0)
2026-02-18 09:17:27,335 - sqlalchemy.engine.Engine - INFO - SELECT installers.id AS installers_id, installers.full_name AS installers_full_name, installers.nickname AS installers_nickname, installers.phone AS installers_phone, installers.backup_phone AS installers_backup_phone, installers.specialization AS installers_specialization, installers.rating AS installers_rating, installers.base_price AS installers_base_price, installers.is_debtor AS installers_is_debtor, installers.comments AS installers_comments, installers.is_active AS installers_is_active, installers.is_in_funnel AS installers_is_in_funnel, installers.total_orders AS installers_total_orders, installers.poor_work_count AS installers_poor_work_count, installers.warranty_visits_count AS installers_warranty_visits_count, installers.last_incident_date AS installers_last_incident_date, installers.updated_at AS installers_updated_at, installers.created_at AS installers_created_at, installers.deleted_at AS installers_deleted_at 
FROM installers 
WHERE installers.id IN ($1::INTEGER)
2026-02-18 09:17:27,336 - sqlalchemy.engine.Engine - INFO - [generated in 0.00021s] (1,)
2026-02-18 09:17:27,373 - sqlalchemy.engine.Engine - INFO - SELECT finance.order_id AS finance_order_id, finance.id AS finance_id, finance.purchase_price AS finance_purchase_price, finance.sale_price_client AS finance_sale_price_client, finance.installer_pay AS finance_installer_pay, finance.my_commission AS finance_my_commission, finance.profit AS finance_profit, finance.margin AS finance_margin, finance.profit_percent AS finance_profit_percent, finance.payment_state AS finance_payment_state, finance.installer_returned_money AS finance_installer_returned_money, finance.updated_at AS finance_updated_at, finance.created_at AS finance_created_at 
FROM finance 
WHERE finance.order_id IN ($1::INTEGER, $2::INTEGER, $3::INTEGER, $4::INTEGER, $5::INTEGER, $6::INTEGER, $7::INTEGER, $8::INTEGER)
2026-02-18 09:17:27,373 - sqlalchemy.engine.Engine - INFO - [generated in 0.00021s] (2, 3, 4, 1, 6, 7, 8, 9)
2026-02-18 09:17:27,379 - sqlalchemy.engine.Engine - INFO - SELECT clients.id AS clients_id, clients.full_name AS clients_full_name, clients.phone AS clients_phone, clients.address AS clients_address, clients.coordinates AS clients_coordinates, clients.created_at AS clients_created_at, clients.last_contact AS clients_last_contact, clients.comments AS clients_comments, clients.updated_at AS clients_updated_at, clients.backup_phone AS clients_backup_phone, clients.deleted_at AS clients_deleted_at 
FROM clients 
WHERE clients.id IN ($1::INTEGER, $2::INTEGER, $3::INTEGER, $4::INTEGER, $5::INTEGER, $6::INTEGER, $7::INTEGER, $8::INTEGER)
2026-02-18 09:17:27,379 - sqlalchemy.engine.Engine - INFO - [generated in 0.00016s] (1, 2, 3, 4, 5, 9, 10, 12)
2026-02-18 09:17:27,381 - sqlalchemy.engine.Engine - INFO - ROLLBACK
2026-02-18 09:17:27,382 - sqlalchemy.engine.Engine - INFO - BEGIN (implicit)
2026-02-18 09:17:27,382 - sqlalchemy.engine.Engine - INFO - SELECT orders.id, orders.client_id, orders.installer_id, orders.status, orders.service_type, orders.warehouse, orders.service_datetime, orders.delivery_datetime, orders.promise, orders.marker_color, orders.address_id, orders.address_text, orders.created_at, orders.updated_at 
FROM orders 
 LIMIT $1::INTEGER OFFSET $2::INTEGER
2026-02-18 09:17:27,382 - sqlalchemy.engine.Engine - INFO - [cached since 0.06327s ago] (100, 0)
2026-02-18 09:17:27,391 - sqlalchemy.engine.Engine - INFO - SELECT installers.id AS installers_id, installers.full_name AS installers_full_name, installers.nickname AS installers_nickname, installers.phone AS installers_phone, installers.backup_phone AS installers_backup_phone, installers.specialization AS installers_specialization, installers.rating AS installers_rating, installers.base_price AS installers_base_price, installers.is_debtor AS installers_is_debtor, installers.comments AS installers_comments, installers.is_active AS installers_is_active, installers.is_in_funnel AS installers_is_in_funnel, installers.total_orders AS installers_total_orders, installers.poor_work_count AS installers_poor_work_count, installers.warranty_visits_count AS installers_warranty_visits_count, installers.last_incident_date AS installers_last_incident_date, installers.updated_at AS installers_updated_at, installers.created_at AS installers_created_at, installers.deleted_at AS installers_deleted_at 
FROM installers 
WHERE installers.id IN ($1::INTEGER)
2026-02-18 09:17:27,391 - sqlalchemy.engine.Engine - INFO - [cached since 0.05604s ago] (1,)
2026-02-18 09:17:27,393 - sqlalchemy.engine.Engine - INFO - SELECT finance.order_id AS finance_order_id, finance.id AS finance_id, finance.purchase_price AS finance_purchase_price, finance.sale_price_client AS finance_sale_price_client, finance.installer_pay AS finance_installer_pay, finance.my_commission AS finance_my_commission, finance.profit AS finance_profit, finance.margin AS finance_margin, finance.profit_percent AS finance_profit_percent, finance.payment_state AS finance_payment_state, finance.installer_returned_money AS finance_installer_returned_money, finance.updated_at AS finance_updated_at, finance.created_at AS finance_created_at 
FROM finance 
WHERE finance.order_id IN ($1::INTEGER, $2::INTEGER, $3::INTEGER, $4::INTEGER, $5::INTEGER, $6::INTEGER, $7::INTEGER, $8::INTEGER)
2026-02-18 09:17:27,393 - sqlalchemy.engine.Engine - INFO - [cached since 0.01953s ago] (2, 3, 4, 1, 6, 7, 8, 9)
2026-02-18 09:17:27,398 - sqlalchemy.engine.Engine - INFO - SELECT clients.id AS clients_id, clients.full_name AS clients_full_name, clients.phone AS clients_phone, clients.address AS clients_address, clients.coordinates AS clients_coordinates, clients.created_at AS clients_created_at, clients.last_contact AS clients_last_contact, clients.comments AS clients_comments, clients.updated_at AS clients_updated_at, clients.backup_phone AS clients_backup_phone, clients.deleted_at AS clients_deleted_at 
FROM clients 
WHERE clients.id IN ($1::INTEGER, $2::INTEGER, $3::INTEGER, $4::INTEGER, $5::INTEGER, $6::INTEGER, $7::INTEGER, $8::INTEGER)
2026-02-18 09:17:27,398 - sqlalchemy.engine.Engine - INFO - [cached since 0.01962s ago] (1, 2, 3, 4, 5, 9, 10, 12)
2026-02-18 09:17:27,400 - sqlalchemy.engine.Engine - INFO - ROLLBACK
2026-02-18 09:17:29,223 - sqlalchemy.engine.Engine - INFO - BEGIN (implicit)
2026-02-18 09:17:29,224 - sqlalchemy.engine.Engine - INFO - SELECT admins.id, admins.username, admins.password_hash, admins.created_at 
FROM admins 
WHERE admins.username = $1::VARCHAR
2026-02-18 09:17:29,224 - sqlalchemy.engine.Engine - INFO - [cached since 5.325s ago] ('zhura2296@yandex.ru',)
2026-02-18 09:17:29,226 - sqlalchemy.engine.Engine - INFO - BEGIN (implicit)
2026-02-18 09:17:29,228 - sqlalchemy.engine.Engine - INFO - SELECT orders.id, orders.client_id, orders.installer_id, orders.status, orders.service_type, orders.warehouse, orders.service_datetime, orders.delivery_datetime, orders.promise, orders.marker_color, orders.address_id, orders.address_text, orders.created_at, orders.updated_at 
FROM orders 
WHERE orders.id = $1::INTEGER
2026-02-18 09:17:29,228 - sqlalchemy.engine.Engine - INFO - [generated in 0.00031s] (2,)
2026-02-18 09:17:29,229 - sqlalchemy.engine.Engine - INFO - SELECT installers.id, installers.full_name, installers.nickname, installers.phone, installers.backup_phone, installers.specialization, installers.rating, installers.base_price, installers.is_debtor, installers.comments, installers.is_active, installers.is_in_funnel, installers.total_orders, installers.poor_work_count, installers.warranty_visits_count, installers.last_incident_date, installers.updated_at, installers.created_at, installers.deleted_at 
FROM installers 
WHERE installers.deleted_at IS NULL 
 LIMIT $1::INTEGER OFFSET $2::INTEGER
2026-02-18 09:17:29,229 - sqlalchemy.engine.Engine - INFO - [cached since 5.017s ago] (100, 0)
2026-02-18 09:17:29,233 - sqlalchemy.engine.Engine - INFO - SELECT finance.order_id AS finance_order_id, finance.id AS finance_id, finance.purchase_price AS finance_purchase_price, finance.sale_price_client AS finance_sale_price_client, finance.installer_pay AS finance_installer_pay, finance.my_commission AS finance_my_commission, finance.profit AS finance_profit, finance.margin AS finance_margin, finance.profit_percent AS finance_profit_percent, finance.payment_state AS finance_payment_state, finance.installer_returned_money AS finance_installer_returned_money, finance.updated_at AS finance_updated_at, finance.created_at AS finance_created_at 
FROM finance 
WHERE finance.order_id IN ($1::INTEGER)
2026-02-18 09:17:29,233 - sqlalchemy.engine.Engine - INFO - [cached since 1.859s ago] (2,)
2026-02-18 09:17:29,235 - sqlalchemy.engine.Engine - INFO - ROLLBACK
2026-02-18 09:17:29,237 - sqlalchemy.engine.Engine - INFO - SELECT clients.id AS clients_id, clients.full_name AS clients_full_name, clients.phone AS clients_phone, clients.address AS clients_address, clients.coordinates AS clients_coordinates, clients.created_at AS clients_created_at, clients.last_contact AS clients_last_contact, clients.comments AS clients_comments, clients.updated_at AS clients_updated_at, clients.backup_phone AS clients_backup_phone, clients.deleted_at AS clients_deleted_at 
FROM clients 
WHERE clients.id IN ($1::INTEGER)
2026-02-18 09:17:29,237 - sqlalchemy.engine.Engine - INFO - [cached since 1.858s ago] (2,)
2026-02-18 09:17:29,253 - sqlalchemy.engine.Engine - INFO - ROLLBACK
2026-02-18 09:17:29,253 - sqlalchemy.engine.Engine - INFO - BEGIN (implicit)
2026-02-18 09:17:29,254 - sqlalchemy.engine.Engine - INFO - SELECT orders.id, orders.client_id, orders.installer_id, orders.status, orders.service_type, orders.warehouse, orders.service_datetime, orders.delivery_datetime, orders.promise, orders.marker_color, orders.address_id, orders.address_text, orders.created_at, orders.updated_at 
FROM orders 
WHERE orders.id = $1::INTEGER
2026-02-18 09:17:29,254 - sqlalchemy.engine.Engine - INFO - [cached since 0.02634s ago] (2,)
2026-02-18 09:17:29,254 - sqlalchemy.engine.Engine - INFO - BEGIN (implicit)
2026-02-18 09:17:29,255 - sqlalchemy.engine.Engine - INFO - SELECT admins.id, admins.username, admins.password_hash, admins.created_at 
FROM admins 
WHERE admins.username = $1::VARCHAR
2026-02-18 09:17:29,255 - sqlalchemy.engine.Engine - INFO - [cached since 5.356s ago] ('zhura2296@yandex.ru',)
2026-02-18 09:17:29,256 - sqlalchemy.engine.Engine - INFO - SELECT finance.order_id AS finance_order_id, finance.id AS finance_id, finance.purchase_price AS finance_purchase_price, finance.sale_price_client AS finance_sale_price_client, finance.installer_pay AS finance_installer_pay, finance.my_commission AS finance_my_commission, finance.profit AS finance_profit, finance.margin AS finance_margin, finance.profit_percent AS finance_profit_percent, finance.payment_state AS finance_payment_state, finance.installer_returned_money AS finance_installer_returned_money, finance.updated_at AS finance_updated_at, finance.created_at AS finance_created_at 
FROM finance 
WHERE finance.order_id IN ($1::INTEGER)
2026-02-18 09:17:29,256 - sqlalchemy.engine.Engine - INFO - [cached since 1.883s ago] (2,)
2026-02-18 09:17:29,257 - sqlalchemy.engine.Engine - INFO - SELECT clients.id AS clients_id, clients.full_name AS clients_full_name, clients.phone AS clients_phone, clients.address AS clients_address, clients.coordinates AS clients_coordinates, clients.created_at AS clients_created_at, clients.last_contact AS clients_last_contact, clients.comments AS clients_comments, clients.updated_at AS clients_updated_at, clients.backup_phone AS clients_backup_phone, clients.deleted_at AS clients_deleted_at 
FROM clients 
WHERE clients.id IN ($1::INTEGER)
2026-02-18 09:17:29,257 - sqlalchemy.engine.Engine - INFO - [cached since 1.878s ago] (2,)
2026-02-18 09:17:29,257 - sqlalchemy.engine.Engine - INFO - SELECT installers.id, installers.full_name, installers.nickname, installers.phone, installers.backup_phone, installers.specialization, installers.rating, installers.base_price, installers.is_debtor, installers.comments, installers.is_active, installers.is_in_funnel, installers.total_orders, installers.poor_work_count, installers.warranty_visits_count, installers.last_incident_date, installers.updated_at, installers.created_at, installers.deleted_at 
FROM installers 
WHERE installers.deleted_at IS NULL 
 LIMIT $1::INTEGER OFFSET $2::INTEGER
2026-02-18 09:17:29,258 - sqlalchemy.engine.Engine - INFO - [cached since 5.045s ago] (100, 0)
2026-02-18 09:17:29,258 - sqlalchemy.engine.Engine - INFO - ROLLBACK
2026-02-18 09:17:29,260 - sqlalchemy.engine.Engine - INFO - ROLLBACK
2026-02-18 09:17:32,398 - sqlalchemy.engine.Engine - INFO - BEGIN (implicit)
2026-02-18 09:17:32,398 - sqlalchemy.engine.Engine - INFO - SELECT orders.id, orders.client_id, orders.installer_id, orders.status, orders.service_type, orders.warehouse, orders.service_datetime, orders.delivery_datetime, orders.promise, orders.marker_color, orders.address_id, orders.address_text, orders.created_at, orders.updated_at 
FROM orders 
WHERE orders.id = $1::INTEGER
2026-02-18 09:17:32,398 - sqlalchemy.engine.Engine - INFO - [cached since 3.171s ago] (2,)
2026-02-18 09:17:32,400 - sqlalchemy.engine.Engine - INFO - SELECT finance.order_id AS finance_order_id, finance.id AS finance_id, finance.purchase_price AS finance_purchase_price, finance.sale_price_client AS finance_sale_price_client, finance.installer_pay AS finance_installer_pay, finance.my_commission AS finance_my_commission, finance.profit AS finance_profit, finance.margin AS finance_margin, finance.profit_percent AS finance_profit_percent, finance.payment_state AS finance_payment_state, finance.installer_returned_money AS finance_installer_returned_money, finance.updated_at AS finance_updated_at, finance.created_at AS finance_created_at 
FROM finance 
WHERE finance.order_id IN ($1::INTEGER)
2026-02-18 09:17:32,401 - sqlalchemy.engine.Engine - INFO - [cached since 5.027s ago] (2,)
2026-02-18 09:17:32,402 - sqlalchemy.engine.Engine - INFO - SELECT clients.id AS clients_id, clients.full_name AS clients_full_name, clients.phone AS clients_phone, clients.address AS clients_address, clients.coordinates AS clients_coordinates, clients.created_at AS clients_created_at, clients.last_contact AS clients_last_contact, clients.comments AS clients_comments, clients.updated_at AS clients_updated_at, clients.backup_phone AS clients_backup_phone, clients.deleted_at AS clients_deleted_at 
FROM clients 
WHERE clients.id IN ($1::INTEGER)
2026-02-18 09:17:32,402 - sqlalchemy.engine.Engine - INFO - [cached since 5.023s ago] (2,)
2026-02-18 09:17:32,404 - sqlalchemy.engine.Engine - INFO - DELETE FROM orders WHERE orders.id = $1::INTEGER
2026-02-18 09:17:32,404 - sqlalchemy.engine.Engine - INFO - [generated in 0.00013s] (2,)
2026-02-18 09:17:32,407 - sqlalchemy.engine.Engine - INFO - COMMIT
2026-02-18 09:17:32,421 - sqlalchemy.engine.Engine - INFO - BEGIN (implicit)
2026-02-18 09:17:32,422 - sqlalchemy.engine.Engine - INFO - SELECT orders.id, orders.client_id, orders.installer_id, orders.status, orders.service_type, orders.warehouse, orders.service_datetime, orders.delivery_datetime, orders.promise, orders.marker_color, orders.address_id, orders.address_text, orders.created_at, orders.updated_at 
FROM orders 
 LIMIT $1::INTEGER OFFSET $2::INTEGER
2026-02-18 09:17:32,422 - sqlalchemy.engine.Engine - INFO - [cached since 5.103s ago] (100, 0)
2026-02-18 09:17:32,427 - sqlalchemy.engine.Engine - INFO - SELECT installers.id AS installers_id, installers.full_name AS installers_full_name, installers.nickname AS installers_nickname, installers.phone AS installers_phone, installers.backup_phone AS installers_backup_phone, installers.specialization AS installers_specialization, installers.rating AS installers_rating, installers.base_price AS installers_base_price, installers.is_debtor AS installers_is_debtor, installers.comments AS installers_comments, installers.is_active AS installers_is_active, installers.is_in_funnel AS installers_is_in_funnel, installers.total_orders AS installers_total_orders, installers.poor_work_count AS installers_poor_work_count, installers.warranty_visits_count AS installers_warranty_visits_count, installers.last_incident_date AS installers_last_incident_date, installers.updated_at AS installers_updated_at, installers.created_at AS installers_created_at, installers.deleted_at AS installers_deleted_at 
FROM installers 
WHERE installers.id IN ($1::INTEGER)
2026-02-18 09:17:32,427 - sqlalchemy.engine.Engine - INFO - [cached since 5.092s ago] (1,)
2026-02-18 09:17:32,430 - sqlalchemy.engine.Engine - INFO - SELECT finance.order_id AS finance_order_id, finance.id AS finance_id, finance.purchase_price AS finance_purchase_price, finance.sale_price_client AS finance_sale_price_client, finance.installer_pay AS finance_installer_pay, finance.my_commission AS finance_my_commission, finance.profit AS finance_profit, finance.margin AS finance_margin, finance.profit_percent AS finance_profit_percent, finance.payment_state AS finance_payment_state, finance.installer_returned_money AS finance_installer_returned_money, finance.updated_at AS finance_updated_at, finance.created_at AS finance_created_at 
FROM finance 
WHERE finance.order_id IN ($1::INTEGER, $2::INTEGER, $3::INTEGER, $4::INTEGER, $5::INTEGER, $6::INTEGER, $7::INTEGER)
2026-02-18 09:17:32,431 - sqlalchemy.engine.Engine - INFO - [cached since 5.058s ago] (3, 4, 1, 6, 7, 8, 9)
2026-02-18 09:17:32,434 - sqlalchemy.engine.Engine - INFO - SELECT clients.id AS clients_id, clients.full_name AS clients_full_name, clients.phone AS clients_phone, clients.address AS clients_address, clients.coordinates AS clients_coordinates, clients.created_at AS clients_created_at, clients.last_contact AS clients_last_contact, clients.comments AS clients_comments, clients.updated_at AS clients_updated_at, clients.backup_phone AS clients_backup_phone, clients.deleted_at AS clients_deleted_at 
FROM clients 
WHERE clients.id IN ($1::INTEGER, $2::INTEGER, $3::INTEGER, $4::INTEGER, $5::INTEGER, $6::INTEGER, $7::INTEGER)
2026-02-18 09:17:32,434 - sqlalchemy.engine.Engine - INFO - [cached since 5.055s ago] (1, 3, 4, 5, 9, 10, 12)
2026-02-18 09:17:32,437 - sqlalchemy.engine.Engine - INFO - ROLLBACK
2026-02-18 09:17:32,437 - sqlalchemy.engine.Engine - INFO - BEGIN (implicit)
2026-02-18 09:17:32,437 - sqlalchemy.engine.Engine - INFO - SELECT orders.id, orders.client_id, orders.installer_id, orders.status, orders.service_type, orders.warehouse, orders.service_datetime, orders.delivery_datetime, orders.promise, orders.marker_color, orders.address_id, orders.address_text, orders.created_at, orders.updated_at 
FROM orders 
 LIMIT $1::INTEGER OFFSET $2::INTEGER
2026-02-18 09:17:32,438 - sqlalchemy.engine.Engine - INFO - [cached since 5.119s ago] (100, 0)
2026-02-18 09:17:32,449 - sqlalchemy.engine.Engine - INFO - SELECT installers.id AS installers_id, installers.full_name AS installers_full_name, installers.nickname AS installers_nickname, installers.phone AS installers_phone, installers.backup_phone AS installers_backup_phone, installers.specialization AS installers_specialization, installers.rating AS installers_rating, installers.base_price AS installers_base_price, installers.is_debtor AS installers_is_debtor, installers.comments AS installers_comments, installers.is_active AS installers_is_active, installers.is_in_funnel AS installers_is_in_funnel, installers.total_orders AS installers_total_orders, installers.poor_work_count AS installers_poor_work_count, installers.warranty_visits_count AS installers_warranty_visits_count, installers.last_incident_date AS installers_last_incident_date, installers.updated_at AS installers_updated_at, installers.created_at AS installers_created_at, installers.deleted_at AS installers_deleted_at 
FROM installers 
WHERE installers.id IN ($1::INTEGER)
2026-02-18 09:17:32,449 - sqlalchemy.engine.Engine - INFO - [cached since 5.114s ago] (1,)
2026-02-18 09:17:32,450 - sqlalchemy.engine.Engine - INFO - SELECT finance.order_id AS finance_order_id, finance.id AS finance_id, finance.purchase_price AS finance_purchase_price, finance.sale_price_client AS finance_sale_price_client, finance.installer_pay AS finance_installer_pay, finance.my_commission AS finance_my_commission, finance.profit AS finance_profit, finance.margin AS finance_margin, finance.profit_percent AS finance_profit_percent, finance.payment_state AS finance_payment_state, finance.installer_returned_money AS finance_installer_returned_money, finance.updated_at AS finance_updated_at, finance.created_at AS finance_created_at 
FROM finance 
WHERE finance.order_id IN ($1::INTEGER, $2::INTEGER, $3::INTEGER, $4::INTEGER, $5::INTEGER, $6::INTEGER, $7::INTEGER)
2026-02-18 09:17:32,450 - sqlalchemy.engine.Engine - INFO - [cached since 5.077s ago] (3, 4, 1, 6, 7, 8, 9)
2026-02-18 09:17:32,455 - sqlalchemy.engine.Engine - INFO - SELECT clients.id AS clients_id, clients.full_name AS clients_full_name, clients.phone AS clients_phone, clients.address AS clients_address, clients.coordinates AS clients_coordinates, clients.created_at AS clients_created_at, clients.last_contact AS clients_last_contact, clients.comments AS clients_comments, clients.updated_at AS clients_updated_at, clients.backup_phone AS clients_backup_phone, clients.deleted_at AS clients_deleted_at 
FROM clients 
WHERE clients.id IN ($1::INTEGER, $2::INTEGER, $3::INTEGER, $4::INTEGER, $5::INTEGER, $6::INTEGER, $7::INTEGER)
2026-02-18 09:17:32,456 - sqlalchemy.engine.Engine - INFO - [cached since 5.077s ago] (1, 3, 4, 5, 9, 10, 12)
2026-02-18 09:17:32,458 - sqlalchemy.engine.Engine - INFO - ROLLBACK
2026-02-18 09:17:35,663 - sqlalchemy.engine.Engine - INFO - BEGIN (implicit)
2026-02-18 09:17:35,664 - sqlalchemy.engine.Engine - INFO - SELECT orders.id, orders.client_id, orders.installer_id, orders.status, orders.service_type, orders.warehouse, orders.service_datetime, orders.delivery_datetime, orders.promise, orders.marker_color, orders.address_id, orders.address_text, orders.created_at, orders.updated_at 
FROM orders 
WHERE orders.id = $1::INTEGER
2026-02-18 09:17:35,664 - sqlalchemy.engine.Engine - INFO - [cached since 6.436s ago] (9,)
2026-02-18 09:17:35,664 - sqlalchemy.engine.Engine - INFO - BEGIN (implicit)
2026-02-18 09:17:35,664 - sqlalchemy.engine.Engine - INFO - SELECT admins.id, admins.username, admins.password_hash, admins.created_at 
FROM admins 
WHERE admins.username = $1::VARCHAR
2026-02-18 09:17:35,664 - sqlalchemy.engine.Engine - INFO - [cached since 11.77s ago] ('zhura2296@yandex.ru',)
2026-02-18 09:17:35,665 - sqlalchemy.engine.Engine - INFO - SELECT installers.id AS installers_id, installers.full_name AS installers_full_name, installers.nickname AS installers_nickname, installers.phone AS installers_phone, installers.backup_phone AS installers_backup_phone, installers.specialization AS installers_specialization, installers.rating AS installers_rating, installers.base_price AS installers_base_price, installers.is_debtor AS installers_is_debtor, installers.comments AS installers_comments, installers.is_active AS installers_is_active, installers.is_in_funnel AS installers_is_in_funnel, installers.total_orders AS installers_total_orders, installers.poor_work_count AS installers_poor_work_count, installers.warranty_visits_count AS installers_warranty_visits_count, installers.last_incident_date AS installers_last_incident_date, installers.updated_at AS installers_updated_at, installers.created_at AS installers_created_at, installers.deleted_at AS installers_deleted_at 
FROM installers 
WHERE installers.id IN ($1::INTEGER)
2026-02-18 09:17:35,665 - sqlalchemy.engine.Engine - INFO - [cached since 8.33s ago] (1,)
2026-02-18 09:17:35,666 - sqlalchemy.engine.Engine - INFO - SELECT installers.id, installers.full_name, installers.nickname, installers.phone, installers.backup_phone, installers.specialization, installers.rating, installers.base_price, installers.is_debtor, installers.comments, installers.is_active, installers.is_in_funnel, installers.total_orders, installers.poor_work_count, installers.warranty_visits_count, installers.last_incident_date, installers.updated_at, installers.created_at, installers.deleted_at 
FROM installers 
WHERE installers.deleted_at IS NULL 
 LIMIT $1::INTEGER OFFSET $2::INTEGER
2026-02-18 09:17:35,666 - sqlalchemy.engine.Engine - INFO - [cached since 11.45s ago] (100, 0)
2026-02-18 09:17:35,667 - sqlalchemy.engine.Engine - INFO - SELECT finance.order_id AS finance_order_id, finance.id AS finance_id, finance.purchase_price AS finance_purchase_price, finance.sale_price_client AS finance_sale_price_client, finance.installer_pay AS finance_installer_pay, finance.my_commission AS finance_my_commission, finance.profit AS finance_profit, finance.margin AS finance_margin, finance.profit_percent AS finance_profit_percent, finance.payment_state AS finance_payment_state, finance.installer_returned_money AS finance_installer_returned_money, finance.updated_at AS finance_updated_at, finance.created_at AS finance_created_at 
FROM finance 
WHERE finance.order_id IN ($1::INTEGER)
2026-02-18 09:17:35,667 - sqlalchemy.engine.Engine - INFO - [cached since 8.294s ago] (9,)
2026-02-18 09:17:35,668 - sqlalchemy.engine.Engine - INFO - SELECT clients.id AS clients_id, clients.full_name AS clients_full_name, clients.phone AS clients_phone, clients.address AS clients_address, clients.coordinates AS clients_coordinates, clients.created_at AS clients_created_at, clients.last_contact AS clients_last_contact, clients.comments AS clients_comments, clients.updated_at AS clients_updated_at, clients.backup_phone AS clients_backup_phone, clients.deleted_at AS clients_deleted_at 
FROM clients 
WHERE clients.id IN ($1::INTEGER)
2026-02-18 09:17:35,668 - sqlalchemy.engine.Engine - INFO - [cached since 8.29s ago] (5,)
2026-02-18 09:17:35,669 - sqlalchemy.engine.Engine - INFO - ROLLBACK
2026-02-18 09:17:35,670 - sqlalchemy.engine.Engine - INFO - BEGIN (implicit)
2026-02-18 09:17:35,670 - sqlalchemy.engine.Engine - INFO - SELECT admins.id, admins.username, admins.password_hash, admins.created_at 
FROM admins 
WHERE admins.username = $1::VARCHAR
2026-02-18 09:17:35,670 - sqlalchemy.engine.Engine - INFO - [cached since 11.77s ago] ('zhura2296@yandex.ru',)
2026-02-18 09:17:35,671 - sqlalchemy.engine.Engine - INFO - ROLLBACK
2026-02-18 09:17:35,671 - sqlalchemy.engine.Engine - INFO - BEGIN (implicit)
2026-02-18 09:17:35,671 - sqlalchemy.engine.Engine - INFO - SELECT orders.id, orders.client_id, orders.installer_id, orders.status, orders.service_type, orders.warehouse, orders.service_datetime, orders.delivery_datetime, orders.promise, orders.marker_color, orders.address_id, orders.address_text, orders.created_at, orders.updated_at 
FROM orders 
WHERE orders.id = $1::INTEGER
2026-02-18 09:17:35,671 - sqlalchemy.engine.Engine - INFO - [cached since 6.444s ago] (9,)
2026-02-18 09:17:35,672 - sqlalchemy.engine.Engine - INFO - SELECT installers.id, installers.full_name, installers.nickname, installers.phone, installers.backup_phone, installers.specialization, installers.rating, installers.base_price, installers.is_debtor, installers.comments, installers.is_active, installers.is_in_funnel, installers.total_orders, installers.poor_work_count, installers.warranty_visits_count, installers.last_incident_date, installers.updated_at, installers.created_at, installers.deleted_at 
FROM installers 
WHERE installers.deleted_at IS NULL 
 LIMIT $1::INTEGER OFFSET $2::INTEGER
2026-02-18 09:17:35,672 - sqlalchemy.engine.Engine - INFO - [cached since 11.46s ago] (100, 0)
2026-02-18 09:17:35,673 - sqlalchemy.engine.Engine - INFO - SELECT installers.id AS installers_id, installers.full_name AS installers_full_name, installers.nickname AS installers_nickname, installers.phone AS installers_phone, installers.backup_phone AS installers_backup_phone, installers.specialization AS installers_specialization, installers.rating AS installers_rating, installers.base_price AS installers_base_price, installers.is_debtor AS installers_is_debtor, installers.comments AS installers_comments, installers.is_active AS installers_is_active, installers.is_in_funnel AS installers_is_in_funnel, installers.total_orders AS installers_total_orders, installers.poor_work_count AS installers_poor_work_count, installers.warranty_visits_count AS installers_warranty_visits_count, installers.last_incident_date AS installers_last_incident_date, installers.updated_at AS installers_updated_at, installers.created_at AS installers_created_at, installers.deleted_at AS installers_deleted_at 
FROM installers 
WHERE installers.id IN ($1::INTEGER)
2026-02-18 09:17:35,673 - sqlalchemy.engine.Engine - INFO - [cached since 8.338s ago] (1,)
2026-02-18 09:17:35,674 - sqlalchemy.engine.Engine - INFO - SELECT finance.order_id AS finance_order_id, finance.id AS finance_id, finance.purchase_price AS finance_purchase_price, finance.sale_price_client AS finance_sale_price_client, finance.installer_pay AS finance_installer_pay, finance.my_commission AS finance_my_commission, finance.profit AS finance_profit, finance.margin AS finance_margin, finance.profit_percent AS finance_profit_percent, finance.payment_state AS finance_payment_state, finance.installer_returned_money AS finance_installer_returned_money, finance.updated_at AS finance_updated_at, finance.created_at AS finance_created_at 
FROM finance 
WHERE finance.order_id IN ($1::INTEGER)
2026-02-18 09:17:35,674 - sqlalchemy.engine.Engine - INFO - [cached since 8.3s ago] (9,)
2026-02-18 09:17:35,674 - sqlalchemy.engine.Engine - INFO - ROLLBACK
2026-02-18 09:17:35,674 - sqlalchemy.engine.Engine - INFO - SELECT clients.id AS clients_id, clients.full_name AS clients_full_name, clients.phone AS clients_phone, clients.address AS clients_address, clients.coordinates AS clients_coordinates, clients.created_at AS clients_created_at, clients.last_contact AS clients_last_contact, clients.comments AS clients_comments, clients.updated_at AS clients_updated_at, clients.backup_phone AS clients_backup_phone, clients.deleted_at AS clients_deleted_at 
FROM clients 
WHERE clients.id IN ($1::INTEGER)
2026-02-18 09:17:35,674 - sqlalchemy.engine.Engine - INFO - [cached since 8.296s ago] (5,)
2026-02-18 09:17:35,675 - sqlalchemy.engine.Engine - INFO - ROLLBACK
2026-02-18 09:17:38,602 - sqlalchemy.engine.Engine - INFO - BEGIN (implicit)
2026-02-18 09:17:38,603 - sqlalchemy.engine.Engine - INFO - SELECT orders.id, orders.client_id, orders.installer_id, orders.status, orders.service_type, orders.warehouse, orders.service_datetime, orders.delivery_datetime, orders.promise, orders.marker_color, orders.address_id, orders.address_text, orders.created_at, orders.updated_at 
FROM orders 
WHERE orders.id = $1::INTEGER
2026-02-18 09:17:38,604 - sqlalchemy.engine.Engine - INFO - [cached since 9.376s ago] (9,)
2026-02-18 09:17:38,609 - sqlalchemy.engine.Engine - INFO - SELECT installers.id AS installers_id, installers.full_name AS installers_full_name, installers.nickname AS installers_nickname, installers.phone AS installers_phone, installers.backup_phone AS installers_backup_phone, installers.specialization AS installers_specialization, installers.rating AS installers_rating, installers.base_price AS installers_base_price, installers.is_debtor AS installers_is_debtor, installers.comments AS installers_comments, installers.is_active AS installers_is_active, installers.is_in_funnel AS installers_is_in_funnel, installers.total_orders AS installers_total_orders, installers.poor_work_count AS installers_poor_work_count, installers.warranty_visits_count AS installers_warranty_visits_count, installers.last_incident_date AS installers_last_incident_date, installers.updated_at AS installers_updated_at, installers.created_at AS installers_created_at, installers.deleted_at AS installers_deleted_at 
FROM installers 
WHERE installers.id IN ($1::INTEGER)
2026-02-18 09:17:38,610 - sqlalchemy.engine.Engine - INFO - [cached since 11.27s ago] (1,)
2026-02-18 09:17:38,615 - sqlalchemy.engine.Engine - INFO - SELECT finance.order_id AS finance_order_id, finance.id AS finance_id, finance.purchase_price AS finance_purchase_price, finance.sale_price_client AS finance_sale_price_client, finance.installer_pay AS finance_installer_pay, finance.my_commission AS finance_my_commission, finance.profit AS finance_profit, finance.margin AS finance_margin, finance.profit_percent AS finance_profit_percent, finance.payment_state AS finance_payment_state, finance.installer_returned_money AS finance_installer_returned_money, finance.updated_at AS finance_updated_at, finance.created_at AS finance_created_at 
FROM finance 
WHERE finance.order_id IN ($1::INTEGER)
2026-02-18 09:17:38,615 - sqlalchemy.engine.Engine - INFO - [cached since 11.24s ago] (9,)
2026-02-18 09:17:38,618 - sqlalchemy.engine.Engine - INFO - SELECT clients.id AS clients_id, clients.full_name AS clients_full_name, clients.phone AS clients_phone, clients.address AS clients_address, clients.coordinates AS clients_coordinates, clients.created_at AS clients_created_at, clients.last_contact AS clients_last_contact, clients.comments AS clients_comments, clients.updated_at AS clients_updated_at, clients.backup_phone AS clients_backup_phone, clients.deleted_at AS clients_deleted_at 
FROM clients 
WHERE clients.id IN ($1::INTEGER)
2026-02-18 09:17:38,618 - sqlalchemy.engine.Engine - INFO - [cached since 11.24s ago] (5,)
2026-02-18 09:17:38,621 - sqlalchemy.engine.Engine - INFO - UPDATE finance SET order_id=$1::INTEGER, updated_at=now() WHERE finance.id = $2::INTEGER
2026-02-18 09:17:38,621 - sqlalchemy.engine.Engine - INFO - [generated in 0.00022s] (None, 5)
2026-02-18 09:17:38,625 - sqlalchemy.engine.Engine - INFO - DELETE FROM orders WHERE orders.id = $1::INTEGER
2026-02-18 09:17:38,625 - sqlalchemy.engine.Engine - INFO - [cached since 6.221s ago] (9,)
2026-02-18 09:17:38,626 - sqlalchemy.engine.Engine - INFO - COMMIT
2026-02-18 09:17:38,692 - sqlalchemy.engine.Engine - INFO - BEGIN (implicit)
2026-02-18 09:17:38,693 - sqlalchemy.engine.Engine - INFO - SELECT orders.id, orders.client_id, orders.installer_id, orders.status, orders.service_type, orders.warehouse, orders.service_datetime, orders.delivery_datetime, orders.promise, orders.marker_color, orders.address_id, orders.address_text, orders.created_at, orders.updated_at 
FROM orders 
 LIMIT $1::INTEGER OFFSET $2::INTEGER
2026-02-18 09:17:38,693 - sqlalchemy.engine.Engine - INFO - [cached since 11.37s ago] (100, 0)
2026-02-18 09:17:38,696 - sqlalchemy.engine.Engine - INFO - SELECT installers.id AS installers_id, installers.full_name AS installers_full_name, installers.nickname AS installers_nickname, installers.phone AS installers_phone, installers.backup_phone AS installers_backup_phone, installers.specialization AS installers_specialization, installers.rating AS installers_rating, installers.base_price AS installers_base_price, installers.is_debtor AS installers_is_debtor, installers.comments AS installers_comments, installers.is_active AS installers_is_active, installers.is_in_funnel AS installers_is_in_funnel, installers.total_orders AS installers_total_orders, installers.poor_work_count AS installers_poor_work_count, installers.warranty_visits_count AS installers_warranty_visits_count, installers.last_incident_date AS installers_last_incident_date, installers.updated_at AS installers_updated_at, installers.created_at AS installers_created_at, installers.deleted_at AS installers_deleted_at 
FROM installers 
WHERE installers.id IN ($1::INTEGER)
2026-02-18 09:17:38,697 - sqlalchemy.engine.Engine - INFO - [cached since 11.36s ago] (1,)
2026-02-18 09:17:38,700 - sqlalchemy.engine.Engine - INFO - SELECT finance.order_id AS finance_order_id, finance.id AS finance_id, finance.purchase_price AS finance_purchase_price, finance.sale_price_client AS finance_sale_price_client, finance.installer_pay AS finance_installer_pay, finance.my_commission AS finance_my_commission, finance.profit AS finance_profit, finance.margin AS finance_margin, finance.profit_percent AS finance_profit_percent, finance.payment_state AS finance_payment_state, finance.installer_returned_money AS finance_installer_returned_money, finance.updated_at AS finance_updated_at, finance.created_at AS finance_created_at 
FROM finance 
WHERE finance.order_id IN ($1::INTEGER, $2::INTEGER, $3::INTEGER, $4::INTEGER, $5::INTEGER, $6::INTEGER)
2026-02-18 09:17:38,700 - sqlalchemy.engine.Engine - INFO - [cached since 11.33s ago] (3, 4, 1, 6, 7, 8)
2026-02-18 09:17:38,702 - sqlalchemy.engine.Engine - INFO - SELECT clients.id AS clients_id, clients.full_name AS clients_full_name, clients.phone AS clients_phone, clients.address AS clients_address, clients.coordinates AS clients_coordinates, clients.created_at AS clients_created_at, clients.last_contact AS clients_last_contact, clients.comments AS clients_comments, clients.updated_at AS clients_updated_at, clients.backup_phone AS clients_backup_phone, clients.deleted_at AS clients_deleted_at 
FROM clients 
WHERE clients.id IN ($1::INTEGER, $2::INTEGER, $3::INTEGER, $4::INTEGER, $5::INTEGER, $6::INTEGER)
2026-02-18 09:17:38,702 - sqlalchemy.engine.Engine - INFO - [cached since 11.32s ago] (1, 3, 4, 9, 10, 12)
2026-02-18 09:17:38,704 - sqlalchemy.engine.Engine - INFO - ROLLBACK
2026-02-18 09:17:38,705 - sqlalchemy.engine.Engine - INFO - BEGIN (implicit)
2026-02-18 09:17:38,706 - sqlalchemy.engine.Engine - INFO - SELECT orders.id, orders.client_id, orders.installer_id, orders.status, orders.service_type, orders.warehouse, orders.service_datetime, orders.delivery_datetime, orders.promise, orders.marker_color, orders.address_id, orders.address_text, orders.created_at, orders.updated_at 
FROM orders 
 LIMIT $1::INTEGER OFFSET $2::INTEGER
2026-02-18 09:17:38,706 - sqlalchemy.engine.Engine - INFO - [cached since 11.39s ago] (100, 0)
2026-02-18 09:17:38,707 - sqlalchemy.engine.Engine - INFO - SELECT installers.id AS installers_id, installers.full_name AS installers_full_name, installers.nickname AS installers_nickname, installers.phone AS installers_phone, installers.backup_phone AS installers_backup_phone, installers.specialization AS installers_specialization, installers.rating AS installers_rating, installers.base_price AS installers_base_price, installers.is_debtor AS installers_is_debtor, installers.comments AS installers_comments, installers.is_active AS installers_is_active, installers.is_in_funnel AS installers_is_in_funnel, installers.total_orders AS installers_total_orders, installers.poor_work_count AS installers_poor_work_count, installers.warranty_visits_count AS installers_warranty_visits_count, installers.last_incident_date AS installers_last_incident_date, installers.updated_at AS installers_updated_at, installers.created_at AS installers_created_at, installers.deleted_at AS installers_deleted_at 
FROM installers 
WHERE installers.id IN ($1::INTEGER)
2026-02-18 09:17:38,707 - sqlalchemy.engine.Engine - INFO - [cached since 11.37s ago] (1,)
2026-02-18 09:17:38,708 - sqlalchemy.engine.Engine - INFO - SELECT finance.order_id AS finance_order_id, finance.id AS finance_id, finance.purchase_price AS finance_purchase_price, finance.sale_price_client AS finance_sale_price_client, finance.installer_pay AS finance_installer_pay, finance.my_commission AS finance_my_commission, finance.profit AS finance_profit, finance.margin AS finance_margin, finance.profit_percent AS finance_profit_percent, finance.payment_state AS finance_payment_state, finance.installer_returned_money AS finance_installer_returned_money, finance.updated_at AS finance_updated_at, finance.created_at AS finance_created_at 
FROM finance 
WHERE finance.order_id IN ($1::INTEGER, $2::INTEGER, $3::INTEGER, $4::INTEGER, $5::INTEGER, $6::INTEGER)
2026-02-18 09:17:38,708 - sqlalchemy.engine.Engine - INFO - [cached since 11.34s ago] (3, 4, 1, 6, 7, 8)
2026-02-18 09:17:38,709 - sqlalchemy.engine.Engine - INFO - SELECT clients.id AS clients_id, clients.full_name AS clients_full_name, clients.phone AS clients_phone, clients.address AS clients_address, clients.coordinates AS clients_coordinates, clients.created_at AS clients_created_at, clients.last_contact AS clients_last_contact, clients.comments AS clients_comments, clients.updated_at AS clients_updated_at, clients.backup_phone AS clients_backup_phone, clients.deleted_at AS clients_deleted_at 
FROM clients 
WHERE clients.id IN ($1::INTEGER, $2::INTEGER, $3::INTEGER, $4::INTEGER, $5::INTEGER, $6::INTEGER)
2026-02-18 09:17:38,709 - sqlalchemy.engine.Engine - INFO - [cached since 11.33s ago] (1, 3, 4, 9, 10, 12)
2026-02-18 09:17:38,710 - sqlalchemy.engine.Engine - INFO - ROLLBACK
2026-02-18 09:17:41,456 - sqlalchemy.engine.Engine - INFO - BEGIN (implicit)
2026-02-18 09:17:41,457 - sqlalchemy.engine.Engine - INFO - SELECT admins.id, admins.username, admins.password_hash, admins.created_at 
FROM admins 
WHERE admins.username = $1::VARCHAR
2026-02-18 09:17:41,457 - sqlalchemy.engine.Engine - INFO - [cached since 17.56s ago] ('zhura2296@yandex.ru',)
2026-02-18 09:17:41,458 - sqlalchemy.engine.Engine - INFO - SELECT installers.id, installers.full_name, installers.nickname, installers.phone, installers.backup_phone, installers.specialization, installers.rating, installers.base_price, installers.is_debtor, installers.comments, installers.is_active, installers.is_in_funnel, installers.total_orders, installers.poor_work_count, installers.warranty_visits_count, installers.last_incident_date, installers.updated_at, installers.created_at, installers.deleted_at 
FROM installers 
WHERE installers.deleted_at IS NULL 
 LIMIT $1::INTEGER OFFSET $2::INTEGER
2026-02-18 09:17:41,458 - sqlalchemy.engine.Engine - INFO - [cached since 17.25s ago] (100, 0)
2026-02-18 09:17:41,460 - sqlalchemy.engine.Engine - INFO - BEGIN (implicit)
2026-02-18 09:17:41,460 - sqlalchemy.engine.Engine - INFO - SELECT orders.id, orders.client_id, orders.installer_id, orders.status, orders.service_type, orders.warehouse, orders.service_datetime, orders.delivery_datetime, orders.promise, orders.marker_color, orders.address_id, orders.address_text, orders.created_at, orders.updated_at 
FROM orders 
WHERE orders.id = $1::INTEGER
2026-02-18 09:17:41,460 - sqlalchemy.engine.Engine - INFO - [cached since 12.23s ago] (8,)
2026-02-18 09:17:41,461 - sqlalchemy.engine.Engine - INFO - ROLLBACK
2026-02-18 09:17:41,462 - sqlalchemy.engine.Engine - INFO - BEGIN (implicit)
2026-02-18 09:17:41,462 - sqlalchemy.engine.Engine - INFO - SELECT admins.id, admins.username, admins.password_hash, admins.created_at 
FROM admins 
WHERE admins.username = $1::VARCHAR
2026-02-18 09:17:41,462 - sqlalchemy.engine.Engine - INFO - [cached since 17.56s ago] ('zhura2296@yandex.ru',)
2026-02-18 09:17:41,463 - sqlalchemy.engine.Engine - INFO - SELECT installers.id AS installers_id, installers.full_name AS installers_full_name, installers.nickname AS installers_nickname, installers.phone AS installers_phone, installers.backup_phone AS installers_backup_phone, installers.specialization AS installers_specialization, installers.rating AS installers_rating, installers.base_price AS installers_base_price, installers.is_debtor AS installers_is_debtor, installers.comments AS installers_comments, installers.is_active AS installers_is_active, installers.is_in_funnel AS installers_is_in_funnel, installers.total_orders AS installers_total_orders, installers.poor_work_count AS installers_poor_work_count, installers.warranty_visits_count AS installers_warranty_visits_count, installers.last_incident_date AS installers_last_incident_date, installers.updated_at AS installers_updated_at, installers.created_at AS installers_created_at, installers.deleted_at AS installers_deleted_at 
FROM installers 
WHERE installers.id IN ($1::INTEGER)
2026-02-18 09:17:41,463 - sqlalchemy.engine.Engine - INFO - [cached since 14.13s ago] (1,)
2026-02-18 09:17:41,464 - sqlalchemy.engine.Engine - INFO - SELECT installers.id, installers.full_name, installers.nickname, installers.phone, installers.backup_phone, installers.specialization, installers.rating, installers.base_price, installers.is_debtor, installers.comments, installers.is_active, installers.is_in_funnel, installers.total_orders, installers.poor_work_count, installers.warranty_visits_count, installers.last_incident_date, installers.updated_at, installers.created_at, installers.deleted_at 
FROM installers 
WHERE installers.deleted_at IS NULL 
 LIMIT $1::INTEGER OFFSET $2::INTEGER
2026-02-18 09:17:41,465 - sqlalchemy.engine.Engine - INFO - [cached since 17.25s ago] (100, 0)
2026-02-18 09:17:41,465 - sqlalchemy.engine.Engine - INFO - SELECT finance.order_id AS finance_order_id, finance.id AS finance_id, finance.purchase_price AS finance_purchase_price, finance.sale_price_client AS finance_sale_price_client, finance.installer_pay AS finance_installer_pay, finance.my_commission AS finance_my_commission, finance.profit AS finance_profit, finance.margin AS finance_margin, finance.profit_percent AS finance_profit_percent, finance.payment_state AS finance_payment_state, finance.installer_returned_money AS finance_installer_returned_money, finance.updated_at AS finance_updated_at, finance.created_at AS finance_created_at 
FROM finance 
WHERE finance.order_id IN ($1::INTEGER)
2026-02-18 09:17:41,465 - sqlalchemy.engine.Engine - INFO - [cached since 14.09s ago] (8,)
2026-02-18 09:17:41,466 - sqlalchemy.engine.Engine - INFO - SELECT clients.id AS clients_id, clients.full_name AS clients_full_name, clients.phone AS clients_phone, clients.address AS clients_address, clients.coordinates AS clients_coordinates, clients.created_at AS clients_created_at, clients.last_contact AS clients_last_contact, clients.comments AS clients_comments, clients.updated_at AS clients_updated_at, clients.backup_phone AS clients_backup_phone, clients.deleted_at AS clients_deleted_at 
FROM clients 
WHERE clients.id IN ($1::INTEGER)
2026-02-18 09:17:41,467 - sqlalchemy.engine.Engine - INFO - [cached since 14.09s ago] (12,)
2026-02-18 09:17:41,467 - sqlalchemy.engine.Engine - INFO - ROLLBACK
2026-02-18 09:17:41,468 - sqlalchemy.engine.Engine - INFO - ROLLBACK
2026-02-18 09:17:41,469 - sqlalchemy.engine.Engine - INFO - BEGIN (implicit)
2026-02-18 09:17:41,469 - sqlalchemy.engine.Engine - INFO - SELECT orders.id, orders.client_id, orders.installer_id, orders.status, orders.service_type, orders.warehouse, orders.service_datetime, orders.delivery_datetime, orders.promise, orders.marker_color, orders.address_id, orders.address_text, orders.created_at, orders.updated_at 
FROM orders 
WHERE orders.id = $1::INTEGER
2026-02-18 09:17:41,469 - sqlalchemy.engine.Engine - INFO - [cached since 12.24s ago] (8,)
2026-02-18 09:17:41,470 - sqlalchemy.engine.Engine - INFO - SELECT installers.id AS installers_id, installers.full_name AS installers_full_name, installers.nickname AS installers_nickname, installers.phone AS installers_phone, installers.backup_phone AS installers_backup_phone, installers.specialization AS installers_specialization, installers.rating AS installers_rating, installers.base_price AS installers_base_price, installers.is_debtor AS installers_is_debtor, installers.comments AS installers_comments, installers.is_active AS installers_is_active, installers.is_in_funnel AS installers_is_in_funnel, installers.total_orders AS installers_total_orders, installers.poor_work_count AS installers_poor_work_count, installers.warranty_visits_count AS installers_warranty_visits_count, installers.last_incident_date AS installers_last_incident_date, installers.updated_at AS installers_updated_at, installers.created_at AS installers_created_at, installers.deleted_at AS installers_deleted_at 
FROM installers 
WHERE installers.id IN ($1::INTEGER)
2026-02-18 09:17:41,470 - sqlalchemy.engine.Engine - INFO - [cached since 14.13s ago] (1,)
2026-02-18 09:17:41,471 - sqlalchemy.engine.Engine - INFO - SELECT finance.order_id AS finance_order_id, finance.id AS finance_id, finance.purchase_price AS finance_purchase_price, finance.sale_price_client AS finance_sale_price_client, finance.installer_pay AS finance_installer_pay, finance.my_commission AS finance_my_commission, finance.profit AS finance_profit, finance.margin AS finance_margin, finance.profit_percent AS finance_profit_percent, finance.payment_state AS finance_payment_state, finance.installer_returned_money AS finance_installer_returned_money, finance.updated_at AS finance_updated_at, finance.created_at AS finance_created_at 
FROM finance 
WHERE finance.order_id IN ($1::INTEGER)
2026-02-18 09:17:41,471 - sqlalchemy.engine.Engine - INFO - [cached since 14.1s ago] (8,)
2026-02-18 09:17:41,472 - sqlalchemy.engine.Engine - INFO - SELECT clients.id AS clients_id, clients.full_name AS clients_full_name, clients.phone AS clients_phone, clients.address AS clients_address, clients.coordinates AS clients_coordinates, clients.created_at AS clients_created_at, clients.last_contact AS clients_last_contact, clients.comments AS clients_comments, clients.updated_at AS clients_updated_at, clients.backup_phone AS clients_backup_phone, clients.deleted_at AS clients_deleted_at 
FROM clients 
WHERE clients.id IN ($1::INTEGER)
2026-02-18 09:17:41,472 - sqlalchemy.engine.Engine - INFO - [cached since 14.09s ago] (12,)
2026-02-18 09:17:41,473 - sqlalchemy.engine.Engine - INFO - ROLLBACK
2026-02-18 09:17:45,010 - sqlalchemy.engine.Engine - INFO - BEGIN (implicit)
2026-02-18 09:17:45,010 - sqlalchemy.engine.Engine - INFO - SELECT orders.id, orders.client_id, orders.installer_id, orders.status, orders.service_type, orders.warehouse, orders.service_datetime, orders.delivery_datetime, orders.promise, orders.marker_color, orders.address_id, orders.address_text, orders.created_at, orders.updated_at 
FROM orders 
WHERE orders.id = $1::INTEGER
2026-02-18 09:17:45,010 - sqlalchemy.engine.Engine - INFO - [cached since 15.78s ago] (8,)
2026-02-18 09:17:45,011 - sqlalchemy.engine.Engine - INFO - SELECT installers.id AS installers_id, installers.full_name AS installers_full_name, installers.nickname AS installers_nickname, installers.phone AS installers_phone, installers.backup_phone AS installers_backup_phone, installers.specialization AS installers_specialization, installers.rating AS installers_rating, installers.base_price AS installers_base_price, installers.is_debtor AS installers_is_debtor, installers.comments AS installers_comments, installers.is_active AS installers_is_active, installers.is_in_funnel AS installers_is_in_funnel, installers.total_orders AS installers_total_orders, installers.poor_work_count AS installers_poor_work_count, installers.warranty_visits_count AS installers_warranty_visits_count, installers.last_incident_date AS installers_last_incident_date, installers.updated_at AS installers_updated_at, installers.created_at AS installers_created_at, installers.deleted_at AS installers_deleted_at 
FROM installers 
WHERE installers.id IN ($1::INTEGER)
2026-02-18 09:17:45,011 - sqlalchemy.engine.Engine - INFO - [cached since 17.68s ago] (1,)
2026-02-18 09:17:45,012 - sqlalchemy.engine.Engine - INFO - SELECT finance.order_id AS finance_order_id, finance.id AS finance_id, finance.purchase_price AS finance_purchase_price, finance.sale_price_client AS finance_sale_price_client, finance.installer_pay AS finance_installer_pay, finance.my_commission AS finance_my_commission, finance.profit AS finance_profit, finance.margin AS finance_margin, finance.profit_percent AS finance_profit_percent, finance.payment_state AS finance_payment_state, finance.installer_returned_money AS finance_installer_returned_money, finance.updated_at AS finance_updated_at, finance.created_at AS finance_created_at 
FROM finance 
WHERE finance.order_id IN ($1::INTEGER)
2026-02-18 09:17:45,012 - sqlalchemy.engine.Engine - INFO - [cached since 17.64s ago] (8,)
2026-02-18 09:17:45,013 - sqlalchemy.engine.Engine - INFO - SELECT clients.id AS clients_id, clients.full_name AS clients_full_name, clients.phone AS clients_phone, clients.address AS clients_address, clients.coordinates AS clients_coordinates, clients.created_at AS clients_created_at, clients.last_contact AS clients_last_contact, clients.comments AS clients_comments, clients.updated_at AS clients_updated_at, clients.backup_phone AS clients_backup_phone, clients.deleted_at AS clients_deleted_at 
FROM clients 
WHERE clients.id IN ($1::INTEGER)
2026-02-18 09:17:45,013 - sqlalchemy.engine.Engine - INFO - [cached since 17.63s ago] (12,)
2026-02-18 09:17:45,014 - sqlalchemy.engine.Engine - INFO - DELETE FROM orders WHERE orders.id = $1::INTEGER
2026-02-18 09:17:45,014 - sqlalchemy.engine.Engine - INFO - [cached since 12.61s ago] (8,)
2026-02-18 09:17:45,017 - sqlalchemy.engine.Engine - INFO - COMMIT
2026-02-18 09:17:45,029 - sqlalchemy.engine.Engine - INFO - BEGIN (implicit)
2026-02-18 09:17:45,029 - sqlalchemy.engine.Engine - INFO - SELECT orders.id, orders.client_id, orders.installer_id, orders.status, orders.service_type, orders.warehouse, orders.service_datetime, orders.delivery_datetime, orders.promise, orders.marker_color, orders.address_id, orders.address_text, orders.created_at, orders.updated_at 
FROM orders 
 LIMIT $1::INTEGER OFFSET $2::INTEGER
2026-02-18 09:17:45,029 - sqlalchemy.engine.Engine - INFO - [cached since 17.71s ago] (100, 0)
2026-02-18 09:17:45,033 - sqlalchemy.engine.Engine - INFO - SELECT installers.id AS installers_id, installers.full_name AS installers_full_name, installers.nickname AS installers_nickname, installers.phone AS installers_phone, installers.backup_phone AS installers_backup_phone, installers.specialization AS installers_specialization, installers.rating AS installers_rating, installers.base_price AS installers_base_price, installers.is_debtor AS installers_is_debtor, installers.comments AS installers_comments, installers.is_active AS installers_is_active, installers.is_in_funnel AS installers_is_in_funnel, installers.total_orders AS installers_total_orders, installers.poor_work_count AS installers_poor_work_count, installers.warranty_visits_count AS installers_warranty_visits_count, installers.last_incident_date AS installers_last_incident_date, installers.updated_at AS installers_updated_at, installers.created_at AS installers_created_at, installers.deleted_at AS installers_deleted_at 
FROM installers 
WHERE installers.id IN ($1::INTEGER)
2026-02-18 09:17:45,033 - sqlalchemy.engine.Engine - INFO - [cached since 17.7s ago] (1,)
2026-02-18 09:17:45,035 - sqlalchemy.engine.Engine - INFO - SELECT finance.order_id AS finance_order_id, finance.id AS finance_id, finance.purchase_price AS finance_purchase_price, finance.sale_price_client AS finance_sale_price_client, finance.installer_pay AS finance_installer_pay, finance.my_commission AS finance_my_commission, finance.profit AS finance_profit, finance.margin AS finance_margin, finance.profit_percent AS finance_profit_percent, finance.payment_state AS finance_payment_state, finance.installer_returned_money AS finance_installer_returned_money, finance.updated_at AS finance_updated_at, finance.created_at AS finance_created_at 
FROM finance 
WHERE finance.order_id IN ($1::INTEGER, $2::INTEGER, $3::INTEGER, $4::INTEGER, $5::INTEGER)
2026-02-18 09:17:45,035 - sqlalchemy.engine.Engine - INFO - [cached since 17.66s ago] (3, 4, 1, 6, 7)
2026-02-18 09:17:45,039 - sqlalchemy.engine.Engine - INFO - SELECT clients.id AS clients_id, clients.full_name AS clients_full_name, clients.phone AS clients_phone, clients.address AS clients_address, clients.coordinates AS clients_coordinates, clients.created_at AS clients_created_at, clients.last_contact AS clients_last_contact, clients.comments AS clients_comments, clients.updated_at AS clients_updated_at, clients.backup_phone AS clients_backup_phone, clients.deleted_at AS clients_deleted_at 
FROM clients 
WHERE clients.id IN ($1::INTEGER, $2::INTEGER, $3::INTEGER, $4::INTEGER, $5::INTEGER)
2026-02-18 09:17:45,039 - sqlalchemy.engine.Engine - INFO - [cached since 17.66s ago] (1, 3, 4, 9, 10)
2026-02-18 09:17:45,043 - sqlalchemy.engine.Engine - INFO - ROLLBACK
2026-02-18 09:17:45,044 - sqlalchemy.engine.Engine - INFO - BEGIN (implicit)
2026-02-18 09:17:45,044 - sqlalchemy.engine.Engine - INFO - SELECT orders.id, orders.client_id, orders.installer_id, orders.status, orders.service_type, orders.warehouse, orders.service_datetime, orders.delivery_datetime, orders.promise, orders.marker_color, orders.address_id, orders.address_text, orders.created_at, orders.updated_at 
FROM orders 
 LIMIT $1::INTEGER OFFSET $2::INTEGER
2026-02-18 09:17:45,044 - sqlalchemy.engine.Engine - INFO - [cached since 17.73s ago] (100, 0)
2026-02-18 09:17:45,047 - sqlalchemy.engine.Engine - INFO - SELECT installers.id AS installers_id, installers.full_name AS installers_full_name, installers.nickname AS installers_nickname, installers.phone AS installers_phone, installers.backup_phone AS installers_backup_phone, installers.specialization AS installers_specialization, installers.rating AS installers_rating, installers.base_price AS installers_base_price, installers.is_debtor AS installers_is_debtor, installers.comments AS installers_comments, installers.is_active AS installers_is_active, installers.is_in_funnel AS installers_is_in_funnel, installers.total_orders AS installers_total_orders, installers.poor_work_count AS installers_poor_work_count, installers.warranty_visits_count AS installers_warranty_visits_count, installers.last_incident_date AS installers_last_incident_date, installers.updated_at AS installers_updated_at, installers.created_at AS installers_created_at, installers.deleted_at AS installers_deleted_at 
FROM installers 
WHERE installers.id IN ($1::INTEGER)
2026-02-18 09:17:45,047 - sqlalchemy.engine.Engine - INFO - [cached since 17.71s ago] (1,)
2026-02-18 09:17:45,049 - sqlalchemy.engine.Engine - INFO - SELECT finance.order_id AS finance_order_id, finance.id AS finance_id, finance.purchase_price AS finance_purchase_price, finance.sale_price_client AS finance_sale_price_client, finance.installer_pay AS finance_installer_pay, finance.my_commission AS finance_my_commission, finance.profit AS finance_profit, finance.margin AS finance_margin, finance.profit_percent AS finance_profit_percent, finance.payment_state AS finance_payment_state, finance.installer_returned_money AS finance_installer_returned_money, finance.updated_at AS finance_updated_at, finance.created_at AS finance_created_at 
FROM finance 
WHERE finance.order_id IN ($1::INTEGER, $2::INTEGER, $3::INTEGER, $4::INTEGER, $5::INTEGER)
2026-02-18 09:17:45,049 - sqlalchemy.engine.Engine - INFO - [cached since 17.68s ago] (3, 4, 1, 6, 7)
2026-02-18 09:17:45,050 - sqlalchemy.engine.Engine - INFO - SELECT clients.id AS clients_id, clients.full_name AS clients_full_name, clients.phone AS clients_phone, clients.address AS clients_address, clients.coordinates AS clients_coordinates, clients.created_at AS clients_created_at, clients.last_contact AS clients_last_contact, clients.comments AS clients_comments, clients.updated_at AS clients_updated_at, clients.backup_phone AS clients_backup_phone, clients.deleted_at AS clients_deleted_at 
FROM clients 
WHERE clients.id IN ($1::INTEGER, $2::INTEGER, $3::INTEGER, $4::INTEGER, $5::INTEGER)
2026-02-18 09:17:45,050 - sqlalchemy.engine.Engine - INFO - [cached since 17.67s ago] (1, 3, 4, 9, 10)
2026-02-18 09:17:45,051 - sqlalchemy.engine.Engine - INFO - ROLLBACK
2026-02-18 09:17:46,462 - sqlalchemy.engine.Engine - INFO - BEGIN (implicit)
2026-02-18 09:17:46,499 - sqlalchemy.engine.Engine - INFO - SELECT orders.id, orders.client_id, orders.installer_id, orders.status, orders.service_type, orders.warehouse, orders.service_datetime, orders.delivery_datetime, orders.promise, orders.marker_color, orders.address_id, orders.address_text, orders.created_at, orders.updated_at 
FROM orders 
WHERE orders.id = $1::INTEGER
2026-02-18 09:17:46,499 - sqlalchemy.engine.Engine - INFO - [cached since 17.27s ago] (7,)
2026-02-18 09:17:46,500 - sqlalchemy.engine.Engine - INFO - BEGIN (implicit)
2026-02-18 09:17:46,500 - sqlalchemy.engine.Engine - INFO - SELECT admins.id, admins.username, admins.password_hash, admins.created_at 
FROM admins 
WHERE admins.username = $1::VARCHAR
2026-02-18 09:17:46,500 - sqlalchemy.engine.Engine - INFO - [cached since 22.6s ago] ('zhura2296@yandex.ru',)
2026-02-18 09:17:46,502 - sqlalchemy.engine.Engine - INFO - SELECT installers.id AS installers_id, installers.full_name AS installers_full_name, installers.nickname AS installers_nickname, installers.phone AS installers_phone, installers.backup_phone AS installers_backup_phone, installers.specialization AS installers_specialization, installers.rating AS installers_rating, installers.base_price AS installers_base_price, installers.is_debtor AS installers_is_debtor, installers.comments AS installers_comments, installers.is_active AS installers_is_active, installers.is_in_funnel AS installers_is_in_funnel, installers.total_orders AS installers_total_orders, installers.poor_work_count AS installers_poor_work_count, installers.warranty_visits_count AS installers_warranty_visits_count, installers.last_incident_date AS installers_last_incident_date, installers.updated_at AS installers_updated_at, installers.created_at AS installers_created_at, installers.deleted_at AS installers_deleted_at 
FROM installers 
WHERE installers.id IN ($1::INTEGER)
2026-02-18 09:17:46,503 - sqlalchemy.engine.Engine - INFO - [cached since 19.17s ago] (1,)
2026-02-18 09:17:46,504 - sqlalchemy.engine.Engine - INFO - SELECT installers.id, installers.full_name, installers.nickname, installers.phone, installers.backup_phone, installers.specialization, installers.rating, installers.base_price, installers.is_debtor, installers.comments, installers.is_active, installers.is_in_funnel, installers.total_orders, installers.poor_work_count, installers.warranty_visits_count, installers.last_incident_date, installers.updated_at, installers.created_at, installers.deleted_at 
FROM installers 
WHERE installers.deleted_at IS NULL 
 LIMIT $1::INTEGER OFFSET $2::INTEGER
2026-02-18 09:17:46,504 - sqlalchemy.engine.Engine - INFO - [cached since 22.29s ago] (100, 0)
2026-02-18 09:17:46,505 - sqlalchemy.engine.Engine - INFO - SELECT finance.order_id AS finance_order_id, finance.id AS finance_id, finance.purchase_price AS finance_purchase_price, finance.sale_price_client AS finance_sale_price_client, finance.installer_pay AS finance_installer_pay, finance.my_commission AS finance_my_commission, finance.profit AS finance_profit, finance.margin AS finance_margin, finance.profit_percent AS finance_profit_percent, finance.payment_state AS finance_payment_state, finance.installer_returned_money AS finance_installer_returned_money, finance.updated_at AS finance_updated_at, finance.created_at AS finance_created_at 
FROM finance 
WHERE finance.order_id IN ($1::INTEGER)
2026-02-18 09:17:46,505 - sqlalchemy.engine.Engine - INFO - [cached since 19.13s ago] (7,)
2026-02-18 09:17:46,506 - sqlalchemy.engine.Engine - INFO - SELECT clients.id AS clients_id, clients.full_name AS clients_full_name, clients.phone AS clients_phone, clients.address AS clients_address, clients.coordinates AS clients_coordinates, clients.created_at AS clients_created_at, clients.last_contact AS clients_last_contact, clients.comments AS clients_comments, clients.updated_at AS clients_updated_at, clients.backup_phone AS clients_backup_phone, clients.deleted_at AS clients_deleted_at 
FROM clients 
WHERE clients.id IN ($1::INTEGER)
2026-02-18 09:17:46,506 - sqlalchemy.engine.Engine - INFO - [cached since 19.13s ago] (10,)
2026-02-18 09:17:46,507 - sqlalchemy.engine.Engine - INFO - ROLLBACK
2026-02-18 09:17:46,508 - sqlalchemy.engine.Engine - INFO - BEGIN (implicit)
2026-02-18 09:17:46,508 - sqlalchemy.engine.Engine - INFO - SELECT admins.id, admins.username, admins.password_hash, admins.created_at 
FROM admins 
WHERE admins.username = $1::VARCHAR
2026-02-18 09:17:46,508 - sqlalchemy.engine.Engine - INFO - [cached since 22.61s ago] ('zhura2296@yandex.ru',)
2026-02-18 09:17:46,509 - sqlalchemy.engine.Engine - INFO - ROLLBACK
2026-02-18 09:17:46,509 - sqlalchemy.engine.Engine - INFO - BEGIN (implicit)
2026-02-18 09:17:46,510 - sqlalchemy.engine.Engine - INFO - SELECT orders.id, orders.client_id, orders.installer_id, orders.status, orders.service_type, orders.warehouse, orders.service_datetime, orders.delivery_datetime, orders.promise, orders.marker_color, orders.address_id, orders.address_text, orders.created_at, orders.updated_at 
FROM orders 
WHERE orders.id = $1::INTEGER
2026-02-18 09:17:46,510 - sqlalchemy.engine.Engine - INFO - [cached since 17.28s ago] (7,)
2026-02-18 09:17:46,510 - sqlalchemy.engine.Engine - INFO - SELECT installers.id, installers.full_name, installers.nickname, installers.phone, installers.backup_phone, installers.specialization, installers.rating, installers.base_price, installers.is_debtor, installers.comments, installers.is_active, installers.is_in_funnel, installers.total_orders, installers.poor_work_count, installers.warranty_visits_count, installers.last_incident_date, installers.updated_at, installers.created_at, installers.deleted_at 
FROM installers 
WHERE installers.deleted_at IS NULL 
 LIMIT $1::INTEGER OFFSET $2::INTEGER
2026-02-18 09:17:46,510 - sqlalchemy.engine.Engine - INFO - [cached since 22.3s ago] (100, 0)
2026-02-18 09:17:46,512 - sqlalchemy.engine.Engine - INFO - SELECT installers.id AS installers_id, installers.full_name AS installers_full_name, installers.nickname AS installers_nickname, installers.phone AS installers_phone, installers.backup_phone AS installers_backup_phone, installers.specialization AS installers_specialization, installers.rating AS installers_rating, installers.base_price AS installers_base_price, installers.is_debtor AS installers_is_debtor, installers.comments AS installers_comments, installers.is_active AS installers_is_active, installers.is_in_funnel AS installers_is_in_funnel, installers.total_orders AS installers_total_orders, installers.poor_work_count AS installers_poor_work_count, installers.warranty_visits_count AS installers_warranty_visits_count, installers.last_incident_date AS installers_last_incident_date, installers.updated_at AS installers_updated_at, installers.created_at AS installers_created_at, installers.deleted_at AS installers_deleted_at 
FROM installers 
WHERE installers.id IN ($1::INTEGER)
2026-02-18 09:17:46,512 - sqlalchemy.engine.Engine - INFO - [cached since 19.18s ago] (1,)
2026-02-18 09:17:46,513 - sqlalchemy.engine.Engine - INFO - SELECT finance.order_id AS finance_order_id, finance.id AS finance_id, finance.purchase_price AS finance_purchase_price, finance.sale_price_client AS finance_sale_price_client, finance.installer_pay AS finance_installer_pay, finance.my_commission AS finance_my_commission, finance.profit AS finance_profit, finance.margin AS finance_margin, finance.profit_percent AS finance_profit_percent, finance.payment_state AS finance_payment_state, finance.installer_returned_money AS finance_installer_returned_money, finance.updated_at AS finance_updated_at, finance.created_at AS finance_created_at 
FROM finance 
WHERE finance.order_id IN ($1::INTEGER)
2026-02-18 09:17:46,513 - sqlalchemy.engine.Engine - INFO - [cached since 19.14s ago] (7,)
2026-02-18 09:17:46,513 - sqlalchemy.engine.Engine - INFO - ROLLBACK
2026-02-18 09:17:46,514 - sqlalchemy.engine.Engine - INFO - SELECT clients.id AS clients_id, clients.full_name AS clients_full_name, clients.phone AS clients_phone, clients.address AS clients_address, clients.coordinates AS clients_coordinates, clients.created_at AS clients_created_at, clients.last_contact AS clients_last_contact, clients.comments AS clients_comments, clients.updated_at AS clients_updated_at, clients.backup_phone AS clients_backup_phone, clients.deleted_at AS clients_deleted_at 
FROM clients 
WHERE clients.id IN ($1::INTEGER)
2026-02-18 09:17:46,515 - sqlalchemy.engine.Engine - INFO - [cached since 19.14s ago] (10,)
2026-02-18 09:17:46,516 - sqlalchemy.engine.Engine - INFO - ROLLBACK
2026-02-18 09:17:49,808 - sqlalchemy.engine.Engine - INFO - BEGIN (implicit)
2026-02-18 09:17:49,810 - sqlalchemy.engine.Engine - INFO - SELECT orders.id, orders.client_id, orders.installer_id, orders.status, orders.service_type, orders.warehouse, orders.service_datetime, orders.delivery_datetime, orders.promise, orders.marker_color, orders.address_id, orders.address_text, orders.created_at, orders.updated_at 
FROM orders 
WHERE orders.id = $1::INTEGER
2026-02-18 09:17:49,810 - sqlalchemy.engine.Engine - INFO - [cached since 20.58s ago] (7,)
2026-02-18 09:17:49,816 - sqlalchemy.engine.Engine - INFO - SELECT installers.id AS installers_id, installers.full_name AS installers_full_name, installers.nickname AS installers_nickname, installers.phone AS installers_phone, installers.backup_phone AS installers_backup_phone, installers.specialization AS installers_specialization, installers.rating AS installers_rating, installers.base_price AS installers_base_price, installers.is_debtor AS installers_is_debtor, installers.comments AS installers_comments, installers.is_active AS installers_is_active, installers.is_in_funnel AS installers_is_in_funnel, installers.total_orders AS installers_total_orders, installers.poor_work_count AS installers_poor_work_count, installers.warranty_visits_count AS installers_warranty_visits_count, installers.last_incident_date AS installers_last_incident_date, installers.updated_at AS installers_updated_at, installers.created_at AS installers_created_at, installers.deleted_at AS installers_deleted_at 
FROM installers 
WHERE installers.id IN ($1::INTEGER)
2026-02-18 09:17:49,816 - sqlalchemy.engine.Engine - INFO - [cached since 22.48s ago] (1,)
2026-02-18 09:17:49,819 - sqlalchemy.engine.Engine - INFO - SELECT finance.order_id AS finance_order_id, finance.id AS finance_id, finance.purchase_price AS finance_purchase_price, finance.sale_price_client AS finance_sale_price_client, finance.installer_pay AS finance_installer_pay, finance.my_commission AS finance_my_commission, finance.profit AS finance_profit, finance.margin AS finance_margin, finance.profit_percent AS finance_profit_percent, finance.payment_state AS finance_payment_state, finance.installer_returned_money AS finance_installer_returned_money, finance.updated_at AS finance_updated_at, finance.created_at AS finance_created_at 
FROM finance 
WHERE finance.order_id IN ($1::INTEGER)
2026-02-18 09:17:49,819 - sqlalchemy.engine.Engine - INFO - [cached since 22.45s ago] (7,)
2026-02-18 09:17:49,821 - sqlalchemy.engine.Engine - INFO - SELECT clients.id AS clients_id, clients.full_name AS clients_full_name, clients.phone AS clients_phone, clients.address AS clients_address, clients.coordinates AS clients_coordinates, clients.created_at AS clients_created_at, clients.last_contact AS clients_last_contact, clients.comments AS clients_comments, clients.updated_at AS clients_updated_at, clients.backup_phone AS clients_backup_phone, clients.deleted_at AS clients_deleted_at 
FROM clients 
WHERE clients.id IN ($1::INTEGER)
2026-02-18 09:17:49,821 - sqlalchemy.engine.Engine - INFO - [cached since 22.44s ago] (10,)
2026-02-18 09:17:49,823 - sqlalchemy.engine.Engine - INFO - UPDATE finance SET order_id=$1::INTEGER, updated_at=now() WHERE finance.id = $2::INTEGER
2026-02-18 09:17:49,823 - sqlalchemy.engine.Engine - INFO - [cached since 11.2s ago] (None, 4)
2026-02-18 09:17:49,825 - sqlalchemy.engine.Engine - INFO - DELETE FROM orders WHERE orders.id = $1::INTEGER
2026-02-18 09:17:49,825 - sqlalchemy.engine.Engine - INFO - [cached since 17.42s ago] (7,)
2026-02-18 09:17:49,826 - sqlalchemy.engine.Engine - INFO - COMMIT
2026-02-18 09:17:49,899 - sqlalchemy.engine.Engine - INFO - BEGIN (implicit)
2026-02-18 09:17:49,899 - sqlalchemy.engine.Engine - INFO - SELECT orders.id, orders.client_id, orders.installer_id, orders.status, orders.service_type, orders.warehouse, orders.service_datetime, orders.delivery_datetime, orders.promise, orders.marker_color, orders.address_id, orders.address_text, orders.created_at, orders.updated_at 
FROM orders 
 LIMIT $1::INTEGER OFFSET $2::INTEGER
2026-02-18 09:17:49,900 - sqlalchemy.engine.Engine - INFO - [cached since 22.58s ago] (100, 0)
2026-02-18 09:17:49,903 - sqlalchemy.engine.Engine - INFO - SELECT installers.id AS installers_id, installers.full_name AS installers_full_name, installers.nickname AS installers_nickname, installers.phone AS installers_phone, installers.backup_phone AS installers_backup_phone, installers.specialization AS installers_specialization, installers.rating AS installers_rating, installers.base_price AS installers_base_price, installers.is_debtor AS installers_is_debtor, installers.comments AS installers_comments, installers.is_active AS installers_is_active, installers.is_in_funnel AS installers_is_in_funnel, installers.total_orders AS installers_total_orders, installers.poor_work_count AS installers_poor_work_count, installers.warranty_visits_count AS installers_warranty_visits_count, installers.last_incident_date AS installers_last_incident_date, installers.updated_at AS installers_updated_at, installers.created_at AS installers_created_at, installers.deleted_at AS installers_deleted_at 
FROM installers 
WHERE installers.id IN ($1::INTEGER)
2026-02-18 09:17:49,904 - sqlalchemy.engine.Engine - INFO - [cached since 22.57s ago] (1,)
2026-02-18 09:17:49,907 - sqlalchemy.engine.Engine - INFO - SELECT finance.order_id AS finance_order_id, finance.id AS finance_id, finance.purchase_price AS finance_purchase_price, finance.sale_price_client AS finance_sale_price_client, finance.installer_pay AS finance_installer_pay, finance.my_commission AS finance_my_commission, finance.profit AS finance_profit, finance.margin AS finance_margin, finance.profit_percent AS finance_profit_percent, finance.payment_state AS finance_payment_state, finance.installer_returned_money AS finance_installer_returned_money, finance.updated_at AS finance_updated_at, finance.created_at AS finance_created_at 
FROM finance 
WHERE finance.order_id IN ($1::INTEGER, $2::INTEGER, $3::INTEGER, $4::INTEGER)
2026-02-18 09:17:49,907 - sqlalchemy.engine.Engine - INFO - [cached since 22.53s ago] (3, 4, 1, 6)
2026-02-18 09:17:49,912 - sqlalchemy.engine.Engine - INFO - SELECT clients.id AS clients_id, clients.full_name AS clients_full_name, clients.phone AS clients_phone, clients.address AS clients_address, clients.coordinates AS clients_coordinates, clients.created_at AS clients_created_at, clients.last_contact AS clients_last_contact, clients.comments AS clients_comments, clients.updated_at AS clients_updated_at, clients.backup_phone AS clients_backup_phone, clients.deleted_at AS clients_deleted_at 
FROM clients 
WHERE clients.id IN ($1::INTEGER, $2::INTEGER, $3::INTEGER, $4::INTEGER)
2026-02-18 09:17:49,912 - sqlalchemy.engine.Engine - INFO - [cached since 22.53s ago] (1, 3, 4, 9)
2026-02-18 09:17:49,915 - sqlalchemy.engine.Engine - INFO - ROLLBACK
2026-02-18 09:17:49,916 - sqlalchemy.engine.Engine - INFO - BEGIN (implicit)
2026-02-18 09:17:49,916 - sqlalchemy.engine.Engine - INFO - SELECT orders.id, orders.client_id, orders.installer_id, orders.status, orders.service_type, orders.warehouse, orders.service_datetime, orders.delivery_datetime, orders.promise, orders.marker_color, orders.address_id, orders.address_text, orders.created_at, orders.updated_at 
FROM orders 
 LIMIT $1::INTEGER OFFSET $2::INTEGER
2026-02-18 09:17:49,916 - sqlalchemy.engine.Engine - INFO - [cached since 22.6s ago] (100, 0)
2026-02-18 09:17:49,918 - sqlalchemy.engine.Engine - INFO - SELECT installers.id AS installers_id, installers.full_name AS installers_full_name, installers.nickname AS installers_nickname, installers.phone AS installers_phone, installers.backup_phone AS installers_backup_phone, installers.specialization AS installers_specialization, installers.rating AS installers_rating, installers.base_price AS installers_base_price, installers.is_debtor AS installers_is_debtor, installers.comments AS installers_comments, installers.is_active AS installers_is_active, installers.is_in_funnel AS installers_is_in_funnel, installers.total_orders AS installers_total_orders, installers.poor_work_count AS installers_poor_work_count, installers.warranty_visits_count AS installers_warranty_visits_count, installers.last_incident_date AS installers_last_incident_date, installers.updated_at AS installers_updated_at, installers.created_at AS installers_created_at, installers.deleted_at AS installers_deleted_at 
FROM installers 
WHERE installers.id IN ($1::INTEGER)
2026-02-18 09:17:49,919 - sqlalchemy.engine.Engine - INFO - [cached since 22.58s ago] (1,)
2026-02-18 09:17:49,920 - sqlalchemy.engine.Engine - INFO - SELECT finance.order_id AS finance_order_id, finance.id AS finance_id, finance.purchase_price AS finance_purchase_price, finance.sale_price_client AS finance_sale_price_client, finance.installer_pay AS finance_installer_pay, finance.my_commission AS finance_my_commission, finance.profit AS finance_profit, finance.margin AS finance_margin, finance.profit_percent AS finance_profit_percent, finance.payment_state AS finance_payment_state, finance.installer_returned_money AS finance_installer_returned_money, finance.updated_at AS finance_updated_at, finance.created_at AS finance_created_at 
FROM finance 
WHERE finance.order_id IN ($1::INTEGER, $2::INTEGER, $3::INTEGER, $4::INTEGER)
2026-02-18 09:17:49,920 - sqlalchemy.engine.Engine - INFO - [cached since 22.55s ago] (3, 4, 1, 6)
2026-02-18 09:17:49,921 - sqlalchemy.engine.Engine - INFO - SELECT clients.id AS clients_id, clients.full_name AS clients_full_name, clients.phone AS clients_phone, clients.address AS clients_address, clients.coordinates AS clients_coordinates, clients.created_at AS clients_created_at, clients.last_contact AS clients_last_contact, clients.comments AS clients_comments, clients.updated_at AS clients_updated_at, clients.backup_phone AS clients_backup_phone, clients.deleted_at AS clients_deleted_at 
FROM clients 
WHERE clients.id IN ($1::INTEGER, $2::INTEGER, $3::INTEGER, $4::INTEGER)
2026-02-18 09:17:49,921 - sqlalchemy.engine.Engine - INFO - [cached since 22.54s ago] (1, 3, 4, 9)
2026-02-18 09:17:49,923 - sqlalchemy.engine.Engine - INFO - ROLLBACK
2026-02-18 09:17:51,138 - sqlalchemy.engine.Engine - INFO - BEGIN (implicit)
2026-02-18 09:17:51,138 - sqlalchemy.engine.Engine - INFO - SELECT admins.id, admins.username, admins.password_hash, admins.created_at 
FROM admins 
WHERE admins.username = $1::VARCHAR
2026-02-18 09:17:51,138 - sqlalchemy.engine.Engine - INFO - [cached since 27.24s ago] ('zhura2296@yandex.ru',)
2026-02-18 09:17:51,140 - sqlalchemy.engine.Engine - INFO - BEGIN (implicit)
2026-02-18 09:17:51,140 - sqlalchemy.engine.Engine - INFO - SELECT orders.id, orders.client_id, orders.installer_id, orders.status, orders.service_type, orders.warehouse, orders.service_datetime, orders.delivery_datetime, orders.promise, orders.marker_color, orders.address_id, orders.address_text, orders.created_at, orders.updated_at 
FROM orders 
WHERE orders.id = $1::INTEGER
2026-02-18 09:17:51,140 - sqlalchemy.engine.Engine - INFO - [cached since 21.91s ago] (6,)
2026-02-18 09:17:51,141 - sqlalchemy.engine.Engine - INFO - SELECT installers.id, installers.full_name, installers.nickname, installers.phone, installers.backup_phone, installers.specialization, installers.rating, installers.base_price, installers.is_debtor, installers.comments, installers.is_active, installers.is_in_funnel, installers.total_orders, installers.poor_work_count, installers.warranty_visits_count, installers.last_incident_date, installers.updated_at, installers.created_at, installers.deleted_at 
FROM installers 
WHERE installers.deleted_at IS NULL 
 LIMIT $1::INTEGER OFFSET $2::INTEGER
2026-02-18 09:17:51,141 - sqlalchemy.engine.Engine - INFO - [cached since 26.93s ago] (100, 0)
2026-02-18 09:17:51,142 - sqlalchemy.engine.Engine - INFO - SELECT finance.order_id AS finance_order_id, finance.id AS finance_id, finance.purchase_price AS finance_purchase_price, finance.sale_price_client AS finance_sale_price_client, finance.installer_pay AS finance_installer_pay, finance.my_commission AS finance_my_commission, finance.profit AS finance_profit, finance.margin AS finance_margin, finance.profit_percent AS finance_profit_percent, finance.payment_state AS finance_payment_state, finance.installer_returned_money AS finance_installer_returned_money, finance.updated_at AS finance_updated_at, finance.created_at AS finance_created_at 
FROM finance 
WHERE finance.order_id IN ($1::INTEGER)
2026-02-18 09:17:51,142 - sqlalchemy.engine.Engine - INFO - [cached since 23.77s ago] (6,)
2026-02-18 09:17:51,143 - sqlalchemy.engine.Engine - INFO - SELECT clients.id AS clients_id, clients.full_name AS clients_full_name, clients.phone AS clients_phone, clients.address AS clients_address, clients.coordinates AS clients_coordinates, clients.created_at AS clients_created_at, clients.last_contact AS clients_last_contact, clients.comments AS clients_comments, clients.updated_at AS clients_updated_at, clients.backup_phone AS clients_backup_phone, clients.deleted_at AS clients_deleted_at 
FROM clients 
WHERE clients.id IN ($1::INTEGER)
2026-02-18 09:17:51,143 - sqlalchemy.engine.Engine - INFO - [cached since 23.76s ago] (9,)
2026-02-18 09:17:51,143 - sqlalchemy.engine.Engine - INFO - ROLLBACK
2026-02-18 09:17:51,145 - sqlalchemy.engine.Engine - INFO - BEGIN (implicit)
2026-02-18 09:17:51,145 - sqlalchemy.engine.Engine - INFO - SELECT admins.id, admins.username, admins.password_hash, admins.created_at 
FROM admins 
WHERE admins.username = $1::VARCHAR
2026-02-18 09:17:51,145 - sqlalchemy.engine.Engine - INFO - [cached since 27.25s ago] ('zhura2296@yandex.ru',)
2026-02-18 09:17:51,145 - sqlalchemy.engine.Engine - INFO - ROLLBACK
2026-02-18 09:17:51,146 - sqlalchemy.engine.Engine - INFO - BEGIN (implicit)
2026-02-18 09:17:51,146 - sqlalchemy.engine.Engine - INFO - SELECT orders.id, orders.client_id, orders.installer_id, orders.status, orders.service_type, orders.warehouse, orders.service_datetime, orders.delivery_datetime, orders.promise, orders.marker_color, orders.address_id, orders.address_text, orders.created_at, orders.updated_at 
FROM orders 
WHERE orders.id = $1::INTEGER
2026-02-18 09:17:51,146 - sqlalchemy.engine.Engine - INFO - [cached since 21.92s ago] (6,)
2026-02-18 09:17:51,147 - sqlalchemy.engine.Engine - INFO - SELECT installers.id, installers.full_name, installers.nickname, installers.phone, installers.backup_phone, installers.specialization, installers.rating, installers.base_price, installers.is_debtor, installers.comments, installers.is_active, installers.is_in_funnel, installers.total_orders, installers.poor_work_count, installers.warranty_visits_count, installers.last_incident_date, installers.updated_at, installers.created_at, installers.deleted_at 
FROM installers 
WHERE installers.deleted_at IS NULL 
 LIMIT $1::INTEGER OFFSET $2::INTEGER
2026-02-18 09:17:51,147 - sqlalchemy.engine.Engine - INFO - [cached since 26.93s ago] (100, 0)
2026-02-18 09:17:51,148 - sqlalchemy.engine.Engine - INFO - SELECT finance.order_id AS finance_order_id, finance.id AS finance_id, finance.purchase_price AS finance_purchase_price, finance.sale_price_client AS finance_sale_price_client, finance.installer_pay AS finance_installer_pay, finance.my_commission AS finance_my_commission, finance.profit AS finance_profit, finance.margin AS finance_margin, finance.profit_percent AS finance_profit_percent, finance.payment_state AS finance_payment_state, finance.installer_returned_money AS finance_installer_returned_money, finance.updated_at AS finance_updated_at, finance.created_at AS finance_created_at 
FROM finance 
WHERE finance.order_id IN ($1::INTEGER)
2026-02-18 09:17:51,148 - sqlalchemy.engine.Engine - INFO - [cached since 23.78s ago] (6,)
2026-02-18 09:17:51,149 - sqlalchemy.engine.Engine - INFO - SELECT clients.id AS clients_id, clients.full_name AS clients_full_name, clients.phone AS clients_phone, clients.address AS clients_address, clients.coordinates AS clients_coordinates, clients.created_at AS clients_created_at, clients.last_contact AS clients_last_contact, clients.comments AS clients_comments, clients.updated_at AS clients_updated_at, clients.backup_phone AS clients_backup_phone, clients.deleted_at AS clients_deleted_at 
FROM clients 
WHERE clients.id IN ($1::INTEGER)
2026-02-18 09:17:51,149 - sqlalchemy.engine.Engine - INFO - [cached since 23.77s ago] (9,)
2026-02-18 09:17:51,149 - sqlalchemy.engine.Engine - INFO - ROLLBACK
2026-02-18 09:17:51,150 - sqlalchemy.engine.Engine - INFO - ROLLBACK
2026-02-18 09:17:53,867 - sqlalchemy.engine.Engine - INFO - BEGIN (implicit)
2026-02-18 09:17:53,867 - sqlalchemy.engine.Engine - INFO - SELECT orders.id, orders.client_id, orders.installer_id, orders.status, orders.service_type, orders.warehouse, orders.service_datetime, orders.delivery_datetime, orders.promise, orders.marker_color, orders.address_id, orders.address_text, orders.created_at, orders.updated_at 
FROM orders 
WHERE orders.id = $1::INTEGER
2026-02-18 09:17:53,867 - sqlalchemy.engine.Engine - INFO - [cached since 24.64s ago] (6,)
2026-02-18 09:17:53,871 - sqlalchemy.engine.Engine - INFO - SELECT finance.order_id AS finance_order_id, finance.id AS finance_id, finance.purchase_price AS finance_purchase_price, finance.sale_price_client AS finance_sale_price_client, finance.installer_pay AS finance_installer_pay, finance.my_commission AS finance_my_commission, finance.profit AS finance_profit, finance.margin AS finance_margin, finance.profit_percent AS finance_profit_percent, finance.payment_state AS finance_payment_state, finance.installer_returned_money AS finance_installer_returned_money, finance.updated_at AS finance_updated_at, finance.created_at AS finance_created_at 
FROM finance 
WHERE finance.order_id IN ($1::INTEGER)
2026-02-18 09:17:53,872 - sqlalchemy.engine.Engine - INFO - [cached since 26.5s ago] (6,)
2026-02-18 09:17:53,879 - sqlalchemy.engine.Engine - INFO - SELECT clients.id AS clients_id, clients.full_name AS clients_full_name, clients.phone AS clients_phone, clients.address AS clients_address, clients.coordinates AS clients_coordinates, clients.created_at AS clients_created_at, clients.last_contact AS clients_last_contact, clients.comments AS clients_comments, clients.updated_at AS clients_updated_at, clients.backup_phone AS clients_backup_phone, clients.deleted_at AS clients_deleted_at 
FROM clients 
WHERE clients.id IN ($1::INTEGER)
2026-02-18 09:17:53,880 - sqlalchemy.engine.Engine - INFO - [cached since 26.5s ago] (9,)
2026-02-18 09:17:53,887 - sqlalchemy.engine.Engine - INFO - UPDATE finance SET order_id=$1::INTEGER, updated_at=now() WHERE finance.id = $2::INTEGER
2026-02-18 09:17:53,888 - sqlalchemy.engine.Engine - INFO - [cached since 15.27s ago] (None, 3)
2026-02-18 09:17:53,891 - sqlalchemy.engine.Engine - INFO - DELETE FROM orders WHERE orders.id = $1::INTEGER
2026-02-18 09:17:53,892 - sqlalchemy.engine.Engine - INFO - [cached since 21.49s ago] (6,)
2026-02-18 09:17:53,896 - sqlalchemy.engine.Engine - INFO - COMMIT
2026-02-18 09:17:53,960 - sqlalchemy.engine.Engine - INFO - BEGIN (implicit)
2026-02-18 09:17:53,961 - sqlalchemy.engine.Engine - INFO - SELECT orders.id, orders.client_id, orders.installer_id, orders.status, orders.service_type, orders.warehouse, orders.service_datetime, orders.delivery_datetime, orders.promise, orders.marker_color, orders.address_id, orders.address_text, orders.created_at, orders.updated_at 
FROM orders 
 LIMIT $1::INTEGER OFFSET $2::INTEGER
2026-02-18 09:17:53,961 - sqlalchemy.engine.Engine - INFO - [cached since 26.64s ago] (100, 0)
2026-02-18 09:17:53,965 - sqlalchemy.engine.Engine - INFO - SELECT installers.id AS installers_id, installers.full_name AS installers_full_name, installers.nickname AS installers_nickname, installers.phone AS installers_phone, installers.backup_phone AS installers_backup_phone, installers.specialization AS installers_specialization, installers.rating AS installers_rating, installers.base_price AS installers_base_price, installers.is_debtor AS installers_is_debtor, installers.comments AS installers_comments, installers.is_active AS installers_is_active, installers.is_in_funnel AS installers_is_in_funnel, installers.total_orders AS installers_total_orders, installers.poor_work_count AS installers_poor_work_count, installers.warranty_visits_count AS installers_warranty_visits_count, installers.last_incident_date AS installers_last_incident_date, installers.updated_at AS installers_updated_at, installers.created_at AS installers_created_at, installers.deleted_at AS installers_deleted_at 
FROM installers 
WHERE installers.id IN ($1::INTEGER)
2026-02-18 09:17:53,965 - sqlalchemy.engine.Engine - INFO - [cached since 26.63s ago] (1,)
2026-02-18 09:17:53,966 - sqlalchemy.engine.Engine - INFO - SELECT finance.order_id AS finance_order_id, finance.id AS finance_id, finance.purchase_price AS finance_purchase_price, finance.sale_price_client AS finance_sale_price_client, finance.installer_pay AS finance_installer_pay, finance.my_commission AS finance_my_commission, finance.profit AS finance_profit, finance.margin AS finance_margin, finance.profit_percent AS finance_profit_percent, finance.payment_state AS finance_payment_state, finance.installer_returned_money AS finance_installer_returned_money, finance.updated_at AS finance_updated_at, finance.created_at AS finance_created_at 
FROM finance 
WHERE finance.order_id IN ($1::INTEGER, $2::INTEGER, $3::INTEGER)
2026-02-18 09:17:53,966 - sqlalchemy.engine.Engine - INFO - [cached since 26.59s ago] (3, 4, 1)
2026-02-18 09:17:53,970 - sqlalchemy.engine.Engine - INFO - SELECT clients.id AS clients_id, clients.full_name AS clients_full_name, clients.phone AS clients_phone, clients.address AS clients_address, clients.coordinates AS clients_coordinates, clients.created_at AS clients_created_at, clients.last_contact AS clients_last_contact, clients.comments AS clients_comments, clients.updated_at AS clients_updated_at, clients.backup_phone AS clients_backup_phone, clients.deleted_at AS clients_deleted_at 
FROM clients 
WHERE clients.id IN ($1::INTEGER, $2::INTEGER, $3::INTEGER)
2026-02-18 09:17:53,970 - sqlalchemy.engine.Engine - INFO - [cached since 26.59s ago] (1, 3, 4)
2026-02-18 09:17:53,972 - sqlalchemy.engine.Engine - INFO - ROLLBACK
2026-02-18 09:17:53,972 - sqlalchemy.engine.Engine - INFO - BEGIN (implicit)
2026-02-18 09:17:53,973 - sqlalchemy.engine.Engine - INFO - SELECT orders.id, orders.client_id, orders.installer_id, orders.status, orders.service_type, orders.warehouse, orders.service_datetime, orders.delivery_datetime, orders.promise, orders.marker_color, orders.address_id, orders.address_text, orders.created_at, orders.updated_at 
FROM orders 
 LIMIT $1::INTEGER OFFSET $2::INTEGER
2026-02-18 09:17:53,973 - sqlalchemy.engine.Engine - INFO - [cached since 26.65s ago] (100, 0)
2026-02-18 09:17:53,974 - sqlalchemy.engine.Engine - INFO - SELECT installers.id AS installers_id, installers.full_name AS installers_full_name, installers.nickname AS installers_nickname, installers.phone AS installers_phone, installers.backup_phone AS installers_backup_phone, installers.specialization AS installers_specialization, installers.rating AS installers_rating, installers.base_price AS installers_base_price, installers.is_debtor AS installers_is_debtor, installers.comments AS installers_comments, installers.is_active AS installers_is_active, installers.is_in_funnel AS installers_is_in_funnel, installers.total_orders AS installers_total_orders, installers.poor_work_count AS installers_poor_work_count, installers.warranty_visits_count AS installers_warranty_visits_count, installers.last_incident_date AS installers_last_incident_date, installers.updated_at AS installers_updated_at, installers.created_at AS installers_created_at, installers.deleted_at AS installers_deleted_at 
FROM installers 
WHERE installers.id IN ($1::INTEGER)
2026-02-18 09:17:53,974 - sqlalchemy.engine.Engine - INFO - [cached since 26.64s ago] (1,)
2026-02-18 09:17:53,975 - sqlalchemy.engine.Engine - INFO - SELECT finance.order_id AS finance_order_id, finance.id AS finance_id, finance.purchase_price AS finance_purchase_price, finance.sale_price_client AS finance_sale_price_client, finance.installer_pay AS finance_installer_pay, finance.my_commission AS finance_my_commission, finance.profit AS finance_profit, finance.margin AS finance_margin, finance.profit_percent AS finance_profit_percent, finance.payment_state AS finance_payment_state, finance.installer_returned_money AS finance_installer_returned_money, finance.updated_at AS finance_updated_at, finance.created_at AS finance_created_at 
FROM finance 
WHERE finance.order_id IN ($1::INTEGER, $2::INTEGER, $3::INTEGER)
2026-02-18 09:17:53,975 - sqlalchemy.engine.Engine - INFO - [cached since 26.6s ago] (3, 4, 1)
2026-02-18 09:17:53,976 - sqlalchemy.engine.Engine - INFO - SELECT clients.id AS clients_id, clients.full_name AS clients_full_name, clients.phone AS clients_phone, clients.address AS clients_address, clients.coordinates AS clients_coordinates, clients.created_at AS clients_created_at, clients.last_contact AS clients_last_contact, clients.comments AS clients_comments, clients.updated_at AS clients_updated_at, clients.backup_phone AS clients_backup_phone, clients.deleted_at AS clients_deleted_at 
FROM clients 
WHERE clients.id IN ($1::INTEGER, $2::INTEGER, $3::INTEGER)
2026-02-18 09:17:53,976 - sqlalchemy.engine.Engine - INFO - [cached since 26.6s ago] (1, 3, 4)
2026-02-18 09:17:53,977 - sqlalchemy.engine.Engine - INFO - ROLLBACK
2026-02-18 09:17:55,052 - sqlalchemy.engine.Engine - INFO - BEGIN (implicit)
2026-02-18 09:17:55,052 - sqlalchemy.engine.Engine - INFO - SELECT orders.id, orders.client_id, orders.installer_id, orders.status, orders.service_type, orders.warehouse, orders.service_datetime, orders.delivery_datetime, orders.promise, orders.marker_color, orders.address_id, orders.address_text, orders.created_at, orders.updated_at 
FROM orders 
WHERE orders.id = $1::INTEGER
2026-02-18 09:17:55,052 - sqlalchemy.engine.Engine - INFO - [cached since 25.82s ago] (1,)
2026-02-18 09:17:55,053 - sqlalchemy.engine.Engine - INFO - BEGIN (implicit)
2026-02-18 09:17:55,053 - sqlalchemy.engine.Engine - INFO - SELECT admins.id, admins.username, admins.password_hash, admins.created_at 
FROM admins 
WHERE admins.username = $1::VARCHAR
2026-02-18 09:17:55,053 - sqlalchemy.engine.Engine - INFO - [cached since 31.15s ago] ('zhura2296@yandex.ru',)
2026-02-18 09:17:55,055 - sqlalchemy.engine.Engine - INFO - SELECT installers.id AS installers_id, installers.full_name AS installers_full_name, installers.nickname AS installers_nickname, installers.phone AS installers_phone, installers.backup_phone AS installers_backup_phone, installers.specialization AS installers_specialization, installers.rating AS installers_rating, installers.base_price AS installers_base_price, installers.is_debtor AS installers_is_debtor, installers.comments AS installers_comments, installers.is_active AS installers_is_active, installers.is_in_funnel AS installers_is_in_funnel, installers.total_orders AS installers_total_orders, installers.poor_work_count AS installers_poor_work_count, installers.warranty_visits_count AS installers_warranty_visits_count, installers.last_incident_date AS installers_last_incident_date, installers.updated_at AS installers_updated_at, installers.created_at AS installers_created_at, installers.deleted_at AS installers_deleted_at 
FROM installers 
WHERE installers.id IN ($1::INTEGER)
2026-02-18 09:17:55,055 - sqlalchemy.engine.Engine - INFO - [cached since 27.72s ago] (1,)
2026-02-18 09:17:55,056 - sqlalchemy.engine.Engine - INFO - SELECT installers.id, installers.full_name, installers.nickname, installers.phone, installers.backup_phone, installers.specialization, installers.rating, installers.base_price, installers.is_debtor, installers.comments, installers.is_active, installers.is_in_funnel, installers.total_orders, installers.poor_work_count, installers.warranty_visits_count, installers.last_incident_date, installers.updated_at, installers.created_at, installers.deleted_at 
FROM installers 
WHERE installers.deleted_at IS NULL 
 LIMIT $1::INTEGER OFFSET $2::INTEGER
2026-02-18 09:17:55,056 - sqlalchemy.engine.Engine - INFO - [cached since 30.84s ago] (100, 0)
2026-02-18 09:17:55,056 - sqlalchemy.engine.Engine - INFO - SELECT finance.order_id AS finance_order_id, finance.id AS finance_id, finance.purchase_price AS finance_purchase_price, finance.sale_price_client AS finance_sale_price_client, finance.installer_pay AS finance_installer_pay, finance.my_commission AS finance_my_commission, finance.profit AS finance_profit, finance.margin AS finance_margin, finance.profit_percent AS finance_profit_percent, finance.payment_state AS finance_payment_state, finance.installer_returned_money AS finance_installer_returned_money, finance.updated_at AS finance_updated_at, finance.created_at AS finance_created_at 
FROM finance 
WHERE finance.order_id IN ($1::INTEGER)
2026-02-18 09:17:55,056 - sqlalchemy.engine.Engine - INFO - [cached since 27.68s ago] (1,)
2026-02-18 09:17:55,057 - sqlalchemy.engine.Engine - INFO - SELECT clients.id AS clients_id, clients.full_name AS clients_full_name, clients.phone AS clients_phone, clients.address AS clients_address, clients.coordinates AS clients_coordinates, clients.created_at AS clients_created_at, clients.last_contact AS clients_last_contact, clients.comments AS clients_comments, clients.updated_at AS clients_updated_at, clients.backup_phone AS clients_backup_phone, clients.deleted_at AS clients_deleted_at 
FROM clients 
WHERE clients.id IN ($1::INTEGER)
2026-02-18 09:17:55,058 - sqlalchemy.engine.Engine - INFO - [cached since 27.68s ago] (1,)
2026-02-18 09:17:55,058 - sqlalchemy.engine.Engine - INFO - ROLLBACK
2026-02-18 09:17:55,059 - sqlalchemy.engine.Engine - INFO - ROLLBACK
2026-02-18 09:17:55,067 - sqlalchemy.engine.Engine - INFO - BEGIN (implicit)
2026-02-18 09:17:55,068 - sqlalchemy.engine.Engine - INFO - SELECT admins.id, admins.username, admins.password_hash, admins.created_at 
FROM admins 
WHERE admins.username = $1::VARCHAR
2026-02-18 09:17:55,068 - sqlalchemy.engine.Engine - INFO - [cached since 31.17s ago] ('zhura2296@yandex.ru',)
2026-02-18 09:17:55,069 - sqlalchemy.engine.Engine - INFO - BEGIN (implicit)
2026-02-18 09:17:55,069 - sqlalchemy.engine.Engine - INFO - SELECT orders.id, orders.client_id, orders.installer_id, orders.status, orders.service_type, orders.warehouse, orders.service_datetime, orders.delivery_datetime, orders.promise, orders.marker_color, orders.address_id, orders.address_text, orders.created_at, orders.updated_at 
FROM orders 
WHERE orders.id = $1::INTEGER
2026-02-18 09:17:55,069 - sqlalchemy.engine.Engine - INFO - [cached since 25.84s ago] (1,)
2026-02-18 09:17:55,070 - sqlalchemy.engine.Engine - INFO - SELECT installers.id, installers.full_name, installers.nickname, installers.phone, installers.backup_phone, installers.specialization, installers.rating, installers.base_price, installers.is_debtor, installers.comments, installers.is_active, installers.is_in_funnel, installers.total_orders, installers.poor_work_count, installers.warranty_visits_count, installers.last_incident_date, installers.updated_at, installers.created_at, installers.deleted_at 
FROM installers 
WHERE installers.deleted_at IS NULL 
 LIMIT $1::INTEGER OFFSET $2::INTEGER
2026-02-18 09:17:55,070 - sqlalchemy.engine.Engine - INFO - [cached since 30.86s ago] (100, 0)
2026-02-18 09:17:55,070 - sqlalchemy.engine.Engine - INFO - SELECT installers.id AS installers_id, installers.full_name AS installers_full_name, installers.nickname AS installers_nickname, installers.phone AS installers_phone, installers.backup_phone AS installers_backup_phone, installers.specialization AS installers_specialization, installers.rating AS installers_rating, installers.base_price AS installers_base_price, installers.is_debtor AS installers_is_debtor, installers.comments AS installers_comments, installers.is_active AS installers_is_active, installers.is_in_funnel AS installers_is_in_funnel, installers.total_orders AS installers_total_orders, installers.poor_work_count AS installers_poor_work_count, installers.warranty_visits_count AS installers_warranty_visits_count, installers.last_incident_date AS installers_last_incident_date, installers.updated_at AS installers_updated_at, installers.created_at AS installers_created_at, installers.deleted_at AS installers_deleted_at 
FROM installers 
WHERE installers.id IN ($1::INTEGER)
2026-02-18 09:17:55,071 - sqlalchemy.engine.Engine - INFO - [cached since 27.74s ago] (1,)
2026-02-18 09:17:55,072 - sqlalchemy.engine.Engine - INFO - SELECT finance.order_id AS finance_order_id, finance.id AS finance_id, finance.purchase_price AS finance_purchase_price, finance.sale_price_client AS finance_sale_price_client, finance.installer_pay AS finance_installer_pay, finance.my_commission AS finance_my_commission, finance.profit AS finance_profit, finance.margin AS finance_margin, finance.profit_percent AS finance_profit_percent, finance.payment_state AS finance_payment_state, finance.installer_returned_money AS finance_installer_returned_money, finance.updated_at AS finance_updated_at, finance.created_at AS finance_created_at 
FROM finance 
WHERE finance.order_id IN ($1::INTEGER)
2026-02-18 09:17:55,072 - sqlalchemy.engine.Engine - INFO - [cached since 27.7s ago] (1,)
2026-02-18 09:17:55,072 - sqlalchemy.engine.Engine - INFO - SELECT clients.id AS clients_id, clients.full_name AS clients_full_name, clients.phone AS clients_phone, clients.address AS clients_address, clients.coordinates AS clients_coordinates, clients.created_at AS clients_created_at, clients.last_contact AS clients_last_contact, clients.comments AS clients_comments, clients.updated_at AS clients_updated_at, clients.backup_phone AS clients_backup_phone, clients.deleted_at AS clients_deleted_at 
FROM clients 
WHERE clients.id IN ($1::INTEGER)
2026-02-18 09:17:55,072 - sqlalchemy.engine.Engine - INFO - [cached since 27.69s ago] (1,)
2026-02-18 09:17:55,073 - sqlalchemy.engine.Engine - INFO - ROLLBACK
2026-02-18 09:17:55,074 - sqlalchemy.engine.Engine - INFO - ROLLBACK
2026-02-18 09:17:58,153 - sqlalchemy.engine.Engine - INFO - BEGIN (implicit)
2026-02-18 09:17:58,153 - sqlalchemy.engine.Engine - INFO - SELECT orders.id, orders.client_id, orders.installer_id, orders.status, orders.service_type, orders.warehouse, orders.service_datetime, orders.delivery_datetime, orders.promise, orders.marker_color, orders.address_id, orders.address_text, orders.created_at, orders.updated_at 
FROM orders 
WHERE orders.id = $1::INTEGER
2026-02-18 09:17:58,153 - sqlalchemy.engine.Engine - INFO - [cached since 28.93s ago] (1,)
2026-02-18 09:17:58,154 - sqlalchemy.engine.Engine - INFO - SELECT installers.id AS installers_id, installers.full_name AS installers_full_name, installers.nickname AS installers_nickname, installers.phone AS installers_phone, installers.backup_phone AS installers_backup_phone, installers.specialization AS installers_specialization, installers.rating AS installers_rating, installers.base_price AS installers_base_price, installers.is_debtor AS installers_is_debtor, installers.comments AS installers_comments, installers.is_active AS installers_is_active, installers.is_in_funnel AS installers_is_in_funnel, installers.total_orders AS installers_total_orders, installers.poor_work_count AS installers_poor_work_count, installers.warranty_visits_count AS installers_warranty_visits_count, installers.last_incident_date AS installers_last_incident_date, installers.updated_at AS installers_updated_at, installers.created_at AS installers_created_at, installers.deleted_at AS installers_deleted_at 
FROM installers 
WHERE installers.id IN ($1::INTEGER)
2026-02-18 09:17:58,154 - sqlalchemy.engine.Engine - INFO - [cached since 30.82s ago] (1,)
2026-02-18 09:17:58,155 - sqlalchemy.engine.Engine - INFO - SELECT finance.order_id AS finance_order_id, finance.id AS finance_id, finance.purchase_price AS finance_purchase_price, finance.sale_price_client AS finance_sale_price_client, finance.installer_pay AS finance_installer_pay, finance.my_commission AS finance_my_commission, finance.profit AS finance_profit, finance.margin AS finance_margin, finance.profit_percent AS finance_profit_percent, finance.payment_state AS finance_payment_state, finance.installer_returned_money AS finance_installer_returned_money, finance.updated_at AS finance_updated_at, finance.created_at AS finance_created_at 
FROM finance 
WHERE finance.order_id IN ($1::INTEGER)
2026-02-18 09:17:58,155 - sqlalchemy.engine.Engine - INFO - [cached since 30.78s ago] (1,)
2026-02-18 09:17:58,156 - sqlalchemy.engine.Engine - INFO - SELECT clients.id AS clients_id, clients.full_name AS clients_full_name, clients.phone AS clients_phone, clients.address AS clients_address, clients.coordinates AS clients_coordinates, clients.created_at AS clients_created_at, clients.last_contact AS clients_last_contact, clients.comments AS clients_comments, clients.updated_at AS clients_updated_at, clients.backup_phone AS clients_backup_phone, clients.deleted_at AS clients_deleted_at 
FROM clients 
WHERE clients.id IN ($1::INTEGER)
2026-02-18 09:17:58,156 - sqlalchemy.engine.Engine - INFO - [cached since 30.78s ago] (1,)
2026-02-18 09:17:58,157 - sqlalchemy.engine.Engine - INFO - DELETE FROM orders WHERE orders.id = $1::INTEGER
2026-02-18 09:17:58,157 - sqlalchemy.engine.Engine - INFO - [cached since 25.75s ago] (1,)
2026-02-18 09:17:58,158 - sqlalchemy.engine.Engine - INFO - COMMIT
2026-02-18 09:17:58,213 - sqlalchemy.engine.Engine - INFO - BEGIN (implicit)
2026-02-18 09:17:58,213 - sqlalchemy.engine.Engine - INFO - SELECT orders.id, orders.client_id, orders.installer_id, orders.status, orders.service_type, orders.warehouse, orders.service_datetime, orders.delivery_datetime, orders.promise, orders.marker_color, orders.address_id, orders.address_text, orders.created_at, orders.updated_at 
FROM orders 
 LIMIT $1::INTEGER OFFSET $2::INTEGER
2026-02-18 09:17:58,213 - sqlalchemy.engine.Engine - INFO - [cached since 30.89s ago] (100, 0)
2026-02-18 09:17:58,215 - sqlalchemy.engine.Engine - INFO - SELECT finance.order_id AS finance_order_id, finance.id AS finance_id, finance.purchase_price AS finance_purchase_price, finance.sale_price_client AS finance_sale_price_client, finance.installer_pay AS finance_installer_pay, finance.my_commission AS finance_my_commission, finance.profit AS finance_profit, finance.margin AS finance_margin, finance.profit_percent AS finance_profit_percent, finance.payment_state AS finance_payment_state, finance.installer_returned_money AS finance_installer_returned_money, finance.updated_at AS finance_updated_at, finance.created_at AS finance_created_at 
FROM finance 
WHERE finance.order_id IN ($1::INTEGER, $2::INTEGER)
2026-02-18 09:17:58,216 - sqlalchemy.engine.Engine - INFO - [cached since 30.84s ago] (3, 4)
2026-02-18 09:17:58,218 - sqlalchemy.engine.Engine - INFO - SELECT clients.id AS clients_id, clients.full_name AS clients_full_name, clients.phone AS clients_phone, clients.address AS clients_address, clients.coordinates AS clients_coordinates, clients.created_at AS clients_created_at, clients.last_contact AS clients_last_contact, clients.comments AS clients_comments, clients.updated_at AS clients_updated_at, clients.backup_phone AS clients_backup_phone, clients.deleted_at AS clients_deleted_at 
FROM clients 
WHERE clients.id IN ($1::INTEGER, $2::INTEGER)
2026-02-18 09:17:58,218 - sqlalchemy.engine.Engine - INFO - [cached since 30.84s ago] (3, 4)
2026-02-18 09:17:58,221 - sqlalchemy.engine.Engine - INFO - ROLLBACK
2026-02-18 09:17:58,222 - sqlalchemy.engine.Engine - INFO - BEGIN (implicit)
2026-02-18 09:17:58,223 - sqlalchemy.engine.Engine - INFO - SELECT orders.id, orders.client_id, orders.installer_id, orders.status, orders.service_type, orders.warehouse, orders.service_datetime, orders.delivery_datetime, orders.promise, orders.marker_color, orders.address_id, orders.address_text, orders.created_at, orders.updated_at 
FROM orders 
 LIMIT $1::INTEGER OFFSET $2::INTEGER
2026-02-18 09:17:58,223 - sqlalchemy.engine.Engine - INFO - [cached since 30.9s ago] (100, 0)
2026-02-18 09:17:58,225 - sqlalchemy.engine.Engine - INFO - SELECT finance.order_id AS finance_order_id, finance.id AS finance_id, finance.purchase_price AS finance_purchase_price, finance.sale_price_client AS finance_sale_price_client, finance.installer_pay AS finance_installer_pay, finance.my_commission AS finance_my_commission, finance.profit AS finance_profit, finance.margin AS finance_margin, finance.profit_percent AS finance_profit_percent, finance.payment_state AS finance_payment_state, finance.installer_returned_money AS finance_installer_returned_money, finance.updated_at AS finance_updated_at, finance.created_at AS finance_created_at 
FROM finance 
WHERE finance.order_id IN ($1::INTEGER, $2::INTEGER)
2026-02-18 09:17:58,225 - sqlalchemy.engine.Engine - INFO - [cached since 30.85s ago] (3, 4)
2026-02-18 09:17:58,226 - sqlalchemy.engine.Engine - INFO - SELECT clients.id AS clients_id, clients.full_name AS clients_full_name, clients.phone AS clients_phone, clients.address AS clients_address, clients.coordinates AS clients_coordinates, clients.created_at AS clients_created_at, clients.last_contact AS clients_last_contact, clients.comments AS clients_comments, clients.updated_at AS clients_updated_at, clients.backup_phone AS clients_backup_phone, clients.deleted_at AS clients_deleted_at 
FROM clients 
WHERE clients.id IN ($1::INTEGER, $2::INTEGER)
2026-02-18 09:17:58,226 - sqlalchemy.engine.Engine - INFO - [cached since 30.85s ago] (3, 4)
2026-02-18 09:17:58,227 - sqlalchemy.engine.Engine - INFO - ROLLBACK
2026-02-18 09:18:01,048 - sqlalchemy.engine.Engine - INFO - BEGIN (implicit)
2026-02-18 09:18:01,048 - sqlalchemy.engine.Engine - INFO - SELECT admins.id, admins.username, admins.password_hash, admins.created_at 
FROM admins 
WHERE admins.username = $1::VARCHAR
2026-02-18 09:18:01,048 - sqlalchemy.engine.Engine - INFO - [cached since 37.15s ago] ('zhura2296@yandex.ru',)
2026-02-18 09:18:01,052 - sqlalchemy.engine.Engine - INFO - SELECT installers.id, installers.full_name, installers.nickname, installers.phone, installers.backup_phone, installers.specialization, installers.rating, installers.base_price, installers.is_debtor, installers.comments, installers.is_active, installers.is_in_funnel, installers.total_orders, installers.poor_work_count, installers.warranty_visits_count, installers.last_incident_date, installers.updated_at, installers.created_at, installers.deleted_at 
FROM installers 
WHERE installers.deleted_at IS NULL 
 LIMIT $1::INTEGER OFFSET $2::INTEGER
2026-02-18 09:18:01,052 - sqlalchemy.engine.Engine - INFO - [cached since 36.84s ago] (100, 0)
2026-02-18 09:18:01,056 - sqlalchemy.engine.Engine - INFO - ROLLBACK
2026-02-18 09:18:01,059 - sqlalchemy.engine.Engine - INFO - BEGIN (implicit)
2026-02-18 09:18:01,060 - sqlalchemy.engine.Engine - INFO - SELECT admins.id, admins.username, admins.password_hash, admins.created_at 
FROM admins 
WHERE admins.username = $1::VARCHAR
2026-02-18 09:18:01,060 - sqlalchemy.engine.Engine - INFO - [cached since 37.16s ago] ('zhura2296@yandex.ru',)
2026-02-18 09:18:01,061 - sqlalchemy.engine.Engine - INFO - BEGIN (implicit)
2026-02-18 09:18:01,061 - sqlalchemy.engine.Engine - INFO - SELECT orders.id, orders.client_id, orders.installer_id, orders.status, orders.service_type, orders.warehouse, orders.service_datetime, orders.delivery_datetime, orders.promise, orders.marker_color, orders.address_id, orders.address_text, orders.created_at, orders.updated_at 
FROM orders 
WHERE orders.id = $1::INTEGER
2026-02-18 09:18:01,061 - sqlalchemy.engine.Engine - INFO - [cached since 31.83s ago] (4,)
2026-02-18 09:18:01,062 - sqlalchemy.engine.Engine - INFO - SELECT installers.id, installers.full_name, installers.nickname, installers.phone, installers.backup_phone, installers.specialization, installers.rating, installers.base_price, installers.is_debtor, installers.comments, installers.is_active, installers.is_in_funnel, installers.total_orders, installers.poor_work_count, installers.warranty_visits_count, installers.last_incident_date, installers.updated_at, installers.created_at, installers.deleted_at 
FROM installers 
WHERE installers.deleted_at IS NULL 
 LIMIT $1::INTEGER OFFSET $2::INTEGER
2026-02-18 09:18:01,063 - sqlalchemy.engine.Engine - INFO - [cached since 36.85s ago] (100, 0)
2026-02-18 09:18:01,064 - sqlalchemy.engine.Engine - INFO - SELECT finance.order_id AS finance_order_id, finance.id AS finance_id, finance.purchase_price AS finance_purchase_price, finance.sale_price_client AS finance_sale_price_client, finance.installer_pay AS finance_installer_pay, finance.my_commission AS finance_my_commission, finance.profit AS finance_profit, finance.margin AS finance_margin, finance.profit_percent AS finance_profit_percent, finance.payment_state AS finance_payment_state, finance.installer_returned_money AS finance_installer_returned_money, finance.updated_at AS finance_updated_at, finance.created_at AS finance_created_at 
FROM finance 
WHERE finance.order_id IN ($1::INTEGER)
2026-02-18 09:18:01,064 - sqlalchemy.engine.Engine - INFO - [cached since 33.69s ago] (4,)
2026-02-18 09:18:01,066 - sqlalchemy.engine.Engine - INFO - SELECT clients.id AS clients_id, clients.full_name AS clients_full_name, clients.phone AS clients_phone, clients.address AS clients_address, clients.coordinates AS clients_coordinates, clients.created_at AS clients_created_at, clients.last_contact AS clients_last_contact, clients.comments AS clients_comments, clients.updated_at AS clients_updated_at, clients.backup_phone AS clients_backup_phone, clients.deleted_at AS clients_deleted_at 
FROM clients 
WHERE clients.id IN ($1::INTEGER)
2026-02-18 09:18:01,066 - sqlalchemy.engine.Engine - INFO - [cached since 33.69s ago] (4,)
2026-02-18 09:18:01,067 - sqlalchemy.engine.Engine - INFO - ROLLBACK
2026-02-18 09:18:01,068 - sqlalchemy.engine.Engine - INFO - ROLLBACK
2026-02-18 09:18:01,069 - sqlalchemy.engine.Engine - INFO - BEGIN (implicit)
2026-02-18 09:18:01,070 - sqlalchemy.engine.Engine - INFO - SELECT orders.id, orders.client_id, orders.installer_id, orders.status, orders.service_type, orders.warehouse, orders.service_datetime, orders.delivery_datetime, orders.promise, orders.marker_color, orders.address_id, orders.address_text, orders.created_at, orders.updated_at 
FROM orders 
WHERE orders.id = $1::INTEGER
2026-02-18 09:18:01,070 - sqlalchemy.engine.Engine - INFO - [cached since 31.84s ago] (4,)
2026-02-18 09:18:01,071 - sqlalchemy.engine.Engine - INFO - SELECT finance.order_id AS finance_order_id, finance.id AS finance_id, finance.purchase_price AS finance_purchase_price, finance.sale_price_client AS finance_sale_price_client, finance.installer_pay AS finance_installer_pay, finance.my_commission AS finance_my_commission, finance.profit AS finance_profit, finance.margin AS finance_margin, finance.profit_percent AS finance_profit_percent, finance.payment_state AS finance_payment_state, finance.installer_returned_money AS finance_installer_returned_money, finance.updated_at AS finance_updated_at, finance.created_at AS finance_created_at 
FROM finance 
WHERE finance.order_id IN ($1::INTEGER)
2026-02-18 09:18:01,071 - sqlalchemy.engine.Engine - INFO - [cached since 33.7s ago] (4,)
2026-02-18 09:18:01,071 - sqlalchemy.engine.Engine - INFO - SELECT clients.id AS clients_id, clients.full_name AS clients_full_name, clients.phone AS clients_phone, clients.address AS clients_address, clients.coordinates AS clients_coordinates, clients.created_at AS clients_created_at, clients.last_contact AS clients_last_contact, clients.comments AS clients_comments, clients.updated_at AS clients_updated_at, clients.backup_phone AS clients_backup_phone, clients.deleted_at AS clients_deleted_at 
FROM clients 
WHERE clients.id IN ($1::INTEGER)
2026-02-18 09:18:01,071 - sqlalchemy.engine.Engine - INFO - [cached since 33.69s ago] (4,)
2026-02-18 09:18:01,073 - sqlalchemy.engine.Engine - INFO - ROLLBACK
2026-02-18 09:18:04,477 - sqlalchemy.engine.Engine - INFO - BEGIN (implicit)
2026-02-18 09:18:04,477 - sqlalchemy.engine.Engine - INFO - SELECT orders.id, orders.client_id, orders.installer_id, orders.status, orders.service_type, orders.warehouse, orders.service_datetime, orders.delivery_datetime, orders.promise, orders.marker_color, orders.address_id, orders.address_text, orders.created_at, orders.updated_at 
FROM orders 
WHERE orders.id = $1::INTEGER
2026-02-18 09:18:04,477 - sqlalchemy.engine.Engine - INFO - [cached since 35.25s ago] (4,)
2026-02-18 09:18:04,479 - sqlalchemy.engine.Engine - INFO - SELECT finance.order_id AS finance_order_id, finance.id AS finance_id, finance.purchase_price AS finance_purchase_price, finance.sale_price_client AS finance_sale_price_client, finance.installer_pay AS finance_installer_pay, finance.my_commission AS finance_my_commission, finance.profit AS finance_profit, finance.margin AS finance_margin, finance.profit_percent AS finance_profit_percent, finance.payment_state AS finance_payment_state, finance.installer_returned_money AS finance_installer_returned_money, finance.updated_at AS finance_updated_at, finance.created_at AS finance_created_at 
FROM finance 
WHERE finance.order_id IN ($1::INTEGER)
2026-02-18 09:18:04,479 - sqlalchemy.engine.Engine - INFO - [cached since 37.11s ago] (4,)
2026-02-18 09:18:04,480 - sqlalchemy.engine.Engine - INFO - SELECT clients.id AS clients_id, clients.full_name AS clients_full_name, clients.phone AS clients_phone, clients.address AS clients_address, clients.coordinates AS clients_coordinates, clients.created_at AS clients_created_at, clients.last_contact AS clients_last_contact, clients.comments AS clients_comments, clients.updated_at AS clients_updated_at, clients.backup_phone AS clients_backup_phone, clients.deleted_at AS clients_deleted_at 
FROM clients 
WHERE clients.id IN ($1::INTEGER)
2026-02-18 09:18:04,480 - sqlalchemy.engine.Engine - INFO - [cached since 37.1s ago] (4,)
2026-02-18 09:18:04,483 - sqlalchemy.engine.Engine - INFO - UPDATE finance SET order_id=$1::INTEGER, updated_at=now() WHERE finance.id = $2::INTEGER
2026-02-18 09:18:04,483 - sqlalchemy.engine.Engine - INFO - [cached since 25.86s ago] (None, 2)
2026-02-18 09:18:04,483 - sqlalchemy.engine.Engine - INFO - DELETE FROM orders WHERE orders.id = $1::INTEGER
2026-02-18 09:18:04,484 - sqlalchemy.engine.Engine - INFO - [cached since 32.08s ago] (4,)
2026-02-18 09:18:04,484 - sqlalchemy.engine.Engine - INFO - COMMIT
2026-02-18 09:18:04,534 - sqlalchemy.engine.Engine - INFO - BEGIN (implicit)
2026-02-18 09:18:04,534 - sqlalchemy.engine.Engine - INFO - SELECT orders.id, orders.client_id, orders.installer_id, orders.status, orders.service_type, orders.warehouse, orders.service_datetime, orders.delivery_datetime, orders.promise, orders.marker_color, orders.address_id, orders.address_text, orders.created_at, orders.updated_at 
FROM orders 
 LIMIT $1::INTEGER OFFSET $2::INTEGER
2026-02-18 09:18:04,534 - sqlalchemy.engine.Engine - INFO - [cached since 37.22s ago] (100, 0)
2026-02-18 09:18:04,537 - sqlalchemy.engine.Engine - INFO - SELECT finance.order_id AS finance_order_id, finance.id AS finance_id, finance.purchase_price AS finance_purchase_price, finance.sale_price_client AS finance_sale_price_client, finance.installer_pay AS finance_installer_pay, finance.my_commission AS finance_my_commission, finance.profit AS finance_profit, finance.margin AS finance_margin, finance.profit_percent AS finance_profit_percent, finance.payment_state AS finance_payment_state, finance.installer_returned_money AS finance_installer_returned_money, finance.updated_at AS finance_updated_at, finance.created_at AS finance_created_at 
FROM finance 
WHERE finance.order_id IN ($1::INTEGER)
2026-02-18 09:18:04,538 - sqlalchemy.engine.Engine - INFO - [cached since 37.16s ago] (3,)
2026-02-18 09:18:04,540 - sqlalchemy.engine.Engine - INFO - SELECT clients.id AS clients_id, clients.full_name AS clients_full_name, clients.phone AS clients_phone, clients.address AS clients_address, clients.coordinates AS clients_coordinates, clients.created_at AS clients_created_at, clients.last_contact AS clients_last_contact, clients.comments AS clients_comments, clients.updated_at AS clients_updated_at, clients.backup_phone AS clients_backup_phone, clients.deleted_at AS clients_deleted_at 
FROM clients 
WHERE clients.id IN ($1::INTEGER)
2026-02-18 09:18:04,541 - sqlalchemy.engine.Engine - INFO - [cached since 37.16s ago] (3,)
2026-02-18 09:18:04,543 - sqlalchemy.engine.Engine - INFO - ROLLBACK
2026-02-18 09:18:04,545 - sqlalchemy.engine.Engine - INFO - BEGIN (implicit)
2026-02-18 09:18:04,546 - sqlalchemy.engine.Engine - INFO - SELECT orders.id, orders.client_id, orders.installer_id, orders.status, orders.service_type, orders.warehouse, orders.service_datetime, orders.delivery_datetime, orders.promise, orders.marker_color, orders.address_id, orders.address_text, orders.created_at, orders.updated_at 
FROM orders 
 LIMIT $1::INTEGER OFFSET $2::INTEGER
2026-02-18 09:18:04,546 - sqlalchemy.engine.Engine - INFO - [cached since 37.23s ago] (100, 0)
2026-02-18 09:18:04,549 - sqlalchemy.engine.Engine - INFO - SELECT finance.order_id AS finance_order_id, finance.id AS finance_id, finance.purchase_price AS finance_purchase_price, finance.sale_price_client AS finance_sale_price_client, finance.installer_pay AS finance_installer_pay, finance.my_commission AS finance_my_commission, finance.profit AS finance_profit, finance.margin AS finance_margin, finance.profit_percent AS finance_profit_percent, finance.payment_state AS finance_payment_state, finance.installer_returned_money AS finance_installer_returned_money, finance.updated_at AS finance_updated_at, finance.created_at AS finance_created_at 
FROM finance 
WHERE finance.order_id IN ($1::INTEGER)
2026-02-18 09:18:04,549 - sqlalchemy.engine.Engine - INFO - [cached since 37.18s ago] (3,)
2026-02-18 09:18:04,549 - sqlalchemy.engine.Engine - INFO - SELECT clients.id AS clients_id, clients.full_name AS clients_full_name, clients.phone AS clients_phone, clients.address AS clients_address, clients.coordinates AS clients_coordinates, clients.created_at AS clients_created_at, clients.last_contact AS clients_last_contact, clients.comments AS clients_comments, clients.updated_at AS clients_updated_at, clients.backup_phone AS clients_backup_phone, clients.deleted_at AS clients_deleted_at 
FROM clients 
WHERE clients.id IN ($1::INTEGER)
2026-02-18 09:18:04,549 - sqlalchemy.engine.Engine - INFO - [cached since 37.17s ago] (3,)
2026-02-18 09:18:04,550 - sqlalchemy.engine.Engine - INFO - ROLLBACK
2026-02-18 09:18:05,930 - sqlalchemy.engine.Engine - INFO - BEGIN (implicit)
2026-02-18 09:18:05,930 - sqlalchemy.engine.Engine - INFO - SELECT orders.id, orders.client_id, orders.installer_id, orders.status, orders.service_type, orders.warehouse, orders.service_datetime, orders.delivery_datetime, orders.promise, orders.marker_color, orders.address_id, orders.address_text, orders.created_at, orders.updated_at 
FROM orders 
WHERE orders.id = $1::INTEGER
2026-02-18 09:18:05,931 - sqlalchemy.engine.Engine - INFO - [cached since 36.7s ago] (3,)
2026-02-18 09:18:05,933 - sqlalchemy.engine.Engine - INFO - BEGIN (implicit)
2026-02-18 09:18:05,933 - sqlalchemy.engine.Engine - INFO - SELECT admins.id, admins.username, admins.password_hash, admins.created_at 
FROM admins 
WHERE admins.username = $1::VARCHAR
2026-02-18 09:18:05,933 - sqlalchemy.engine.Engine - INFO - [cached since 42.03s ago] ('zhura2296@yandex.ru',)
2026-02-18 09:18:05,936 - sqlalchemy.engine.Engine - INFO - SELECT finance.order_id AS finance_order_id, finance.id AS finance_id, finance.purchase_price AS finance_purchase_price, finance.sale_price_client AS finance_sale_price_client, finance.installer_pay AS finance_installer_pay, finance.my_commission AS finance_my_commission, finance.profit AS finance_profit, finance.margin AS finance_margin, finance.profit_percent AS finance_profit_percent, finance.payment_state AS finance_payment_state, finance.installer_returned_money AS finance_installer_returned_money, finance.updated_at AS finance_updated_at, finance.created_at AS finance_created_at 
FROM finance 
WHERE finance.order_id IN ($1::INTEGER)
2026-02-18 09:18:05,936 - sqlalchemy.engine.Engine - INFO - [cached since 38.56s ago] (3,)
2026-02-18 09:18:05,938 - sqlalchemy.engine.Engine - INFO - SELECT installers.id, installers.full_name, installers.nickname, installers.phone, installers.backup_phone, installers.specialization, installers.rating, installers.base_price, installers.is_debtor, installers.comments, installers.is_active, installers.is_in_funnel, installers.total_orders, installers.poor_work_count, installers.warranty_visits_count, installers.last_incident_date, installers.updated_at, installers.created_at, installers.deleted_at 
FROM installers 
WHERE installers.deleted_at IS NULL 
 LIMIT $1::INTEGER OFFSET $2::INTEGER
2026-02-18 09:18:05,938 - sqlalchemy.engine.Engine - INFO - [cached since 41.73s ago] (100, 0)
2026-02-18 09:18:05,940 - sqlalchemy.engine.Engine - INFO - SELECT clients.id AS clients_id, clients.full_name AS clients_full_name, clients.phone AS clients_phone, clients.address AS clients_address, clients.coordinates AS clients_coordinates, clients.created_at AS clients_created_at, clients.last_contact AS clients_last_contact, clients.comments AS clients_comments, clients.updated_at AS clients_updated_at, clients.backup_phone AS clients_backup_phone, clients.deleted_at AS clients_deleted_at 
FROM clients 
WHERE clients.id IN ($1::INTEGER)
2026-02-18 09:18:05,940 - sqlalchemy.engine.Engine - INFO - [cached since 38.56s ago] (3,)
2026-02-18 09:18:05,943 - sqlalchemy.engine.Engine - INFO - ROLLBACK
2026-02-18 09:18:05,943 - sqlalchemy.engine.Engine - INFO - ROLLBACK
2026-02-18 09:18:05,944 - sqlalchemy.engine.Engine - INFO - BEGIN (implicit)
2026-02-18 09:18:05,944 - sqlalchemy.engine.Engine - INFO - SELECT orders.id, orders.client_id, orders.installer_id, orders.status, orders.service_type, orders.warehouse, orders.service_datetime, orders.delivery_datetime, orders.promise, orders.marker_color, orders.address_id, orders.address_text, orders.created_at, orders.updated_at 
FROM orders 
WHERE orders.id = $1::INTEGER
2026-02-18 09:18:05,944 - sqlalchemy.engine.Engine - INFO - [cached since 36.72s ago] (3,)
2026-02-18 09:18:05,946 - sqlalchemy.engine.Engine - INFO - SELECT finance.order_id AS finance_order_id, finance.id AS finance_id, finance.purchase_price AS finance_purchase_price, finance.sale_price_client AS finance_sale_price_client, finance.installer_pay AS finance_installer_pay, finance.my_commission AS finance_my_commission, finance.profit AS finance_profit, finance.margin AS finance_margin, finance.profit_percent AS finance_profit_percent, finance.payment_state AS finance_payment_state, finance.installer_returned_money AS finance_installer_returned_money, finance.updated_at AS finance_updated_at, finance.created_at AS finance_created_at 
FROM finance 
WHERE finance.order_id IN ($1::INTEGER)
2026-02-18 09:18:05,946 - sqlalchemy.engine.Engine - INFO - [cached since 38.57s ago] (3,)
2026-02-18 09:18:05,946 - sqlalchemy.engine.Engine - INFO - SELECT clients.id AS clients_id, clients.full_name AS clients_full_name, clients.phone AS clients_phone, clients.address AS clients_address, clients.coordinates AS clients_coordinates, clients.created_at AS clients_created_at, clients.last_contact AS clients_last_contact, clients.comments AS clients_comments, clients.updated_at AS clients_updated_at, clients.backup_phone AS clients_backup_phone, clients.deleted_at AS clients_deleted_at 
FROM clients 
WHERE clients.id IN ($1::INTEGER)
2026-02-18 09:18:05,947 - sqlalchemy.engine.Engine - INFO - [cached since 38.57s ago] (3,)
2026-02-18 09:18:05,947 - sqlalchemy.engine.Engine - INFO - ROLLBACK
2026-02-18 09:18:05,956 - sqlalchemy.engine.Engine - INFO - BEGIN (implicit)
2026-02-18 09:18:05,956 - sqlalchemy.engine.Engine - INFO - SELECT admins.id, admins.username, admins.password_hash, admins.created_at 
FROM admins 
WHERE admins.username = $1::VARCHAR
2026-02-18 09:18:05,956 - sqlalchemy.engine.Engine - INFO - [cached since 42.06s ago] ('zhura2296@yandex.ru',)
2026-02-18 09:18:05,957 - sqlalchemy.engine.Engine - INFO - SELECT installers.id, installers.full_name, installers.nickname, installers.phone, installers.backup_phone, installers.specialization, installers.rating, installers.base_price, installers.is_debtor, installers.comments, installers.is_active, installers.is_in_funnel, installers.total_orders, installers.poor_work_count, installers.warranty_visits_count, installers.last_incident_date, installers.updated_at, installers.created_at, installers.deleted_at 
FROM installers 
WHERE installers.deleted_at IS NULL 
 LIMIT $1::INTEGER OFFSET $2::INTEGER
2026-02-18 09:18:05,957 - sqlalchemy.engine.Engine - INFO - [cached since 41.74s ago] (100, 0)
2026-02-18 09:18:05,958 - sqlalchemy.engine.Engine - INFO - ROLLBACK
2026-02-18 09:18:08,750 - sqlalchemy.engine.Engine - INFO - BEGIN (implicit)
2026-02-18 09:18:08,752 - sqlalchemy.engine.Engine - INFO - SELECT orders.id, orders.client_id, orders.installer_id, orders.status, orders.service_type, orders.warehouse, orders.service_datetime, orders.delivery_datetime, orders.promise, orders.marker_color, orders.address_id, orders.address_text, orders.created_at, orders.updated_at 
FROM orders 
WHERE orders.id = $1::INTEGER
2026-02-18 09:18:08,752 - sqlalchemy.engine.Engine - INFO - [cached since 39.52s ago] (3,)
2026-02-18 09:18:08,759 - sqlalchemy.engine.Engine - INFO - SELECT finance.order_id AS finance_order_id, finance.id AS finance_id, finance.purchase_price AS finance_purchase_price, finance.sale_price_client AS finance_sale_price_client, finance.installer_pay AS finance_installer_pay, finance.my_commission AS finance_my_commission, finance.profit AS finance_profit, finance.margin AS finance_margin, finance.profit_percent AS finance_profit_percent, finance.payment_state AS finance_payment_state, finance.installer_returned_money AS finance_installer_returned_money, finance.updated_at AS finance_updated_at, finance.created_at AS finance_created_at 
FROM finance 
WHERE finance.order_id IN ($1::INTEGER)
2026-02-18 09:18:08,759 - sqlalchemy.engine.Engine - INFO - [cached since 41.39s ago] (3,)
2026-02-18 09:18:08,762 - sqlalchemy.engine.Engine - INFO - SELECT clients.id AS clients_id, clients.full_name AS clients_full_name, clients.phone AS clients_phone, clients.address AS clients_address, clients.coordinates AS clients_coordinates, clients.created_at AS clients_created_at, clients.last_contact AS clients_last_contact, clients.comments AS clients_comments, clients.updated_at AS clients_updated_at, clients.backup_phone AS clients_backup_phone, clients.deleted_at AS clients_deleted_at 
FROM clients 
WHERE clients.id IN ($1::INTEGER)
2026-02-18 09:18:08,762 - sqlalchemy.engine.Engine - INFO - [cached since 41.38s ago] (3,)
2026-02-18 09:18:08,764 - sqlalchemy.engine.Engine - INFO - UPDATE finance SET order_id=$1::INTEGER, updated_at=now() WHERE finance.id = $2::INTEGER
2026-02-18 09:18:08,764 - sqlalchemy.engine.Engine - INFO - [cached since 30.14s ago] (None, 1)
2026-02-18 09:18:08,765 - sqlalchemy.engine.Engine - INFO - DELETE FROM orders WHERE orders.id = $1::INTEGER
2026-02-18 09:18:08,765 - sqlalchemy.engine.Engine - INFO - [cached since 36.36s ago] (3,)
2026-02-18 09:18:08,766 - sqlalchemy.engine.Engine - INFO - COMMIT
2026-02-18 09:18:08,829 - sqlalchemy.engine.Engine - INFO - BEGIN (implicit)
2026-02-18 09:18:08,830 - sqlalchemy.engine.Engine - INFO - SELECT orders.id, orders.client_id, orders.installer_id, orders.status, orders.service_type, orders.warehouse, orders.service_datetime, orders.delivery_datetime, orders.promise, orders.marker_color, orders.address_id, orders.address_text, orders.created_at, orders.updated_at 
FROM orders 
 LIMIT $1::INTEGER OFFSET $2::INTEGER
2026-02-18 09:18:08,830 - sqlalchemy.engine.Engine - INFO - [cached since 41.51s ago] (100, 0)
2026-02-18 09:18:08,834 - sqlalchemy.engine.Engine - INFO - ROLLBACK
2026-02-18 09:18:08,835 - sqlalchemy.engine.Engine - INFO - BEGIN (implicit)
2026-02-18 09:18:08,836 - sqlalchemy.engine.Engine - INFO - SELECT orders.id, orders.client_id, orders.installer_id, orders.status, orders.service_type, orders.warehouse, orders.service_datetime, orders.delivery_datetime, orders.promise, orders.marker_color, orders.address_id, orders.address_text, orders.created_at, orders.updated_at 
FROM orders 
 LIMIT $1::INTEGER OFFSET $2::INTEGER
2026-02-18 09:18:08,836 - sqlalchemy.engine.Engine - INFO - [cached since 41.52s ago] (100, 0)
2026-02-18 09:18:08,839 - sqlalchemy.engine.Engine - INFO - ROLLBACK
2026-02-18 09:24:54,412 - sqlalchemy.engine.Engine - INFO - BEGIN (implicit)
2026-02-18 09:24:54,412 - sqlalchemy.engine.Engine - INFO - SELECT admins.id, admins.username, admins.password_hash, admins.created_at 
FROM admins 
WHERE admins.username = $1::VARCHAR
2026-02-18 09:24:54,412 - sqlalchemy.engine.Engine - INFO - [cached since 450.5s ago] ('zhura2296@yandex.ru',)
2026-02-18 09:24:54,620 - sqlalchemy.engine.Engine - INFO - ROLLBACK
2026-02-18 09:24:54,701 - sqlalchemy.engine.Engine - INFO - BEGIN (implicit)
2026-02-18 09:24:54,702 - sqlalchemy.engine.Engine - INFO - SELECT admins.id, admins.username, admins.password_hash, admins.created_at 
FROM admins 
WHERE admins.username = $1::VARCHAR
2026-02-18 09:24:54,702 - sqlalchemy.engine.Engine - INFO - [cached since 450.8s ago] ('zhura2296@yandex.ru',)
2026-02-18 09:24:54,703 - sqlalchemy.engine.Engine - INFO - BEGIN (implicit)
2026-02-18 09:24:54,703 - sqlalchemy.engine.Engine - INFO - SELECT admins.id, admins.username, admins.password_hash, admins.created_at 
FROM admins 
WHERE admins.username = $1::VARCHAR
2026-02-18 09:24:54,703 - sqlalchemy.engine.Engine - INFO - [cached since 450.8s ago] ('zhura2296@yandex.ru',)
2026-02-18 09:24:54,704 - sqlalchemy.engine.Engine - INFO - SELECT clients.id, clients.full_name, clients.phone, clients.address, clients.coordinates, clients.created_at, clients.last_contact, clients.comments, clients.updated_at, clients.backup_phone, clients.deleted_at 
FROM clients 
 LIMIT $1::INTEGER OFFSET $2::INTEGER
2026-02-18 09:24:54,705 - sqlalchemy.engine.Engine - INFO - [cached since 450.5s ago] (100, 0)
2026-02-18 09:24:54,705 - sqlalchemy.engine.Engine - INFO - SELECT installers.id, installers.full_name, installers.nickname, installers.phone, installers.backup_phone, installers.specialization, installers.rating, installers.base_price, installers.is_debtor, installers.comments, installers.is_active, installers.is_in_funnel, installers.total_orders, installers.poor_work_count, installers.warranty_visits_count, installers.last_incident_date, installers.updated_at, installers.created_at, installers.deleted_at 
FROM installers 
WHERE installers.deleted_at IS NULL 
 LIMIT $1::INTEGER OFFSET $2::INTEGER
2026-02-18 09:24:54,705 - sqlalchemy.engine.Engine - INFO - [cached since 450.5s ago] (100, 0)
2026-02-18 09:24:54,707 - sqlalchemy.engine.Engine - INFO - ROLLBACK
2026-02-18 09:24:54,707 - sqlalchemy.engine.Engine - INFO - ROLLBACK
2026-02-18 09:24:54,708 - sqlalchemy.engine.Engine - INFO - BEGIN (implicit)
2026-02-18 09:24:54,708 - sqlalchemy.engine.Engine - INFO - SELECT admins.id, admins.username, admins.password_hash, admins.created_at 
FROM admins 
WHERE admins.username = $1::VARCHAR
2026-02-18 09:24:54,708 - sqlalchemy.engine.Engine - INFO - [cached since 450.8s ago] ('zhura2296@yandex.ru',)
2026-02-18 09:24:54,709 - sqlalchemy.engine.Engine - INFO - BEGIN (implicit)
2026-02-18 09:24:54,709 - sqlalchemy.engine.Engine - INFO - SELECT admins.id, admins.username, admins.password_hash, admins.created_at 
FROM admins 
WHERE admins.username = $1::VARCHAR
2026-02-18 09:24:54,709 - sqlalchemy.engine.Engine - INFO - [cached since 450.8s ago] ('zhura2296@yandex.ru',)
2026-02-18 09:24:54,711 - sqlalchemy.engine.Engine - INFO - SELECT clients.id, clients.full_name, clients.phone, clients.address, clients.coordinates, clients.created_at, clients.last_contact, clients.comments, clients.updated_at, clients.backup_phone, clients.deleted_at 
FROM clients 
 LIMIT $1::INTEGER OFFSET $2::INTEGER
2026-02-18 09:24:54,711 - sqlalchemy.engine.Engine - INFO - [cached since 450.5s ago] (100, 0)
2026-02-18 09:24:54,712 - sqlalchemy.engine.Engine - INFO - SELECT installers.id, installers.full_name, installers.nickname, installers.phone, installers.backup_phone, installers.specialization, installers.rating, installers.base_price, installers.is_debtor, installers.comments, installers.is_active, installers.is_in_funnel, installers.total_orders, installers.poor_work_count, installers.warranty_visits_count, installers.last_incident_date, installers.updated_at, installers.created_at, installers.deleted_at 
FROM installers 
WHERE installers.deleted_at IS NULL 
 LIMIT $1::INTEGER OFFSET $2::INTEGER
2026-02-18 09:24:54,712 - sqlalchemy.engine.Engine - INFO - [cached since 450.5s ago] (100, 0)
2026-02-18 09:24:54,714 - sqlalchemy.engine.Engine - INFO - ROLLBACK
2026-02-18 09:24:54,714 - sqlalchemy.engine.Engine - INFO - ROLLBACK
2026-02-18 09:25:46,338 - sqlalchemy.engine.Engine - INFO - BEGIN (implicit)
2026-02-18 09:25:46,339 - sqlalchemy.engine.Engine - INFO - SELECT orders.id, orders.client_id, orders.installer_id, orders.status, orders.service_type, orders.warehouse, orders.service_datetime, orders.delivery_datetime, orders.promise, orders.marker_color, orders.address_id, orders.address_text, orders.created_at, orders.updated_at 
FROM orders 
 LIMIT $1::INTEGER OFFSET $2::INTEGER
2026-02-18 09:25:46,339 - sqlalchemy.engine.Engine - INFO - [cached since 499s ago] (100, 0)
2026-02-18 09:25:46,341 - sqlalchemy.engine.Engine - INFO - ROLLBACK
2026-02-18 09:25:46,342 - sqlalchemy.engine.Engine - INFO - BEGIN (implicit)
2026-02-18 09:25:46,342 - sqlalchemy.engine.Engine - INFO - SELECT orders.id, orders.client_id, orders.installer_id, orders.status, orders.service_type, orders.warehouse, orders.service_datetime, orders.delivery_datetime, orders.promise, orders.marker_color, orders.address_id, orders.address_text, orders.created_at, orders.updated_at 
FROM orders 
 LIMIT $1::INTEGER OFFSET $2::INTEGER
2026-02-18 09:25:46,342 - sqlalchemy.engine.Engine - INFO - [cached since 499s ago] (100, 0)
2026-02-18 09:25:46,344 - sqlalchemy.engine.Engine - INFO - ROLLBACK
2026-02-18 09:25:47,925 - sqlalchemy.engine.Engine - INFO - BEGIN (implicit)
2026-02-18 09:25:47,925 - sqlalchemy.engine.Engine - INFO - SELECT admins.id, admins.username, admins.password_hash, admins.created_at 
FROM admins 
WHERE admins.username = $1::VARCHAR
2026-02-18 09:25:47,925 - sqlalchemy.engine.Engine - INFO - [cached since 504s ago] ('zhura2296@yandex.ru',)
2026-02-18 09:25:47,926 - sqlalchemy.engine.Engine - INFO - BEGIN (implicit)
2026-02-18 09:25:47,926 - sqlalchemy.engine.Engine - INFO - SELECT admins.id, admins.username, admins.password_hash, admins.created_at 
FROM admins 
WHERE admins.username = $1::VARCHAR
2026-02-18 09:25:47,927 - sqlalchemy.engine.Engine - INFO - [cached since 504s ago] ('zhura2296@yandex.ru',)
2026-02-18 09:25:47,927 - sqlalchemy.engine.Engine - INFO - SELECT clients.id, clients.full_name, clients.phone, clients.address, clients.coordinates, clients.created_at, clients.last_contact, clients.comments, clients.updated_at, clients.backup_phone, clients.deleted_at 
FROM clients 
 LIMIT $1::INTEGER OFFSET $2::INTEGER
2026-02-18 09:25:47,927 - sqlalchemy.engine.Engine - INFO - [cached since 503.7s ago] (100, 0)
2026-02-18 09:25:47,928 - sqlalchemy.engine.Engine - INFO - SELECT installers.id, installers.full_name, installers.nickname, installers.phone, installers.backup_phone, installers.specialization, installers.rating, installers.base_price, installers.is_debtor, installers.comments, installers.is_active, installers.is_in_funnel, installers.total_orders, installers.poor_work_count, installers.warranty_visits_count, installers.last_incident_date, installers.updated_at, installers.created_at, installers.deleted_at 
FROM installers 
WHERE installers.deleted_at IS NULL 
 LIMIT $1::INTEGER OFFSET $2::INTEGER
2026-02-18 09:25:47,928 - sqlalchemy.engine.Engine - INFO - [cached since 503.7s ago] (100, 0)
2026-02-18 09:25:47,929 - sqlalchemy.engine.Engine - INFO - ROLLBACK
2026-02-18 09:25:47,929 - sqlalchemy.engine.Engine - INFO - ROLLBACK
2026-02-18 09:25:47,931 - sqlalchemy.engine.Engine - INFO - BEGIN (implicit)
2026-02-18 09:25:47,931 - sqlalchemy.engine.Engine - INFO - SELECT admins.id, admins.username, admins.password_hash, admins.created_at 
FROM admins 
WHERE admins.username = $1::VARCHAR
2026-02-18 09:25:47,931 - sqlalchemy.engine.Engine - INFO - [cached since 504s ago] ('zhura2296@yandex.ru',)
2026-02-18 09:25:47,932 - sqlalchemy.engine.Engine - INFO - BEGIN (implicit)
2026-02-18 09:25:47,932 - sqlalchemy.engine.Engine - INFO - SELECT admins.id, admins.username, admins.password_hash, admins.created_at 
FROM admins 
WHERE admins.username = $1::VARCHAR
2026-02-18 09:25:47,932 - sqlalchemy.engine.Engine - INFO - [cached since 504s ago] ('zhura2296@yandex.ru',)
2026-02-18 09:25:47,933 - sqlalchemy.engine.Engine - INFO - SELECT clients.id, clients.full_name, clients.phone, clients.address, clients.coordinates, clients.created_at, clients.last_contact, clients.comments, clients.updated_at, clients.backup_phone, clients.deleted_at 
FROM clients 
 LIMIT $1::INTEGER OFFSET $2::INTEGER
2026-02-18 09:25:47,933 - sqlalchemy.engine.Engine - INFO - [cached since 503.7s ago] (100, 0)
2026-02-18 09:25:47,933 - sqlalchemy.engine.Engine - INFO - SELECT installers.id, installers.full_name, installers.nickname, installers.phone, installers.backup_phone, installers.specialization, installers.rating, installers.base_price, installers.is_debtor, installers.comments, installers.is_active, installers.is_in_funnel, installers.total_orders, installers.poor_work_count, installers.warranty_visits_count, installers.last_incident_date, installers.updated_at, installers.created_at, installers.deleted_at 
FROM installers 
WHERE installers.deleted_at IS NULL 
 LIMIT $1::INTEGER OFFSET $2::INTEGER
2026-02-18 09:25:47,934 - sqlalchemy.engine.Engine - INFO - [cached since 503.7s ago] (100, 0)
2026-02-18 09:25:47,935 - sqlalchemy.engine.Engine - INFO - ROLLBACK
2026-02-18 09:25:47,935 - sqlalchemy.engine.Engine - INFO - ROLLBACK
2026-02-18 09:25:49,303 - sqlalchemy.engine.Engine - INFO - BEGIN (implicit)
2026-02-18 09:25:49,303 - sqlalchemy.engine.Engine - INFO - SELECT orders.id, orders.client_id, orders.installer_id, orders.status, orders.service_type, orders.warehouse, orders.service_datetime, orders.delivery_datetime, orders.promise, orders.marker_color, orders.address_id, orders.address_text, orders.created_at, orders.updated_at 
FROM orders 
 LIMIT $1::INTEGER OFFSET $2::INTEGER
2026-02-18 09:25:49,303 - sqlalchemy.engine.Engine - INFO - [cached since 502s ago] (100, 0)
2026-02-18 09:25:49,305 - sqlalchemy.engine.Engine - INFO - ROLLBACK
2026-02-18 09:25:49,306 - sqlalchemy.engine.Engine - INFO - BEGIN (implicit)
2026-02-18 09:25:49,307 - sqlalchemy.engine.Engine - INFO - SELECT orders.id, orders.client_id, orders.installer_id, orders.status, orders.service_type, orders.warehouse, orders.service_datetime, orders.delivery_datetime, orders.promise, orders.marker_color, orders.address_id, orders.address_text, orders.created_at, orders.updated_at 
FROM orders 
 LIMIT $1::INTEGER OFFSET $2::INTEGER
2026-02-18 09:25:49,307 - sqlalchemy.engine.Engine - INFO - [cached since 502s ago] (100, 0)
2026-02-18 09:25:49,308 - sqlalchemy.engine.Engine - INFO - ROLLBACK
2026-02-18 09:27:37,839 - sqlalchemy.engine.Engine - INFO - BEGIN (implicit)
2026-02-18 09:27:37,839 - sqlalchemy.engine.Engine - INFO - SELECT admins.id, admins.username, admins.password_hash, admins.created_at 
FROM admins 
WHERE admins.username = $1::VARCHAR
2026-02-18 09:27:37,839 - sqlalchemy.engine.Engine - INFO - [cached since 613.9s ago] ('zhura2296@yandex.ru',)
2026-02-18 09:27:37,840 - sqlalchemy.engine.Engine - INFO - BEGIN (implicit)
2026-02-18 09:27:37,840 - sqlalchemy.engine.Engine - INFO - SELECT admins.id, admins.username, admins.password_hash, admins.created_at 
FROM admins 
WHERE admins.username = $1::VARCHAR
2026-02-18 09:27:37,840 - sqlalchemy.engine.Engine - INFO - [cached since 613.9s ago] ('zhura2296@yandex.ru',)
2026-02-18 09:27:37,841 - sqlalchemy.engine.Engine - INFO - SELECT clients.id, clients.full_name, clients.phone, clients.address, clients.coordinates, clients.created_at, clients.last_contact, clients.comments, clients.updated_at, clients.backup_phone, clients.deleted_at 
FROM clients 
 LIMIT $1::INTEGER OFFSET $2::INTEGER
2026-02-18 09:27:37,841 - sqlalchemy.engine.Engine - INFO - [cached since 613.7s ago] (100, 0)
2026-02-18 09:27:37,842 - sqlalchemy.engine.Engine - INFO - SELECT installers.id, installers.full_name, installers.nickname, installers.phone, installers.backup_phone, installers.specialization, installers.rating, installers.base_price, installers.is_debtor, installers.comments, installers.is_active, installers.is_in_funnel, installers.total_orders, installers.poor_work_count, installers.warranty_visits_count, installers.last_incident_date, installers.updated_at, installers.created_at, installers.deleted_at 
FROM installers 
WHERE installers.deleted_at IS NULL 
 LIMIT $1::INTEGER OFFSET $2::INTEGER
2026-02-18 09:27:37,842 - sqlalchemy.engine.Engine - INFO - [cached since 613.6s ago] (100, 0)
2026-02-18 09:27:37,844 - sqlalchemy.engine.Engine - INFO - ROLLBACK
2026-02-18 09:27:37,844 - sqlalchemy.engine.Engine - INFO - ROLLBACK
2026-02-18 09:27:37,846 - sqlalchemy.engine.Engine - INFO - BEGIN (implicit)
2026-02-18 09:27:37,846 - sqlalchemy.engine.Engine - INFO - SELECT admins.id, admins.username, admins.password_hash, admins.created_at 
FROM admins 
WHERE admins.username = $1::VARCHAR
2026-02-18 09:27:37,846 - sqlalchemy.engine.Engine - INFO - [cached since 613.9s ago] ('zhura2296@yandex.ru',)
2026-02-18 09:27:37,847 - sqlalchemy.engine.Engine - INFO - BEGIN (implicit)
2026-02-18 09:27:37,847 - sqlalchemy.engine.Engine - INFO - SELECT admins.id, admins.username, admins.password_hash, admins.created_at 
FROM admins 
WHERE admins.username = $1::VARCHAR
2026-02-18 09:27:37,847 - sqlalchemy.engine.Engine - INFO - [cached since 613.9s ago] ('zhura2296@yandex.ru',)
2026-02-18 09:27:37,848 - sqlalchemy.engine.Engine - INFO - SELECT clients.id, clients.full_name, clients.phone, clients.address, clients.coordinates, clients.created_at, clients.last_contact, clients.comments, clients.updated_at, clients.backup_phone, clients.deleted_at 
FROM clients 
 LIMIT $1::INTEGER OFFSET $2::INTEGER
2026-02-18 09:27:37,848 - sqlalchemy.engine.Engine - INFO - [cached since 613.7s ago] (100, 0)
2026-02-18 09:27:37,848 - sqlalchemy.engine.Engine - INFO - SELECT installers.id, installers.full_name, installers.nickname, installers.phone, installers.backup_phone, installers.specialization, installers.rating, installers.base_price, installers.is_debtor, installers.comments, installers.is_active, installers.is_in_funnel, installers.total_orders, installers.poor_work_count, installers.warranty_visits_count, installers.last_incident_date, installers.updated_at, installers.created_at, installers.deleted_at 
FROM installers 
WHERE installers.deleted_at IS NULL 
 LIMIT $1::INTEGER OFFSET $2::INTEGER
2026-02-18 09:27:37,848 - sqlalchemy.engine.Engine - INFO - [cached since 613.6s ago] (100, 0)
2026-02-18 09:27:37,850 - sqlalchemy.engine.Engine - INFO - ROLLBACK
2026-02-18 09:27:37,850 - sqlalchemy.engine.Engine - INFO - ROLLBACK
2026-02-18 09:28:32,106 - sqlalchemy.engine.Engine - INFO - BEGIN (implicit)
2026-02-18 09:28:32,107 - sqlalchemy.engine.Engine - INFO - SELECT admins.id, admins.username, admins.password_hash, admins.created_at 
FROM admins 
WHERE admins.username = $1::VARCHAR
2026-02-18 09:28:32,107 - sqlalchemy.engine.Engine - INFO - [cached since 668.2s ago] ('zhura2296@yandex.ru',)
2026-02-18 09:28:32,108 - sqlalchemy.engine.Engine - INFO - INSERT INTO clients (full_name, phone, address, coordinates, comments, updated_at, backup_phone, deleted_at) VALUES ($1::VARCHAR, $2::VARCHAR, $3::VARCHAR, $4, $5::VARCHAR, $6::TIMESTAMP WITH TIME ZONE, $7::VARCHAR, $8::TIMESTAMP WITH TIME ZONE) RETURNING clients.id, clients.created_at, clients.last_contact
2026-02-18 09:28:32,108 - sqlalchemy.engine.Engine - INFO - [generated in 0.00014s] ('Иванов Петро', '+79153227089', 'Марфино, ул. Зеленая стр. 13', None, '123', None, None, None)
2026-02-18 09:28:32,109 - sqlalchemy.engine.Engine - INFO - COMMIT
2026-02-18 09:28:32,137 - sqlalchemy.engine.Engine - INFO - BEGIN (implicit)
2026-02-18 09:28:32,138 - sqlalchemy.engine.Engine - INFO - SELECT clients.id, clients.full_name, clients.phone, clients.address, clients.coordinates, clients.created_at, clients.last_contact, clients.comments, clients.updated_at, clients.backup_phone, clients.deleted_at 
FROM clients 
WHERE clients.id = $1::INTEGER
2026-02-18 09:28:32,138 - sqlalchemy.engine.Engine - INFO - [generated in 0.00012s] (13,)
2026-02-18 09:28:32,139 - sqlalchemy.engine.Engine - INFO - ROLLBACK
2026-02-18 09:28:32,262 - sqlalchemy.engine.Engine - INFO - BEGIN (implicit)
2026-02-18 09:28:32,263 - sqlalchemy.engine.Engine - INFO - SELECT address_cache.address, address_cache.lat, address_cache.lon, address_cache.updated_at 
FROM address_cache 
WHERE address_cache.address = $1::VARCHAR
2026-02-18 09:28:32,263 - sqlalchemy.engine.Engine - INFO - [generated in 0.00012s] ('Марфино, ул. Зеленая стр. 13',)
2026-02-18 09:28:32,265 - sqlalchemy.engine.Engine - INFO - INSERT INTO address_cache (address, lat, lon) VALUES ($1::VARCHAR, $2::NUMERIC(10, 7), $3::NUMERIC(10, 7)) RETURNING address_cache.updated_at
2026-02-18 09:28:32,265 - sqlalchemy.engine.Engine - INFO - [generated in 0.00012s] ('Марфино, ул. Зеленая стр. 13', 46.395959, 48.723265)
2026-02-18 09:28:32,265 - sqlalchemy.engine.Engine - INFO - COMMIT
2026-02-18 09:28:32,345 - sqlalchemy.engine.Engine - INFO - BEGIN (implicit)
2026-02-18 09:28:32,346 - sqlalchemy.engine.Engine - INFO - SELECT address_cache.address, address_cache.lat, address_cache.lon, address_cache.updated_at 
FROM address_cache 
WHERE address_cache.address = $1::VARCHAR
2026-02-18 09:28:32,346 - sqlalchemy.engine.Engine - INFO - [generated in 0.00011s] ('Марфино, ул. Зеленая стр. 13',)
2026-02-18 09:28:32,347 - sqlalchemy.engine.Engine - INFO - INSERT INTO orders (client_id, installer_id, status, service_type, warehouse, service_datetime, delivery_datetime, promise, marker_color, address_id, address_text) VALUES ($1::INTEGER, $2::INTEGER, $3::order_status, $4::VARCHAR, $5::VARCHAR, $6::TIMESTAMP WITHOUT TIME ZONE, $7::TIMESTAMP WITHOUT TIME ZONE, $8::VARCHAR, $9::VARCHAR, $10::VARCHAR, $11::VARCHAR) RETURNING orders.id, orders.created_at, orders.updated_at
2026-02-18 09:28:32,348 - sqlalchemy.engine.Engine - INFO - [generated in 0.00013s] (13, 1, 'Ждет установщика', 'Electrolux EACS-09HSK/N3_24Y', 'Транзит', datetime.datetime(2026, 2, 19, 6, 27), datetime.datetime(2026, 2, 20, 6, 28), '2314123', 'blue', 'Марфино, ул. Зеленая стр. 13', 'Марфино, ул. Зеленая стр. 13')
2026-02-18 09:28:32,350 - sqlalchemy.engine.Engine - INFO - SELECT orders.id 
FROM orders 
WHERE orders.id = $1::INTEGER
2026-02-18 09:28:32,350 - sqlalchemy.engine.Engine - INFO - [generated in 0.00011s] (10,)
2026-02-18 09:28:32,351 - sqlalchemy.engine.Engine - INFO - SELECT clients.id AS clients_id, clients.full_name AS clients_full_name, clients.phone AS clients_phone, clients.address AS clients_address, clients.coordinates AS clients_coordinates, clients.created_at AS clients_created_at, clients.last_contact AS clients_last_contact, clients.comments AS clients_comments, clients.updated_at AS clients_updated_at, clients.backup_phone AS clients_backup_phone, clients.deleted_at AS clients_deleted_at 
FROM clients 
WHERE clients.id = $1::INTEGER
2026-02-18 09:28:32,351 - sqlalchemy.engine.Engine - INFO - [generated in 0.00010s] (13,)
2026-02-18 09:28:32,353 - sqlalchemy.engine.Engine - INFO - SELECT installers.id AS installers_id, installers.full_name AS installers_full_name, installers.nickname AS installers_nickname, installers.phone AS installers_phone, installers.backup_phone AS installers_backup_phone, installers.specialization AS installers_specialization, installers.rating AS installers_rating, installers.base_price AS installers_base_price, installers.is_debtor AS installers_is_debtor, installers.comments AS installers_comments, installers.is_active AS installers_is_active, installers.is_in_funnel AS installers_is_in_funnel, installers.total_orders AS installers_total_orders, installers.poor_work_count AS installers_poor_work_count, installers.warranty_visits_count AS installers_warranty_visits_count, installers.last_incident_date AS installers_last_incident_date, installers.updated_at AS installers_updated_at, installers.created_at AS installers_created_at, installers.deleted_at AS installers_deleted_at 
FROM installers 
WHERE installers.id = $1::INTEGER
2026-02-18 09:28:32,353 - sqlalchemy.engine.Engine - INFO - [generated in 0.00011s] (1,)
2026-02-18 09:28:32,354 - sqlalchemy.engine.Engine - INFO - SELECT finance.id AS finance_id, finance.order_id AS finance_order_id, finance.purchase_price AS finance_purchase_price, finance.sale_price_client AS finance_sale_price_client, finance.installer_pay AS finance_installer_pay, finance.my_commission AS finance_my_commission, finance.profit AS finance_profit, finance.margin AS finance_margin, finance.profit_percent AS finance_profit_percent, finance.payment_state AS finance_payment_state, finance.installer_returned_money AS finance_installer_returned_money, finance.updated_at AS finance_updated_at, finance.created_at AS finance_created_at 
FROM finance 
WHERE $1::INTEGER = finance.order_id
2026-02-18 09:28:32,354 - sqlalchemy.engine.Engine - INFO - [generated in 0.00012s] (10,)
2026-02-18 09:28:32,355 - sqlalchemy.engine.Engine - INFO - COMMIT
2026-02-18 09:28:32,363 - sqlalchemy.engine.Engine - INFO - BEGIN (implicit)
2026-02-18 09:28:32,364 - sqlalchemy.engine.Engine - INFO - SELECT finance.id, finance.order_id, finance.purchase_price, finance.sale_price_client, finance.installer_pay, finance.my_commission, finance.profit, finance.margin, finance.profit_percent, finance.payment_state, finance.installer_returned_money, finance.updated_at, finance.created_at 
FROM finance 
WHERE finance.order_id = $1::INTEGER
2026-02-18 09:28:32,364 - sqlalchemy.engine.Engine - INFO - [generated in 0.00018s] (10,)
2026-02-18 09:28:32,366 - sqlalchemy.engine.Engine - INFO - INSERT INTO finance (order_id, purchase_price, sale_price_client, installer_pay, my_commission, payment_state, installer_returned_money) VALUES ($1::INTEGER, $2::NUMERIC(10, 2), $3::NUMERIC(10, 2), $4::NUMERIC(10, 2), $5::NUMERIC(10, 2), $6::payment_status, $7::BOOLEAN) RETURNING finance.id, finance.profit, finance.margin, finance.profit_percent, finance.updated_at, finance.created_at
2026-02-18 09:28:32,366 - sqlalchemy.engine.Engine - INFO - [generated in 0.00017s] (10, 25000.0, 150000.0, 89000.0, 5000.0, 'Не оплачен', False)
2026-02-18 09:28:32,367 - sqlalchemy.engine.Engine - INFO - COMMIT
2026-02-18 09:28:32,371 - sqlalchemy.engine.Engine - INFO - BEGIN (implicit)
2026-02-18 09:28:32,372 - sqlalchemy.engine.Engine - INFO - SELECT finance.id, finance.order_id, finance.purchase_price, finance.sale_price_client, finance.installer_pay, finance.my_commission, finance.profit, finance.margin, finance.profit_percent, finance.payment_state, finance.installer_returned_money, finance.updated_at, finance.created_at 
FROM finance 
WHERE finance.id = $1::INTEGER
2026-02-18 09:28:32,372 - sqlalchemy.engine.Engine - INFO - [generated in 0.00010s] (6,)
2026-02-18 09:28:32,373 - sqlalchemy.engine.Engine - INFO - ROLLBACK
2026-02-18 09:28:32,416 - sqlalchemy.engine.Engine - INFO - BEGIN (implicit)
2026-02-18 09:28:32,416 - sqlalchemy.engine.Engine - INFO - SELECT orders.id, orders.client_id, orders.installer_id, orders.status, orders.service_type, orders.warehouse, orders.service_datetime, orders.delivery_datetime, orders.promise, orders.marker_color, orders.address_id, orders.address_text, orders.created_at, orders.updated_at 
FROM orders 
 LIMIT $1::INTEGER OFFSET $2::INTEGER
2026-02-18 09:28:32,416 - sqlalchemy.engine.Engine - INFO - [cached since 665.1s ago] (100, 0)
2026-02-18 09:28:32,418 - sqlalchemy.engine.Engine - INFO - SELECT installers.id AS installers_id, installers.full_name AS installers_full_name, installers.nickname AS installers_nickname, installers.phone AS installers_phone, installers.backup_phone AS installers_backup_phone, installers.specialization AS installers_specialization, installers.rating AS installers_rating, installers.base_price AS installers_base_price, installers.is_debtor AS installers_is_debtor, installers.comments AS installers_comments, installers.is_active AS installers_is_active, installers.is_in_funnel AS installers_is_in_funnel, installers.total_orders AS installers_total_orders, installers.poor_work_count AS installers_poor_work_count, installers.warranty_visits_count AS installers_warranty_visits_count, installers.last_incident_date AS installers_last_incident_date, installers.updated_at AS installers_updated_at, installers.created_at AS installers_created_at, installers.deleted_at AS installers_deleted_at 
FROM installers 
WHERE installers.id IN ($1::INTEGER)
2026-02-18 09:28:32,418 - sqlalchemy.engine.Engine - INFO - [cached since 665.1s ago] (1,)
2026-02-18 09:28:32,419 - sqlalchemy.engine.Engine - INFO - SELECT finance.order_id AS finance_order_id, finance.id AS finance_id, finance.purchase_price AS finance_purchase_price, finance.sale_price_client AS finance_sale_price_client, finance.installer_pay AS finance_installer_pay, finance.my_commission AS finance_my_commission, finance.profit AS finance_profit, finance.margin AS finance_margin, finance.profit_percent AS finance_profit_percent, finance.payment_state AS finance_payment_state, finance.installer_returned_money AS finance_installer_returned_money, finance.updated_at AS finance_updated_at, finance.created_at AS finance_created_at 
FROM finance 
WHERE finance.order_id IN ($1::INTEGER)
2026-02-18 09:28:32,419 - sqlalchemy.engine.Engine - INFO - [cached since 665s ago] (10,)
2026-02-18 09:28:32,421 - sqlalchemy.engine.Engine - INFO - SELECT clients.id AS clients_id, clients.full_name AS clients_full_name, clients.phone AS clients_phone, clients.address AS clients_address, clients.coordinates AS clients_coordinates, clients.created_at AS clients_created_at, clients.last_contact AS clients_last_contact, clients.comments AS clients_comments, clients.updated_at AS clients_updated_at, clients.backup_phone AS clients_backup_phone, clients.deleted_at AS clients_deleted_at 
FROM clients 
WHERE clients.id IN ($1::INTEGER)
2026-02-18 09:28:32,421 - sqlalchemy.engine.Engine - INFO - [cached since 665s ago] (13,)
2026-02-18 09:28:32,423 - sqlalchemy.engine.Engine - INFO - ROLLBACK
2026-02-18 09:28:32,424 - sqlalchemy.engine.Engine - INFO - BEGIN (implicit)
2026-02-18 09:28:32,425 - sqlalchemy.engine.Engine - INFO - SELECT orders.id, orders.client_id, orders.installer_id, orders.status, orders.service_type, orders.warehouse, orders.service_datetime, orders.delivery_datetime, orders.promise, orders.marker_color, orders.address_id, orders.address_text, orders.created_at, orders.updated_at 
FROM orders 
 LIMIT $1::INTEGER OFFSET $2::INTEGER
2026-02-18 09:28:32,425 - sqlalchemy.engine.Engine - INFO - [cached since 665.1s ago] (100, 0)
2026-02-18 09:28:32,426 - sqlalchemy.engine.Engine - INFO - SELECT installers.id AS installers_id, installers.full_name AS installers_full_name, installers.nickname AS installers_nickname, installers.phone AS installers_phone, installers.backup_phone AS installers_backup_phone, installers.specialization AS installers_specialization, installers.rating AS installers_rating, installers.base_price AS installers_base_price, installers.is_debtor AS installers_is_debtor, installers.comments AS installers_comments, installers.is_active AS installers_is_active, installers.is_in_funnel AS installers_is_in_funnel, installers.total_orders AS installers_total_orders, installers.poor_work_count AS installers_poor_work_count, installers.warranty_visits_count AS installers_warranty_visits_count, installers.last_incident_date AS installers_last_incident_date, installers.updated_at AS installers_updated_at, installers.created_at AS installers_created_at, installers.deleted_at AS installers_deleted_at 
FROM installers 
WHERE installers.id IN ($1::INTEGER)
2026-02-18 09:28:32,426 - sqlalchemy.engine.Engine - INFO - [cached since 665.1s ago] (1,)
2026-02-18 09:28:32,427 - sqlalchemy.engine.Engine - INFO - SELECT finance.order_id AS finance_order_id, finance.id AS finance_id, finance.purchase_price AS finance_purchase_price, finance.sale_price_client AS finance_sale_price_client, finance.installer_pay AS finance_installer_pay, finance.my_commission AS finance_my_commission, finance.profit AS finance_profit, finance.margin AS finance_margin, finance.profit_percent AS finance_profit_percent, finance.payment_state AS finance_payment_state, finance.installer_returned_money AS finance_installer_returned_money, finance.updated_at AS finance_updated_at, finance.created_at AS finance_created_at 
FROM finance 
WHERE finance.order_id IN ($1::INTEGER)
2026-02-18 09:28:32,427 - sqlalchemy.engine.Engine - INFO - [cached since 665.1s ago] (10,)
2026-02-18 09:28:32,428 - sqlalchemy.engine.Engine - INFO - SELECT clients.id AS clients_id, clients.full_name AS clients_full_name, clients.phone AS clients_phone, clients.address AS clients_address, clients.coordinates AS clients_coordinates, clients.created_at AS clients_created_at, clients.last_contact AS clients_last_contact, clients.comments AS clients_comments, clients.updated_at AS clients_updated_at, clients.backup_phone AS clients_backup_phone, clients.deleted_at AS clients_deleted_at 
FROM clients 
WHERE clients.id IN ($1::INTEGER)
2026-02-18 09:28:32,428 - sqlalchemy.engine.Engine - INFO - [cached since 665s ago] (13,)
2026-02-18 09:28:32,429 - sqlalchemy.engine.Engine - INFO - ROLLBACK
2026-02-18 09:28:36,551 - sqlalchemy.engine.Engine - INFO - BEGIN (implicit)
2026-02-18 09:28:36,551 - sqlalchemy.engine.Engine - INFO - SELECT admins.id, admins.username, admins.password_hash, admins.created_at 
FROM admins 
WHERE admins.username = $1::VARCHAR
2026-02-18 09:28:36,552 - sqlalchemy.engine.Engine - INFO - [cached since 672.7s ago] ('zhura2296@yandex.ru',)
2026-02-18 09:28:36,553 - sqlalchemy.engine.Engine - INFO - SELECT installers.id, installers.full_name, installers.nickname, installers.phone, installers.backup_phone, installers.specialization, installers.rating, installers.base_price, installers.is_debtor, installers.comments, installers.is_active, installers.is_in_funnel, installers.total_orders, installers.poor_work_count, installers.warranty_visits_count, installers.last_incident_date, installers.updated_at, installers.created_at, installers.deleted_at 
FROM installers 
WHERE installers.deleted_at IS NULL 
 LIMIT $1::INTEGER OFFSET $2::INTEGER
2026-02-18 09:28:36,553 - sqlalchemy.engine.Engine - INFO - [cached since 672.3s ago] (100, 0)
2026-02-18 09:28:36,555 - sqlalchemy.engine.Engine - INFO - BEGIN (implicit)
2026-02-18 09:28:36,555 - sqlalchemy.engine.Engine - INFO - SELECT orders.id, orders.client_id, orders.installer_id, orders.status, orders.service_type, orders.warehouse, orders.service_datetime, orders.delivery_datetime, orders.promise, orders.marker_color, orders.address_id, orders.address_text, orders.created_at, orders.updated_at 
FROM orders 
WHERE orders.id = $1::INTEGER
2026-02-18 09:28:36,555 - sqlalchemy.engine.Engine - INFO - [cached since 667.3s ago] (10,)
2026-02-18 09:28:36,556 - sqlalchemy.engine.Engine - INFO - ROLLBACK
2026-02-18 09:28:36,556 - sqlalchemy.engine.Engine - INFO - BEGIN (implicit)
2026-02-18 09:28:36,557 - sqlalchemy.engine.Engine - INFO - SELECT admins.id, admins.username, admins.password_hash, admins.created_at 
FROM admins 
WHERE admins.username = $1::VARCHAR
2026-02-18 09:28:36,557 - sqlalchemy.engine.Engine - INFO - [cached since 672.7s ago] ('zhura2296@yandex.ru',)
2026-02-18 09:28:36,557 - sqlalchemy.engine.Engine - INFO - SELECT installers.id AS installers_id, installers.full_name AS installers_full_name, installers.nickname AS installers_nickname, installers.phone AS installers_phone, installers.backup_phone AS installers_backup_phone, installers.specialization AS installers_specialization, installers.rating AS installers_rating, installers.base_price AS installers_base_price, installers.is_debtor AS installers_is_debtor, installers.comments AS installers_comments, installers.is_active AS installers_is_active, installers.is_in_funnel AS installers_is_in_funnel, installers.total_orders AS installers_total_orders, installers.poor_work_count AS installers_poor_work_count, installers.warranty_visits_count AS installers_warranty_visits_count, installers.last_incident_date AS installers_last_incident_date, installers.updated_at AS installers_updated_at, installers.created_at AS installers_created_at, installers.deleted_at AS installers_deleted_at 
FROM installers 
WHERE installers.id IN ($1::INTEGER)
2026-02-18 09:28:36,557 - sqlalchemy.engine.Engine - INFO - [cached since 669.2s ago] (1,)
2026-02-18 09:28:36,558 - sqlalchemy.engine.Engine - INFO - SELECT finance.order_id AS finance_order_id, finance.id AS finance_id, finance.purchase_price AS finance_purchase_price, finance.sale_price_client AS finance_sale_price_client, finance.installer_pay AS finance_installer_pay, finance.my_commission AS finance_my_commission, finance.profit AS finance_profit, finance.margin AS finance_margin, finance.profit_percent AS finance_profit_percent, finance.payment_state AS finance_payment_state, finance.installer_returned_money AS finance_installer_returned_money, finance.updated_at AS finance_updated_at, finance.created_at AS finance_created_at 
FROM finance 
WHERE finance.order_id IN ($1::INTEGER)
2026-02-18 09:28:36,558 - sqlalchemy.engine.Engine - INFO - [cached since 669.2s ago] (10,)
2026-02-18 09:28:36,559 - sqlalchemy.engine.Engine - INFO - SELECT installers.id, installers.full_name, installers.nickname, installers.phone, installers.backup_phone, installers.specialization, installers.rating, installers.base_price, installers.is_debtor, installers.comments, installers.is_active, installers.is_in_funnel, installers.total_orders, installers.poor_work_count, installers.warranty_visits_count, installers.last_incident_date, installers.updated_at, installers.created_at, installers.deleted_at 
FROM installers 
WHERE installers.deleted_at IS NULL 
 LIMIT $1::INTEGER OFFSET $2::INTEGER
2026-02-18 09:28:36,559 - sqlalchemy.engine.Engine - INFO - [cached since 672.3s ago] (100, 0)
2026-02-18 09:28:36,560 - sqlalchemy.engine.Engine - INFO - SELECT clients.id AS clients_id, clients.full_name AS clients_full_name, clients.phone AS clients_phone, clients.address AS clients_address, clients.coordinates AS clients_coordinates, clients.created_at AS clients_created_at, clients.last_contact AS clients_last_contact, clients.comments AS clients_comments, clients.updated_at AS clients_updated_at, clients.backup_phone AS clients_backup_phone, clients.deleted_at AS clients_deleted_at 
FROM clients 
WHERE clients.id IN ($1::INTEGER)
2026-02-18 09:28:36,560 - sqlalchemy.engine.Engine - INFO - [cached since 669.2s ago] (13,)
2026-02-18 09:28:36,561 - sqlalchemy.engine.Engine - INFO - ROLLBACK
2026-02-18 09:28:36,561 - sqlalchemy.engine.Engine - INFO - ROLLBACK
2026-02-18 09:28:36,562 - sqlalchemy.engine.Engine - INFO - BEGIN (implicit)
2026-02-18 09:28:36,562 - sqlalchemy.engine.Engine - INFO - SELECT orders.id, orders.client_id, orders.installer_id, orders.status, orders.service_type, orders.warehouse, orders.service_datetime, orders.delivery_datetime, orders.promise, orders.marker_color, orders.address_id, orders.address_text, orders.created_at, orders.updated_at 
FROM orders 
WHERE orders.id = $1::INTEGER
2026-02-18 09:28:36,562 - sqlalchemy.engine.Engine - INFO - [cached since 667.3s ago] (10,)
2026-02-18 09:28:36,564 - sqlalchemy.engine.Engine - INFO - SELECT installers.id AS installers_id, installers.full_name AS installers_full_name, installers.nickname AS installers_nickname, installers.phone AS installers_phone, installers.backup_phone AS installers_backup_phone, installers.specialization AS installers_specialization, installers.rating AS installers_rating, installers.base_price AS installers_base_price, installers.is_debtor AS installers_is_debtor, installers.comments AS installers_comments, installers.is_active AS installers_is_active, installers.is_in_funnel AS installers_is_in_funnel, installers.total_orders AS installers_total_orders, installers.poor_work_count AS installers_poor_work_count, installers.warranty_visits_count AS installers_warranty_visits_count, installers.last_incident_date AS installers_last_incident_date, installers.updated_at AS installers_updated_at, installers.created_at AS installers_created_at, installers.deleted_at AS installers_deleted_at 
FROM installers 
WHERE installers.id IN ($1::INTEGER)
2026-02-18 09:28:36,564 - sqlalchemy.engine.Engine - INFO - [cached since 669.2s ago] (1,)
2026-02-18 09:28:36,565 - sqlalchemy.engine.Engine - INFO - SELECT finance.order_id AS finance_order_id, finance.id AS finance_id, finance.purchase_price AS finance_purchase_price, finance.sale_price_client AS finance_sale_price_client, finance.installer_pay AS finance_installer_pay, finance.my_commission AS finance_my_commission, finance.profit AS finance_profit, finance.margin AS finance_margin, finance.profit_percent AS finance_profit_percent, finance.payment_state AS finance_payment_state, finance.installer_returned_money AS finance_installer_returned_money, finance.updated_at AS finance_updated_at, finance.created_at AS finance_created_at 
FROM finance 
WHERE finance.order_id IN ($1::INTEGER)
2026-02-18 09:28:36,565 - sqlalchemy.engine.Engine - INFO - [cached since 669.2s ago] (10,)
2026-02-18 09:28:36,565 - sqlalchemy.engine.Engine - INFO - SELECT clients.id AS clients_id, clients.full_name AS clients_full_name, clients.phone AS clients_phone, clients.address AS clients_address, clients.coordinates AS clients_coordinates, clients.created_at AS clients_created_at, clients.last_contact AS clients_last_contact, clients.comments AS clients_comments, clients.updated_at AS clients_updated_at, clients.backup_phone AS clients_backup_phone, clients.deleted_at AS clients_deleted_at 
FROM clients 
WHERE clients.id IN ($1::INTEGER)
2026-02-18 09:28:36,565 - sqlalchemy.engine.Engine - INFO - [cached since 669.2s ago] (13,)
2026-02-18 09:28:36,566 - sqlalchemy.engine.Engine - INFO - ROLLBACK
2026-02-18 09:28:44,465 - sqlalchemy.engine.Engine - INFO - BEGIN (implicit)
2026-02-18 09:28:44,465 - sqlalchemy.engine.Engine - INFO - SELECT orders.id, orders.client_id, orders.installer_id, orders.status, orders.service_type, orders.warehouse, orders.service_datetime, orders.delivery_datetime, orders.promise, orders.marker_color, orders.address_id, orders.address_text, orders.created_at, orders.updated_at 
FROM orders 
 LIMIT $1::INTEGER OFFSET $2::INTEGER
2026-02-18 09:28:44,465 - sqlalchemy.engine.Engine - INFO - [cached since 677.1s ago] (100, 0)
2026-02-18 09:28:44,467 - sqlalchemy.engine.Engine - INFO - SELECT installers.id AS installers_id, installers.full_name AS installers_full_name, installers.nickname AS installers_nickname, installers.phone AS installers_phone, installers.backup_phone AS installers_backup_phone, installers.specialization AS installers_specialization, installers.rating AS installers_rating, installers.base_price AS installers_base_price, installers.is_debtor AS installers_is_debtor, installers.comments AS installers_comments, installers.is_active AS installers_is_active, installers.is_in_funnel AS installers_is_in_funnel, installers.total_orders AS installers_total_orders, installers.poor_work_count AS installers_poor_work_count, installers.warranty_visits_count AS installers_warranty_visits_count, installers.last_incident_date AS installers_last_incident_date, installers.updated_at AS installers_updated_at, installers.created_at AS installers_created_at, installers.deleted_at AS installers_deleted_at 
FROM installers 
WHERE installers.id IN ($1::INTEGER)
2026-02-18 09:28:44,467 - sqlalchemy.engine.Engine - INFO - [cached since 677.1s ago] (1,)
2026-02-18 09:28:44,468 - sqlalchemy.engine.Engine - INFO - SELECT finance.order_id AS finance_order_id, finance.id AS finance_id, finance.purchase_price AS finance_purchase_price, finance.sale_price_client AS finance_sale_price_client, finance.installer_pay AS finance_installer_pay, finance.my_commission AS finance_my_commission, finance.profit AS finance_profit, finance.margin AS finance_margin, finance.profit_percent AS finance_profit_percent, finance.payment_state AS finance_payment_state, finance.installer_returned_money AS finance_installer_returned_money, finance.updated_at AS finance_updated_at, finance.created_at AS finance_created_at 
FROM finance 
WHERE finance.order_id IN ($1::INTEGER)
2026-02-18 09:28:44,468 - sqlalchemy.engine.Engine - INFO - [cached since 677.1s ago] (10,)
2026-02-18 09:28:44,469 - sqlalchemy.engine.Engine - INFO - SELECT clients.id AS clients_id, clients.full_name AS clients_full_name, clients.phone AS clients_phone, clients.address AS clients_address, clients.coordinates AS clients_coordinates, clients.created_at AS clients_created_at, clients.last_contact AS clients_last_contact, clients.comments AS clients_comments, clients.updated_at AS clients_updated_at, clients.backup_phone AS clients_backup_phone, clients.deleted_at AS clients_deleted_at 
FROM clients 
WHERE clients.id IN ($1::INTEGER)
2026-02-18 09:28:44,469 - sqlalchemy.engine.Engine - INFO - [cached since 677.1s ago] (13,)
2026-02-18 09:28:44,471 - sqlalchemy.engine.Engine - INFO - ROLLBACK
2026-02-18 09:28:44,472 - sqlalchemy.engine.Engine - INFO - BEGIN (implicit)
2026-02-18 09:28:44,473 - sqlalchemy.engine.Engine - INFO - SELECT orders.id, orders.client_id, orders.installer_id, orders.status, orders.service_type, orders.warehouse, orders.service_datetime, orders.delivery_datetime, orders.promise, orders.marker_color, orders.address_id, orders.address_text, orders.created_at, orders.updated_at 
FROM orders 
 LIMIT $1::INTEGER OFFSET $2::INTEGER
2026-02-18 09:28:44,473 - sqlalchemy.engine.Engine - INFO - [cached since 677.2s ago] (100, 0)
2026-02-18 09:28:44,474 - sqlalchemy.engine.Engine - INFO - SELECT installers.id AS installers_id, installers.full_name AS installers_full_name, installers.nickname AS installers_nickname, installers.phone AS installers_phone, installers.backup_phone AS installers_backup_phone, installers.specialization AS installers_specialization, installers.rating AS installers_rating, installers.base_price AS installers_base_price, installers.is_debtor AS installers_is_debtor, installers.comments AS installers_comments, installers.is_active AS installers_is_active, installers.is_in_funnel AS installers_is_in_funnel, installers.total_orders AS installers_total_orders, installers.poor_work_count AS installers_poor_work_count, installers.warranty_visits_count AS installers_warranty_visits_count, installers.last_incident_date AS installers_last_incident_date, installers.updated_at AS installers_updated_at, installers.created_at AS installers_created_at, installers.deleted_at AS installers_deleted_at 
FROM installers 
WHERE installers.id IN ($1::INTEGER)
2026-02-18 09:28:44,474 - sqlalchemy.engine.Engine - INFO - [cached since 677.1s ago] (1,)
2026-02-18 09:28:44,475 - sqlalchemy.engine.Engine - INFO - SELECT finance.order_id AS finance_order_id, finance.id AS finance_id, finance.purchase_price AS finance_purchase_price, finance.sale_price_client AS finance_sale_price_client, finance.installer_pay AS finance_installer_pay, finance.my_commission AS finance_my_commission, finance.profit AS finance_profit, finance.margin AS finance_margin, finance.profit_percent AS finance_profit_percent, finance.payment_state AS finance_payment_state, finance.installer_returned_money AS finance_installer_returned_money, finance.updated_at AS finance_updated_at, finance.created_at AS finance_created_at 
FROM finance 
WHERE finance.order_id IN ($1::INTEGER)
2026-02-18 09:28:44,475 - sqlalchemy.engine.Engine - INFO - [cached since 677.1s ago] (10,)
2026-02-18 09:28:44,476 - sqlalchemy.engine.Engine - INFO - SELECT clients.id AS clients_id, clients.full_name AS clients_full_name, clients.phone AS clients_phone, clients.address AS clients_address, clients.coordinates AS clients_coordinates, clients.created_at AS clients_created_at, clients.last_contact AS clients_last_contact, clients.comments AS clients_comments, clients.updated_at AS clients_updated_at, clients.backup_phone AS clients_backup_phone, clients.deleted_at AS clients_deleted_at 
FROM clients 
WHERE clients.id IN ($1::INTEGER)
2026-02-18 09:28:44,476 - sqlalchemy.engine.Engine - INFO - [cached since 677.1s ago] (13,)
2026-02-18 09:28:44,478 - sqlalchemy.engine.Engine - INFO - ROLLBACK
2026-02-18 09:28:51,074 - sqlalchemy.engine.Engine - INFO - BEGIN (implicit)
2026-02-18 09:28:51,076 - sqlalchemy.engine.Engine - INFO - SELECT orders.id, orders.client_id, orders.installer_id, orders.status, orders.service_type, orders.warehouse, orders.service_datetime, orders.delivery_datetime, orders.promise, orders.marker_color, orders.address_id, orders.address_text, orders.created_at, orders.updated_at 
FROM orders 
WHERE orders.id = $1::INTEGER
2026-02-18 09:28:51,077 - sqlalchemy.engine.Engine - INFO - [cached since 681.8s ago] (10,)
2026-02-18 09:28:51,082 - sqlalchemy.engine.Engine - INFO - BEGIN (implicit)
2026-02-18 09:28:51,083 - sqlalchemy.engine.Engine - INFO - SELECT admins.id, admins.username, admins.password_hash, admins.created_at 
FROM admins 
WHERE admins.username = $1::VARCHAR
2026-02-18 09:28:51,084 - sqlalchemy.engine.Engine - INFO - [cached since 687.2s ago] ('zhura2296@yandex.ru',)
2026-02-18 09:28:51,090 - sqlalchemy.engine.Engine - INFO - SELECT installers.id, installers.full_name, installers.nickname, installers.phone, installers.backup_phone, installers.specialization, installers.rating, installers.base_price, installers.is_debtor, installers.comments, installers.is_active, installers.is_in_funnel, installers.total_orders, installers.poor_work_count, installers.warranty_visits_count, installers.last_incident_date, installers.updated_at, installers.created_at, installers.deleted_at 
FROM installers 
WHERE installers.deleted_at IS NULL 
 LIMIT $1::INTEGER OFFSET $2::INTEGER
2026-02-18 09:28:51,091 - sqlalchemy.engine.Engine - INFO - [cached since 686.9s ago] (100, 0)
2026-02-18 09:28:51,096 - sqlalchemy.engine.Engine - INFO - SELECT installers.id AS installers_id, installers.full_name AS installers_full_name, installers.nickname AS installers_nickname, installers.phone AS installers_phone, installers.backup_phone AS installers_backup_phone, installers.specialization AS installers_specialization, installers.rating AS installers_rating, installers.base_price AS installers_base_price, installers.is_debtor AS installers_is_debtor, installers.comments AS installers_comments, installers.is_active AS installers_is_active, installers.is_in_funnel AS installers_is_in_funnel, installers.total_orders AS installers_total_orders, installers.poor_work_count AS installers_poor_work_count, installers.warranty_visits_count AS installers_warranty_visits_count, installers.last_incident_date AS installers_last_incident_date, installers.updated_at AS installers_updated_at, installers.created_at AS installers_created_at, installers.deleted_at AS installers_deleted_at 
FROM installers 
WHERE installers.id IN ($1::INTEGER)
2026-02-18 09:28:51,096 - sqlalchemy.engine.Engine - INFO - [cached since 683.8s ago] (1,)
2026-02-18 09:28:51,098 - sqlalchemy.engine.Engine - INFO - SELECT finance.order_id AS finance_order_id, finance.id AS finance_id, finance.purchase_price AS finance_purchase_price, finance.sale_price_client AS finance_sale_price_client, finance.installer_pay AS finance_installer_pay, finance.my_commission AS finance_my_commission, finance.profit AS finance_profit, finance.margin AS finance_margin, finance.profit_percent AS finance_profit_percent, finance.payment_state AS finance_payment_state, finance.installer_returned_money AS finance_installer_returned_money, finance.updated_at AS finance_updated_at, finance.created_at AS finance_created_at 
FROM finance 
WHERE finance.order_id IN ($1::INTEGER)
2026-02-18 09:28:51,098 - sqlalchemy.engine.Engine - INFO - [cached since 683.7s ago] (10,)
2026-02-18 09:28:51,100 - sqlalchemy.engine.Engine - INFO - SELECT clients.id AS clients_id, clients.full_name AS clients_full_name, clients.phone AS clients_phone, clients.address AS clients_address, clients.coordinates AS clients_coordinates, clients.created_at AS clients_created_at, clients.last_contact AS clients_last_contact, clients.comments AS clients_comments, clients.updated_at AS clients_updated_at, clients.backup_phone AS clients_backup_phone, clients.deleted_at AS clients_deleted_at 
FROM clients 
WHERE clients.id IN ($1::INTEGER)
2026-02-18 09:28:51,100 - sqlalchemy.engine.Engine - INFO - [cached since 683.7s ago] (13,)
2026-02-18 09:28:51,100 - sqlalchemy.engine.Engine - INFO - ROLLBACK
2026-02-18 09:28:51,101 - sqlalchemy.engine.Engine - INFO - BEGIN (implicit)
2026-02-18 09:28:51,101 - sqlalchemy.engine.Engine - INFO - SELECT admins.id, admins.username, admins.password_hash, admins.created_at 
FROM admins 
WHERE admins.username = $1::VARCHAR
2026-02-18 09:28:51,101 - sqlalchemy.engine.Engine - INFO - [cached since 687.2s ago] ('zhura2296@yandex.ru',)
2026-02-18 09:28:51,102 - sqlalchemy.engine.Engine - INFO - ROLLBACK
2026-02-18 09:28:51,102 - sqlalchemy.engine.Engine - INFO - SELECT installers.id, installers.full_name, installers.nickname, installers.phone, installers.backup_phone, installers.specialization, installers.rating, installers.base_price, installers.is_debtor, installers.comments, installers.is_active, installers.is_in_funnel, installers.total_orders, installers.poor_work_count, installers.warranty_visits_count, installers.last_incident_date, installers.updated_at, installers.created_at, installers.deleted_at 
FROM installers 
WHERE installers.deleted_at IS NULL 
 LIMIT $1::INTEGER OFFSET $2::INTEGER
2026-02-18 09:28:51,102 - sqlalchemy.engine.Engine - INFO - [cached since 686.9s ago] (100, 0)
2026-02-18 09:28:51,103 - sqlalchemy.engine.Engine - INFO - BEGIN (implicit)
2026-02-18 09:28:51,103 - sqlalchemy.engine.Engine - INFO - SELECT orders.id, orders.client_id, orders.installer_id, orders.status, orders.service_type, orders.warehouse, orders.service_datetime, orders.delivery_datetime, orders.promise, orders.marker_color, orders.address_id, orders.address_text, orders.created_at, orders.updated_at 
FROM orders 
WHERE orders.id = $1::INTEGER
2026-02-18 09:28:51,103 - sqlalchemy.engine.Engine - INFO - [cached since 681.9s ago] (10,)
2026-02-18 09:28:51,105 - sqlalchemy.engine.Engine - INFO - SELECT installers.id AS installers_id, installers.full_name AS installers_full_name, installers.nickname AS installers_nickname, installers.phone AS installers_phone, installers.backup_phone AS installers_backup_phone, installers.specialization AS installers_specialization, installers.rating AS installers_rating, installers.base_price AS installers_base_price, installers.is_debtor AS installers_is_debtor, installers.comments AS installers_comments, installers.is_active AS installers_is_active, installers.is_in_funnel AS installers_is_in_funnel, installers.total_orders AS installers_total_orders, installers.poor_work_count AS installers_poor_work_count, installers.warranty_visits_count AS installers_warranty_visits_count, installers.last_incident_date AS installers_last_incident_date, installers.updated_at AS installers_updated_at, installers.created_at AS installers_created_at, installers.deleted_at AS installers_deleted_at 
FROM installers 
WHERE installers.id IN ($1::INTEGER)
2026-02-18 09:28:51,105 - sqlalchemy.engine.Engine - INFO - [cached since 683.8s ago] (1,)
2026-02-18 09:28:51,105 - sqlalchemy.engine.Engine - INFO - ROLLBACK
2026-02-18 09:28:51,107 - sqlalchemy.engine.Engine - INFO - SELECT finance.order_id AS finance_order_id, finance.id AS finance_id, finance.purchase_price AS finance_purchase_price, finance.sale_price_client AS finance_sale_price_client, finance.installer_pay AS finance_installer_pay, finance.my_commission AS finance_my_commission, finance.profit AS finance_profit, finance.margin AS finance_margin, finance.profit_percent AS finance_profit_percent, finance.payment_state AS finance_payment_state, finance.installer_returned_money AS finance_installer_returned_money, finance.updated_at AS finance_updated_at, finance.created_at AS finance_created_at 
FROM finance 
WHERE finance.order_id IN ($1::INTEGER)
2026-02-18 09:28:51,108 - sqlalchemy.engine.Engine - INFO - [cached since 683.7s ago] (10,)
2026-02-18 09:28:51,110 - sqlalchemy.engine.Engine - INFO - SELECT clients.id AS clients_id, clients.full_name AS clients_full_name, clients.phone AS clients_phone, clients.address AS clients_address, clients.coordinates AS clients_coordinates, clients.created_at AS clients_created_at, clients.last_contact AS clients_last_contact, clients.comments AS clients_comments, clients.updated_at AS clients_updated_at, clients.backup_phone AS clients_backup_phone, clients.deleted_at AS clients_deleted_at 
FROM clients 
WHERE clients.id IN ($1::INTEGER)
2026-02-18 09:28:51,110 - sqlalchemy.engine.Engine - INFO - [cached since 683.7s ago] (13,)
2026-02-18 09:28:51,112 - sqlalchemy.engine.Engine - INFO - ROLLBACK
2026-02-18 09:32:43,119 - src.core.logging - INFO - Starting CRM application
2026-02-18 09:32:43,119 - apscheduler.scheduler - INFO - Adding job tentatively -- it will be properly scheduled when the scheduler starts
2026-02-18 09:32:43,119 - apscheduler.scheduler - INFO - Adding job tentatively -- it will be properly scheduled when the scheduler starts
2026-02-18 09:32:43,119 - apscheduler.scheduler - INFO - Added job "daily_backup_and_report" to job store "default"
2026-02-18 09:32:43,119 - apscheduler.scheduler - INFO - Added job "daily_backup_and_report" to job store "default"
2026-02-18 09:32:43,119 - apscheduler.scheduler - INFO - Scheduler started
2026-02-18 09:32:43,119 - src.core.logging - INFO - Scheduler started
2026-02-18 09:32:50,674 - sqlalchemy.engine.Engine - INFO - select pg_catalog.version()
2026-02-18 09:32:50,674 - sqlalchemy.engine.Engine - INFO - [raw sql] ()
2026-02-18 09:32:50,675 - sqlalchemy.engine.Engine - INFO - select current_schema()
2026-02-18 09:32:50,675 - sqlalchemy.engine.Engine - INFO - [raw sql] ()
2026-02-18 09:32:50,676 - sqlalchemy.engine.Engine - INFO - show standard_conforming_strings
2026-02-18 09:32:50,676 - sqlalchemy.engine.Engine - INFO - [raw sql] ()
2026-02-18 09:32:50,676 - sqlalchemy.engine.Engine - INFO - BEGIN (implicit)
2026-02-18 09:32:50,684 - sqlalchemy.engine.Engine - INFO - SELECT admins.id, admins.username, admins.password_hash, admins.created_at 
FROM admins 
WHERE admins.username = $1::VARCHAR
2026-02-18 09:32:50,684 - sqlalchemy.engine.Engine - INFO - [generated in 0.00017s] ('zhura2296@yandex.ru',)
2026-02-18 09:32:50,900 - sqlalchemy.engine.Engine - INFO - ROLLBACK
2026-02-18 09:32:50,977 - sqlalchemy.engine.Engine - INFO - BEGIN (implicit)
2026-02-18 09:32:50,977 - sqlalchemy.engine.Engine - INFO - SELECT admins.id, admins.username, admins.password_hash, admins.created_at 
FROM admins 
WHERE admins.username = $1::VARCHAR
2026-02-18 09:32:50,977 - sqlalchemy.engine.Engine - INFO - [cached since 0.2931s ago] ('zhura2296@yandex.ru',)
2026-02-18 09:32:50,982 - sqlalchemy.engine.Engine - INFO - SELECT clients.id, clients.full_name, clients.phone, clients.address, clients.coordinates, clients.created_at, clients.last_contact, clients.comments, clients.updated_at, clients.backup_phone, clients.deleted_at 
FROM clients 
 LIMIT $1::INTEGER OFFSET $2::INTEGER
2026-02-18 09:32:50,982 - sqlalchemy.engine.Engine - INFO - [generated in 0.00033s] (100, 0)
2026-02-18 09:32:51,004 - sqlalchemy.engine.Engine - INFO - ROLLBACK
2026-02-18 09:32:51,005 - sqlalchemy.engine.Engine - INFO - BEGIN (implicit)
2026-02-18 09:32:51,005 - sqlalchemy.engine.Engine - INFO - SELECT admins.id, admins.username, admins.password_hash, admins.created_at 
FROM admins 
WHERE admins.username = $1::VARCHAR
2026-02-18 09:32:51,005 - sqlalchemy.engine.Engine - INFO - [cached since 0.3209s ago] ('zhura2296@yandex.ru',)
2026-02-18 09:32:51,006 - sqlalchemy.engine.Engine - INFO - BEGIN (implicit)
2026-02-18 09:32:51,007 - sqlalchemy.engine.Engine - INFO - SELECT admins.id, admins.username, admins.password_hash, admins.created_at 
FROM admins 
WHERE admins.username = $1::VARCHAR
2026-02-18 09:32:51,007 - sqlalchemy.engine.Engine - INFO - [cached since 0.3229s ago] ('zhura2296@yandex.ru',)
2026-02-18 09:32:51,008 - sqlalchemy.engine.Engine - INFO - SELECT clients.id, clients.full_name, clients.phone, clients.address, clients.coordinates, clients.created_at, clients.last_contact, clients.comments, clients.updated_at, clients.backup_phone, clients.deleted_at 
FROM clients 
 LIMIT $1::INTEGER OFFSET $2::INTEGER
2026-02-18 09:32:51,008 - sqlalchemy.engine.Engine - INFO - [cached since 0.0267s ago] (100, 0)
2026-02-18 09:32:51,011 - sqlalchemy.engine.Engine - INFO - SELECT installers.id, installers.full_name, installers.nickname, installers.phone, installers.backup_phone, installers.specialization, installers.rating, installers.base_price, installers.is_debtor, installers.comments, installers.is_active, installers.is_in_funnel, installers.total_orders, installers.poor_work_count, installers.warranty_visits_count, installers.last_incident_date, installers.updated_at, installers.created_at, installers.deleted_at 
FROM installers 
WHERE installers.deleted_at IS NULL 
 LIMIT $1::INTEGER OFFSET $2::INTEGER
2026-02-18 09:32:51,011 - sqlalchemy.engine.Engine - INFO - [generated in 0.00030s] (100, 0)
2026-02-18 09:32:51,013 - sqlalchemy.engine.Engine - INFO - ROLLBACK
2026-02-18 09:32:51,015 - sqlalchemy.engine.Engine - INFO - ROLLBACK
2026-02-18 09:32:51,016 - sqlalchemy.engine.Engine - INFO - BEGIN (implicit)
2026-02-18 09:32:51,016 - sqlalchemy.engine.Engine - INFO - SELECT admins.id, admins.username, admins.password_hash, admins.created_at 
FROM admins 
WHERE admins.username = $1::VARCHAR
2026-02-18 09:32:51,016 - sqlalchemy.engine.Engine - INFO - [cached since 0.3319s ago] ('zhura2296@yandex.ru',)
2026-02-18 09:32:51,017 - sqlalchemy.engine.Engine - INFO - SELECT installers.id, installers.full_name, installers.nickname, installers.phone, installers.backup_phone, installers.specialization, installers.rating, installers.base_price, installers.is_debtor, installers.comments, installers.is_active, installers.is_in_funnel, installers.total_orders, installers.poor_work_count, installers.warranty_visits_count, installers.last_incident_date, installers.updated_at, installers.created_at, installers.deleted_at 
FROM installers 
WHERE installers.deleted_at IS NULL 
 LIMIT $1::INTEGER OFFSET $2::INTEGER
2026-02-18 09:32:51,017 - sqlalchemy.engine.Engine - INFO - [cached since 0.006105s ago] (100, 0)
2026-02-18 09:32:51,019 - sqlalchemy.engine.Engine - INFO - ROLLBACK
2026-02-18 09:32:56,143 - sqlalchemy.engine.Engine - INFO - BEGIN (implicit)
2026-02-18 09:32:56,152 - sqlalchemy.engine.Engine - INFO - SELECT orders.id, orders.client_id, orders.installer_id, orders.status, orders.service_type, orders.warehouse, orders.service_datetime, orders.delivery_datetime, orders.promise, orders.marker_color, orders.address_id, orders.address_text, orders.created_at, orders.updated_at 
FROM orders 
 LIMIT $1::INTEGER OFFSET $2::INTEGER
2026-02-18 09:32:56,152 - sqlalchemy.engine.Engine - INFO - [generated in 0.00048s] (100, 0)
2026-02-18 09:32:56,167 - sqlalchemy.engine.Engine - INFO - SELECT installers.id AS installers_id, installers.full_name AS installers_full_name, installers.nickname AS installers_nickname, installers.phone AS installers_phone, installers.backup_phone AS installers_backup_phone, installers.specialization AS installers_specialization, installers.rating AS installers_rating, installers.base_price AS installers_base_price, installers.is_debtor AS installers_is_debtor, installers.comments AS installers_comments, installers.is_active AS installers_is_active, installers.is_in_funnel AS installers_is_in_funnel, installers.total_orders AS installers_total_orders, installers.poor_work_count AS installers_poor_work_count, installers.warranty_visits_count AS installers_warranty_visits_count, installers.last_incident_date AS installers_last_incident_date, installers.updated_at AS installers_updated_at, installers.created_at AS installers_created_at, installers.deleted_at AS installers_deleted_at 
FROM installers 
WHERE installers.id IN ($1::INTEGER)
2026-02-18 09:32:56,167 - sqlalchemy.engine.Engine - INFO - [generated in 0.00020s] (1,)
2026-02-18 09:32:56,207 - sqlalchemy.engine.Engine - INFO - SELECT finance.order_id AS finance_order_id, finance.id AS finance_id, finance.purchase_price AS finance_purchase_price, finance.sale_price_client AS finance_sale_price_client, finance.installer_pay AS finance_installer_pay, finance.my_commission AS finance_my_commission, finance.profit AS finance_profit, finance.margin AS finance_margin, finance.profit_percent AS finance_profit_percent, finance.payment_state AS finance_payment_state, finance.installer_returned_money AS finance_installer_returned_money, finance.updated_at AS finance_updated_at, finance.created_at AS finance_created_at 
FROM finance 
WHERE finance.order_id IN ($1::INTEGER)
2026-02-18 09:32:56,207 - sqlalchemy.engine.Engine - INFO - [generated in 0.00023s] (10,)
2026-02-18 09:32:56,212 - sqlalchemy.engine.Engine - INFO - SELECT clients.id AS clients_id, clients.full_name AS clients_full_name, clients.phone AS clients_phone, clients.address AS clients_address, clients.coordinates AS clients_coordinates, clients.created_at AS clients_created_at, clients.last_contact AS clients_last_contact, clients.comments AS clients_comments, clients.updated_at AS clients_updated_at, clients.backup_phone AS clients_backup_phone, clients.deleted_at AS clients_deleted_at 
FROM clients 
WHERE clients.id IN ($1::INTEGER)
2026-02-18 09:32:56,212 - sqlalchemy.engine.Engine - INFO - [generated in 0.00015s] (13,)
2026-02-18 09:32:56,214 - sqlalchemy.engine.Engine - INFO - ROLLBACK
2026-02-18 09:32:56,215 - sqlalchemy.engine.Engine - INFO - BEGIN (implicit)
2026-02-18 09:32:56,215 - sqlalchemy.engine.Engine - INFO - SELECT orders.id, orders.client_id, orders.installer_id, orders.status, orders.service_type, orders.warehouse, orders.service_datetime, orders.delivery_datetime, orders.promise, orders.marker_color, orders.address_id, orders.address_text, orders.created_at, orders.updated_at 
FROM orders 
 LIMIT $1::INTEGER OFFSET $2::INTEGER
2026-02-18 09:32:56,215 - sqlalchemy.engine.Engine - INFO - [cached since 0.06406s ago] (100, 0)
2026-02-18 09:32:56,227 - sqlalchemy.engine.Engine - INFO - SELECT installers.id AS installers_id, installers.full_name AS installers_full_name, installers.nickname AS installers_nickname, installers.phone AS installers_phone, installers.backup_phone AS installers_backup_phone, installers.specialization AS installers_specialization, installers.rating AS installers_rating, installers.base_price AS installers_base_price, installers.is_debtor AS installers_is_debtor, installers.comments AS installers_comments, installers.is_active AS installers_is_active, installers.is_in_funnel AS installers_is_in_funnel, installers.total_orders AS installers_total_orders, installers.poor_work_count AS installers_poor_work_count, installers.warranty_visits_count AS installers_warranty_visits_count, installers.last_incident_date AS installers_last_incident_date, installers.updated_at AS installers_updated_at, installers.created_at AS installers_created_at, installers.deleted_at AS installers_deleted_at 
FROM installers 
WHERE installers.id IN ($1::INTEGER)
2026-02-18 09:32:56,227 - sqlalchemy.engine.Engine - INFO - [cached since 0.06029s ago] (1,)
2026-02-18 09:32:56,228 - sqlalchemy.engine.Engine - INFO - SELECT finance.order_id AS finance_order_id, finance.id AS finance_id, finance.purchase_price AS finance_purchase_price, finance.sale_price_client AS finance_sale_price_client, finance.installer_pay AS finance_installer_pay, finance.my_commission AS finance_my_commission, finance.profit AS finance_profit, finance.margin AS finance_margin, finance.profit_percent AS finance_profit_percent, finance.payment_state AS finance_payment_state, finance.installer_returned_money AS finance_installer_returned_money, finance.updated_at AS finance_updated_at, finance.created_at AS finance_created_at 
FROM finance 
WHERE finance.order_id IN ($1::INTEGER)
2026-02-18 09:32:56,228 - sqlalchemy.engine.Engine - INFO - [cached since 0.02119s ago] (10,)
2026-02-18 09:32:56,235 - sqlalchemy.engine.Engine - INFO - SELECT clients.id AS clients_id, clients.full_name AS clients_full_name, clients.phone AS clients_phone, clients.address AS clients_address, clients.coordinates AS clients_coordinates, clients.created_at AS clients_created_at, clients.last_contact AS clients_last_contact, clients.comments AS clients_comments, clients.updated_at AS clients_updated_at, clients.backup_phone AS clients_backup_phone, clients.deleted_at AS clients_deleted_at 
FROM clients 
WHERE clients.id IN ($1::INTEGER)
2026-02-18 09:32:56,235 - sqlalchemy.engine.Engine - INFO - [cached since 0.02311s ago] (13,)
2026-02-18 09:32:56,236 - sqlalchemy.engine.Engine - INFO - ROLLBACK
2026-02-18 09:32:58,105 - sqlalchemy.engine.Engine - INFO - BEGIN (implicit)
2026-02-18 09:32:58,108 - sqlalchemy.engine.Engine - INFO - SELECT orders.id, orders.client_id, orders.installer_id, orders.status, orders.service_type, orders.warehouse, orders.service_datetime, orders.delivery_datetime, orders.promise, orders.marker_color, orders.address_id, orders.address_text, orders.created_at, orders.updated_at 
FROM orders 
WHERE orders.id = $1::INTEGER
2026-02-18 09:32:58,108 - sqlalchemy.engine.Engine - INFO - [generated in 0.00030s] (10,)
2026-02-18 09:32:58,111 - sqlalchemy.engine.Engine - INFO - BEGIN (implicit)
2026-02-18 09:32:58,111 - sqlalchemy.engine.Engine - INFO - SELECT admins.id, admins.username, admins.password_hash, admins.created_at 
FROM admins 
WHERE admins.username = $1::VARCHAR
2026-02-18 09:32:58,111 - sqlalchemy.engine.Engine - INFO - [cached since 7.427s ago] ('zhura2296@yandex.ru',)
2026-02-18 09:32:58,116 - sqlalchemy.engine.Engine - INFO - SELECT installers.id, installers.full_name, installers.nickname, installers.phone, installers.backup_phone, installers.specialization, installers.rating, installers.base_price, installers.is_debtor, installers.comments, installers.is_active, installers.is_in_funnel, installers.total_orders, installers.poor_work_count, installers.warranty_visits_count, installers.last_incident_date, installers.updated_at, installers.created_at, installers.deleted_at 
FROM installers 
WHERE installers.deleted_at IS NULL 
 LIMIT $1::INTEGER OFFSET $2::INTEGER
2026-02-18 09:32:58,117 - sqlalchemy.engine.Engine - INFO - [cached since 7.106s ago] (100, 0)
2026-02-18 09:32:58,119 - sqlalchemy.engine.Engine - INFO - SELECT installers.id AS installers_id, installers.full_name AS installers_full_name, installers.nickname AS installers_nickname, installers.phone AS installers_phone, installers.backup_phone AS installers_backup_phone, installers.specialization AS installers_specialization, installers.rating AS installers_rating, installers.base_price AS installers_base_price, installers.is_debtor AS installers_is_debtor, installers.comments AS installers_comments, installers.is_active AS installers_is_active, installers.is_in_funnel AS installers_is_in_funnel, installers.total_orders AS installers_total_orders, installers.poor_work_count AS installers_poor_work_count, installers.warranty_visits_count AS installers_warranty_visits_count, installers.last_incident_date AS installers_last_incident_date, installers.updated_at AS installers_updated_at, installers.created_at AS installers_created_at, installers.deleted_at AS installers_deleted_at 
FROM installers 
WHERE installers.id IN ($1::INTEGER)
2026-02-18 09:32:58,119 - sqlalchemy.engine.Engine - INFO - [cached since 1.953s ago] (1,)
2026-02-18 09:32:58,121 - sqlalchemy.engine.Engine - INFO - SELECT finance.order_id AS finance_order_id, finance.id AS finance_id, finance.purchase_price AS finance_purchase_price, finance.sale_price_client AS finance_sale_price_client, finance.installer_pay AS finance_installer_pay, finance.my_commission AS finance_my_commission, finance.profit AS finance_profit, finance.margin AS finance_margin, finance.profit_percent AS finance_profit_percent, finance.payment_state AS finance_payment_state, finance.installer_returned_money AS finance_installer_returned_money, finance.updated_at AS finance_updated_at, finance.created_at AS finance_created_at 
FROM finance 
WHERE finance.order_id IN ($1::INTEGER)
2026-02-18 09:32:58,121 - sqlalchemy.engine.Engine - INFO - [cached since 1.914s ago] (10,)
2026-02-18 09:32:58,123 - sqlalchemy.engine.Engine - INFO - SELECT clients.id AS clients_id, clients.full_name AS clients_full_name, clients.phone AS clients_phone, clients.address AS clients_address, clients.coordinates AS clients_coordinates, clients.created_at AS clients_created_at, clients.last_contact AS clients_last_contact, clients.comments AS clients_comments, clients.updated_at AS clients_updated_at, clients.backup_phone AS clients_backup_phone, clients.deleted_at AS clients_deleted_at 
FROM clients 
WHERE clients.id IN ($1::INTEGER)
2026-02-18 09:32:58,123 - sqlalchemy.engine.Engine - INFO - [cached since 1.911s ago] (13,)
2026-02-18 09:32:58,123 - sqlalchemy.engine.Engine - INFO - ROLLBACK
2026-02-18 09:32:58,129 - sqlalchemy.engine.Engine - INFO - ROLLBACK
2026-02-18 09:32:58,131 - sqlalchemy.engine.Engine - INFO - BEGIN (implicit)
2026-02-18 09:32:58,131 - sqlalchemy.engine.Engine - INFO - SELECT orders.id, orders.client_id, orders.installer_id, orders.status, orders.service_type, orders.warehouse, orders.service_datetime, orders.delivery_datetime, orders.promise, orders.marker_color, orders.address_id, orders.address_text, orders.created_at, orders.updated_at 
FROM orders 
WHERE orders.id = $1::INTEGER
2026-02-18 09:32:58,131 - sqlalchemy.engine.Engine - INFO - [cached since 0.02325s ago] (10,)
2026-02-18 09:32:58,134 - sqlalchemy.engine.Engine - INFO - SELECT installers.id AS installers_id, installers.full_name AS installers_full_name, installers.nickname AS installers_nickname, installers.phone AS installers_phone, installers.backup_phone AS installers_backup_phone, installers.specialization AS installers_specialization, installers.rating AS installers_rating, installers.base_price AS installers_base_price, installers.is_debtor AS installers_is_debtor, installers.comments AS installers_comments, installers.is_active AS installers_is_active, installers.is_in_funnel AS installers_is_in_funnel, installers.total_orders AS installers_total_orders, installers.poor_work_count AS installers_poor_work_count, installers.warranty_visits_count AS installers_warranty_visits_count, installers.last_incident_date AS installers_last_incident_date, installers.updated_at AS installers_updated_at, installers.created_at AS installers_created_at, installers.deleted_at AS installers_deleted_at 
FROM installers 
WHERE installers.id IN ($1::INTEGER)
2026-02-18 09:32:58,134 - sqlalchemy.engine.Engine - INFO - [cached since 1.968s ago] (1,)
2026-02-18 09:32:58,149 - sqlalchemy.engine.Engine - INFO - SELECT finance.order_id AS finance_order_id, finance.id AS finance_id, finance.purchase_price AS finance_purchase_price, finance.sale_price_client AS finance_sale_price_client, finance.installer_pay AS finance_installer_pay, finance.my_commission AS finance_my_commission, finance.profit AS finance_profit, finance.margin AS finance_margin, finance.profit_percent AS finance_profit_percent, finance.payment_state AS finance_payment_state, finance.installer_returned_money AS finance_installer_returned_money, finance.updated_at AS finance_updated_at, finance.created_at AS finance_created_at 
FROM finance 
WHERE finance.order_id IN ($1::INTEGER)
2026-02-18 09:32:58,149 - sqlalchemy.engine.Engine - INFO - [cached since 1.942s ago] (10,)
2026-02-18 09:32:58,150 - sqlalchemy.engine.Engine - INFO - SELECT clients.id AS clients_id, clients.full_name AS clients_full_name, clients.phone AS clients_phone, clients.address AS clients_address, clients.coordinates AS clients_coordinates, clients.created_at AS clients_created_at, clients.last_contact AS clients_last_contact, clients.comments AS clients_comments, clients.updated_at AS clients_updated_at, clients.backup_phone AS clients_backup_phone, clients.deleted_at AS clients_deleted_at 
FROM clients 
WHERE clients.id IN ($1::INTEGER)
2026-02-18 09:32:58,150 - sqlalchemy.engine.Engine - INFO - [cached since 1.938s ago] (13,)
2026-02-18 09:32:58,150 - sqlalchemy.engine.Engine - INFO - BEGIN (implicit)
2026-02-18 09:32:58,151 - sqlalchemy.engine.Engine - INFO - SELECT admins.id, admins.username, admins.password_hash, admins.created_at 
FROM admins 
WHERE admins.username = $1::VARCHAR
2026-02-18 09:32:58,151 - sqlalchemy.engine.Engine - INFO - [cached since 7.467s ago] ('zhura2296@yandex.ru',)
2026-02-18 09:32:58,151 - sqlalchemy.engine.Engine - INFO - ROLLBACK
2026-02-18 09:32:58,154 - sqlalchemy.engine.Engine - INFO - SELECT installers.id, installers.full_name, installers.nickname, installers.phone, installers.backup_phone, installers.specialization, installers.rating, installers.base_price, installers.is_debtor, installers.comments, installers.is_active, installers.is_in_funnel, installers.total_orders, installers.poor_work_count, installers.warranty_visits_count, installers.last_incident_date, installers.updated_at, installers.created_at, installers.deleted_at 
FROM installers 
WHERE installers.deleted_at IS NULL 
 LIMIT $1::INTEGER OFFSET $2::INTEGER
2026-02-18 09:32:58,154 - sqlalchemy.engine.Engine - INFO - [cached since 7.143s ago] (100, 0)
2026-02-18 09:32:58,155 - sqlalchemy.engine.Engine - INFO - ROLLBACK
2026-02-18 09:40:37,727 - src.core.logging - INFO - Starting CRM application
2026-02-18 09:40:37,727 - apscheduler.scheduler - INFO - Adding job tentatively -- it will be properly scheduled when the scheduler starts
2026-02-18 09:40:37,727 - apscheduler.scheduler - INFO - Adding job tentatively -- it will be properly scheduled when the scheduler starts
2026-02-18 09:40:37,728 - apscheduler.scheduler - INFO - Added job "daily_backup_and_report" to job store "default"
2026-02-18 09:40:37,728 - apscheduler.scheduler - INFO - Added job "daily_backup_and_report" to job store "default"
2026-02-18 09:40:37,728 - apscheduler.scheduler - INFO - Scheduler started
2026-02-18 09:40:37,728 - src.core.logging - INFO - Scheduler started
2026-02-18 09:40:45,480 - src.core.logging - INFO - Starting CRM application
2026-02-18 09:40:45,481 - apscheduler.scheduler - INFO - Adding job tentatively -- it will be properly scheduled when the scheduler starts
2026-02-18 09:40:45,481 - apscheduler.scheduler - INFO - Adding job tentatively -- it will be properly scheduled when the scheduler starts
2026-02-18 09:40:45,481 - apscheduler.scheduler - INFO - Added job "daily_backup_and_report" to job store "default"
2026-02-18 09:40:45,481 - apscheduler.scheduler - INFO - Added job "daily_backup_and_report" to job store "default"
2026-02-18 09:40:45,481 - apscheduler.scheduler - INFO - Scheduler started
2026-02-18 09:40:45,481 - src.core.logging - INFO - Scheduler started
2026-02-18 09:40:53,314 - sqlalchemy.engine.Engine - INFO - select pg_catalog.version()
2026-02-18 09:40:53,314 - sqlalchemy.engine.Engine - INFO - [raw sql] ()
2026-02-18 09:40:53,316 - sqlalchemy.engine.Engine - INFO - select current_schema()
2026-02-18 09:40:53,316 - sqlalchemy.engine.Engine - INFO - [raw sql] ()
2026-02-18 09:40:53,317 - sqlalchemy.engine.Engine - INFO - show standard_conforming_strings
2026-02-18 09:40:53,317 - sqlalchemy.engine.Engine - INFO - [raw sql] ()
2026-02-18 09:40:53,318 - sqlalchemy.engine.Engine - INFO - BEGIN (implicit)
2026-02-18 09:40:53,326 - sqlalchemy.engine.Engine - INFO - SELECT admins.id, admins.username, admins.password_hash, admins.created_at 
FROM admins 
WHERE admins.username = $1::VARCHAR
2026-02-18 09:40:53,326 - sqlalchemy.engine.Engine - INFO - [generated in 0.00013s] ('zhura2296@yandex.ru',)
2026-02-18 09:40:53,545 - sqlalchemy.engine.Engine - INFO - ROLLBACK
2026-02-18 09:40:53,634 - sqlalchemy.engine.Engine - INFO - BEGIN (implicit)
2026-02-18 09:40:53,634 - sqlalchemy.engine.Engine - INFO - SELECT admins.id, admins.username, admins.password_hash, admins.created_at 
FROM admins 
WHERE admins.username = $1::VARCHAR
2026-02-18 09:40:53,634 - sqlalchemy.engine.Engine - INFO - [cached since 0.3089s ago] ('zhura2296@yandex.ru',)
2026-02-18 09:40:53,638 - sqlalchemy.engine.Engine - INFO - SELECT clients.id, clients.full_name, clients.phone, clients.address, clients.coordinates, clients.created_at, clients.last_contact, clients.comments, clients.updated_at, clients.backup_phone, clients.deleted_at 
FROM clients 
 LIMIT $1::INTEGER OFFSET $2::INTEGER
2026-02-18 09:40:53,638 - sqlalchemy.engine.Engine - INFO - [generated in 0.00016s] (100, 0)
2026-02-18 09:40:53,660 - sqlalchemy.engine.Engine - INFO - BEGIN (implicit)
2026-02-18 09:40:53,661 - sqlalchemy.engine.Engine - INFO - SELECT admins.id, admins.username, admins.password_hash, admins.created_at 
FROM admins 
WHERE admins.username = $1::VARCHAR
2026-02-18 09:40:53,661 - sqlalchemy.engine.Engine - INFO - [cached since 0.3352s ago] ('zhura2296@yandex.ru',)
2026-02-18 09:40:53,662 - sqlalchemy.engine.Engine - INFO - ROLLBACK
2026-02-18 09:40:53,684 - sqlalchemy.engine.Engine - INFO - SELECT installers.id, installers.full_name, installers.nickname, installers.phone, installers.backup_phone, installers.specialization, installers.rating, installers.base_price, installers.is_debtor, installers.comments, installers.is_active, installers.is_in_funnel, installers.total_orders, installers.poor_work_count, installers.warranty_visits_count, installers.last_incident_date, installers.updated_at, installers.created_at, installers.deleted_at 
FROM installers 
WHERE installers.deleted_at IS NULL 
 LIMIT $1::INTEGER OFFSET $2::INTEGER
2026-02-18 09:40:53,684 - sqlalchemy.engine.Engine - INFO - [generated in 0.00019s] (100, 0)
2026-02-18 09:40:53,684 - sqlalchemy.engine.Engine - INFO - BEGIN (implicit)
2026-02-18 09:40:53,684 - sqlalchemy.engine.Engine - INFO - SELECT admins.id, admins.username, admins.password_hash, admins.created_at 
FROM admins 
WHERE admins.username = $1::VARCHAR
2026-02-18 09:40:53,685 - sqlalchemy.engine.Engine - INFO - [cached since 0.3591s ago] ('zhura2296@yandex.ru',)
2026-02-18 09:40:53,687 - sqlalchemy.engine.Engine - INFO - ROLLBACK
2026-02-18 09:40:53,687 - sqlalchemy.engine.Engine - INFO - BEGIN (implicit)
2026-02-18 09:40:53,688 - sqlalchemy.engine.Engine - INFO - SELECT admins.id, admins.username, admins.password_hash, admins.created_at 
FROM admins 
WHERE admins.username = $1::VARCHAR
2026-02-18 09:40:53,688 - sqlalchemy.engine.Engine - INFO - [cached since 0.3623s ago] ('zhura2296@yandex.ru',)
2026-02-18 09:40:53,689 - sqlalchemy.engine.Engine - INFO - SELECT installers.id, installers.full_name, installers.nickname, installers.phone, installers.backup_phone, installers.specialization, installers.rating, installers.base_price, installers.is_debtor, installers.comments, installers.is_active, installers.is_in_funnel, installers.total_orders, installers.poor_work_count, installers.warranty_visits_count, installers.last_incident_date, installers.updated_at, installers.created_at, installers.deleted_at 
FROM installers 
WHERE installers.deleted_at IS NULL 
 LIMIT $1::INTEGER OFFSET $2::INTEGER
2026-02-18 09:40:53,690 - sqlalchemy.engine.Engine - INFO - [cached since 0.005841s ago] (100, 0)
2026-02-18 09:40:53,690 - sqlalchemy.engine.Engine - INFO - SELECT clients.id, clients.full_name, clients.phone, clients.address, clients.coordinates, clients.created_at, clients.last_contact, clients.comments, clients.updated_at, clients.backup_phone, clients.deleted_at 
FROM clients 
 LIMIT $1::INTEGER OFFSET $2::INTEGER
2026-02-18 09:40:53,690 - sqlalchemy.engine.Engine - INFO - [cached since 0.05165s ago] (100, 0)
2026-02-18 09:40:53,693 - sqlalchemy.engine.Engine - INFO - ROLLBACK
2026-02-18 09:40:53,693 - sqlalchemy.engine.Engine - INFO - ROLLBACK
2026-02-18 09:40:59,454 - sqlalchemy.engine.Engine - INFO - BEGIN (implicit)
2026-02-18 09:40:59,460 - sqlalchemy.engine.Engine - INFO - SELECT orders.id, orders.client_id, orders.installer_id, orders.status, orders.service_type, orders.warehouse, orders.service_datetime, orders.delivery_datetime, orders.promise, orders.marker_color, orders.address_id, orders.address_text, orders.created_at, orders.updated_at 
FROM orders 
 LIMIT $1::INTEGER OFFSET $2::INTEGER
2026-02-18 09:40:59,460 - sqlalchemy.engine.Engine - INFO - [generated in 0.00022s] (100, 0)
2026-02-18 09:40:59,476 - sqlalchemy.engine.Engine - INFO - SELECT installers.id AS installers_id, installers.full_name AS installers_full_name, installers.nickname AS installers_nickname, installers.phone AS installers_phone, installers.backup_phone AS installers_backup_phone, installers.specialization AS installers_specialization, installers.rating AS installers_rating, installers.base_price AS installers_base_price, installers.is_debtor AS installers_is_debtor, installers.comments AS installers_comments, installers.is_active AS installers_is_active, installers.is_in_funnel AS installers_is_in_funnel, installers.total_orders AS installers_total_orders, installers.poor_work_count AS installers_poor_work_count, installers.warranty_visits_count AS installers_warranty_visits_count, installers.last_incident_date AS installers_last_incident_date, installers.updated_at AS installers_updated_at, installers.created_at AS installers_created_at, installers.deleted_at AS installers_deleted_at 
FROM installers 
WHERE installers.id IN ($1::INTEGER)
2026-02-18 09:40:59,476 - sqlalchemy.engine.Engine - INFO - [generated in 0.00024s] (1,)
2026-02-18 09:40:59,514 - sqlalchemy.engine.Engine - INFO - SELECT finance.order_id AS finance_order_id, finance.id AS finance_id, finance.purchase_price AS finance_purchase_price, finance.sale_price_client AS finance_sale_price_client, finance.installer_pay AS finance_installer_pay, finance.my_commission AS finance_my_commission, finance.profit AS finance_profit, finance.margin AS finance_margin, finance.profit_percent AS finance_profit_percent, finance.payment_state AS finance_payment_state, finance.installer_returned_money AS finance_installer_returned_money, finance.updated_at AS finance_updated_at, finance.created_at AS finance_created_at 
FROM finance 
WHERE finance.order_id IN ($1::INTEGER)
2026-02-18 09:40:59,514 - sqlalchemy.engine.Engine - INFO - [generated in 0.00020s] (10,)
2026-02-18 09:40:59,518 - sqlalchemy.engine.Engine - INFO - SELECT clients.id AS clients_id, clients.full_name AS clients_full_name, clients.phone AS clients_phone, clients.address AS clients_address, clients.coordinates AS clients_coordinates, clients.created_at AS clients_created_at, clients.last_contact AS clients_last_contact, clients.comments AS clients_comments, clients.updated_at AS clients_updated_at, clients.backup_phone AS clients_backup_phone, clients.deleted_at AS clients_deleted_at 
FROM clients 
WHERE clients.id IN ($1::INTEGER)
2026-02-18 09:40:59,519 - sqlalchemy.engine.Engine - INFO - [generated in 0.00014s] (13,)
2026-02-18 09:40:59,520 - sqlalchemy.engine.Engine - INFO - ROLLBACK
2026-02-18 09:40:59,521 - sqlalchemy.engine.Engine - INFO - BEGIN (implicit)
2026-02-18 09:40:59,521 - sqlalchemy.engine.Engine - INFO - SELECT orders.id, orders.client_id, orders.installer_id, orders.status, orders.service_type, orders.warehouse, orders.service_datetime, orders.delivery_datetime, orders.promise, orders.marker_color, orders.address_id, orders.address_text, orders.created_at, orders.updated_at 
FROM orders 
 LIMIT $1::INTEGER OFFSET $2::INTEGER
2026-02-18 09:40:59,521 - sqlalchemy.engine.Engine - INFO - [cached since 0.06109s ago] (100, 0)
2026-02-18 09:40:59,533 - sqlalchemy.engine.Engine - INFO - SELECT installers.id AS installers_id, installers.full_name AS installers_full_name, installers.nickname AS installers_nickname, installers.phone AS installers_phone, installers.backup_phone AS installers_backup_phone, installers.specialization AS installers_specialization, installers.rating AS installers_rating, installers.base_price AS installers_base_price, installers.is_debtor AS installers_is_debtor, installers.comments AS installers_comments, installers.is_active AS installers_is_active, installers.is_in_funnel AS installers_is_in_funnel, installers.total_orders AS installers_total_orders, installers.poor_work_count AS installers_poor_work_count, installers.warranty_visits_count AS installers_warranty_visits_count, installers.last_incident_date AS installers_last_incident_date, installers.updated_at AS installers_updated_at, installers.created_at AS installers_created_at, installers.deleted_at AS installers_deleted_at 
FROM installers 
WHERE installers.id IN ($1::INTEGER)
2026-02-18 09:40:59,533 - sqlalchemy.engine.Engine - INFO - [cached since 0.0572s ago] (1,)
2026-02-18 09:40:59,535 - sqlalchemy.engine.Engine - INFO - SELECT finance.order_id AS finance_order_id, finance.id AS finance_id, finance.purchase_price AS finance_purchase_price, finance.sale_price_client AS finance_sale_price_client, finance.installer_pay AS finance_installer_pay, finance.my_commission AS finance_my_commission, finance.profit AS finance_profit, finance.margin AS finance_margin, finance.profit_percent AS finance_profit_percent, finance.payment_state AS finance_payment_state, finance.installer_returned_money AS finance_installer_returned_money, finance.updated_at AS finance_updated_at, finance.created_at AS finance_created_at 
FROM finance 
WHERE finance.order_id IN ($1::INTEGER)
2026-02-18 09:40:59,535 - sqlalchemy.engine.Engine - INFO - [cached since 0.0214s ago] (10,)
2026-02-18 09:40:59,540 - sqlalchemy.engine.Engine - INFO - SELECT clients.id AS clients_id, clients.full_name AS clients_full_name, clients.phone AS clients_phone, clients.address AS clients_address, clients.coordinates AS clients_coordinates, clients.created_at AS clients_created_at, clients.last_contact AS clients_last_contact, clients.comments AS clients_comments, clients.updated_at AS clients_updated_at, clients.backup_phone AS clients_backup_phone, clients.deleted_at AS clients_deleted_at 
FROM clients 
WHERE clients.id IN ($1::INTEGER)
2026-02-18 09:40:59,541 - sqlalchemy.engine.Engine - INFO - [cached since 0.02217s ago] (13,)
2026-02-18 09:40:59,542 - sqlalchemy.engine.Engine - INFO - ROLLBACK
2026-02-18 09:41:01,181 - sqlalchemy.engine.Engine - INFO - BEGIN (implicit)
2026-02-18 09:41:01,182 - sqlalchemy.engine.Engine - INFO - SELECT admins.id, admins.username, admins.password_hash, admins.created_at 
FROM admins 
WHERE admins.username = $1::VARCHAR
2026-02-18 09:41:01,183 - sqlalchemy.engine.Engine - INFO - [cached since 7.857s ago] ('zhura2296@yandex.ru',)
2026-02-18 09:41:01,189 - sqlalchemy.engine.Engine - INFO - BEGIN (implicit)
2026-02-18 09:41:01,191 - sqlalchemy.engine.Engine - INFO - SELECT orders.id, orders.client_id, orders.installer_id, orders.status, orders.service_type, orders.warehouse, orders.service_datetime, orders.delivery_datetime, orders.promise, orders.marker_color, orders.address_id, orders.address_text, orders.created_at, orders.updated_at 
FROM orders 
WHERE orders.id = $1::INTEGER
2026-02-18 09:41:01,192 - sqlalchemy.engine.Engine - INFO - [generated in 0.00055s] (10,)
2026-02-18 09:41:01,194 - sqlalchemy.engine.Engine - INFO - SELECT installers.id, installers.full_name, installers.nickname, installers.phone, installers.backup_phone, installers.specialization, installers.rating, installers.base_price, installers.is_debtor, installers.comments, installers.is_active, installers.is_in_funnel, installers.total_orders, installers.poor_work_count, installers.warranty_visits_count, installers.last_incident_date, installers.updated_at, installers.created_at, installers.deleted_at 
FROM installers 
WHERE installers.deleted_at IS NULL 
 LIMIT $1::INTEGER OFFSET $2::INTEGER
2026-02-18 09:41:01,194 - sqlalchemy.engine.Engine - INFO - [cached since 7.51s ago] (100, 0)
2026-02-18 09:41:01,199 - sqlalchemy.engine.Engine - INFO - SELECT installers.id AS installers_id, installers.full_name AS installers_full_name, installers.nickname AS installers_nickname, installers.phone AS installers_phone, installers.backup_phone AS installers_backup_phone, installers.specialization AS installers_specialization, installers.rating AS installers_rating, installers.base_price AS installers_base_price, installers.is_debtor AS installers_is_debtor, installers.comments AS installers_comments, installers.is_active AS installers_is_active, installers.is_in_funnel AS installers_is_in_funnel, installers.total_orders AS installers_total_orders, installers.poor_work_count AS installers_poor_work_count, installers.warranty_visits_count AS installers_warranty_visits_count, installers.last_incident_date AS installers_last_incident_date, installers.updated_at AS installers_updated_at, installers.created_at AS installers_created_at, installers.deleted_at AS installers_deleted_at 
FROM installers 
WHERE installers.id IN ($1::INTEGER)
2026-02-18 09:41:01,199 - sqlalchemy.engine.Engine - INFO - [cached since 1.723s ago] (1,)
2026-02-18 09:41:01,200 - sqlalchemy.engine.Engine - INFO - BEGIN (implicit)
2026-02-18 09:41:01,200 - sqlalchemy.engine.Engine - INFO - SELECT admins.id, admins.username, admins.password_hash, admins.created_at 
FROM admins 
WHERE admins.username = $1::VARCHAR
2026-02-18 09:41:01,200 - sqlalchemy.engine.Engine - INFO - [cached since 7.875s ago] ('zhura2296@yandex.ru',)
2026-02-18 09:41:01,201 - sqlalchemy.engine.Engine - INFO - ROLLBACK
2026-02-18 09:41:01,203 - sqlalchemy.engine.Engine - INFO - SELECT finance.order_id AS finance_order_id, finance.id AS finance_id, finance.purchase_price AS finance_purchase_price, finance.sale_price_client AS finance_sale_price_client, finance.installer_pay AS finance_installer_pay, finance.my_commission AS finance_my_commission, finance.profit AS finance_profit, finance.margin AS finance_margin, finance.profit_percent AS finance_profit_percent, finance.payment_state AS finance_payment_state, finance.installer_returned_money AS finance_installer_returned_money, finance.updated_at AS finance_updated_at, finance.created_at AS finance_created_at 
FROM finance 
WHERE finance.order_id IN ($1::INTEGER)
2026-02-18 09:41:01,203 - sqlalchemy.engine.Engine - INFO - [cached since 1.689s ago] (10,)
2026-02-18 09:41:01,204 - sqlalchemy.engine.Engine - INFO - SELECT installers.id, installers.full_name, installers.nickname, installers.phone, installers.backup_phone, installers.specialization, installers.rating, installers.base_price, installers.is_debtor, installers.comments, installers.is_active, installers.is_in_funnel, installers.total_orders, installers.poor_work_count, installers.warranty_visits_count, installers.last_incident_date, installers.updated_at, installers.created_at, installers.deleted_at 
FROM installers 
WHERE installers.deleted_at IS NULL 
 LIMIT $1::INTEGER OFFSET $2::INTEGER
2026-02-18 09:41:01,204 - sqlalchemy.engine.Engine - INFO - [cached since 7.52s ago] (100, 0)
2026-02-18 09:41:01,204 - sqlalchemy.engine.Engine - INFO - SELECT clients.id AS clients_id, clients.full_name AS clients_full_name, clients.phone AS clients_phone, clients.address AS clients_address, clients.coordinates AS clients_coordinates, clients.created_at AS clients_created_at, clients.last_contact AS clients_last_contact, clients.comments AS clients_comments, clients.updated_at AS clients_updated_at, clients.backup_phone AS clients_backup_phone, clients.deleted_at AS clients_deleted_at 
FROM clients 
WHERE clients.id IN ($1::INTEGER)
2026-02-18 09:41:01,204 - sqlalchemy.engine.Engine - INFO - [cached since 1.686s ago] (13,)
2026-02-18 09:41:01,206 - sqlalchemy.engine.Engine - INFO - BEGIN (implicit)
2026-02-18 09:41:01,206 - sqlalchemy.engine.Engine - INFO - SELECT orders.id, orders.client_id, orders.installer_id, orders.status, orders.service_type, orders.warehouse, orders.service_datetime, orders.delivery_datetime, orders.promise, orders.marker_color, orders.address_id, orders.address_text, orders.created_at, orders.updated_at 
FROM orders 
WHERE orders.id = $1::INTEGER
2026-02-18 09:41:01,206 - sqlalchemy.engine.Engine - INFO - [cached since 0.01538s ago] (10,)
2026-02-18 09:41:01,207 - sqlalchemy.engine.Engine - INFO - ROLLBACK
2026-02-18 09:41:01,207 - sqlalchemy.engine.Engine - INFO - ROLLBACK
2026-02-18 09:41:01,217 - sqlalchemy.engine.Engine - INFO - SELECT installers.id AS installers_id, installers.full_name AS installers_full_name, installers.nickname AS installers_nickname, installers.phone AS installers_phone, installers.backup_phone AS installers_backup_phone, installers.specialization AS installers_specialization, installers.rating AS installers_rating, installers.base_price AS installers_base_price, installers.is_debtor AS installers_is_debtor, installers.comments AS installers_comments, installers.is_active AS installers_is_active, installers.is_in_funnel AS installers_is_in_funnel, installers.total_orders AS installers_total_orders, installers.poor_work_count AS installers_poor_work_count, installers.warranty_visits_count AS installers_warranty_visits_count, installers.last_incident_date AS installers_last_incident_date, installers.updated_at AS installers_updated_at, installers.created_at AS installers_created_at, installers.deleted_at AS installers_deleted_at 
FROM installers 
WHERE installers.id IN ($1::INTEGER)
2026-02-18 09:41:01,217 - sqlalchemy.engine.Engine - INFO - [cached since 1.741s ago] (1,)
2026-02-18 09:41:01,218 - sqlalchemy.engine.Engine - INFO - SELECT finance.order_id AS finance_order_id, finance.id AS finance_id, finance.purchase_price AS finance_purchase_price, finance.sale_price_client AS finance_sale_price_client, finance.installer_pay AS finance_installer_pay, finance.my_commission AS finance_my_commission, finance.profit AS finance_profit, finance.margin AS finance_margin, finance.profit_percent AS finance_profit_percent, finance.payment_state AS finance_payment_state, finance.installer_returned_money AS finance_installer_returned_money, finance.updated_at AS finance_updated_at, finance.created_at AS finance_created_at 
FROM finance 
WHERE finance.order_id IN ($1::INTEGER)
2026-02-18 09:41:01,218 - sqlalchemy.engine.Engine - INFO - [cached since 1.704s ago] (10,)
2026-02-18 09:41:01,222 - sqlalchemy.engine.Engine - INFO - SELECT clients.id AS clients_id, clients.full_name AS clients_full_name, clients.phone AS clients_phone, clients.address AS clients_address, clients.coordinates AS clients_coordinates, clients.created_at AS clients_created_at, clients.last_contact AS clients_last_contact, clients.comments AS clients_comments, clients.updated_at AS clients_updated_at, clients.backup_phone AS clients_backup_phone, clients.deleted_at AS clients_deleted_at 
FROM clients 
WHERE clients.id IN ($1::INTEGER)
2026-02-18 09:41:01,222 - sqlalchemy.engine.Engine - INFO - [cached since 1.704s ago] (13,)
2026-02-18 09:41:01,223 - sqlalchemy.engine.Engine - INFO - ROLLBACK
2026-02-18 09:41:18,493 - sqlalchemy.engine.Engine - INFO - BEGIN (implicit)
2026-02-18 09:41:18,493 - sqlalchemy.engine.Engine - INFO - SELECT admins.id, admins.username, admins.password_hash, admins.created_at 
FROM admins 
WHERE admins.username = $1::VARCHAR
2026-02-18 09:41:18,493 - sqlalchemy.engine.Engine - INFO - [cached since 25.17s ago] ('zhura2296@yandex.ru',)
2026-02-18 09:41:18,494 - sqlalchemy.engine.Engine - INFO - SELECT clients.id, clients.full_name, clients.phone, clients.address, clients.coordinates, clients.created_at, clients.last_contact, clients.comments, clients.updated_at, clients.backup_phone, clients.deleted_at 
FROM clients 
 LIMIT $1::INTEGER OFFSET $2::INTEGER
2026-02-18 09:41:18,494 - sqlalchemy.engine.Engine - INFO - [cached since 24.86s ago] (100, 0)
2026-02-18 09:41:18,496 - sqlalchemy.engine.Engine - INFO - BEGIN (implicit)
2026-02-18 09:41:18,496 - sqlalchemy.engine.Engine - INFO - SELECT admins.id, admins.username, admins.password_hash, admins.created_at 
FROM admins 
WHERE admins.username = $1::VARCHAR
2026-02-18 09:41:18,497 - sqlalchemy.engine.Engine - INFO - [cached since 25.17s ago] ('zhura2296@yandex.ru',)
2026-02-18 09:41:18,497 - sqlalchemy.engine.Engine - INFO - ROLLBACK
2026-02-18 09:41:18,499 - sqlalchemy.engine.Engine - INFO - SELECT installers.id, installers.full_name, installers.nickname, installers.phone, installers.backup_phone, installers.specialization, installers.rating, installers.base_price, installers.is_debtor, installers.comments, installers.is_active, installers.is_in_funnel, installers.total_orders, installers.poor_work_count, installers.warranty_visits_count, installers.last_incident_date, installers.updated_at, installers.created_at, installers.deleted_at 
FROM installers 
WHERE installers.deleted_at IS NULL 
 LIMIT $1::INTEGER OFFSET $2::INTEGER
2026-02-18 09:41:18,499 - sqlalchemy.engine.Engine - INFO - [cached since 24.82s ago] (100, 0)
2026-02-18 09:41:18,500 - sqlalchemy.engine.Engine - INFO - BEGIN (implicit)
2026-02-18 09:41:18,501 - sqlalchemy.engine.Engine - INFO - SELECT admins.id, admins.username, admins.password_hash, admins.created_at 
FROM admins 
WHERE admins.username = $1::VARCHAR
2026-02-18 09:41:18,501 - sqlalchemy.engine.Engine - INFO - [cached since 25.18s ago] ('zhura2296@yandex.ru',)
2026-02-18 09:41:18,503 - sqlalchemy.engine.Engine - INFO - SELECT clients.id, clients.full_name, clients.phone, clients.address, clients.coordinates, clients.created_at, clients.last_contact, clients.comments, clients.updated_at, clients.backup_phone, clients.deleted_at 
FROM clients 
 LIMIT $1::INTEGER OFFSET $2::INTEGER
2026-02-18 09:41:18,503 - sqlalchemy.engine.Engine - INFO - [cached since 24.86s ago] (100, 0)
2026-02-18 09:41:18,504 - sqlalchemy.engine.Engine - INFO - BEGIN (implicit)
2026-02-18 09:41:18,504 - sqlalchemy.engine.Engine - INFO - SELECT admins.id, admins.username, admins.password_hash, admins.created_at 
FROM admins 
WHERE admins.username = $1::VARCHAR
2026-02-18 09:41:18,504 - sqlalchemy.engine.Engine - INFO - [cached since 25.18s ago] ('zhura2296@yandex.ru',)
2026-02-18 09:41:18,504 - sqlalchemy.engine.Engine - INFO - ROLLBACK
2026-02-18 09:41:18,507 - sqlalchemy.engine.Engine - INFO - SELECT installers.id, installers.full_name, installers.nickname, installers.phone, installers.backup_phone, installers.specialization, installers.rating, installers.base_price, installers.is_debtor, installers.comments, installers.is_active, installers.is_in_funnel, installers.total_orders, installers.poor_work_count, installers.warranty_visits_count, installers.last_incident_date, installers.updated_at, installers.created_at, installers.deleted_at 
FROM installers 
WHERE installers.deleted_at IS NULL 
 LIMIT $1::INTEGER OFFSET $2::INTEGER
2026-02-18 09:41:18,507 - sqlalchemy.engine.Engine - INFO - [cached since 24.82s ago] (100, 0)
2026-02-18 09:41:18,507 - sqlalchemy.engine.Engine - INFO - ROLLBACK
2026-02-18 09:41:18,509 - sqlalchemy.engine.Engine - INFO - ROLLBACK
2026-02-18 09:41:29,868 - sqlalchemy.engine.Engine - INFO - BEGIN (implicit)
2026-02-18 09:41:29,869 - sqlalchemy.engine.Engine - INFO - SELECT admins.id, admins.username, admins.password_hash, admins.created_at 
FROM admins 
WHERE admins.username = $1::VARCHAR
2026-02-18 09:41:29,869 - sqlalchemy.engine.Engine - INFO - [cached since 36.54s ago] ('zhura2296@yandex.ru',)
2026-02-18 09:41:29,871 - sqlalchemy.engine.Engine - INFO - INSERT INTO clients (full_name, phone, address, coordinates, comments, updated_at, backup_phone, deleted_at) VALUES ($1::VARCHAR, $2::VARCHAR, $3::VARCHAR, $4, $5::VARCHAR, $6::TIMESTAMP WITH TIME ZONE, $7::VARCHAR, $8::TIMESTAMP WITH TIME ZONE) RETURNING clients.id, clients.created_at, clients.last_contact
2026-02-18 09:41:29,871 - sqlalchemy.engine.Engine - INFO - [generated in 0.00021s] ('Иванов Иван', '+79153227089', 'мытищи1-й Рупасовский, ПГСК №41 переулок', None, '234', None, None, None)
2026-02-18 09:41:29,872 - sqlalchemy.engine.Engine - INFO - COMMIT
2026-02-18 09:41:29,896 - sqlalchemy.engine.Engine - INFO - BEGIN (implicit)
2026-02-18 09:41:29,897 - sqlalchemy.engine.Engine - INFO - SELECT clients.id, clients.full_name, clients.phone, clients.address, clients.coordinates, clients.created_at, clients.last_contact, clients.comments, clients.updated_at, clients.backup_phone, clients.deleted_at 
FROM clients 
WHERE clients.id = $1::INTEGER
2026-02-18 09:41:29,897 - sqlalchemy.engine.Engine - INFO - [generated in 0.00014s] (14,)
2026-02-18 09:41:29,899 - sqlalchemy.engine.Engine - INFO - ROLLBACK
2026-02-18 09:41:30,007 - sqlalchemy.engine.Engine - INFO - BEGIN (implicit)
2026-02-18 09:41:30,008 - sqlalchemy.engine.Engine - INFO - SELECT address_cache.address, address_cache.lat, address_cache.lon, address_cache.updated_at 
FROM address_cache 
WHERE address_cache.address = $1::VARCHAR
2026-02-18 09:41:30,008 - sqlalchemy.engine.Engine - INFO - [generated in 0.00012s] ('мытищи1-й Рупасовский, ПГСК №41 переулок',)
2026-02-18 09:41:30,010 - sqlalchemy.engine.Engine - INFO - UPDATE address_cache SET lat=$1::NUMERIC(10, 7), lon=$2::NUMERIC(10, 7), updated_at=now() WHERE address_cache.address = $3::VARCHAR
2026-02-18 09:41:30,010 - sqlalchemy.engine.Engine - INFO - [generated in 0.00011s] (55.924542, 37.746166, 'мытищи1-й Рупасовский, ПГСК №41 переулок')
2026-02-18 09:41:30,012 - sqlalchemy.engine.Engine - INFO - COMMIT
2026-02-18 09:41:30,012 - sqlalchemy.engine.Engine - INFO - BEGIN (implicit)
2026-02-18 09:41:30,013 - sqlalchemy.engine.Engine - INFO - SELECT address_cache.address, address_cache.lat, address_cache.lon, address_cache.updated_at 
FROM address_cache 
WHERE address_cache.address = $1::VARCHAR
2026-02-18 09:41:30,013 - sqlalchemy.engine.Engine - INFO - [generated in 0.00009s] ('мытищи1-й Рупасовский, ПГСК №41 переулок',)
2026-02-18 09:41:30,015 - sqlalchemy.engine.Engine - INFO - INSERT INTO orders (client_id, installer_id, status, service_type, warehouse, service_datetime, delivery_datetime, promise, marker_color, address_id, address_text) VALUES ($1::INTEGER, $2::INTEGER, $3::order_status, $4::VARCHAR, $5::VARCHAR, $6::TIMESTAMP WITHOUT TIME ZONE, $7::TIMESTAMP WITHOUT TIME ZONE, $8::VARCHAR, $9::VARCHAR, $10::VARCHAR, $11::VARCHAR) RETURNING orders.id, orders.created_at, orders.updated_at
2026-02-18 09:41:30,015 - sqlalchemy.engine.Engine - INFO - [generated in 0.00015s] (14, None, 'Новый', 'Electrolux EACS-09HSK/N3_24Y', 'Основной', datetime.datetime(2026, 2, 18, 6, 41, 29, 900000), None, '23423', 'blue', 'мытищи1-й Рупасовский, ПГСК №41 переулок', 'мытищи1-й Рупасовский, ПГСК №41 переулок')
2026-02-18 09:41:30,018 - sqlalchemy.engine.Engine - INFO - SELECT orders.id 
FROM orders 
WHERE orders.id = $1::INTEGER
2026-02-18 09:41:30,018 - sqlalchemy.engine.Engine - INFO - [generated in 0.00013s] (11,)
2026-02-18 09:41:30,019 - sqlalchemy.engine.Engine - INFO - SELECT clients.id AS clients_id, clients.full_name AS clients_full_name, clients.phone AS clients_phone, clients.address AS clients_address, clients.coordinates AS clients_coordinates, clients.created_at AS clients_created_at, clients.last_contact AS clients_last_contact, clients.comments AS clients_comments, clients.updated_at AS clients_updated_at, clients.backup_phone AS clients_backup_phone, clients.deleted_at AS clients_deleted_at 
FROM clients 
WHERE clients.id = $1::INTEGER
2026-02-18 09:41:30,019 - sqlalchemy.engine.Engine - INFO - [generated in 0.00011s] (14,)
2026-02-18 09:41:30,021 - sqlalchemy.engine.Engine - INFO - SELECT finance.id AS finance_id, finance.order_id AS finance_order_id, finance.purchase_price AS finance_purchase_price, finance.sale_price_client AS finance_sale_price_client, finance.installer_pay AS finance_installer_pay, finance.my_commission AS finance_my_commission, finance.profit AS finance_profit, finance.margin AS finance_margin, finance.profit_percent AS finance_profit_percent, finance.payment_state AS finance_payment_state, finance.installer_returned_money AS finance_installer_returned_money, finance.updated_at AS finance_updated_at, finance.created_at AS finance_created_at 
FROM finance 
WHERE $1::INTEGER = finance.order_id
2026-02-18 09:41:30,021 - sqlalchemy.engine.Engine - INFO - [generated in 0.00011s] (11,)
2026-02-18 09:41:30,021 - sqlalchemy.engine.Engine - INFO - COMMIT
2026-02-18 09:41:30,027 - sqlalchemy.engine.Engine - INFO - BEGIN (implicit)
2026-02-18 09:41:30,027 - sqlalchemy.engine.Engine - INFO - SELECT finance.id, finance.order_id, finance.purchase_price, finance.sale_price_client, finance.installer_pay, finance.my_commission, finance.profit, finance.margin, finance.profit_percent, finance.payment_state, finance.installer_returned_money, finance.updated_at, finance.created_at 
FROM finance 
WHERE finance.order_id = $1::INTEGER
2026-02-18 09:41:30,027 - sqlalchemy.engine.Engine - INFO - [generated in 0.00012s] (11,)
2026-02-18 09:41:30,030 - sqlalchemy.engine.Engine - INFO - INSERT INTO finance (order_id, purchase_price, sale_price_client, installer_pay, my_commission, payment_state, installer_returned_money) VALUES ($1::INTEGER, $2::NUMERIC(10, 2), $3::NUMERIC(10, 2), $4::NUMERIC(10, 2), $5::NUMERIC(10, 2), $6::payment_status, $7::BOOLEAN) RETURNING finance.id, finance.profit, finance.margin, finance.profit_percent, finance.updated_at, finance.created_at
2026-02-18 09:41:30,030 - sqlalchemy.engine.Engine - INFO - [generated in 0.00016s] (11, 0.0, 0.0, 0.0, 0.0, 'Не оплачен', False)
2026-02-18 09:41:30,032 - sqlalchemy.engine.Engine - INFO - COMMIT
2026-02-18 09:41:30,033 - sqlalchemy.engine.Engine - INFO - BEGIN (implicit)
2026-02-18 09:41:30,034 - sqlalchemy.engine.Engine - INFO - SELECT finance.id, finance.order_id, finance.purchase_price, finance.sale_price_client, finance.installer_pay, finance.my_commission, finance.profit, finance.margin, finance.profit_percent, finance.payment_state, finance.installer_returned_money, finance.updated_at, finance.created_at 
FROM finance 
WHERE finance.id = $1::INTEGER
2026-02-18 09:41:30,034 - sqlalchemy.engine.Engine - INFO - [generated in 0.00015s] (7,)
2026-02-18 09:41:30,035 - sqlalchemy.engine.Engine - INFO - ROLLBACK
2026-02-18 09:41:30,052 - sqlalchemy.engine.Engine - INFO - BEGIN (implicit)
2026-02-18 09:41:30,052 - sqlalchemy.engine.Engine - INFO - SELECT orders.id, orders.client_id, orders.installer_id, orders.status, orders.service_type, orders.warehouse, orders.service_datetime, orders.delivery_datetime, orders.promise, orders.marker_color, orders.address_id, orders.address_text, orders.created_at, orders.updated_at 
FROM orders 
 LIMIT $1::INTEGER OFFSET $2::INTEGER
2026-02-18 09:41:30,052 - sqlalchemy.engine.Engine - INFO - [cached since 30.59s ago] (100, 0)
2026-02-18 09:41:30,054 - sqlalchemy.engine.Engine - INFO - SELECT installers.id AS installers_id, installers.full_name AS installers_full_name, installers.nickname AS installers_nickname, installers.phone AS installers_phone, installers.backup_phone AS installers_backup_phone, installers.specialization AS installers_specialization, installers.rating AS installers_rating, installers.base_price AS installers_base_price, installers.is_debtor AS installers_is_debtor, installers.comments AS installers_comments, installers.is_active AS installers_is_active, installers.is_in_funnel AS installers_is_in_funnel, installers.total_orders AS installers_total_orders, installers.poor_work_count AS installers_poor_work_count, installers.warranty_visits_count AS installers_warranty_visits_count, installers.last_incident_date AS installers_last_incident_date, installers.updated_at AS installers_updated_at, installers.created_at AS installers_created_at, installers.deleted_at AS installers_deleted_at 
FROM installers 
WHERE installers.id IN ($1::INTEGER)
2026-02-18 09:41:30,054 - sqlalchemy.engine.Engine - INFO - [cached since 30.58s ago] (1,)
2026-02-18 09:41:30,056 - sqlalchemy.engine.Engine - INFO - SELECT finance.order_id AS finance_order_id, finance.id AS finance_id, finance.purchase_price AS finance_purchase_price, finance.sale_price_client AS finance_sale_price_client, finance.installer_pay AS finance_installer_pay, finance.my_commission AS finance_my_commission, finance.profit AS finance_profit, finance.margin AS finance_margin, finance.profit_percent AS finance_profit_percent, finance.payment_state AS finance_payment_state, finance.installer_returned_money AS finance_installer_returned_money, finance.updated_at AS finance_updated_at, finance.created_at AS finance_created_at 
FROM finance 
WHERE finance.order_id IN ($1::INTEGER, $2::INTEGER)
2026-02-18 09:41:30,056 - sqlalchemy.engine.Engine - INFO - [cached since 30.54s ago] (10, 11)
2026-02-18 09:41:30,058 - sqlalchemy.engine.Engine - INFO - SELECT clients.id AS clients_id, clients.full_name AS clients_full_name, clients.phone AS clients_phone, clients.address AS clients_address, clients.coordinates AS clients_coordinates, clients.created_at AS clients_created_at, clients.last_contact AS clients_last_contact, clients.comments AS clients_comments, clients.updated_at AS clients_updated_at, clients.backup_phone AS clients_backup_phone, clients.deleted_at AS clients_deleted_at 
FROM clients 
WHERE clients.id IN ($1::INTEGER, $2::INTEGER)
2026-02-18 09:41:30,058 - sqlalchemy.engine.Engine - INFO - [cached since 30.54s ago] (13, 14)
2026-02-18 09:41:30,059 - sqlalchemy.engine.Engine - INFO - ROLLBACK
2026-02-18 09:41:30,061 - sqlalchemy.engine.Engine - INFO - BEGIN (implicit)
2026-02-18 09:41:30,061 - sqlalchemy.engine.Engine - INFO - SELECT orders.id, orders.client_id, orders.installer_id, orders.status, orders.service_type, orders.warehouse, orders.service_datetime, orders.delivery_datetime, orders.promise, orders.marker_color, orders.address_id, orders.address_text, orders.created_at, orders.updated_at 
FROM orders 
 LIMIT $1::INTEGER OFFSET $2::INTEGER
2026-02-18 09:41:30,061 - sqlalchemy.engine.Engine - INFO - [cached since 30.6s ago] (100, 0)
2026-02-18 09:41:30,063 - sqlalchemy.engine.Engine - INFO - SELECT installers.id AS installers_id, installers.full_name AS installers_full_name, installers.nickname AS installers_nickname, installers.phone AS installers_phone, installers.backup_phone AS installers_backup_phone, installers.specialization AS installers_specialization, installers.rating AS installers_rating, installers.base_price AS installers_base_price, installers.is_debtor AS installers_is_debtor, installers.comments AS installers_comments, installers.is_active AS installers_is_active, installers.is_in_funnel AS installers_is_in_funnel, installers.total_orders AS installers_total_orders, installers.poor_work_count AS installers_poor_work_count, installers.warranty_visits_count AS installers_warranty_visits_count, installers.last_incident_date AS installers_last_incident_date, installers.updated_at AS installers_updated_at, installers.created_at AS installers_created_at, installers.deleted_at AS installers_deleted_at 
FROM installers 
WHERE installers.id IN ($1::INTEGER)
2026-02-18 09:41:30,063 - sqlalchemy.engine.Engine - INFO - [cached since 30.59s ago] (1,)
2026-02-18 09:41:30,064 - sqlalchemy.engine.Engine - INFO - SELECT finance.order_id AS finance_order_id, finance.id AS finance_id, finance.purchase_price AS finance_purchase_price, finance.sale_price_client AS finance_sale_price_client, finance.installer_pay AS finance_installer_pay, finance.my_commission AS finance_my_commission, finance.profit AS finance_profit, finance.margin AS finance_margin, finance.profit_percent AS finance_profit_percent, finance.payment_state AS finance_payment_state, finance.installer_returned_money AS finance_installer_returned_money, finance.updated_at AS finance_updated_at, finance.created_at AS finance_created_at 
FROM finance 
WHERE finance.order_id IN ($1::INTEGER, $2::INTEGER)
2026-02-18 09:41:30,064 - sqlalchemy.engine.Engine - INFO - [cached since 30.55s ago] (10, 11)
2026-02-18 09:41:30,066 - sqlalchemy.engine.Engine - INFO - SELECT clients.id AS clients_id, clients.full_name AS clients_full_name, clients.phone AS clients_phone, clients.address AS clients_address, clients.coordinates AS clients_coordinates, clients.created_at AS clients_created_at, clients.last_contact AS clients_last_contact, clients.comments AS clients_comments, clients.updated_at AS clients_updated_at, clients.backup_phone AS clients_backup_phone, clients.deleted_at AS clients_deleted_at 
FROM clients 
WHERE clients.id IN ($1::INTEGER, $2::INTEGER)
2026-02-18 09:41:30,066 - sqlalchemy.engine.Engine - INFO - [cached since 30.55s ago] (13, 14)
2026-02-18 09:41:30,069 - sqlalchemy.engine.Engine - INFO - ROLLBACK
2026-02-18 09:41:32,976 - sqlalchemy.engine.Engine - INFO - BEGIN (implicit)
2026-02-18 09:41:32,976 - sqlalchemy.engine.Engine - INFO - SELECT admins.id, admins.username, admins.password_hash, admins.created_at 
FROM admins 
WHERE admins.username = $1::VARCHAR
2026-02-18 09:41:32,977 - sqlalchemy.engine.Engine - INFO - [cached since 39.65s ago] ('zhura2296@yandex.ru',)
2026-02-18 09:41:32,978 - sqlalchemy.engine.Engine - INFO - SELECT installers.id, installers.full_name, installers.nickname, installers.phone, installers.backup_phone, installers.specialization, installers.rating, installers.base_price, installers.is_debtor, installers.comments, installers.is_active, installers.is_in_funnel, installers.total_orders, installers.poor_work_count, installers.warranty_visits_count, installers.last_incident_date, installers.updated_at, installers.created_at, installers.deleted_at 
FROM installers 
WHERE installers.deleted_at IS NULL 
 LIMIT $1::INTEGER OFFSET $2::INTEGER
2026-02-18 09:41:32,979 - sqlalchemy.engine.Engine - INFO - [cached since 39.29s ago] (100, 0)
2026-02-18 09:41:32,979 - sqlalchemy.engine.Engine - INFO - BEGIN (implicit)
2026-02-18 09:41:32,980 - sqlalchemy.engine.Engine - INFO - SELECT orders.id, orders.client_id, orders.installer_id, orders.status, orders.service_type, orders.warehouse, orders.service_datetime, orders.delivery_datetime, orders.promise, orders.marker_color, orders.address_id, orders.address_text, orders.created_at, orders.updated_at 
FROM orders 
WHERE orders.id = $1::INTEGER
2026-02-18 09:41:32,980 - sqlalchemy.engine.Engine - INFO - [cached since 31.79s ago] (11,)
2026-02-18 09:41:32,981 - sqlalchemy.engine.Engine - INFO - ROLLBACK
2026-02-18 09:41:32,982 - sqlalchemy.engine.Engine - INFO - BEGIN (implicit)
2026-02-18 09:41:32,982 - sqlalchemy.engine.Engine - INFO - SELECT admins.id, admins.username, admins.password_hash, admins.created_at 
FROM admins 
WHERE admins.username = $1::VARCHAR
2026-02-18 09:41:32,982 - sqlalchemy.engine.Engine - INFO - [cached since 39.66s ago] ('zhura2296@yandex.ru',)
2026-02-18 09:41:32,983 - sqlalchemy.engine.Engine - INFO - SELECT finance.order_id AS finance_order_id, finance.id AS finance_id, finance.purchase_price AS finance_purchase_price, finance.sale_price_client AS finance_sale_price_client, finance.installer_pay AS finance_installer_pay, finance.my_commission AS finance_my_commission, finance.profit AS finance_profit, finance.margin AS finance_margin, finance.profit_percent AS finance_profit_percent, finance.payment_state AS finance_payment_state, finance.installer_returned_money AS finance_installer_returned_money, finance.updated_at AS finance_updated_at, finance.created_at AS finance_created_at 
FROM finance 
WHERE finance.order_id IN ($1::INTEGER)
2026-02-18 09:41:32,983 - sqlalchemy.engine.Engine - INFO - [cached since 33.47s ago] (11,)
2026-02-18 09:41:32,984 - sqlalchemy.engine.Engine - INFO - SELECT clients.id AS clients_id, clients.full_name AS clients_full_name, clients.phone AS clients_phone, clients.address AS clients_address, clients.coordinates AS clients_coordinates, clients.created_at AS clients_created_at, clients.last_contact AS clients_last_contact, clients.comments AS clients_comments, clients.updated_at AS clients_updated_at, clients.backup_phone AS clients_backup_phone, clients.deleted_at AS clients_deleted_at 
FROM clients 
WHERE clients.id IN ($1::INTEGER)
2026-02-18 09:41:32,984 - sqlalchemy.engine.Engine - INFO - [cached since 33.47s ago] (14,)
2026-02-18 09:41:32,985 - sqlalchemy.engine.Engine - INFO - SELECT installers.id, installers.full_name, installers.nickname, installers.phone, installers.backup_phone, installers.specialization, installers.rating, installers.base_price, installers.is_debtor, installers.comments, installers.is_active, installers.is_in_funnel, installers.total_orders, installers.poor_work_count, installers.warranty_visits_count, installers.last_incident_date, installers.updated_at, installers.created_at, installers.deleted_at 
FROM installers 
WHERE installers.deleted_at IS NULL 
 LIMIT $1::INTEGER OFFSET $2::INTEGER
2026-02-18 09:41:32,985 - sqlalchemy.engine.Engine - INFO - [cached since 39.3s ago] (100, 0)
2026-02-18 09:41:32,987 - sqlalchemy.engine.Engine - INFO - ROLLBACK
2026-02-18 09:41:32,987 - sqlalchemy.engine.Engine - INFO - ROLLBACK
2026-02-18 09:41:32,988 - sqlalchemy.engine.Engine - INFO - BEGIN (implicit)
2026-02-18 09:41:32,988 - sqlalchemy.engine.Engine - INFO - SELECT orders.id, orders.client_id, orders.installer_id, orders.status, orders.service_type, orders.warehouse, orders.service_datetime, orders.delivery_datetime, orders.promise, orders.marker_color, orders.address_id, orders.address_text, orders.created_at, orders.updated_at 
FROM orders 
WHERE orders.id = $1::INTEGER
2026-02-18 09:41:32,988 - sqlalchemy.engine.Engine - INFO - [cached since 31.8s ago] (11,)
2026-02-18 09:41:32,990 - sqlalchemy.engine.Engine - INFO - SELECT finance.order_id AS finance_order_id, finance.id AS finance_id, finance.purchase_price AS finance_purchase_price, finance.sale_price_client AS finance_sale_price_client, finance.installer_pay AS finance_installer_pay, finance.my_commission AS finance_my_commission, finance.profit AS finance_profit, finance.margin AS finance_margin, finance.profit_percent AS finance_profit_percent, finance.payment_state AS finance_payment_state, finance.installer_returned_money AS finance_installer_returned_money, finance.updated_at AS finance_updated_at, finance.created_at AS finance_created_at 
FROM finance 
WHERE finance.order_id IN ($1::INTEGER)
2026-02-18 09:41:32,990 - sqlalchemy.engine.Engine - INFO - [cached since 33.48s ago] (11,)
2026-02-18 09:41:32,991 - sqlalchemy.engine.Engine - INFO - SELECT clients.id AS clients_id, clients.full_name AS clients_full_name, clients.phone AS clients_phone, clients.address AS clients_address, clients.coordinates AS clients_coordinates, clients.created_at AS clients_created_at, clients.last_contact AS clients_last_contact, clients.comments AS clients_comments, clients.updated_at AS clients_updated_at, clients.backup_phone AS clients_backup_phone, clients.deleted_at AS clients_deleted_at 
FROM clients 
WHERE clients.id IN ($1::INTEGER)
2026-02-18 09:41:32,991 - sqlalchemy.engine.Engine - INFO - [cached since 33.47s ago] (14,)
2026-02-18 09:41:32,993 - sqlalchemy.engine.Engine - INFO - ROLLBACK
2026-02-18 09:47:59,072 - src.core.logging - INFO - Starting CRM application
2026-02-18 09:47:59,072 - apscheduler.scheduler - INFO - Adding job tentatively -- it will be properly scheduled when the scheduler starts
2026-02-18 09:47:59,073 - apscheduler.scheduler - INFO - Adding job tentatively -- it will be properly scheduled when the scheduler starts
2026-02-18 09:47:59,073 - apscheduler.scheduler - INFO - Added job "daily_backup_and_report" to job store "default"
2026-02-18 09:47:59,073 - apscheduler.scheduler - INFO - Added job "daily_backup_and_report" to job store "default"
2026-02-18 09:47:59,073 - apscheduler.scheduler - INFO - Scheduler started
2026-02-18 09:47:59,073 - src.core.logging - INFO - Scheduler started
2026-02-18 09:48:07,819 - sqlalchemy.engine.Engine - INFO - select pg_catalog.version()
2026-02-18 09:48:07,819 - sqlalchemy.engine.Engine - INFO - [raw sql] ()
2026-02-18 09:48:07,820 - sqlalchemy.engine.Engine - INFO - select current_schema()
2026-02-18 09:48:07,820 - sqlalchemy.engine.Engine - INFO - [raw sql] ()
2026-02-18 09:48:07,821 - sqlalchemy.engine.Engine - INFO - show standard_conforming_strings
2026-02-18 09:48:07,821 - sqlalchemy.engine.Engine - INFO - [raw sql] ()
2026-02-18 09:48:07,822 - sqlalchemy.engine.Engine - INFO - BEGIN (implicit)
2026-02-18 09:48:07,830 - sqlalchemy.engine.Engine - INFO - SELECT admins.id, admins.username, admins.password_hash, admins.created_at 
FROM admins 
WHERE admins.username = $1::VARCHAR
2026-02-18 09:48:07,831 - sqlalchemy.engine.Engine - INFO - [generated in 0.00020s] ('zhura2296@yandex.ru',)
2026-02-18 09:48:08,044 - sqlalchemy.engine.Engine - INFO - ROLLBACK
2026-02-18 09:48:08,122 - sqlalchemy.engine.Engine - INFO - BEGIN (implicit)
2026-02-18 09:48:08,123 - sqlalchemy.engine.Engine - INFO - SELECT admins.id, admins.username, admins.password_hash, admins.created_at 
FROM admins 
WHERE admins.username = $1::VARCHAR
2026-02-18 09:48:08,123 - sqlalchemy.engine.Engine - INFO - [cached since 0.2926s ago] ('zhura2296@yandex.ru',)
2026-02-18 09:48:08,127 - sqlalchemy.engine.Engine - INFO - SELECT clients.id, clients.full_name, clients.phone, clients.address, clients.coordinates, clients.created_at, clients.last_contact, clients.comments, clients.updated_at, clients.backup_phone, clients.deleted_at 
FROM clients 
 LIMIT $1::INTEGER OFFSET $2::INTEGER
2026-02-18 09:48:08,127 - sqlalchemy.engine.Engine - INFO - [generated in 0.00022s] (100, 0)
2026-02-18 09:48:08,155 - sqlalchemy.engine.Engine - INFO - BEGIN (implicit)
2026-02-18 09:48:08,155 - sqlalchemy.engine.Engine - INFO - SELECT admins.id, admins.username, admins.password_hash, admins.created_at 
FROM admins 
WHERE admins.username = $1::VARCHAR
2026-02-18 09:48:08,155 - sqlalchemy.engine.Engine - INFO - [cached since 0.3251s ago] ('zhura2296@yandex.ru',)
2026-02-18 09:48:08,158 - sqlalchemy.engine.Engine - INFO - ROLLBACK
2026-02-18 09:48:08,165 - sqlalchemy.engine.Engine - INFO - BEGIN (implicit)
2026-02-18 09:48:08,165 - sqlalchemy.engine.Engine - INFO - SELECT admins.id, admins.username, admins.password_hash, admins.created_at 
FROM admins 
WHERE admins.username = $1::VARCHAR
2026-02-18 09:48:08,165 - sqlalchemy.engine.Engine - INFO - [cached since 0.3346s ago] ('zhura2296@yandex.ru',)
2026-02-18 09:48:08,168 - sqlalchemy.engine.Engine - INFO - SELECT installers.id, installers.full_name, installers.nickname, installers.phone, installers.backup_phone, installers.specialization, installers.rating, installers.base_price, installers.is_debtor, installers.comments, installers.is_active, installers.is_in_funnel, installers.total_orders, installers.poor_work_count, installers.warranty_visits_count, installers.last_incident_date, installers.updated_at, installers.created_at, installers.deleted_at 
FROM installers 
WHERE installers.deleted_at IS NULL 
 LIMIT $1::INTEGER OFFSET $2::INTEGER
2026-02-18 09:48:08,168 - sqlalchemy.engine.Engine - INFO - [generated in 0.00022s] (100, 0)
2026-02-18 09:48:08,169 - sqlalchemy.engine.Engine - INFO - SELECT clients.id, clients.full_name, clients.phone, clients.address, clients.coordinates, clients.created_at, clients.last_contact, clients.comments, clients.updated_at, clients.backup_phone, clients.deleted_at 
FROM clients 
 LIMIT $1::INTEGER OFFSET $2::INTEGER
2026-02-18 09:48:08,169 - sqlalchemy.engine.Engine - INFO - [cached since 0.04236s ago] (100, 0)
2026-02-18 09:48:08,173 - sqlalchemy.engine.Engine - INFO - ROLLBACK
2026-02-18 09:48:08,173 - sqlalchemy.engine.Engine - INFO - ROLLBACK
2026-02-18 09:48:08,174 - sqlalchemy.engine.Engine - INFO - BEGIN (implicit)
2026-02-18 09:48:08,175 - sqlalchemy.engine.Engine - INFO - SELECT admins.id, admins.username, admins.password_hash, admins.created_at 
FROM admins 
WHERE admins.username = $1::VARCHAR
2026-02-18 09:48:08,175 - sqlalchemy.engine.Engine - INFO - [cached since 0.3445s ago] ('zhura2296@yandex.ru',)
2026-02-18 09:48:08,177 - sqlalchemy.engine.Engine - INFO - SELECT installers.id, installers.full_name, installers.nickname, installers.phone, installers.backup_phone, installers.specialization, installers.rating, installers.base_price, installers.is_debtor, installers.comments, installers.is_active, installers.is_in_funnel, installers.total_orders, installers.poor_work_count, installers.warranty_visits_count, installers.last_incident_date, installers.updated_at, installers.created_at, installers.deleted_at 
FROM installers 
WHERE installers.deleted_at IS NULL 
 LIMIT $1::INTEGER OFFSET $2::INTEGER
2026-02-18 09:48:08,177 - sqlalchemy.engine.Engine - INFO - [cached since 0.009489s ago] (100, 0)
2026-02-18 09:48:08,182 - sqlalchemy.engine.Engine - INFO - ROLLBACK
2026-02-18 09:48:22,242 - sqlalchemy.engine.Engine - INFO - BEGIN (implicit)
2026-02-18 09:48:22,242 - sqlalchemy.engine.Engine - INFO - SELECT admins.id, admins.username, admins.password_hash, admins.created_at 
FROM admins 
WHERE admins.username = $1::VARCHAR
2026-02-18 09:48:22,242 - sqlalchemy.engine.Engine - INFO - [cached since 14.41s ago] ('zhura2296@yandex.ru',)
2026-02-18 09:48:22,244 - sqlalchemy.engine.Engine - INFO - INSERT INTO clients (full_name, phone, address, coordinates, comments, updated_at, backup_phone, deleted_at) VALUES ($1::VARCHAR, $2::VARCHAR, $3::VARCHAR, $4, $5::VARCHAR, $6::TIMESTAMP WITH TIME ZONE, $7::VARCHAR, $8::TIMESTAMP WITH TIME ZONE) RETURNING clients.id, clients.created_at, clients.last_contact
2026-02-18 09:48:22,244 - sqlalchemy.engine.Engine - INFO - [generated in 0.00014s] ('Клиент', '+79153227046', 'мытищи1-й Рупасовский, ПГСК №41 переулок', None, '', None, None, None)
2026-02-18 09:48:22,246 - sqlalchemy.engine.Engine - INFO - COMMIT
2026-02-18 09:48:22,279 - sqlalchemy.engine.Engine - INFO - BEGIN (implicit)
2026-02-18 09:48:22,280 - sqlalchemy.engine.Engine - INFO - SELECT clients.id, clients.full_name, clients.phone, clients.address, clients.coordinates, clients.created_at, clients.last_contact, clients.comments, clients.updated_at, clients.backup_phone, clients.deleted_at 
FROM clients 
WHERE clients.id = $1::INTEGER
2026-02-18 09:48:22,280 - sqlalchemy.engine.Engine - INFO - [generated in 0.00025s] (15,)
2026-02-18 09:48:22,282 - sqlalchemy.engine.Engine - INFO - ROLLBACK
2026-02-18 09:48:22,396 - sqlalchemy.engine.Engine - INFO - BEGIN (implicit)
2026-02-18 09:48:22,396 - sqlalchemy.engine.Engine - INFO - SELECT address_cache.address, address_cache.lat, address_cache.lon, address_cache.updated_at 
FROM address_cache 
WHERE address_cache.address = $1::VARCHAR
2026-02-18 09:48:22,396 - sqlalchemy.engine.Engine - INFO - [generated in 0.00012s] ('мытищи1-й Рупасовский, ПГСК №41 переулок',)
2026-02-18 09:48:22,399 - sqlalchemy.engine.Engine - INFO - UPDATE address_cache SET lat=$1::NUMERIC(10, 7), lon=$2::NUMERIC(10, 7), updated_at=now() WHERE address_cache.address = $3::VARCHAR
2026-02-18 09:48:22,399 - sqlalchemy.engine.Engine - INFO - [generated in 0.00013s] (55.924542, 37.746166, 'мытищи1-й Рупасовский, ПГСК №41 переулок')
2026-02-18 09:48:22,401 - sqlalchemy.engine.Engine - INFO - COMMIT
2026-02-18 09:48:22,466 - sqlalchemy.engine.Engine - INFO - BEGIN (implicit)
2026-02-18 09:48:22,467 - sqlalchemy.engine.Engine - INFO - SELECT address_cache.address, address_cache.lat, address_cache.lon, address_cache.updated_at 
FROM address_cache 
WHERE address_cache.address = $1::VARCHAR
2026-02-18 09:48:22,467 - sqlalchemy.engine.Engine - INFO - [generated in 0.00010s] ('мытищи1-й Рупасовский, ПГСК №41 переулок',)
2026-02-18 09:48:22,470 - sqlalchemy.engine.Engine - INFO - INSERT INTO orders (client_id, installer_id, status, service_type, warehouse, service_datetime, delivery_datetime, promise, marker_color, address_id, address_text) VALUES ($1::INTEGER, $2::INTEGER, $3::order_status, $4::VARCHAR, $5::VARCHAR, $6::TIMESTAMP WITHOUT TIME ZONE, $7::TIMESTAMP WITHOUT TIME ZONE, $8::VARCHAR, $9::VARCHAR, $10::VARCHAR, $11::VARCHAR) RETURNING orders.id, orders.created_at, orders.updated_at
2026-02-18 09:48:22,470 - sqlalchemy.engine.Engine - INFO - [generated in 0.00013s] (15, None, 'Новый', 'Electrolux EACS-09HSK/N3_24Y', 'Основной', datetime.datetime(2026, 2, 18, 6, 48, 22, 282000), None, '', 'blue', 'мытищи1-й Рупасовский, ПГСК №41 переулок', 'мытищи1-й Рупасовский, ПГСК №41 переулок')
2026-02-18 09:48:22,488 - sqlalchemy.engine.Engine - INFO - SELECT orders.id 
FROM orders 
WHERE orders.id = $1::INTEGER
2026-02-18 09:48:22,488 - sqlalchemy.engine.Engine - INFO - [generated in 0.00020s] (12,)
2026-02-18 09:48:22,490 - sqlalchemy.engine.Engine - INFO - SELECT clients.id AS clients_id, clients.full_name AS clients_full_name, clients.phone AS clients_phone, clients.address AS clients_address, clients.coordinates AS clients_coordinates, clients.created_at AS clients_created_at, clients.last_contact AS clients_last_contact, clients.comments AS clients_comments, clients.updated_at AS clients_updated_at, clients.backup_phone AS clients_backup_phone, clients.deleted_at AS clients_deleted_at 
FROM clients 
WHERE clients.id = $1::INTEGER
2026-02-18 09:48:22,491 - sqlalchemy.engine.Engine - INFO - [generated in 0.00015s] (15,)
2026-02-18 09:48:22,533 - sqlalchemy.engine.Engine - INFO - SELECT finance.id AS finance_id, finance.order_id AS finance_order_id, finance.purchase_price AS finance_purchase_price, finance.sale_price_client AS finance_sale_price_client, finance.installer_pay AS finance_installer_pay, finance.my_commission AS finance_my_commission, finance.profit AS finance_profit, finance.margin AS finance_margin, finance.profit_percent AS finance_profit_percent, finance.payment_state AS finance_payment_state, finance.installer_returned_money AS finance_installer_returned_money, finance.updated_at AS finance_updated_at, finance.created_at AS finance_created_at 
FROM finance 
WHERE $1::INTEGER = finance.order_id
2026-02-18 09:48:22,533 - sqlalchemy.engine.Engine - INFO - [generated in 0.00017s] (12,)
2026-02-18 09:48:22,541 - sqlalchemy.engine.Engine - INFO - COMMIT
2026-02-18 09:48:22,547 - sqlalchemy.engine.Engine - INFO - BEGIN (implicit)
2026-02-18 09:48:22,548 - sqlalchemy.engine.Engine - INFO - SELECT finance.id, finance.order_id, finance.purchase_price, finance.sale_price_client, finance.installer_pay, finance.my_commission, finance.profit, finance.margin, finance.profit_percent, finance.payment_state, finance.installer_returned_money, finance.updated_at, finance.created_at 
FROM finance 
WHERE finance.order_id = $1::INTEGER
2026-02-18 09:48:22,548 - sqlalchemy.engine.Engine - INFO - [generated in 0.00012s] (12,)
2026-02-18 09:48:22,561 - sqlalchemy.engine.Engine - INFO - INSERT INTO finance (order_id, purchase_price, sale_price_client, installer_pay, my_commission, payment_state, installer_returned_money) VALUES ($1::INTEGER, $2::NUMERIC(10, 2), $3::NUMERIC(10, 2), $4::NUMERIC(10, 2), $5::NUMERIC(10, 2), $6::payment_status, $7::BOOLEAN) RETURNING finance.id, finance.profit, finance.margin, finance.profit_percent, finance.updated_at, finance.created_at
2026-02-18 09:48:22,562 - sqlalchemy.engine.Engine - INFO - [generated in 0.00019s] (12, 0.0, 0.0, 0.0, 0.0, 'Не оплачен', False)
2026-02-18 09:48:22,563 - sqlalchemy.engine.Engine - INFO - COMMIT
2026-02-18 09:48:22,564 - sqlalchemy.engine.Engine - INFO - BEGIN (implicit)
2026-02-18 09:48:22,565 - sqlalchemy.engine.Engine - INFO - SELECT finance.id, finance.order_id, finance.purchase_price, finance.sale_price_client, finance.installer_pay, finance.my_commission, finance.profit, finance.margin, finance.profit_percent, finance.payment_state, finance.installer_returned_money, finance.updated_at, finance.created_at 
FROM finance 
WHERE finance.id = $1::INTEGER
2026-02-18 09:48:22,565 - sqlalchemy.engine.Engine - INFO - [generated in 0.00010s] (8,)
2026-02-18 09:48:22,566 - sqlalchemy.engine.Engine - INFO - ROLLBACK
2026-02-18 09:48:22,587 - sqlalchemy.engine.Engine - INFO - BEGIN (implicit)
2026-02-18 09:48:22,590 - sqlalchemy.engine.Engine - INFO - SELECT orders.id, orders.client_id, orders.installer_id, orders.status, orders.service_type, orders.warehouse, orders.service_datetime, orders.delivery_datetime, orders.promise, orders.marker_color, orders.address_id, orders.address_text, orders.created_at, orders.updated_at 
FROM orders 
 LIMIT $1::INTEGER OFFSET $2::INTEGER
2026-02-18 09:48:22,590 - sqlalchemy.engine.Engine - INFO - [generated in 0.00016s] (100, 0)
2026-02-18 09:48:22,596 - sqlalchemy.engine.Engine - INFO - SELECT installers.id AS installers_id, installers.full_name AS installers_full_name, installers.nickname AS installers_nickname, installers.phone AS installers_phone, installers.backup_phone AS installers_backup_phone, installers.specialization AS installers_specialization, installers.rating AS installers_rating, installers.base_price AS installers_base_price, installers.is_debtor AS installers_is_debtor, installers.comments AS installers_comments, installers.is_active AS installers_is_active, installers.is_in_funnel AS installers_is_in_funnel, installers.total_orders AS installers_total_orders, installers.poor_work_count AS installers_poor_work_count, installers.warranty_visits_count AS installers_warranty_visits_count, installers.last_incident_date AS installers_last_incident_date, installers.updated_at AS installers_updated_at, installers.created_at AS installers_created_at, installers.deleted_at AS installers_deleted_at 
FROM installers 
WHERE installers.id IN ($1::INTEGER)
2026-02-18 09:48:22,596 - sqlalchemy.engine.Engine - INFO - [generated in 0.00021s] (1,)
2026-02-18 09:48:22,598 - sqlalchemy.engine.Engine - INFO - SELECT finance.order_id AS finance_order_id, finance.id AS finance_id, finance.purchase_price AS finance_purchase_price, finance.sale_price_client AS finance_sale_price_client, finance.installer_pay AS finance_installer_pay, finance.my_commission AS finance_my_commission, finance.profit AS finance_profit, finance.margin AS finance_margin, finance.profit_percent AS finance_profit_percent, finance.payment_state AS finance_payment_state, finance.installer_returned_money AS finance_installer_returned_money, finance.updated_at AS finance_updated_at, finance.created_at AS finance_created_at 
FROM finance 
WHERE finance.order_id IN ($1::INTEGER, $2::INTEGER, $3::INTEGER)
2026-02-18 09:48:22,598 - sqlalchemy.engine.Engine - INFO - [generated in 0.00018s] (10, 11, 12)
2026-02-18 09:48:22,599 - sqlalchemy.engine.Engine - INFO - SELECT clients.id AS clients_id, clients.full_name AS clients_full_name, clients.phone AS clients_phone, clients.address AS clients_address, clients.coordinates AS clients_coordinates, clients.created_at AS clients_created_at, clients.last_contact AS clients_last_contact, clients.comments AS clients_comments, clients.updated_at AS clients_updated_at, clients.backup_phone AS clients_backup_phone, clients.deleted_at AS clients_deleted_at 
FROM clients 
WHERE clients.id IN ($1::INTEGER, $2::INTEGER, $3::INTEGER)
2026-02-18 09:48:22,600 - sqlalchemy.engine.Engine - INFO - [generated in 0.00015s] (13, 14, 15)
2026-02-18 09:48:22,601 - sqlalchemy.engine.Engine - INFO - ROLLBACK
2026-02-18 09:48:22,602 - sqlalchemy.engine.Engine - INFO - BEGIN (implicit)
2026-02-18 09:48:22,602 - sqlalchemy.engine.Engine - INFO - SELECT orders.id, orders.client_id, orders.installer_id, orders.status, orders.service_type, orders.warehouse, orders.service_datetime, orders.delivery_datetime, orders.promise, orders.marker_color, orders.address_id, orders.address_text, orders.created_at, orders.updated_at 
FROM orders 
 LIMIT $1::INTEGER OFFSET $2::INTEGER
2026-02-18 09:48:22,602 - sqlalchemy.engine.Engine - INFO - [cached since 0.0128s ago] (100, 0)
2026-02-18 09:48:22,604 - sqlalchemy.engine.Engine - INFO - SELECT installers.id AS installers_id, installers.full_name AS installers_full_name, installers.nickname AS installers_nickname, installers.phone AS installers_phone, installers.backup_phone AS installers_backup_phone, installers.specialization AS installers_specialization, installers.rating AS installers_rating, installers.base_price AS installers_base_price, installers.is_debtor AS installers_is_debtor, installers.comments AS installers_comments, installers.is_active AS installers_is_active, installers.is_in_funnel AS installers_is_in_funnel, installers.total_orders AS installers_total_orders, installers.poor_work_count AS installers_poor_work_count, installers.warranty_visits_count AS installers_warranty_visits_count, installers.last_incident_date AS installers_last_incident_date, installers.updated_at AS installers_updated_at, installers.created_at AS installers_created_at, installers.deleted_at AS installers_deleted_at 
FROM installers 
WHERE installers.id IN ($1::INTEGER)
2026-02-18 09:48:22,604 - sqlalchemy.engine.Engine - INFO - [cached since 0.008568s ago] (1,)
2026-02-18 09:48:22,606 - sqlalchemy.engine.Engine - INFO - SELECT finance.order_id AS finance_order_id, finance.id AS finance_id, finance.purchase_price AS finance_purchase_price, finance.sale_price_client AS finance_sale_price_client, finance.installer_pay AS finance_installer_pay, finance.my_commission AS finance_my_commission, finance.profit AS finance_profit, finance.margin AS finance_margin, finance.profit_percent AS finance_profit_percent, finance.payment_state AS finance_payment_state, finance.installer_returned_money AS finance_installer_returned_money, finance.updated_at AS finance_updated_at, finance.created_at AS finance_created_at 
FROM finance 
WHERE finance.order_id IN ($1::INTEGER, $2::INTEGER, $3::INTEGER)
2026-02-18 09:48:22,606 - sqlalchemy.engine.Engine - INFO - [cached since 0.008102s ago] (10, 11, 12)
2026-02-18 09:48:22,607 - sqlalchemy.engine.Engine - INFO - SELECT clients.id AS clients_id, clients.full_name AS clients_full_name, clients.phone AS clients_phone, clients.address AS clients_address, clients.coordinates AS clients_coordinates, clients.created_at AS clients_created_at, clients.last_contact AS clients_last_contact, clients.comments AS clients_comments, clients.updated_at AS clients_updated_at, clients.backup_phone AS clients_backup_phone, clients.deleted_at AS clients_deleted_at 
FROM clients 
WHERE clients.id IN ($1::INTEGER, $2::INTEGER, $3::INTEGER)
2026-02-18 09:48:22,607 - sqlalchemy.engine.Engine - INFO - [cached since 0.007652s ago] (13, 14, 15)
2026-02-18 09:48:22,608 - sqlalchemy.engine.Engine - INFO - ROLLBACK
2026-02-18 09:48:24,118 - sqlalchemy.engine.Engine - INFO - BEGIN (implicit)
2026-02-18 09:48:24,118 - sqlalchemy.engine.Engine - INFO - SELECT admins.id, admins.username, admins.password_hash, admins.created_at 
FROM admins 
WHERE admins.username = $1::VARCHAR
2026-02-18 09:48:24,118 - sqlalchemy.engine.Engine - INFO - [cached since 16.29s ago] ('zhura2296@yandex.ru',)
2026-02-18 09:48:24,120 - sqlalchemy.engine.Engine - INFO - SELECT installers.id, installers.full_name, installers.nickname, installers.phone, installers.backup_phone, installers.specialization, installers.rating, installers.base_price, installers.is_debtor, installers.comments, installers.is_active, installers.is_in_funnel, installers.total_orders, installers.poor_work_count, installers.warranty_visits_count, installers.last_incident_date, installers.updated_at, installers.created_at, installers.deleted_at 
FROM installers 
WHERE installers.deleted_at IS NULL 
 LIMIT $1::INTEGER OFFSET $2::INTEGER
2026-02-18 09:48:24,120 - sqlalchemy.engine.Engine - INFO - [cached since 15.95s ago] (100, 0)
2026-02-18 09:48:24,121 - sqlalchemy.engine.Engine - INFO - BEGIN (implicit)
2026-02-18 09:48:24,121 - sqlalchemy.engine.Engine - INFO - SELECT orders.id, orders.client_id, orders.installer_id, orders.status, orders.service_type, orders.warehouse, orders.service_datetime, orders.delivery_datetime, orders.promise, orders.marker_color, orders.address_id, orders.address_text, orders.created_at, orders.updated_at 
FROM orders 
WHERE orders.id = $1::INTEGER
2026-02-18 09:48:24,121 - sqlalchemy.engine.Engine - INFO - [generated in 0.00011s] (12,)
2026-02-18 09:48:24,122 - sqlalchemy.engine.Engine - INFO - ROLLBACK
2026-02-18 09:48:24,124 - sqlalchemy.engine.Engine - INFO - SELECT finance.order_id AS finance_order_id, finance.id AS finance_id, finance.purchase_price AS finance_purchase_price, finance.sale_price_client AS finance_sale_price_client, finance.installer_pay AS finance_installer_pay, finance.my_commission AS finance_my_commission, finance.profit AS finance_profit, finance.margin AS finance_margin, finance.profit_percent AS finance_profit_percent, finance.payment_state AS finance_payment_state, finance.installer_returned_money AS finance_installer_returned_money, finance.updated_at AS finance_updated_at, finance.created_at AS finance_created_at 
FROM finance 
WHERE finance.order_id IN ($1::INTEGER)
2026-02-18 09:48:24,124 - sqlalchemy.engine.Engine - INFO - [cached since 1.526s ago] (12,)
2026-02-18 09:48:24,126 - sqlalchemy.engine.Engine - INFO - SELECT clients.id AS clients_id, clients.full_name AS clients_full_name, clients.phone AS clients_phone, clients.address AS clients_address, clients.coordinates AS clients_coordinates, clients.created_at AS clients_created_at, clients.last_contact AS clients_last_contact, clients.comments AS clients_comments, clients.updated_at AS clients_updated_at, clients.backup_phone AS clients_backup_phone, clients.deleted_at AS clients_deleted_at 
FROM clients 
WHERE clients.id IN ($1::INTEGER)
2026-02-18 09:48:24,126 - sqlalchemy.engine.Engine - INFO - [cached since 1.526s ago] (15,)
2026-02-18 09:48:24,143 - sqlalchemy.engine.Engine - INFO - BEGIN (implicit)
2026-02-18 09:48:24,143 - sqlalchemy.engine.Engine - INFO - SELECT orders.id, orders.client_id, orders.installer_id, orders.status, orders.service_type, orders.warehouse, orders.service_datetime, orders.delivery_datetime, orders.promise, orders.marker_color, orders.address_id, orders.address_text, orders.created_at, orders.updated_at 
FROM orders 
WHERE orders.id = $1::INTEGER
2026-02-18 09:48:24,143 - sqlalchemy.engine.Engine - INFO - [cached since 0.022s ago] (12,)
2026-02-18 09:48:24,144 - sqlalchemy.engine.Engine - INFO - ROLLBACK
2026-02-18 09:48:24,144 - sqlalchemy.engine.Engine - INFO - BEGIN (implicit)
2026-02-18 09:48:24,144 - sqlalchemy.engine.Engine - INFO - SELECT admins.id, admins.username, admins.password_hash, admins.created_at 
FROM admins 
WHERE admins.username = $1::VARCHAR
2026-02-18 09:48:24,144 - sqlalchemy.engine.Engine - INFO - [cached since 16.31s ago] ('zhura2296@yandex.ru',)
2026-02-18 09:48:24,145 - sqlalchemy.engine.Engine - INFO - SELECT finance.order_id AS finance_order_id, finance.id AS finance_id, finance.purchase_price AS finance_purchase_price, finance.sale_price_client AS finance_sale_price_client, finance.installer_pay AS finance_installer_pay, finance.my_commission AS finance_my_commission, finance.profit AS finance_profit, finance.margin AS finance_margin, finance.profit_percent AS finance_profit_percent, finance.payment_state AS finance_payment_state, finance.installer_returned_money AS finance_installer_returned_money, finance.updated_at AS finance_updated_at, finance.created_at AS finance_created_at 
FROM finance 
WHERE finance.order_id IN ($1::INTEGER)
2026-02-18 09:48:24,145 - sqlalchemy.engine.Engine - INFO - [cached since 1.548s ago] (12,)
2026-02-18 09:48:24,146 - sqlalchemy.engine.Engine - INFO - SELECT clients.id AS clients_id, clients.full_name AS clients_full_name, clients.phone AS clients_phone, clients.address AS clients_address, clients.coordinates AS clients_coordinates, clients.created_at AS clients_created_at, clients.last_contact AS clients_last_contact, clients.comments AS clients_comments, clients.updated_at AS clients_updated_at, clients.backup_phone AS clients_backup_phone, clients.deleted_at AS clients_deleted_at 
FROM clients 
WHERE clients.id IN ($1::INTEGER)
2026-02-18 09:48:24,146 - sqlalchemy.engine.Engine - INFO - [cached since 1.547s ago] (15,)
2026-02-18 09:48:24,147 - sqlalchemy.engine.Engine - INFO - SELECT installers.id, installers.full_name, installers.nickname, installers.phone, installers.backup_phone, installers.specialization, installers.rating, installers.base_price, installers.is_debtor, installers.comments, installers.is_active, installers.is_in_funnel, installers.total_orders, installers.poor_work_count, installers.warranty_visits_count, installers.last_incident_date, installers.updated_at, installers.created_at, installers.deleted_at 
FROM installers 
WHERE installers.deleted_at IS NULL 
 LIMIT $1::INTEGER OFFSET $2::INTEGER
2026-02-18 09:48:24,147 - sqlalchemy.engine.Engine - INFO - [cached since 15.98s ago] (100, 0)
2026-02-18 09:48:24,148 - sqlalchemy.engine.Engine - INFO - ROLLBACK
2026-02-18 09:48:24,149 - sqlalchemy.engine.Engine - INFO - ROLLBACK
2026-02-18 09:53:10,367 - src.core.logging - INFO - Starting CRM application
2026-02-18 09:53:10,368 - apscheduler.scheduler - INFO - Adding job tentatively -- it will be properly scheduled when the scheduler starts
2026-02-18 09:53:10,368 - apscheduler.scheduler - INFO - Adding job tentatively -- it will be properly scheduled when the scheduler starts
2026-02-18 09:53:10,368 - apscheduler.scheduler - INFO - Added job "daily_backup_and_report" to job store "default"
2026-02-18 09:53:10,368 - apscheduler.scheduler - INFO - Added job "daily_backup_and_report" to job store "default"
2026-02-18 09:53:10,368 - apscheduler.scheduler - INFO - Scheduler started
2026-02-18 09:53:10,368 - src.core.logging - INFO - Scheduler started
2026-02-18 09:53:16,271 - sqlalchemy.engine.Engine - INFO - select pg_catalog.version()
2026-02-18 09:53:16,272 - sqlalchemy.engine.Engine - INFO - [raw sql] ()
2026-02-18 09:53:16,273 - sqlalchemy.engine.Engine - INFO - select current_schema()
2026-02-18 09:53:16,273 - sqlalchemy.engine.Engine - INFO - [raw sql] ()
2026-02-18 09:53:16,274 - sqlalchemy.engine.Engine - INFO - show standard_conforming_strings
2026-02-18 09:53:16,274 - sqlalchemy.engine.Engine - INFO - [raw sql] ()
2026-02-18 09:53:16,275 - sqlalchemy.engine.Engine - INFO - BEGIN (implicit)
2026-02-18 09:53:16,283 - sqlalchemy.engine.Engine - INFO - SELECT admins.id, admins.username, admins.password_hash, admins.created_at 
FROM admins 
WHERE admins.username = $1::VARCHAR
2026-02-18 09:53:16,283 - sqlalchemy.engine.Engine - INFO - [generated in 0.00016s] ('zhura2296@yandex.ru',)
2026-02-18 09:53:16,497 - sqlalchemy.engine.Engine - INFO - ROLLBACK
2026-02-18 09:53:16,583 - sqlalchemy.engine.Engine - INFO - BEGIN (implicit)
2026-02-18 09:53:16,583 - sqlalchemy.engine.Engine - INFO - SELECT admins.id, admins.username, admins.password_hash, admins.created_at 
FROM admins 
WHERE admins.username = $1::VARCHAR
2026-02-18 09:53:16,583 - sqlalchemy.engine.Engine - INFO - [cached since 0.3003s ago] ('zhura2296@yandex.ru',)
2026-02-18 09:53:16,588 - sqlalchemy.engine.Engine - INFO - SELECT clients.id, clients.full_name, clients.phone, clients.address, clients.coordinates, clients.created_at, clients.last_contact, clients.comments, clients.updated_at, clients.backup_phone, clients.deleted_at 
FROM clients 
 LIMIT $1::INTEGER OFFSET $2::INTEGER
2026-02-18 09:53:16,588 - sqlalchemy.engine.Engine - INFO - [generated in 0.00025s] (100, 0)
2026-02-18 09:53:16,608 - sqlalchemy.engine.Engine - INFO - BEGIN (implicit)
2026-02-18 09:53:16,609 - sqlalchemy.engine.Engine - INFO - SELECT admins.id, admins.username, admins.password_hash, admins.created_at 
FROM admins 
WHERE admins.username = $1::VARCHAR
2026-02-18 09:53:16,609 - sqlalchemy.engine.Engine - INFO - [cached since 0.3256s ago] ('zhura2296@yandex.ru',)
2026-02-18 09:53:16,609 - sqlalchemy.engine.Engine - INFO - ROLLBACK
2026-02-18 09:53:16,615 - sqlalchemy.engine.Engine - INFO - SELECT installers.id, installers.full_name, installers.nickname, installers.phone, installers.backup_phone, installers.specialization, installers.rating, installers.base_price, installers.is_debtor, installers.comments, installers.is_active, installers.is_in_funnel, installers.total_orders, installers.poor_work_count, installers.warranty_visits_count, installers.last_incident_date, installers.updated_at, installers.created_at, installers.deleted_at 
FROM installers 
WHERE installers.deleted_at IS NULL 
 LIMIT $1::INTEGER OFFSET $2::INTEGER
2026-02-18 09:53:16,615 - sqlalchemy.engine.Engine - INFO - [generated in 0.00018s] (100, 0)
2026-02-18 09:53:16,633 - sqlalchemy.engine.Engine - INFO - ROLLBACK
2026-02-18 09:53:16,634 - sqlalchemy.engine.Engine - INFO - BEGIN (implicit)
2026-02-18 09:53:16,634 - sqlalchemy.engine.Engine - INFO - SELECT admins.id, admins.username, admins.password_hash, admins.created_at 
FROM admins 
WHERE admins.username = $1::VARCHAR
2026-02-18 09:53:16,634 - sqlalchemy.engine.Engine - INFO - [cached since 0.3507s ago] ('zhura2296@yandex.ru',)
2026-02-18 09:53:16,634 - sqlalchemy.engine.Engine - INFO - BEGIN (implicit)
2026-02-18 09:53:16,634 - sqlalchemy.engine.Engine - INFO - SELECT admins.id, admins.username, admins.password_hash, admins.created_at 
FROM admins 
WHERE admins.username = $1::VARCHAR
2026-02-18 09:53:16,634 - sqlalchemy.engine.Engine - INFO - [cached since 0.3512s ago] ('zhura2296@yandex.ru',)
2026-02-18 09:53:16,635 - sqlalchemy.engine.Engine - INFO - SELECT installers.id, installers.full_name, installers.nickname, installers.phone, installers.backup_phone, installers.specialization, installers.rating, installers.base_price, installers.is_debtor, installers.comments, installers.is_active, installers.is_in_funnel, installers.total_orders, installers.poor_work_count, installers.warranty_visits_count, installers.last_incident_date, installers.updated_at, installers.created_at, installers.deleted_at 
FROM installers 
WHERE installers.deleted_at IS NULL 
 LIMIT $1::INTEGER OFFSET $2::INTEGER
2026-02-18 09:53:16,635 - sqlalchemy.engine.Engine - INFO - [cached since 0.02059s ago] (100, 0)
2026-02-18 09:53:16,638 - sqlalchemy.engine.Engine - INFO - SELECT clients.id, clients.full_name, clients.phone, clients.address, clients.coordinates, clients.created_at, clients.last_contact, clients.comments, clients.updated_at, clients.backup_phone, clients.deleted_at 
FROM clients 
 LIMIT $1::INTEGER OFFSET $2::INTEGER
2026-02-18 09:53:16,638 - sqlalchemy.engine.Engine - INFO - [cached since 0.05001s ago] (100, 0)
2026-02-18 09:53:16,638 - sqlalchemy.engine.Engine - INFO - ROLLBACK
2026-02-18 09:53:16,640 - sqlalchemy.engine.Engine - INFO - ROLLBACK
2026-02-18 09:53:32,314 - sqlalchemy.engine.Engine - INFO - BEGIN (implicit)
2026-02-18 09:53:32,314 - sqlalchemy.engine.Engine - INFO - SELECT admins.id, admins.username, admins.password_hash, admins.created_at 
FROM admins 
WHERE admins.username = $1::VARCHAR
2026-02-18 09:53:32,314 - sqlalchemy.engine.Engine - INFO - [cached since 16.03s ago] ('zhura2296@yandex.ru',)
2026-02-18 09:53:32,317 - sqlalchemy.engine.Engine - INFO - INSERT INTO clients (full_name, phone, address, coordinates, comments, updated_at, backup_phone, deleted_at) VALUES ($1::VARCHAR, $2::VARCHAR, $3::VARCHAR, $4, $5::VARCHAR, $6::TIMESTAMP WITH TIME ZONE, $7::VARCHAR, $8::TIMESTAMP WITH TIME ZONE) RETURNING clients.id, clients.created_at, clients.last_contact
2026-02-18 09:53:32,317 - sqlalchemy.engine.Engine - INFO - [generated in 0.00023s] ('Иванов Петро', '+79153227089', 'мытищи1-й Рупасовский, ПГСК №41 переулок', None, '', None, None, None)
2026-02-18 09:53:32,319 - sqlalchemy.engine.Engine - INFO - COMMIT
2026-02-18 09:53:32,345 - sqlalchemy.engine.Engine - INFO - BEGIN (implicit)
2026-02-18 09:53:32,346 - sqlalchemy.engine.Engine - INFO - SELECT clients.id, clients.full_name, clients.phone, clients.address, clients.coordinates, clients.created_at, clients.last_contact, clients.comments, clients.updated_at, clients.backup_phone, clients.deleted_at 
FROM clients 
WHERE clients.id = $1::INTEGER
2026-02-18 09:53:32,346 - sqlalchemy.engine.Engine - INFO - [generated in 0.00012s] (16,)
2026-02-18 09:53:32,347 - sqlalchemy.engine.Engine - INFO - ROLLBACK
2026-02-18 09:53:32,455 - sqlalchemy.engine.Engine - INFO - BEGIN (implicit)
2026-02-18 09:53:32,456 - sqlalchemy.engine.Engine - INFO - SELECT address_cache.address, address_cache.lat, address_cache.lon, address_cache.updated_at 
FROM address_cache 
WHERE address_cache.address = $1::VARCHAR
2026-02-18 09:53:32,456 - sqlalchemy.engine.Engine - INFO - [generated in 0.00012s] ('мытищи1-й Рупасовский, ПГСК №41 переулок',)
2026-02-18 09:53:32,460 - sqlalchemy.engine.Engine - INFO - UPDATE address_cache SET lat=$1::NUMERIC(10, 7), lon=$2::NUMERIC(10, 7), updated_at=now() WHERE address_cache.address = $3::VARCHAR
2026-02-18 09:53:32,460 - sqlalchemy.engine.Engine - INFO - [generated in 0.00020s] (55.924542, 37.746166, 'мытищи1-й Рупасовский, ПГСК №41 переулок')
2026-02-18 09:53:32,462 - sqlalchemy.engine.Engine - INFO - COMMIT
2026-02-18 09:53:32,464 - sqlalchemy.engine.Engine - INFO - BEGIN (implicit)
2026-02-18 09:53:32,464 - sqlalchemy.engine.Engine - INFO - SELECT address_cache.address, address_cache.lat, address_cache.lon, address_cache.updated_at 
FROM address_cache 
WHERE address_cache.address = $1::VARCHAR
2026-02-18 09:53:32,464 - sqlalchemy.engine.Engine - INFO - [generated in 0.00014s] ('мытищи1-й Рупасовский, ПГСК №41 переулок',)
2026-02-18 09:53:32,469 - sqlalchemy.engine.Engine - INFO - INSERT INTO orders (client_id, installer_id, status, service_type, warehouse, service_datetime, delivery_datetime, promise, marker_color, address_id, address_text) VALUES ($1::INTEGER, $2::INTEGER, $3::order_status, $4::VARCHAR, $5::VARCHAR, $6::TIMESTAMP WITHOUT TIME ZONE, $7::TIMESTAMP WITHOUT TIME ZONE, $8::VARCHAR, $9::VARCHAR, $10::VARCHAR, $11::VARCHAR) RETURNING orders.id, orders.created_at, orders.updated_at
2026-02-18 09:53:32,469 - sqlalchemy.engine.Engine - INFO - [generated in 0.00020s] (16, None, 'Новый', 'Electrolux EACS-09HSK/N3_24Y', 'Основной', datetime.datetime(2026, 2, 18, 6, 53, 32, 348000), None, '', 'blue', 'мытищи1-й Рупасовский, ПГСК №41 переулок', 'мытищи1-й Рупасовский, ПГСК №41 переулок')
2026-02-18 09:53:32,481 - sqlalchemy.engine.Engine - INFO - SELECT orders.id 
FROM orders 
WHERE orders.id = $1::INTEGER
2026-02-18 09:53:32,481 - sqlalchemy.engine.Engine - INFO - [generated in 0.00016s] (13,)
2026-02-18 09:53:32,525 - sqlalchemy.engine.Engine - INFO - SELECT clients.id AS clients_id, clients.full_name AS clients_full_name, clients.phone AS clients_phone, clients.address AS clients_address, clients.coordinates AS clients_coordinates, clients.created_at AS clients_created_at, clients.last_contact AS clients_last_contact, clients.comments AS clients_comments, clients.updated_at AS clients_updated_at, clients.backup_phone AS clients_backup_phone, clients.deleted_at AS clients_deleted_at 
FROM clients 
WHERE clients.id = $1::INTEGER
2026-02-18 09:53:32,525 - sqlalchemy.engine.Engine - INFO - [generated in 0.00017s] (16,)
2026-02-18 09:53:32,528 - sqlalchemy.engine.Engine - INFO - SELECT finance.id AS finance_id, finance.order_id AS finance_order_id, finance.purchase_price AS finance_purchase_price, finance.sale_price_client AS finance_sale_price_client, finance.installer_pay AS finance_installer_pay, finance.my_commission AS finance_my_commission, finance.profit AS finance_profit, finance.margin AS finance_margin, finance.profit_percent AS finance_profit_percent, finance.payment_state AS finance_payment_state, finance.installer_returned_money AS finance_installer_returned_money, finance.updated_at AS finance_updated_at, finance.created_at AS finance_created_at 
FROM finance 
WHERE $1::INTEGER = finance.order_id
2026-02-18 09:53:32,528 - sqlalchemy.engine.Engine - INFO - [generated in 0.00017s] (13,)
2026-02-18 09:53:32,533 - sqlalchemy.engine.Engine - INFO - COMMIT
2026-02-18 09:53:32,539 - sqlalchemy.engine.Engine - INFO - BEGIN (implicit)
2026-02-18 09:53:32,539 - sqlalchemy.engine.Engine - INFO - SELECT finance.id, finance.order_id, finance.purchase_price, finance.sale_price_client, finance.installer_pay, finance.my_commission, finance.profit, finance.margin, finance.profit_percent, finance.payment_state, finance.installer_returned_money, finance.updated_at, finance.created_at 
FROM finance 
WHERE finance.order_id = $1::INTEGER
2026-02-18 09:53:32,539 - sqlalchemy.engine.Engine - INFO - [generated in 0.00016s] (13,)
2026-02-18 09:53:32,551 - sqlalchemy.engine.Engine - INFO - INSERT INTO finance (order_id, purchase_price, sale_price_client, installer_pay, my_commission, payment_state, installer_returned_money) VALUES ($1::INTEGER, $2::NUMERIC(10, 2), $3::NUMERIC(10, 2), $4::NUMERIC(10, 2), $5::NUMERIC(10, 2), $6::payment_status, $7::BOOLEAN) RETURNING finance.id, finance.profit, finance.margin, finance.profit_percent, finance.updated_at, finance.created_at
2026-02-18 09:53:32,551 - sqlalchemy.engine.Engine - INFO - [generated in 0.00019s] (13, 0.0, 0.0, 0.0, 0.0, 'Не оплачен', False)
2026-02-18 09:53:32,552 - sqlalchemy.engine.Engine - INFO - COMMIT
2026-02-18 09:53:32,553 - sqlalchemy.engine.Engine - INFO - BEGIN (implicit)
2026-02-18 09:53:32,554 - sqlalchemy.engine.Engine - INFO - SELECT finance.id, finance.order_id, finance.purchase_price, finance.sale_price_client, finance.installer_pay, finance.my_commission, finance.profit, finance.margin, finance.profit_percent, finance.payment_state, finance.installer_returned_money, finance.updated_at, finance.created_at 
FROM finance 
WHERE finance.id = $1::INTEGER
2026-02-18 09:53:32,554 - sqlalchemy.engine.Engine - INFO - [generated in 0.00010s] (9,)
2026-02-18 09:53:32,564 - sqlalchemy.engine.Engine - INFO - ROLLBACK
2026-02-18 09:53:32,594 - sqlalchemy.engine.Engine - INFO - BEGIN (implicit)
2026-02-18 09:53:32,597 - sqlalchemy.engine.Engine - INFO - SELECT orders.id, orders.client_id, orders.installer_id, orders.status, orders.service_type, orders.warehouse, orders.service_datetime, orders.delivery_datetime, orders.promise, orders.marker_color, orders.address_id, orders.address_text, orders.created_at, orders.updated_at 
FROM orders 
 LIMIT $1::INTEGER OFFSET $2::INTEGER
2026-02-18 09:53:32,597 - sqlalchemy.engine.Engine - INFO - [generated in 0.00027s] (100, 0)
2026-02-18 09:53:32,601 - sqlalchemy.engine.Engine - INFO - SELECT installers.id AS installers_id, installers.full_name AS installers_full_name, installers.nickname AS installers_nickname, installers.phone AS installers_phone, installers.backup_phone AS installers_backup_phone, installers.specialization AS installers_specialization, installers.rating AS installers_rating, installers.base_price AS installers_base_price, installers.is_debtor AS installers_is_debtor, installers.comments AS installers_comments, installers.is_active AS installers_is_active, installers.is_in_funnel AS installers_is_in_funnel, installers.total_orders AS installers_total_orders, installers.poor_work_count AS installers_poor_work_count, installers.warranty_visits_count AS installers_warranty_visits_count, installers.last_incident_date AS installers_last_incident_date, installers.updated_at AS installers_updated_at, installers.created_at AS installers_created_at, installers.deleted_at AS installers_deleted_at 
FROM installers 
WHERE installers.id IN ($1::INTEGER)
2026-02-18 09:53:32,601 - sqlalchemy.engine.Engine - INFO - [generated in 0.00022s] (1,)
2026-02-18 09:53:32,603 - sqlalchemy.engine.Engine - INFO - SELECT finance.order_id AS finance_order_id, finance.id AS finance_id, finance.purchase_price AS finance_purchase_price, finance.sale_price_client AS finance_sale_price_client, finance.installer_pay AS finance_installer_pay, finance.my_commission AS finance_my_commission, finance.profit AS finance_profit, finance.margin AS finance_margin, finance.profit_percent AS finance_profit_percent, finance.payment_state AS finance_payment_state, finance.installer_returned_money AS finance_installer_returned_money, finance.updated_at AS finance_updated_at, finance.created_at AS finance_created_at 
FROM finance 
WHERE finance.order_id IN ($1::INTEGER, $2::INTEGER, $3::INTEGER, $4::INTEGER)
2026-02-18 09:53:32,603 - sqlalchemy.engine.Engine - INFO - [generated in 0.00018s] (10, 11, 12, 13)
2026-02-18 09:53:32,605 - sqlalchemy.engine.Engine - INFO - SELECT clients.id AS clients_id, clients.full_name AS clients_full_name, clients.phone AS clients_phone, clients.address AS clients_address, clients.coordinates AS clients_coordinates, clients.created_at AS clients_created_at, clients.last_contact AS clients_last_contact, clients.comments AS clients_comments, clients.updated_at AS clients_updated_at, clients.backup_phone AS clients_backup_phone, clients.deleted_at AS clients_deleted_at 
FROM clients 
WHERE clients.id IN ($1::INTEGER, $2::INTEGER, $3::INTEGER, $4::INTEGER)
2026-02-18 09:53:32,605 - sqlalchemy.engine.Engine - INFO - [generated in 0.00025s] (13, 14, 15, 16)
2026-02-18 09:53:32,607 - sqlalchemy.engine.Engine - INFO - ROLLBACK
2026-02-18 09:53:32,609 - sqlalchemy.engine.Engine - INFO - BEGIN (implicit)
2026-02-18 09:53:32,609 - sqlalchemy.engine.Engine - INFO - SELECT orders.id, orders.client_id, orders.installer_id, orders.status, orders.service_type, orders.warehouse, orders.service_datetime, orders.delivery_datetime, orders.promise, orders.marker_color, orders.address_id, orders.address_text, orders.created_at, orders.updated_at 
FROM orders 
 LIMIT $1::INTEGER OFFSET $2::INTEGER
2026-02-18 09:53:32,609 - sqlalchemy.engine.Engine - INFO - [cached since 0.01206s ago] (100, 0)
2026-02-18 09:53:32,617 - sqlalchemy.engine.Engine - INFO - SELECT installers.id AS installers_id, installers.full_name AS installers_full_name, installers.nickname AS installers_nickname, installers.phone AS installers_phone, installers.backup_phone AS installers_backup_phone, installers.specialization AS installers_specialization, installers.rating AS installers_rating, installers.base_price AS installers_base_price, installers.is_debtor AS installers_is_debtor, installers.comments AS installers_comments, installers.is_active AS installers_is_active, installers.is_in_funnel AS installers_is_in_funnel, installers.total_orders AS installers_total_orders, installers.poor_work_count AS installers_poor_work_count, installers.warranty_visits_count AS installers_warranty_visits_count, installers.last_incident_date AS installers_last_incident_date, installers.updated_at AS installers_updated_at, installers.created_at AS installers_created_at, installers.deleted_at AS installers_deleted_at 
FROM installers 
WHERE installers.id IN ($1::INTEGER)
2026-02-18 09:53:32,618 - sqlalchemy.engine.Engine - INFO - [cached since 0.01697s ago] (1,)
2026-02-18 09:53:32,619 - sqlalchemy.engine.Engine - INFO - SELECT finance.order_id AS finance_order_id, finance.id AS finance_id, finance.purchase_price AS finance_purchase_price, finance.sale_price_client AS finance_sale_price_client, finance.installer_pay AS finance_installer_pay, finance.my_commission AS finance_my_commission, finance.profit AS finance_profit, finance.margin AS finance_margin, finance.profit_percent AS finance_profit_percent, finance.payment_state AS finance_payment_state, finance.installer_returned_money AS finance_installer_returned_money, finance.updated_at AS finance_updated_at, finance.created_at AS finance_created_at 
FROM finance 
WHERE finance.order_id IN ($1::INTEGER, $2::INTEGER, $3::INTEGER, $4::INTEGER)
2026-02-18 09:53:32,619 - sqlalchemy.engine.Engine - INFO - [cached since 0.01678s ago] (10, 11, 12, 13)
2026-02-18 09:53:32,621 - sqlalchemy.engine.Engine - INFO - SELECT clients.id AS clients_id, clients.full_name AS clients_full_name, clients.phone AS clients_phone, clients.address AS clients_address, clients.coordinates AS clients_coordinates, clients.created_at AS clients_created_at, clients.last_contact AS clients_last_contact, clients.comments AS clients_comments, clients.updated_at AS clients_updated_at, clients.backup_phone AS clients_backup_phone, clients.deleted_at AS clients_deleted_at 
FROM clients 
WHERE clients.id IN ($1::INTEGER, $2::INTEGER, $3::INTEGER, $4::INTEGER)
2026-02-18 09:53:32,621 - sqlalchemy.engine.Engine - INFO - [cached since 0.0157s ago] (13, 14, 15, 16)
2026-02-18 09:53:32,622 - sqlalchemy.engine.Engine - INFO - ROLLBACK
2026-02-18 09:53:38,487 - sqlalchemy.engine.Engine - INFO - BEGIN (implicit)
2026-02-18 09:53:38,487 - sqlalchemy.engine.Engine - INFO - SELECT admins.id, admins.username, admins.password_hash, admins.created_at 
FROM admins 
WHERE admins.username = $1::VARCHAR
2026-02-18 09:53:38,487 - sqlalchemy.engine.Engine - INFO - [cached since 22.2s ago] ('zhura2296@yandex.ru',)
2026-02-18 09:53:38,490 - sqlalchemy.engine.Engine - INFO - SELECT installers.id, installers.full_name, installers.nickname, installers.phone, installers.backup_phone, installers.specialization, installers.rating, installers.base_price, installers.is_debtor, installers.comments, installers.is_active, installers.is_in_funnel, installers.total_orders, installers.poor_work_count, installers.warranty_visits_count, installers.last_incident_date, installers.updated_at, installers.created_at, installers.deleted_at 
FROM installers 
WHERE installers.deleted_at IS NULL 
 LIMIT $1::INTEGER OFFSET $2::INTEGER
2026-02-18 09:53:38,490 - sqlalchemy.engine.Engine - INFO - [cached since 21.88s ago] (100, 0)
2026-02-18 09:53:38,492 - sqlalchemy.engine.Engine - INFO - BEGIN (implicit)
2026-02-18 09:53:38,493 - sqlalchemy.engine.Engine - INFO - SELECT orders.id, orders.client_id, orders.installer_id, orders.status, orders.service_type, orders.warehouse, orders.service_datetime, orders.delivery_datetime, orders.promise, orders.marker_color, orders.address_id, orders.address_text, orders.created_at, orders.updated_at 
FROM orders 
WHERE orders.id = $1::INTEGER
2026-02-18 09:53:38,493 - sqlalchemy.engine.Engine - INFO - [generated in 0.00019s] (10,)
2026-02-18 09:53:38,494 - sqlalchemy.engine.Engine - INFO - ROLLBACK
2026-02-18 09:53:38,495 - sqlalchemy.engine.Engine - INFO - BEGIN (implicit)
2026-02-18 09:53:38,495 - sqlalchemy.engine.Engine - INFO - SELECT admins.id, admins.username, admins.password_hash, admins.created_at 
FROM admins 
WHERE admins.username = $1::VARCHAR
2026-02-18 09:53:38,495 - sqlalchemy.engine.Engine - INFO - [cached since 22.21s ago] ('zhura2296@yandex.ru',)
2026-02-18 09:53:38,496 - sqlalchemy.engine.Engine - INFO - SELECT installers.id AS installers_id, installers.full_name AS installers_full_name, installers.nickname AS installers_nickname, installers.phone AS installers_phone, installers.backup_phone AS installers_backup_phone, installers.specialization AS installers_specialization, installers.rating AS installers_rating, installers.base_price AS installers_base_price, installers.is_debtor AS installers_is_debtor, installers.comments AS installers_comments, installers.is_active AS installers_is_active, installers.is_in_funnel AS installers_is_in_funnel, installers.total_orders AS installers_total_orders, installers.poor_work_count AS installers_poor_work_count, installers.warranty_visits_count AS installers_warranty_visits_count, installers.last_incident_date AS installers_last_incident_date, installers.updated_at AS installers_updated_at, installers.created_at AS installers_created_at, installers.deleted_at AS installers_deleted_at 
FROM installers 
WHERE installers.id IN ($1::INTEGER)
2026-02-18 09:53:38,496 - sqlalchemy.engine.Engine - INFO - [cached since 5.896s ago] (1,)
2026-02-18 09:53:38,497 - sqlalchemy.engine.Engine - INFO - SELECT finance.order_id AS finance_order_id, finance.id AS finance_id, finance.purchase_price AS finance_purchase_price, finance.sale_price_client AS finance_sale_price_client, finance.installer_pay AS finance_installer_pay, finance.my_commission AS finance_my_commission, finance.profit AS finance_profit, finance.margin AS finance_margin, finance.profit_percent AS finance_profit_percent, finance.payment_state AS finance_payment_state, finance.installer_returned_money AS finance_installer_returned_money, finance.updated_at AS finance_updated_at, finance.created_at AS finance_created_at 
FROM finance 
WHERE finance.order_id IN ($1::INTEGER)
2026-02-18 09:53:38,497 - sqlalchemy.engine.Engine - INFO - [cached since 5.895s ago] (10,)
2026-02-18 09:53:38,498 - sqlalchemy.engine.Engine - INFO - SELECT installers.id, installers.full_name, installers.nickname, installers.phone, installers.backup_phone, installers.specialization, installers.rating, installers.base_price, installers.is_debtor, installers.comments, installers.is_active, installers.is_in_funnel, installers.total_orders, installers.poor_work_count, installers.warranty_visits_count, installers.last_incident_date, installers.updated_at, installers.created_at, installers.deleted_at 
FROM installers 
WHERE installers.deleted_at IS NULL 
 LIMIT $1::INTEGER OFFSET $2::INTEGER
2026-02-18 09:53:38,498 - sqlalchemy.engine.Engine - INFO - [cached since 21.88s ago] (100, 0)
2026-02-18 09:53:38,499 - sqlalchemy.engine.Engine - INFO - SELECT clients.id AS clients_id, clients.full_name AS clients_full_name, clients.phone AS clients_phone, clients.address AS clients_address, clients.coordinates AS clients_coordinates, clients.created_at AS clients_created_at, clients.last_contact AS clients_last_contact, clients.comments AS clients_comments, clients.updated_at AS clients_updated_at, clients.backup_phone AS clients_backup_phone, clients.deleted_at AS clients_deleted_at 
FROM clients 
WHERE clients.id IN ($1::INTEGER)
2026-02-18 09:53:38,499 - sqlalchemy.engine.Engine - INFO - [cached since 5.894s ago] (13,)
2026-02-18 09:53:38,500 - sqlalchemy.engine.Engine - INFO - ROLLBACK
2026-02-18 09:53:38,501 - sqlalchemy.engine.Engine - INFO - ROLLBACK
2026-02-18 09:53:38,501 - sqlalchemy.engine.Engine - INFO - BEGIN (implicit)
2026-02-18 09:53:38,502 - sqlalchemy.engine.Engine - INFO - SELECT orders.id, orders.client_id, orders.installer_id, orders.status, orders.service_type, orders.warehouse, orders.service_datetime, orders.delivery_datetime, orders.promise, orders.marker_color, orders.address_id, orders.address_text, orders.created_at, orders.updated_at 
FROM orders 
WHERE orders.id = $1::INTEGER
2026-02-18 09:53:38,502 - sqlalchemy.engine.Engine - INFO - [cached since 0.008749s ago] (10,)
2026-02-18 09:53:38,507 - sqlalchemy.engine.Engine - INFO - SELECT installers.id AS installers_id, installers.full_name AS installers_full_name, installers.nickname AS installers_nickname, installers.phone AS installers_phone, installers.backup_phone AS installers_backup_phone, installers.specialization AS installers_specialization, installers.rating AS installers_rating, installers.base_price AS installers_base_price, installers.is_debtor AS installers_is_debtor, installers.comments AS installers_comments, installers.is_active AS installers_is_active, installers.is_in_funnel AS installers_is_in_funnel, installers.total_orders AS installers_total_orders, installers.poor_work_count AS installers_poor_work_count, installers.warranty_visits_count AS installers_warranty_visits_count, installers.last_incident_date AS installers_last_incident_date, installers.updated_at AS installers_updated_at, installers.created_at AS installers_created_at, installers.deleted_at AS installers_deleted_at 
FROM installers 
WHERE installers.id IN ($1::INTEGER)
2026-02-18 09:53:38,507 - sqlalchemy.engine.Engine - INFO - [cached since 5.906s ago] (1,)
2026-02-18 09:53:38,508 - sqlalchemy.engine.Engine - INFO - SELECT finance.order_id AS finance_order_id, finance.id AS finance_id, finance.purchase_price AS finance_purchase_price, finance.sale_price_client AS finance_sale_price_client, finance.installer_pay AS finance_installer_pay, finance.my_commission AS finance_my_commission, finance.profit AS finance_profit, finance.margin AS finance_margin, finance.profit_percent AS finance_profit_percent, finance.payment_state AS finance_payment_state, finance.installer_returned_money AS finance_installer_returned_money, finance.updated_at AS finance_updated_at, finance.created_at AS finance_created_at 
FROM finance 
WHERE finance.order_id IN ($1::INTEGER)
2026-02-18 09:53:38,508 - sqlalchemy.engine.Engine - INFO - [cached since 5.905s ago] (10,)
2026-02-18 09:53:38,509 - sqlalchemy.engine.Engine - INFO - SELECT clients.id AS clients_id, clients.full_name AS clients_full_name, clients.phone AS clients_phone, clients.address AS clients_address, clients.coordinates AS clients_coordinates, clients.created_at AS clients_created_at, clients.last_contact AS clients_last_contact, clients.comments AS clients_comments, clients.updated_at AS clients_updated_at, clients.backup_phone AS clients_backup_phone, clients.deleted_at AS clients_deleted_at 
FROM clients 
WHERE clients.id IN ($1::INTEGER)
2026-02-18 09:53:38,509 - sqlalchemy.engine.Engine - INFO - [cached since 5.904s ago] (13,)
2026-02-18 09:53:38,510 - sqlalchemy.engine.Engine - INFO - ROLLBACK
2026-02-18 09:53:41,538 - sqlalchemy.engine.Engine - INFO - BEGIN (implicit)
2026-02-18 09:53:41,538 - sqlalchemy.engine.Engine - INFO - SELECT orders.id, orders.client_id, orders.installer_id, orders.status, orders.service_type, orders.warehouse, orders.service_datetime, orders.delivery_datetime, orders.promise, orders.marker_color, orders.address_id, orders.address_text, orders.created_at, orders.updated_at 
FROM orders 
 LIMIT $1::INTEGER OFFSET $2::INTEGER
2026-02-18 09:53:41,539 - sqlalchemy.engine.Engine - INFO - [cached since 8.942s ago] (100, 0)
2026-02-18 09:53:41,541 - sqlalchemy.engine.Engine - INFO - SELECT installers.id AS installers_id, installers.full_name AS installers_full_name, installers.nickname AS installers_nickname, installers.phone AS installers_phone, installers.backup_phone AS installers_backup_phone, installers.specialization AS installers_specialization, installers.rating AS installers_rating, installers.base_price AS installers_base_price, installers.is_debtor AS installers_is_debtor, installers.comments AS installers_comments, installers.is_active AS installers_is_active, installers.is_in_funnel AS installers_is_in_funnel, installers.total_orders AS installers_total_orders, installers.poor_work_count AS installers_poor_work_count, installers.warranty_visits_count AS installers_warranty_visits_count, installers.last_incident_date AS installers_last_incident_date, installers.updated_at AS installers_updated_at, installers.created_at AS installers_created_at, installers.deleted_at AS installers_deleted_at 
FROM installers 
WHERE installers.id IN ($1::INTEGER)
2026-02-18 09:53:41,541 - sqlalchemy.engine.Engine - INFO - [cached since 8.94s ago] (1,)
2026-02-18 09:53:41,542 - sqlalchemy.engine.Engine - INFO - SELECT finance.order_id AS finance_order_id, finance.id AS finance_id, finance.purchase_price AS finance_purchase_price, finance.sale_price_client AS finance_sale_price_client, finance.installer_pay AS finance_installer_pay, finance.my_commission AS finance_my_commission, finance.profit AS finance_profit, finance.margin AS finance_margin, finance.profit_percent AS finance_profit_percent, finance.payment_state AS finance_payment_state, finance.installer_returned_money AS finance_installer_returned_money, finance.updated_at AS finance_updated_at, finance.created_at AS finance_created_at 
FROM finance 
WHERE finance.order_id IN ($1::INTEGER, $2::INTEGER, $3::INTEGER, $4::INTEGER)
2026-02-18 09:53:41,542 - sqlalchemy.engine.Engine - INFO - [cached since 8.94s ago] (10, 11, 12, 13)
2026-02-18 09:53:41,544 - sqlalchemy.engine.Engine - INFO - SELECT clients.id AS clients_id, clients.full_name AS clients_full_name, clients.phone AS clients_phone, clients.address AS clients_address, clients.coordinates AS clients_coordinates, clients.created_at AS clients_created_at, clients.last_contact AS clients_last_contact, clients.comments AS clients_comments, clients.updated_at AS clients_updated_at, clients.backup_phone AS clients_backup_phone, clients.deleted_at AS clients_deleted_at 
FROM clients 
WHERE clients.id IN ($1::INTEGER, $2::INTEGER, $3::INTEGER, $4::INTEGER)
2026-02-18 09:53:41,544 - sqlalchemy.engine.Engine - INFO - [cached since 8.939s ago] (13, 14, 15, 16)
2026-02-18 09:53:41,546 - sqlalchemy.engine.Engine - INFO - ROLLBACK
2026-02-18 09:53:41,547 - sqlalchemy.engine.Engine - INFO - BEGIN (implicit)
2026-02-18 09:53:41,547 - sqlalchemy.engine.Engine - INFO - SELECT orders.id, orders.client_id, orders.installer_id, orders.status, orders.service_type, orders.warehouse, orders.service_datetime, orders.delivery_datetime, orders.promise, orders.marker_color, orders.address_id, orders.address_text, orders.created_at, orders.updated_at 
FROM orders 
 LIMIT $1::INTEGER OFFSET $2::INTEGER
2026-02-18 09:53:41,547 - sqlalchemy.engine.Engine - INFO - [cached since 8.95s ago] (100, 0)
2026-02-18 09:53:41,549 - sqlalchemy.engine.Engine - INFO - SELECT installers.id AS installers_id, installers.full_name AS installers_full_name, installers.nickname AS installers_nickname, installers.phone AS installers_phone, installers.backup_phone AS installers_backup_phone, installers.specialization AS installers_specialization, installers.rating AS installers_rating, installers.base_price AS installers_base_price, installers.is_debtor AS installers_is_debtor, installers.comments AS installers_comments, installers.is_active AS installers_is_active, installers.is_in_funnel AS installers_is_in_funnel, installers.total_orders AS installers_total_orders, installers.poor_work_count AS installers_poor_work_count, installers.warranty_visits_count AS installers_warranty_visits_count, installers.last_incident_date AS installers_last_incident_date, installers.updated_at AS installers_updated_at, installers.created_at AS installers_created_at, installers.deleted_at AS installers_deleted_at 
FROM installers 
WHERE installers.id IN ($1::INTEGER)
2026-02-18 09:53:41,549 - sqlalchemy.engine.Engine - INFO - [cached since 8.949s ago] (1,)
2026-02-18 09:53:41,550 - sqlalchemy.engine.Engine - INFO - SELECT finance.order_id AS finance_order_id, finance.id AS finance_id, finance.purchase_price AS finance_purchase_price, finance.sale_price_client AS finance_sale_price_client, finance.installer_pay AS finance_installer_pay, finance.my_commission AS finance_my_commission, finance.profit AS finance_profit, finance.margin AS finance_margin, finance.profit_percent AS finance_profit_percent, finance.payment_state AS finance_payment_state, finance.installer_returned_money AS finance_installer_returned_money, finance.updated_at AS finance_updated_at, finance.created_at AS finance_created_at 
FROM finance 
WHERE finance.order_id IN ($1::INTEGER, $2::INTEGER, $3::INTEGER, $4::INTEGER)
2026-02-18 09:53:41,551 - sqlalchemy.engine.Engine - INFO - [cached since 8.948s ago] (10, 11, 12, 13)
2026-02-18 09:53:41,552 - sqlalchemy.engine.Engine - INFO - SELECT clients.id AS clients_id, clients.full_name AS clients_full_name, clients.phone AS clients_phone, clients.address AS clients_address, clients.coordinates AS clients_coordinates, clients.created_at AS clients_created_at, clients.last_contact AS clients_last_contact, clients.comments AS clients_comments, clients.updated_at AS clients_updated_at, clients.backup_phone AS clients_backup_phone, clients.deleted_at AS clients_deleted_at 
FROM clients 
WHERE clients.id IN ($1::INTEGER, $2::INTEGER, $3::INTEGER, $4::INTEGER)
2026-02-18 09:53:41,552 - sqlalchemy.engine.Engine - INFO - [cached since 8.947s ago] (13, 14, 15, 16)
2026-02-18 09:53:41,553 - sqlalchemy.engine.Engine - INFO - ROLLBACK
2026-02-18 09:53:42,670 - sqlalchemy.engine.Engine - INFO - BEGIN (implicit)
2026-02-18 09:53:42,671 - sqlalchemy.engine.Engine - INFO - SELECT admins.id, admins.username, admins.password_hash, admins.created_at 
FROM admins 
WHERE admins.username = $1::VARCHAR
2026-02-18 09:53:42,671 - sqlalchemy.engine.Engine - INFO - [cached since 26.39s ago] ('zhura2296@yandex.ru',)
2026-02-18 09:53:42,673 - sqlalchemy.engine.Engine - INFO - SELECT installers.id, installers.full_name, installers.nickname, installers.phone, installers.backup_phone, installers.specialization, installers.rating, installers.base_price, installers.is_debtor, installers.comments, installers.is_active, installers.is_in_funnel, installers.total_orders, installers.poor_work_count, installers.warranty_visits_count, installers.last_incident_date, installers.updated_at, installers.created_at, installers.deleted_at 
FROM installers 
WHERE installers.deleted_at IS NULL 
 LIMIT $1::INTEGER OFFSET $2::INTEGER
2026-02-18 09:53:42,673 - sqlalchemy.engine.Engine - INFO - [cached since 26.06s ago] (100, 0)
2026-02-18 09:53:42,675 - sqlalchemy.engine.Engine - INFO - BEGIN (implicit)
2026-02-18 09:53:42,675 - sqlalchemy.engine.Engine - INFO - SELECT orders.id, orders.client_id, orders.installer_id, orders.status, orders.service_type, orders.warehouse, orders.service_datetime, orders.delivery_datetime, orders.promise, orders.marker_color, orders.address_id, orders.address_text, orders.created_at, orders.updated_at 
FROM orders 
WHERE orders.id = $1::INTEGER
2026-02-18 09:53:42,675 - sqlalchemy.engine.Engine - INFO - [cached since 4.182s ago] (11,)
2026-02-18 09:53:42,676 - sqlalchemy.engine.Engine - INFO - ROLLBACK
2026-02-18 09:53:42,677 - sqlalchemy.engine.Engine - INFO - BEGIN (implicit)
2026-02-18 09:53:42,677 - sqlalchemy.engine.Engine - INFO - SELECT admins.id, admins.username, admins.password_hash, admins.created_at 
FROM admins 
WHERE admins.username = $1::VARCHAR
2026-02-18 09:53:42,677 - sqlalchemy.engine.Engine - INFO - [cached since 26.39s ago] ('zhura2296@yandex.ru',)
2026-02-18 09:53:42,678 - sqlalchemy.engine.Engine - INFO - SELECT finance.order_id AS finance_order_id, finance.id AS finance_id, finance.purchase_price AS finance_purchase_price, finance.sale_price_client AS finance_sale_price_client, finance.installer_pay AS finance_installer_pay, finance.my_commission AS finance_my_commission, finance.profit AS finance_profit, finance.margin AS finance_margin, finance.profit_percent AS finance_profit_percent, finance.payment_state AS finance_payment_state, finance.installer_returned_money AS finance_installer_returned_money, finance.updated_at AS finance_updated_at, finance.created_at AS finance_created_at 
FROM finance 
WHERE finance.order_id IN ($1::INTEGER)
2026-02-18 09:53:42,678 - sqlalchemy.engine.Engine - INFO - [cached since 10.08s ago] (11,)
2026-02-18 09:53:42,679 - sqlalchemy.engine.Engine - INFO - SELECT installers.id, installers.full_name, installers.nickname, installers.phone, installers.backup_phone, installers.specialization, installers.rating, installers.base_price, installers.is_debtor, installers.comments, installers.is_active, installers.is_in_funnel, installers.total_orders, installers.poor_work_count, installers.warranty_visits_count, installers.last_incident_date, installers.updated_at, installers.created_at, installers.deleted_at 
FROM installers 
WHERE installers.deleted_at IS NULL 
 LIMIT $1::INTEGER OFFSET $2::INTEGER
2026-02-18 09:53:42,679 - sqlalchemy.engine.Engine - INFO - [cached since 26.06s ago] (100, 0)
2026-02-18 09:53:42,680 - sqlalchemy.engine.Engine - INFO - SELECT clients.id AS clients_id, clients.full_name AS clients_full_name, clients.phone AS clients_phone, clients.address AS clients_address, clients.coordinates AS clients_coordinates, clients.created_at AS clients_created_at, clients.last_contact AS clients_last_contact, clients.comments AS clients_comments, clients.updated_at AS clients_updated_at, clients.backup_phone AS clients_backup_phone, clients.deleted_at AS clients_deleted_at 
FROM clients 
WHERE clients.id IN ($1::INTEGER)
2026-02-18 09:53:42,680 - sqlalchemy.engine.Engine - INFO - [cached since 10.08s ago] (14,)
2026-02-18 09:53:42,681 - sqlalchemy.engine.Engine - INFO - ROLLBACK
2026-02-18 09:53:42,682 - sqlalchemy.engine.Engine - INFO - ROLLBACK
2026-02-18 09:53:42,683 - sqlalchemy.engine.Engine - INFO - BEGIN (implicit)
2026-02-18 09:53:42,683 - sqlalchemy.engine.Engine - INFO - SELECT orders.id, orders.client_id, orders.installer_id, orders.status, orders.service_type, orders.warehouse, orders.service_datetime, orders.delivery_datetime, orders.promise, orders.marker_color, orders.address_id, orders.address_text, orders.created_at, orders.updated_at 
FROM orders 
WHERE orders.id = $1::INTEGER
2026-02-18 09:53:42,683 - sqlalchemy.engine.Engine - INFO - [cached since 4.19s ago] (11,)
2026-02-18 09:53:42,684 - sqlalchemy.engine.Engine - INFO - SELECT finance.order_id AS finance_order_id, finance.id AS finance_id, finance.purchase_price AS finance_purchase_price, finance.sale_price_client AS finance_sale_price_client, finance.installer_pay AS finance_installer_pay, finance.my_commission AS finance_my_commission, finance.profit AS finance_profit, finance.margin AS finance_margin, finance.profit_percent AS finance_profit_percent, finance.payment_state AS finance_payment_state, finance.installer_returned_money AS finance_installer_returned_money, finance.updated_at AS finance_updated_at, finance.created_at AS finance_created_at 
FROM finance 
WHERE finance.order_id IN ($1::INTEGER)
2026-02-18 09:53:42,684 - sqlalchemy.engine.Engine - INFO - [cached since 10.08s ago] (11,)
2026-02-18 09:53:42,685 - sqlalchemy.engine.Engine - INFO - SELECT clients.id AS clients_id, clients.full_name AS clients_full_name, clients.phone AS clients_phone, clients.address AS clients_address, clients.coordinates AS clients_coordinates, clients.created_at AS clients_created_at, clients.last_contact AS clients_last_contact, clients.comments AS clients_comments, clients.updated_at AS clients_updated_at, clients.backup_phone AS clients_backup_phone, clients.deleted_at AS clients_deleted_at 
FROM clients 
WHERE clients.id IN ($1::INTEGER)
2026-02-18 09:53:42,685 - sqlalchemy.engine.Engine - INFO - [cached since 10.08s ago] (14,)
2026-02-18 09:53:42,686 - sqlalchemy.engine.Engine - INFO - ROLLBACK
2026-02-18 09:53:44,402 - sqlalchemy.engine.Engine - INFO - BEGIN (implicit)
2026-02-18 09:53:44,404 - sqlalchemy.engine.Engine - INFO - SELECT orders.id, orders.client_id, orders.installer_id, orders.status, orders.service_type, orders.warehouse, orders.service_datetime, orders.delivery_datetime, orders.promise, orders.marker_color, orders.address_id, orders.address_text, orders.created_at, orders.updated_at 
FROM orders 
 LIMIT $1::INTEGER OFFSET $2::INTEGER
2026-02-18 09:53:44,404 - sqlalchemy.engine.Engine - INFO - [cached since 11.81s ago] (100, 0)
2026-02-18 09:53:44,406 - sqlalchemy.engine.Engine - INFO - SELECT installers.id AS installers_id, installers.full_name AS installers_full_name, installers.nickname AS installers_nickname, installers.phone AS installers_phone, installers.backup_phone AS installers_backup_phone, installers.specialization AS installers_specialization, installers.rating AS installers_rating, installers.base_price AS installers_base_price, installers.is_debtor AS installers_is_debtor, installers.comments AS installers_comments, installers.is_active AS installers_is_active, installers.is_in_funnel AS installers_is_in_funnel, installers.total_orders AS installers_total_orders, installers.poor_work_count AS installers_poor_work_count, installers.warranty_visits_count AS installers_warranty_visits_count, installers.last_incident_date AS installers_last_incident_date, installers.updated_at AS installers_updated_at, installers.created_at AS installers_created_at, installers.deleted_at AS installers_deleted_at 
FROM installers 
WHERE installers.id IN ($1::INTEGER)
2026-02-18 09:53:44,407 - sqlalchemy.engine.Engine - INFO - [cached since 11.81s ago] (1,)
2026-02-18 09:53:44,408 - sqlalchemy.engine.Engine - INFO - SELECT finance.order_id AS finance_order_id, finance.id AS finance_id, finance.purchase_price AS finance_purchase_price, finance.sale_price_client AS finance_sale_price_client, finance.installer_pay AS finance_installer_pay, finance.my_commission AS finance_my_commission, finance.profit AS finance_profit, finance.margin AS finance_margin, finance.profit_percent AS finance_profit_percent, finance.payment_state AS finance_payment_state, finance.installer_returned_money AS finance_installer_returned_money, finance.updated_at AS finance_updated_at, finance.created_at AS finance_created_at 
FROM finance 
WHERE finance.order_id IN ($1::INTEGER, $2::INTEGER, $3::INTEGER, $4::INTEGER)
2026-02-18 09:53:44,408 - sqlalchemy.engine.Engine - INFO - [cached since 11.81s ago] (10, 11, 12, 13)
2026-02-18 09:53:44,412 - sqlalchemy.engine.Engine - INFO - SELECT clients.id AS clients_id, clients.full_name AS clients_full_name, clients.phone AS clients_phone, clients.address AS clients_address, clients.coordinates AS clients_coordinates, clients.created_at AS clients_created_at, clients.last_contact AS clients_last_contact, clients.comments AS clients_comments, clients.updated_at AS clients_updated_at, clients.backup_phone AS clients_backup_phone, clients.deleted_at AS clients_deleted_at 
FROM clients 
WHERE clients.id IN ($1::INTEGER, $2::INTEGER, $3::INTEGER, $4::INTEGER)
2026-02-18 09:53:44,412 - sqlalchemy.engine.Engine - INFO - [cached since 11.81s ago] (13, 14, 15, 16)
2026-02-18 09:53:44,414 - sqlalchemy.engine.Engine - INFO - ROLLBACK
2026-02-18 09:53:44,415 - sqlalchemy.engine.Engine - INFO - BEGIN (implicit)
2026-02-18 09:53:44,415 - sqlalchemy.engine.Engine - INFO - SELECT orders.id, orders.client_id, orders.installer_id, orders.status, orders.service_type, orders.warehouse, orders.service_datetime, orders.delivery_datetime, orders.promise, orders.marker_color, orders.address_id, orders.address_text, orders.created_at, orders.updated_at 
FROM orders 
 LIMIT $1::INTEGER OFFSET $2::INTEGER
2026-02-18 09:53:44,416 - sqlalchemy.engine.Engine - INFO - [cached since 11.82s ago] (100, 0)
2026-02-18 09:53:44,417 - sqlalchemy.engine.Engine - INFO - SELECT installers.id AS installers_id, installers.full_name AS installers_full_name, installers.nickname AS installers_nickname, installers.phone AS installers_phone, installers.backup_phone AS installers_backup_phone, installers.specialization AS installers_specialization, installers.rating AS installers_rating, installers.base_price AS installers_base_price, installers.is_debtor AS installers_is_debtor, installers.comments AS installers_comments, installers.is_active AS installers_is_active, installers.is_in_funnel AS installers_is_in_funnel, installers.total_orders AS installers_total_orders, installers.poor_work_count AS installers_poor_work_count, installers.warranty_visits_count AS installers_warranty_visits_count, installers.last_incident_date AS installers_last_incident_date, installers.updated_at AS installers_updated_at, installers.created_at AS installers_created_at, installers.deleted_at AS installers_deleted_at 
FROM installers 
WHERE installers.id IN ($1::INTEGER)
2026-02-18 09:53:44,418 - sqlalchemy.engine.Engine - INFO - [cached since 11.82s ago] (1,)
2026-02-18 09:53:44,418 - sqlalchemy.engine.Engine - INFO - SELECT finance.order_id AS finance_order_id, finance.id AS finance_id, finance.purchase_price AS finance_purchase_price, finance.sale_price_client AS finance_sale_price_client, finance.installer_pay AS finance_installer_pay, finance.my_commission AS finance_my_commission, finance.profit AS finance_profit, finance.margin AS finance_margin, finance.profit_percent AS finance_profit_percent, finance.payment_state AS finance_payment_state, finance.installer_returned_money AS finance_installer_returned_money, finance.updated_at AS finance_updated_at, finance.created_at AS finance_created_at 
FROM finance 
WHERE finance.order_id IN ($1::INTEGER, $2::INTEGER, $3::INTEGER, $4::INTEGER)
2026-02-18 09:53:44,418 - sqlalchemy.engine.Engine - INFO - [cached since 11.82s ago] (10, 11, 12, 13)
2026-02-18 09:53:44,419 - sqlalchemy.engine.Engine - INFO - SELECT clients.id AS clients_id, clients.full_name AS clients_full_name, clients.phone AS clients_phone, clients.address AS clients_address, clients.coordinates AS clients_coordinates, clients.created_at AS clients_created_at, clients.last_contact AS clients_last_contact, clients.comments AS clients_comments, clients.updated_at AS clients_updated_at, clients.backup_phone AS clients_backup_phone, clients.deleted_at AS clients_deleted_at 
FROM clients 
WHERE clients.id IN ($1::INTEGER, $2::INTEGER, $3::INTEGER, $4::INTEGER)
2026-02-18 09:53:44,419 - sqlalchemy.engine.Engine - INFO - [cached since 11.81s ago] (13, 14, 15, 16)
2026-02-18 09:53:44,420 - sqlalchemy.engine.Engine - INFO - ROLLBACK
2026-02-18 09:53:45,248 - sqlalchemy.engine.Engine - INFO - BEGIN (implicit)
2026-02-18 09:53:45,249 - sqlalchemy.engine.Engine - INFO - SELECT admins.id, admins.username, admins.password_hash, admins.created_at 
FROM admins 
WHERE admins.username = $1::VARCHAR
2026-02-18 09:53:45,249 - sqlalchemy.engine.Engine - INFO - [cached since 28.97s ago] ('zhura2296@yandex.ru',)
2026-02-18 09:53:45,250 - sqlalchemy.engine.Engine - INFO - SELECT installers.id, installers.full_name, installers.nickname, installers.phone, installers.backup_phone, installers.specialization, installers.rating, installers.base_price, installers.is_debtor, installers.comments, installers.is_active, installers.is_in_funnel, installers.total_orders, installers.poor_work_count, installers.warranty_visits_count, installers.last_incident_date, installers.updated_at, installers.created_at, installers.deleted_at 
FROM installers 
WHERE installers.deleted_at IS NULL 
 LIMIT $1::INTEGER OFFSET $2::INTEGER
2026-02-18 09:53:45,250 - sqlalchemy.engine.Engine - INFO - [cached since 28.64s ago] (100, 0)
2026-02-18 09:53:45,252 - sqlalchemy.engine.Engine - INFO - BEGIN (implicit)
2026-02-18 09:53:45,252 - sqlalchemy.engine.Engine - INFO - SELECT orders.id, orders.client_id, orders.installer_id, orders.status, orders.service_type, orders.warehouse, orders.service_datetime, orders.delivery_datetime, orders.promise, orders.marker_color, orders.address_id, orders.address_text, orders.created_at, orders.updated_at 
FROM orders 
WHERE orders.id = $1::INTEGER
2026-02-18 09:53:45,253 - sqlalchemy.engine.Engine - INFO - [cached since 6.76s ago] (13,)
2026-02-18 09:53:45,254 - sqlalchemy.engine.Engine - INFO - BEGIN (implicit)
2026-02-18 09:53:45,254 - sqlalchemy.engine.Engine - INFO - SELECT admins.id, admins.username, admins.password_hash, admins.created_at 
FROM admins 
WHERE admins.username = $1::VARCHAR
2026-02-18 09:53:45,254 - sqlalchemy.engine.Engine - INFO - [cached since 28.97s ago] ('zhura2296@yandex.ru',)
2026-02-18 09:53:45,254 - sqlalchemy.engine.Engine - INFO - ROLLBACK
2026-02-18 09:53:45,255 - sqlalchemy.engine.Engine - INFO - SELECT finance.order_id AS finance_order_id, finance.id AS finance_id, finance.purchase_price AS finance_purchase_price, finance.sale_price_client AS finance_sale_price_client, finance.installer_pay AS finance_installer_pay, finance.my_commission AS finance_my_commission, finance.profit AS finance_profit, finance.margin AS finance_margin, finance.profit_percent AS finance_profit_percent, finance.payment_state AS finance_payment_state, finance.installer_returned_money AS finance_installer_returned_money, finance.updated_at AS finance_updated_at, finance.created_at AS finance_created_at 
FROM finance 
WHERE finance.order_id IN ($1::INTEGER)
2026-02-18 09:53:45,256 - sqlalchemy.engine.Engine - INFO - [cached since 12.65s ago] (13,)
2026-02-18 09:53:45,256 - sqlalchemy.engine.Engine - INFO - SELECT installers.id, installers.full_name, installers.nickname, installers.phone, installers.backup_phone, installers.specialization, installers.rating, installers.base_price, installers.is_debtor, installers.comments, installers.is_active, installers.is_in_funnel, installers.total_orders, installers.poor_work_count, installers.warranty_visits_count, installers.last_incident_date, installers.updated_at, installers.created_at, installers.deleted_at 
FROM installers 
WHERE installers.deleted_at IS NULL 
 LIMIT $1::INTEGER OFFSET $2::INTEGER
2026-02-18 09:53:45,256 - sqlalchemy.engine.Engine - INFO - [cached since 28.64s ago] (100, 0)
2026-02-18 09:53:45,257 - sqlalchemy.engine.Engine - INFO - SELECT clients.id AS clients_id, clients.full_name AS clients_full_name, clients.phone AS clients_phone, clients.address AS clients_address, clients.coordinates AS clients_coordinates, clients.created_at AS clients_created_at, clients.last_contact AS clients_last_contact, clients.comments AS clients_comments, clients.updated_at AS clients_updated_at, clients.backup_phone AS clients_backup_phone, clients.deleted_at AS clients_deleted_at 
FROM clients 
WHERE clients.id IN ($1::INTEGER)
2026-02-18 09:53:45,257 - sqlalchemy.engine.Engine - INFO - [cached since 12.65s ago] (16,)
2026-02-18 09:53:45,259 - sqlalchemy.engine.Engine - INFO - ROLLBACK
2026-02-18 09:53:45,259 - sqlalchemy.engine.Engine - INFO - ROLLBACK
2026-02-18 09:53:45,260 - sqlalchemy.engine.Engine - INFO - BEGIN (implicit)
2026-02-18 09:53:45,261 - sqlalchemy.engine.Engine - INFO - SELECT orders.id, orders.client_id, orders.installer_id, orders.status, orders.service_type, orders.warehouse, orders.service_datetime, orders.delivery_datetime, orders.promise, orders.marker_color, orders.address_id, orders.address_text, orders.created_at, orders.updated_at 
FROM orders 
WHERE orders.id = $1::INTEGER
2026-02-18 09:53:45,261 - sqlalchemy.engine.Engine - INFO - [cached since 6.768s ago] (13,)
2026-02-18 09:53:45,262 - sqlalchemy.engine.Engine - INFO - SELECT finance.order_id AS finance_order_id, finance.id AS finance_id, finance.purchase_price AS finance_purchase_price, finance.sale_price_client AS finance_sale_price_client, finance.installer_pay AS finance_installer_pay, finance.my_commission AS finance_my_commission, finance.profit AS finance_profit, finance.margin AS finance_margin, finance.profit_percent AS finance_profit_percent, finance.payment_state AS finance_payment_state, finance.installer_returned_money AS finance_installer_returned_money, finance.updated_at AS finance_updated_at, finance.created_at AS finance_created_at 
FROM finance 
WHERE finance.order_id IN ($1::INTEGER)
2026-02-18 09:53:45,262 - sqlalchemy.engine.Engine - INFO - [cached since 12.66s ago] (13,)
2026-02-18 09:53:45,263 - sqlalchemy.engine.Engine - INFO - SELECT clients.id AS clients_id, clients.full_name AS clients_full_name, clients.phone AS clients_phone, clients.address AS clients_address, clients.coordinates AS clients_coordinates, clients.created_at AS clients_created_at, clients.last_contact AS clients_last_contact, clients.comments AS clients_comments, clients.updated_at AS clients_updated_at, clients.backup_phone AS clients_backup_phone, clients.deleted_at AS clients_deleted_at 
FROM clients 
WHERE clients.id IN ($1::INTEGER)
2026-02-18 09:53:45,263 - sqlalchemy.engine.Engine - INFO - [cached since 12.66s ago] (16,)
2026-02-18 09:53:45,264 - sqlalchemy.engine.Engine - INFO - ROLLBACK
2026-02-18 09:54:48,895 - sqlalchemy.engine.Engine - INFO - BEGIN (implicit)
2026-02-18 09:54:48,895 - sqlalchemy.engine.Engine - INFO - SELECT orders.id, orders.client_id, orders.installer_id, orders.status, orders.service_type, orders.warehouse, orders.service_datetime, orders.delivery_datetime, orders.promise, orders.marker_color, orders.address_id, orders.address_text, orders.created_at, orders.updated_at 
FROM orders 
 LIMIT $1::INTEGER OFFSET $2::INTEGER
2026-02-18 09:54:48,896 - sqlalchemy.engine.Engine - INFO - [cached since 76.3s ago] (100, 0)
2026-02-18 09:54:48,898 - sqlalchemy.engine.Engine - INFO - SELECT installers.id AS installers_id, installers.full_name AS installers_full_name, installers.nickname AS installers_nickname, installers.phone AS installers_phone, installers.backup_phone AS installers_backup_phone, installers.specialization AS installers_specialization, installers.rating AS installers_rating, installers.base_price AS installers_base_price, installers.is_debtor AS installers_is_debtor, installers.comments AS installers_comments, installers.is_active AS installers_is_active, installers.is_in_funnel AS installers_is_in_funnel, installers.total_orders AS installers_total_orders, installers.poor_work_count AS installers_poor_work_count, installers.warranty_visits_count AS installers_warranty_visits_count, installers.last_incident_date AS installers_last_incident_date, installers.updated_at AS installers_updated_at, installers.created_at AS installers_created_at, installers.deleted_at AS installers_deleted_at 
FROM installers 
WHERE installers.id IN ($1::INTEGER)
2026-02-18 09:54:48,898 - sqlalchemy.engine.Engine - INFO - [cached since 76.3s ago] (1,)
2026-02-18 09:54:48,899 - sqlalchemy.engine.Engine - INFO - SELECT finance.order_id AS finance_order_id, finance.id AS finance_id, finance.purchase_price AS finance_purchase_price, finance.sale_price_client AS finance_sale_price_client, finance.installer_pay AS finance_installer_pay, finance.my_commission AS finance_my_commission, finance.profit AS finance_profit, finance.margin AS finance_margin, finance.profit_percent AS finance_profit_percent, finance.payment_state AS finance_payment_state, finance.installer_returned_money AS finance_installer_returned_money, finance.updated_at AS finance_updated_at, finance.created_at AS finance_created_at 
FROM finance 
WHERE finance.order_id IN ($1::INTEGER, $2::INTEGER, $3::INTEGER, $4::INTEGER)
2026-02-18 09:54:48,900 - sqlalchemy.engine.Engine - INFO - [cached since 76.3s ago] (10, 11, 12, 13)
2026-02-18 09:54:48,901 - sqlalchemy.engine.Engine - INFO - SELECT clients.id AS clients_id, clients.full_name AS clients_full_name, clients.phone AS clients_phone, clients.address AS clients_address, clients.coordinates AS clients_coordinates, clients.created_at AS clients_created_at, clients.last_contact AS clients_last_contact, clients.comments AS clients_comments, clients.updated_at AS clients_updated_at, clients.backup_phone AS clients_backup_phone, clients.deleted_at AS clients_deleted_at 
FROM clients 
WHERE clients.id IN ($1::INTEGER, $2::INTEGER, $3::INTEGER, $4::INTEGER)
2026-02-18 09:54:48,901 - sqlalchemy.engine.Engine - INFO - [cached since 76.3s ago] (13, 14, 15, 16)
2026-02-18 09:54:48,903 - sqlalchemy.engine.Engine - INFO - ROLLBACK
2026-02-18 09:54:48,904 - sqlalchemy.engine.Engine - INFO - BEGIN (implicit)
2026-02-18 09:54:48,905 - sqlalchemy.engine.Engine - INFO - SELECT orders.id, orders.client_id, orders.installer_id, orders.status, orders.service_type, orders.warehouse, orders.service_datetime, orders.delivery_datetime, orders.promise, orders.marker_color, orders.address_id, orders.address_text, orders.created_at, orders.updated_at 
FROM orders 
 LIMIT $1::INTEGER OFFSET $2::INTEGER
2026-02-18 09:54:48,905 - sqlalchemy.engine.Engine - INFO - [cached since 76.31s ago] (100, 0)
2026-02-18 09:54:48,906 - sqlalchemy.engine.Engine - INFO - SELECT installers.id AS installers_id, installers.full_name AS installers_full_name, installers.nickname AS installers_nickname, installers.phone AS installers_phone, installers.backup_phone AS installers_backup_phone, installers.specialization AS installers_specialization, installers.rating AS installers_rating, installers.base_price AS installers_base_price, installers.is_debtor AS installers_is_debtor, installers.comments AS installers_comments, installers.is_active AS installers_is_active, installers.is_in_funnel AS installers_is_in_funnel, installers.total_orders AS installers_total_orders, installers.poor_work_count AS installers_poor_work_count, installers.warranty_visits_count AS installers_warranty_visits_count, installers.last_incident_date AS installers_last_incident_date, installers.updated_at AS installers_updated_at, installers.created_at AS installers_created_at, installers.deleted_at AS installers_deleted_at 
FROM installers 
WHERE installers.id IN ($1::INTEGER)
2026-02-18 09:54:48,906 - sqlalchemy.engine.Engine - INFO - [cached since 76.31s ago] (1,)
2026-02-18 09:54:48,907 - sqlalchemy.engine.Engine - INFO - SELECT finance.order_id AS finance_order_id, finance.id AS finance_id, finance.purchase_price AS finance_purchase_price, finance.sale_price_client AS finance_sale_price_client, finance.installer_pay AS finance_installer_pay, finance.my_commission AS finance_my_commission, finance.profit AS finance_profit, finance.margin AS finance_margin, finance.profit_percent AS finance_profit_percent, finance.payment_state AS finance_payment_state, finance.installer_returned_money AS finance_installer_returned_money, finance.updated_at AS finance_updated_at, finance.created_at AS finance_created_at 
FROM finance 
WHERE finance.order_id IN ($1::INTEGER, $2::INTEGER, $3::INTEGER, $4::INTEGER)
2026-02-18 09:54:48,907 - sqlalchemy.engine.Engine - INFO - [cached since 76.3s ago] (10, 11, 12, 13)
2026-02-18 09:54:48,908 - sqlalchemy.engine.Engine - INFO - SELECT clients.id AS clients_id, clients.full_name AS clients_full_name, clients.phone AS clients_phone, clients.address AS clients_address, clients.coordinates AS clients_coordinates, clients.created_at AS clients_created_at, clients.last_contact AS clients_last_contact, clients.comments AS clients_comments, clients.updated_at AS clients_updated_at, clients.backup_phone AS clients_backup_phone, clients.deleted_at AS clients_deleted_at 
FROM clients 
WHERE clients.id IN ($1::INTEGER, $2::INTEGER, $3::INTEGER, $4::INTEGER)
2026-02-18 09:54:48,909 - sqlalchemy.engine.Engine - INFO - [cached since 76.3s ago] (13, 14, 15, 16)
2026-02-18 09:54:48,910 - sqlalchemy.engine.Engine - INFO - ROLLBACK
2026-02-18 09:54:52,250 - sqlalchemy.engine.Engine - INFO - BEGIN (implicit)
2026-02-18 09:54:52,250 - sqlalchemy.engine.Engine - INFO - SELECT orders.id, orders.client_id, orders.installer_id, orders.status, orders.service_type, orders.warehouse, orders.service_datetime, orders.delivery_datetime, orders.promise, orders.marker_color, orders.address_id, orders.address_text, orders.created_at, orders.updated_at 
FROM orders 
WHERE orders.id = $1::INTEGER
2026-02-18 09:54:52,250 - sqlalchemy.engine.Engine - INFO - [cached since 73.76s ago] (11,)
2026-02-18 09:54:52,251 - sqlalchemy.engine.Engine - INFO - BEGIN (implicit)
2026-02-18 09:54:52,251 - sqlalchemy.engine.Engine - INFO - SELECT admins.id, admins.username, admins.password_hash, admins.created_at 
FROM admins 
WHERE admins.username = $1::VARCHAR
2026-02-18 09:54:52,251 - sqlalchemy.engine.Engine - INFO - [cached since 95.97s ago] ('zhura2296@yandex.ru',)
2026-02-18 09:54:52,253 - sqlalchemy.engine.Engine - INFO - SELECT installers.id, installers.full_name, installers.nickname, installers.phone, installers.backup_phone, installers.specialization, installers.rating, installers.base_price, installers.is_debtor, installers.comments, installers.is_active, installers.is_in_funnel, installers.total_orders, installers.poor_work_count, installers.warranty_visits_count, installers.last_incident_date, installers.updated_at, installers.created_at, installers.deleted_at 
FROM installers 
WHERE installers.deleted_at IS NULL 
 LIMIT $1::INTEGER OFFSET $2::INTEGER
2026-02-18 09:54:52,253 - sqlalchemy.engine.Engine - INFO - [cached since 95.64s ago] (100, 0)
2026-02-18 09:54:52,254 - sqlalchemy.engine.Engine - INFO - SELECT finance.order_id AS finance_order_id, finance.id AS finance_id, finance.purchase_price AS finance_purchase_price, finance.sale_price_client AS finance_sale_price_client, finance.installer_pay AS finance_installer_pay, finance.my_commission AS finance_my_commission, finance.profit AS finance_profit, finance.margin AS finance_margin, finance.profit_percent AS finance_profit_percent, finance.payment_state AS finance_payment_state, finance.installer_returned_money AS finance_installer_returned_money, finance.updated_at AS finance_updated_at, finance.created_at AS finance_created_at 
FROM finance 
WHERE finance.order_id IN ($1::INTEGER)
2026-02-18 09:54:52,254 - sqlalchemy.engine.Engine - INFO - [cached since 79.65s ago] (11,)
2026-02-18 09:54:52,255 - sqlalchemy.engine.Engine - INFO - SELECT clients.id AS clients_id, clients.full_name AS clients_full_name, clients.phone AS clients_phone, clients.address AS clients_address, clients.coordinates AS clients_coordinates, clients.created_at AS clients_created_at, clients.last_contact AS clients_last_contact, clients.comments AS clients_comments, clients.updated_at AS clients_updated_at, clients.backup_phone AS clients_backup_phone, clients.deleted_at AS clients_deleted_at 
FROM clients 
WHERE clients.id IN ($1::INTEGER)
2026-02-18 09:54:52,255 - sqlalchemy.engine.Engine - INFO - [cached since 79.65s ago] (14,)
2026-02-18 09:54:52,256 - sqlalchemy.engine.Engine - INFO - ROLLBACK
2026-02-18 09:54:52,257 - sqlalchemy.engine.Engine - INFO - BEGIN (implicit)
2026-02-18 09:54:52,257 - sqlalchemy.engine.Engine - INFO - SELECT admins.id, admins.username, admins.password_hash, admins.created_at 
FROM admins 
WHERE admins.username = $1::VARCHAR
2026-02-18 09:54:52,257 - sqlalchemy.engine.Engine - INFO - [cached since 95.97s ago] ('zhura2296@yandex.ru',)
2026-02-18 09:54:52,259 - sqlalchemy.engine.Engine - INFO - ROLLBACK
2026-02-18 09:54:52,260 - sqlalchemy.engine.Engine - INFO - SELECT installers.id, installers.full_name, installers.nickname, installers.phone, installers.backup_phone, installers.specialization, installers.rating, installers.base_price, installers.is_debtor, installers.comments, installers.is_active, installers.is_in_funnel, installers.total_orders, installers.poor_work_count, installers.warranty_visits_count, installers.last_incident_date, installers.updated_at, installers.created_at, installers.deleted_at 
FROM installers 
WHERE installers.deleted_at IS NULL 
 LIMIT $1::INTEGER OFFSET $2::INTEGER
2026-02-18 09:54:52,260 - sqlalchemy.engine.Engine - INFO - [cached since 95.65s ago] (100, 0)
2026-02-18 09:54:52,261 - sqlalchemy.engine.Engine - INFO - BEGIN (implicit)
2026-02-18 09:54:52,261 - sqlalchemy.engine.Engine - INFO - SELECT orders.id, orders.client_id, orders.installer_id, orders.status, orders.service_type, orders.warehouse, orders.service_datetime, orders.delivery_datetime, orders.promise, orders.marker_color, orders.address_id, orders.address_text, orders.created_at, orders.updated_at 
FROM orders 
WHERE orders.id = $1::INTEGER
2026-02-18 09:54:52,262 - sqlalchemy.engine.Engine - INFO - [cached since 73.77s ago] (11,)
2026-02-18 09:54:52,264 - sqlalchemy.engine.Engine - INFO - SELECT finance.order_id AS finance_order_id, finance.id AS finance_id, finance.purchase_price AS finance_purchase_price, finance.sale_price_client AS finance_sale_price_client, finance.installer_pay AS finance_installer_pay, finance.my_commission AS finance_my_commission, finance.profit AS finance_profit, finance.margin AS finance_margin, finance.profit_percent AS finance_profit_percent, finance.payment_state AS finance_payment_state, finance.installer_returned_money AS finance_installer_returned_money, finance.updated_at AS finance_updated_at, finance.created_at AS finance_created_at 
FROM finance 
WHERE finance.order_id IN ($1::INTEGER)
2026-02-18 09:54:52,264 - sqlalchemy.engine.Engine - INFO - [cached since 79.66s ago] (11,)
2026-02-18 09:54:52,265 - sqlalchemy.engine.Engine - INFO - ROLLBACK
2026-02-18 09:54:52,266 - sqlalchemy.engine.Engine - INFO - SELECT clients.id AS clients_id, clients.full_name AS clients_full_name, clients.phone AS clients_phone, clients.address AS clients_address, clients.coordinates AS clients_coordinates, clients.created_at AS clients_created_at, clients.last_contact AS clients_last_contact, clients.comments AS clients_comments, clients.updated_at AS clients_updated_at, clients.backup_phone AS clients_backup_phone, clients.deleted_at AS clients_deleted_at 
FROM clients 
WHERE clients.id IN ($1::INTEGER)
2026-02-18 09:54:52,266 - sqlalchemy.engine.Engine - INFO - [cached since 79.66s ago] (14,)
2026-02-18 09:54:52,267 - sqlalchemy.engine.Engine - INFO - ROLLBACK
2026-02-18 09:55:19,055 - sqlalchemy.engine.Engine - INFO - BEGIN (implicit)
2026-02-18 09:55:19,055 - sqlalchemy.engine.Engine - INFO - SELECT admins.id, admins.username, admins.password_hash, admins.created_at 
FROM admins 
WHERE admins.username = $1::VARCHAR
2026-02-18 09:55:19,055 - sqlalchemy.engine.Engine - INFO - [cached since 122.8s ago] ('zhura2296@yandex.ru',)
2026-02-18 09:55:19,056 - sqlalchemy.engine.Engine - INFO - BEGIN (implicit)
2026-02-18 09:55:19,057 - sqlalchemy.engine.Engine - INFO - SELECT admins.id, admins.username, admins.password_hash, admins.created_at 
FROM admins 
WHERE admins.username = $1::VARCHAR
2026-02-18 09:55:19,057 - sqlalchemy.engine.Engine - INFO - [cached since 122.8s ago] ('zhura2296@yandex.ru',)
2026-02-18 09:55:19,057 - sqlalchemy.engine.Engine - INFO - SELECT clients.id, clients.full_name, clients.phone, clients.address, clients.coordinates, clients.created_at, clients.last_contact, clients.comments, clients.updated_at, clients.backup_phone, clients.deleted_at 
FROM clients 
 LIMIT $1::INTEGER OFFSET $2::INTEGER
2026-02-18 09:55:19,057 - sqlalchemy.engine.Engine - INFO - [cached since 122.5s ago] (100, 0)
2026-02-18 09:55:19,058 - sqlalchemy.engine.Engine - INFO - SELECT installers.id, installers.full_name, installers.nickname, installers.phone, installers.backup_phone, installers.specialization, installers.rating, installers.base_price, installers.is_debtor, installers.comments, installers.is_active, installers.is_in_funnel, installers.total_orders, installers.poor_work_count, installers.warranty_visits_count, installers.last_incident_date, installers.updated_at, installers.created_at, installers.deleted_at 
FROM installers 
WHERE installers.deleted_at IS NULL 
 LIMIT $1::INTEGER OFFSET $2::INTEGER
2026-02-18 09:55:19,058 - sqlalchemy.engine.Engine - INFO - [cached since 122.4s ago] (100, 0)
2026-02-18 09:55:19,060 - sqlalchemy.engine.Engine - INFO - ROLLBACK
2026-02-18 09:55:19,061 - sqlalchemy.engine.Engine - INFO - ROLLBACK
2026-02-18 09:55:19,062 - sqlalchemy.engine.Engine - INFO - BEGIN (implicit)
2026-02-18 09:55:19,063 - sqlalchemy.engine.Engine - INFO - SELECT admins.id, admins.username, admins.password_hash, admins.created_at 
FROM admins 
WHERE admins.username = $1::VARCHAR
2026-02-18 09:55:19,063 - sqlalchemy.engine.Engine - INFO - [cached since 122.8s ago] ('zhura2296@yandex.ru',)
2026-02-18 09:55:19,065 - sqlalchemy.engine.Engine - INFO - BEGIN (implicit)
2026-02-18 09:55:19,065 - sqlalchemy.engine.Engine - INFO - SELECT admins.id, admins.username, admins.password_hash, admins.created_at 
FROM admins 
WHERE admins.username = $1::VARCHAR
2026-02-18 09:55:19,065 - sqlalchemy.engine.Engine - INFO - [cached since 122.8s ago] ('zhura2296@yandex.ru',)
2026-02-18 09:55:19,067 - sqlalchemy.engine.Engine - INFO - SELECT clients.id, clients.full_name, clients.phone, clients.address, clients.coordinates, clients.created_at, clients.last_contact, clients.comments, clients.updated_at, clients.backup_phone, clients.deleted_at 
FROM clients 
 LIMIT $1::INTEGER OFFSET $2::INTEGER
2026-02-18 09:55:19,067 - sqlalchemy.engine.Engine - INFO - [cached since 122.5s ago] (100, 0)
2026-02-18 09:55:19,068 - sqlalchemy.engine.Engine - INFO - SELECT installers.id, installers.full_name, installers.nickname, installers.phone, installers.backup_phone, installers.specialization, installers.rating, installers.base_price, installers.is_debtor, installers.comments, installers.is_active, installers.is_in_funnel, installers.total_orders, installers.poor_work_count, installers.warranty_visits_count, installers.last_incident_date, installers.updated_at, installers.created_at, installers.deleted_at 
FROM installers 
WHERE installers.deleted_at IS NULL 
 LIMIT $1::INTEGER OFFSET $2::INTEGER
2026-02-18 09:55:19,068 - sqlalchemy.engine.Engine - INFO - [cached since 122.5s ago] (100, 0)
2026-02-18 09:55:19,070 - sqlalchemy.engine.Engine - INFO - ROLLBACK
2026-02-18 09:55:19,070 - sqlalchemy.engine.Engine - INFO - ROLLBACK
2026-02-18 09:56:38,245 - sqlalchemy.engine.Engine - INFO - BEGIN (implicit)
2026-02-18 09:56:38,245 - sqlalchemy.engine.Engine - INFO - SELECT admins.id, admins.username, admins.password_hash, admins.created_at 
FROM admins 
WHERE admins.username = $1::VARCHAR
2026-02-18 09:56:38,245 - sqlalchemy.engine.Engine - INFO - [cached since 202s ago] ('zhura2296@yandex.ru',)
2026-02-18 09:56:38,246 - sqlalchemy.engine.Engine - INFO - INSERT INTO clients (full_name, phone, address, coordinates, comments, updated_at, backup_phone, deleted_at) VALUES ($1::VARCHAR, $2::VARCHAR, $3::VARCHAR, $4, $5::VARCHAR, $6::TIMESTAMP WITH TIME ZONE, $7::VARCHAR, $8::TIMESTAMP WITH TIME ZONE) RETURNING clients.id, clients.created_at, clients.last_contact
2026-02-18 09:56:38,247 - sqlalchemy.engine.Engine - INFO - [cached since 185.9s ago] ('должник Тестовый', '+79153227145', 'мытищи1-й Рупасовский, ПГСК №41 переулок', None, '', None, None, None)
2026-02-18 09:56:38,247 - sqlalchemy.engine.Engine - INFO - COMMIT
2026-02-18 09:56:38,269 - sqlalchemy.engine.Engine - INFO - BEGIN (implicit)
2026-02-18 09:56:38,269 - sqlalchemy.engine.Engine - INFO - SELECT clients.id, clients.full_name, clients.phone, clients.address, clients.coordinates, clients.created_at, clients.last_contact, clients.comments, clients.updated_at, clients.backup_phone, clients.deleted_at 
FROM clients 
WHERE clients.id = $1::INTEGER
2026-02-18 09:56:38,269 - sqlalchemy.engine.Engine - INFO - [cached since 185.9s ago] (17,)
2026-02-18 09:56:38,270 - sqlalchemy.engine.Engine - INFO - ROLLBACK
2026-02-18 09:56:38,385 - sqlalchemy.engine.Engine - INFO - BEGIN (implicit)
2026-02-18 09:56:38,386 - sqlalchemy.engine.Engine - INFO - SELECT address_cache.address, address_cache.lat, address_cache.lon, address_cache.updated_at 
FROM address_cache 
WHERE address_cache.address = $1::VARCHAR
2026-02-18 09:56:38,386 - sqlalchemy.engine.Engine - INFO - [cached since 185.9s ago] ('мытищи1-й Рупасовский, ПГСК №41 переулок',)
2026-02-18 09:56:38,387 - sqlalchemy.engine.Engine - INFO - UPDATE address_cache SET lat=$1::NUMERIC(10, 7), lon=$2::NUMERIC(10, 7), updated_at=now() WHERE address_cache.address = $3::VARCHAR
2026-02-18 09:56:38,387 - sqlalchemy.engine.Engine - INFO - [cached since 185.9s ago] (55.924542, 37.746166, 'мытищи1-й Рупасовский, ПГСК №41 переулок')
2026-02-18 09:56:38,387 - sqlalchemy.engine.Engine - INFO - COMMIT
2026-02-18 09:56:38,388 - sqlalchemy.engine.Engine - INFO - BEGIN (implicit)
2026-02-18 09:56:38,389 - sqlalchemy.engine.Engine - INFO - SELECT address_cache.address, address_cache.lat, address_cache.lon, address_cache.updated_at 
FROM address_cache 
WHERE address_cache.address = $1::VARCHAR
2026-02-18 09:56:38,389 - sqlalchemy.engine.Engine - INFO - [cached since 185.9s ago] ('мытищи1-й Рупасовский, ПГСК №41 переулок',)
2026-02-18 09:56:38,389 - sqlalchemy.engine.Engine - INFO - INSERT INTO orders (client_id, installer_id, status, service_type, warehouse, service_datetime, delivery_datetime, promise, marker_color, address_id, address_text) VALUES ($1::INTEGER, $2::INTEGER, $3::order_status, $4::VARCHAR, $5::VARCHAR, $6::TIMESTAMP WITHOUT TIME ZONE, $7::TIMESTAMP WITHOUT TIME ZONE, $8::VARCHAR, $9::VARCHAR, $10::VARCHAR, $11::VARCHAR) RETURNING orders.id, orders.created_at, orders.updated_at
2026-02-18 09:56:38,389 - sqlalchemy.engine.Engine - INFO - [cached since 185.9s ago] (17, None, 'Новый', 'Electrolux EACS-09HSK/N3_24Y', 'Основной', datetime.datetime(2026, 2, 18, 6, 56, 38, 271000), None, '', 'blue', 'мытищи1-й Рупасовский, ПГСК №41 переулок', 'мытищи1-й Рупасовский, ПГСК №41 переулок')
2026-02-18 09:56:38,390 - sqlalchemy.engine.Engine - INFO - SELECT orders.id 
FROM orders 
WHERE orders.id = $1::INTEGER
2026-02-18 09:56:38,391 - sqlalchemy.engine.Engine - INFO - [cached since 185.9s ago] (14,)
2026-02-18 09:56:38,391 - sqlalchemy.engine.Engine - INFO - SELECT clients.id AS clients_id, clients.full_name AS clients_full_name, clients.phone AS clients_phone, clients.address AS clients_address, clients.coordinates AS clients_coordinates, clients.created_at AS clients_created_at, clients.last_contact AS clients_last_contact, clients.comments AS clients_comments, clients.updated_at AS clients_updated_at, clients.backup_phone AS clients_backup_phone, clients.deleted_at AS clients_deleted_at 
FROM clients 
WHERE clients.id = $1::INTEGER
2026-02-18 09:56:38,391 - sqlalchemy.engine.Engine - INFO - [cached since 185.9s ago] (17,)
2026-02-18 09:56:38,392 - sqlalchemy.engine.Engine - INFO - SELECT finance.id AS finance_id, finance.order_id AS finance_order_id, finance.purchase_price AS finance_purchase_price, finance.sale_price_client AS finance_sale_price_client, finance.installer_pay AS finance_installer_pay, finance.my_commission AS finance_my_commission, finance.profit AS finance_profit, finance.margin AS finance_margin, finance.profit_percent AS finance_profit_percent, finance.payment_state AS finance_payment_state, finance.installer_returned_money AS finance_installer_returned_money, finance.updated_at AS finance_updated_at, finance.created_at AS finance_created_at 
FROM finance 
WHERE $1::INTEGER = finance.order_id
2026-02-18 09:56:38,392 - sqlalchemy.engine.Engine - INFO - [cached since 185.9s ago] (14,)
2026-02-18 09:56:38,392 - sqlalchemy.engine.Engine - INFO - COMMIT
2026-02-18 09:56:38,397 - sqlalchemy.engine.Engine - INFO - BEGIN (implicit)
2026-02-18 09:56:38,397 - sqlalchemy.engine.Engine - INFO - SELECT finance.id, finance.order_id, finance.purchase_price, finance.sale_price_client, finance.installer_pay, finance.my_commission, finance.profit, finance.margin, finance.profit_percent, finance.payment_state, finance.installer_returned_money, finance.updated_at, finance.created_at 
FROM finance 
WHERE finance.order_id = $1::INTEGER
2026-02-18 09:56:38,397 - sqlalchemy.engine.Engine - INFO - [cached since 185.9s ago] (14,)
2026-02-18 09:56:38,398 - sqlalchemy.engine.Engine - INFO - INSERT INTO finance (order_id, purchase_price, sale_price_client, installer_pay, my_commission, payment_state, installer_returned_money) VALUES ($1::INTEGER, $2::NUMERIC(10, 2), $3::NUMERIC(10, 2), $4::NUMERIC(10, 2), $5::NUMERIC(10, 2), $6::payment_status, $7::BOOLEAN) RETURNING finance.id, finance.profit, finance.margin, finance.profit_percent, finance.updated_at, finance.created_at
2026-02-18 09:56:38,398 - sqlalchemy.engine.Engine - INFO - [cached since 185.8s ago] (14, 0.0, 0.0, 0.0, 0.0, 'Не оплачен', False)
2026-02-18 09:56:38,399 - sqlalchemy.engine.Engine - INFO - COMMIT
2026-02-18 09:56:38,400 - sqlalchemy.engine.Engine - INFO - BEGIN (implicit)
2026-02-18 09:56:38,400 - sqlalchemy.engine.Engine - INFO - SELECT finance.id, finance.order_id, finance.purchase_price, finance.sale_price_client, finance.installer_pay, finance.my_commission, finance.profit, finance.margin, finance.profit_percent, finance.payment_state, finance.installer_returned_money, finance.updated_at, finance.created_at 
FROM finance 
WHERE finance.id = $1::INTEGER
2026-02-18 09:56:38,400 - sqlalchemy.engine.Engine - INFO - [cached since 185.8s ago] (10,)
2026-02-18 09:56:38,401 - sqlalchemy.engine.Engine - INFO - ROLLBACK
2026-02-18 09:56:38,446 - sqlalchemy.engine.Engine - INFO - BEGIN (implicit)
2026-02-18 09:56:38,447 - sqlalchemy.engine.Engine - INFO - SELECT orders.id, orders.client_id, orders.installer_id, orders.status, orders.service_type, orders.warehouse, orders.service_datetime, orders.delivery_datetime, orders.promise, orders.marker_color, orders.address_id, orders.address_text, orders.created_at, orders.updated_at 
FROM orders 
 LIMIT $1::INTEGER OFFSET $2::INTEGER
2026-02-18 09:56:38,447 - sqlalchemy.engine.Engine - INFO - [cached since 185.8s ago] (100, 0)
2026-02-18 09:56:38,449 - sqlalchemy.engine.Engine - INFO - SELECT installers.id AS installers_id, installers.full_name AS installers_full_name, installers.nickname AS installers_nickname, installers.phone AS installers_phone, installers.backup_phone AS installers_backup_phone, installers.specialization AS installers_specialization, installers.rating AS installers_rating, installers.base_price AS installers_base_price, installers.is_debtor AS installers_is_debtor, installers.comments AS installers_comments, installers.is_active AS installers_is_active, installers.is_in_funnel AS installers_is_in_funnel, installers.total_orders AS installers_total_orders, installers.poor_work_count AS installers_poor_work_count, installers.warranty_visits_count AS installers_warranty_visits_count, installers.last_incident_date AS installers_last_incident_date, installers.updated_at AS installers_updated_at, installers.created_at AS installers_created_at, installers.deleted_at AS installers_deleted_at 
FROM installers 
WHERE installers.id IN ($1::INTEGER)
2026-02-18 09:56:38,449 - sqlalchemy.engine.Engine - INFO - [cached since 185.8s ago] (1,)
2026-02-18 09:56:38,451 - sqlalchemy.engine.Engine - INFO - SELECT finance.order_id AS finance_order_id, finance.id AS finance_id, finance.purchase_price AS finance_purchase_price, finance.sale_price_client AS finance_sale_price_client, finance.installer_pay AS finance_installer_pay, finance.my_commission AS finance_my_commission, finance.profit AS finance_profit, finance.margin AS finance_margin, finance.profit_percent AS finance_profit_percent, finance.payment_state AS finance_payment_state, finance.installer_returned_money AS finance_installer_returned_money, finance.updated_at AS finance_updated_at, finance.created_at AS finance_created_at 
FROM finance 
WHERE finance.order_id IN ($1::INTEGER, $2::INTEGER, $3::INTEGER, $4::INTEGER, $5::INTEGER)
2026-02-18 09:56:38,451 - sqlalchemy.engine.Engine - INFO - [cached since 185.8s ago] (10, 11, 12, 13, 14)
2026-02-18 09:56:38,453 - sqlalchemy.engine.Engine - INFO - SELECT clients.id AS clients_id, clients.full_name AS clients_full_name, clients.phone AS clients_phone, clients.address AS clients_address, clients.coordinates AS clients_coordinates, clients.created_at AS clients_created_at, clients.last_contact AS clients_last_contact, clients.comments AS clients_comments, clients.updated_at AS clients_updated_at, clients.backup_phone AS clients_backup_phone, clients.deleted_at AS clients_deleted_at 
FROM clients 
WHERE clients.id IN ($1::INTEGER, $2::INTEGER, $3::INTEGER, $4::INTEGER, $5::INTEGER)
2026-02-18 09:56:38,454 - sqlalchemy.engine.Engine - INFO - [cached since 185.8s ago] (13, 14, 15, 16, 17)
2026-02-18 09:56:38,456 - sqlalchemy.engine.Engine - INFO - ROLLBACK
2026-02-18 09:56:38,457 - sqlalchemy.engine.Engine - INFO - BEGIN (implicit)
2026-02-18 09:56:38,458 - sqlalchemy.engine.Engine - INFO - SELECT orders.id, orders.client_id, orders.installer_id, orders.status, orders.service_type, orders.warehouse, orders.service_datetime, orders.delivery_datetime, orders.promise, orders.marker_color, orders.address_id, orders.address_text, orders.created_at, orders.updated_at 
FROM orders 
 LIMIT $1::INTEGER OFFSET $2::INTEGER
2026-02-18 09:56:38,458 - sqlalchemy.engine.Engine - INFO - [cached since 185.9s ago] (100, 0)
2026-02-18 09:56:38,460 - sqlalchemy.engine.Engine - INFO - SELECT installers.id AS installers_id, installers.full_name AS installers_full_name, installers.nickname AS installers_nickname, installers.phone AS installers_phone, installers.backup_phone AS installers_backup_phone, installers.specialization AS installers_specialization, installers.rating AS installers_rating, installers.base_price AS installers_base_price, installers.is_debtor AS installers_is_debtor, installers.comments AS installers_comments, installers.is_active AS installers_is_active, installers.is_in_funnel AS installers_is_in_funnel, installers.total_orders AS installers_total_orders, installers.poor_work_count AS installers_poor_work_count, installers.warranty_visits_count AS installers_warranty_visits_count, installers.last_incident_date AS installers_last_incident_date, installers.updated_at AS installers_updated_at, installers.created_at AS installers_created_at, installers.deleted_at AS installers_deleted_at 
FROM installers 
WHERE installers.id IN ($1::INTEGER)
2026-02-18 09:56:38,460 - sqlalchemy.engine.Engine - INFO - [cached since 185.9s ago] (1,)
2026-02-18 09:56:38,461 - sqlalchemy.engine.Engine - INFO - SELECT finance.order_id AS finance_order_id, finance.id AS finance_id, finance.purchase_price AS finance_purchase_price, finance.sale_price_client AS finance_sale_price_client, finance.installer_pay AS finance_installer_pay, finance.my_commission AS finance_my_commission, finance.profit AS finance_profit, finance.margin AS finance_margin, finance.profit_percent AS finance_profit_percent, finance.payment_state AS finance_payment_state, finance.installer_returned_money AS finance_installer_returned_money, finance.updated_at AS finance_updated_at, finance.created_at AS finance_created_at 
FROM finance 
WHERE finance.order_id IN ($1::INTEGER, $2::INTEGER, $3::INTEGER, $4::INTEGER, $5::INTEGER)
2026-02-18 09:56:38,461 - sqlalchemy.engine.Engine - INFO - [cached since 185.9s ago] (10, 11, 12, 13, 14)
2026-02-18 09:56:38,462 - sqlalchemy.engine.Engine - INFO - SELECT clients.id AS clients_id, clients.full_name AS clients_full_name, clients.phone AS clients_phone, clients.address AS clients_address, clients.coordinates AS clients_coordinates, clients.created_at AS clients_created_at, clients.last_contact AS clients_last_contact, clients.comments AS clients_comments, clients.updated_at AS clients_updated_at, clients.backup_phone AS clients_backup_phone, clients.deleted_at AS clients_deleted_at 
FROM clients 
WHERE clients.id IN ($1::INTEGER, $2::INTEGER, $3::INTEGER, $4::INTEGER, $5::INTEGER)
2026-02-18 09:56:38,463 - sqlalchemy.engine.Engine - INFO - [cached since 185.9s ago] (13, 14, 15, 16, 17)
2026-02-18 09:56:38,465 - sqlalchemy.engine.Engine - INFO - ROLLBACK
2026-02-18 09:56:55,366 - sqlalchemy.engine.Engine - INFO - BEGIN (implicit)
2026-02-18 09:56:55,366 - sqlalchemy.engine.Engine - INFO - SELECT admins.id, admins.username, admins.password_hash, admins.created_at 
FROM admins 
WHERE admins.username = $1::VARCHAR
2026-02-18 09:56:55,366 - sqlalchemy.engine.Engine - INFO - [cached since 219.1s ago] ('zhura2296@yandex.ru',)
2026-02-18 09:56:55,367 - sqlalchemy.engine.Engine - INFO - SELECT clients.id, clients.full_name, clients.phone, clients.address, clients.coordinates, clients.created_at, clients.last_contact, clients.comments, clients.updated_at, clients.backup_phone, clients.deleted_at 
FROM clients 
 LIMIT $1::INTEGER OFFSET $2::INTEGER
2026-02-18 09:56:55,368 - sqlalchemy.engine.Engine - INFO - [cached since 218.8s ago] (100, 0)
2026-02-18 09:56:55,369 - sqlalchemy.engine.Engine - INFO - BEGIN (implicit)
2026-02-18 09:56:55,369 - sqlalchemy.engine.Engine - INFO - SELECT admins.id, admins.username, admins.password_hash, admins.created_at 
FROM admins 
WHERE admins.username = $1::VARCHAR
2026-02-18 09:56:55,369 - sqlalchemy.engine.Engine - INFO - [cached since 219.1s ago] ('zhura2296@yandex.ru',)
2026-02-18 09:56:55,371 - sqlalchemy.engine.Engine - INFO - SELECT installers.id, installers.full_name, installers.nickname, installers.phone, installers.backup_phone, installers.specialization, installers.rating, installers.base_price, installers.is_debtor, installers.comments, installers.is_active, installers.is_in_funnel, installers.total_orders, installers.poor_work_count, installers.warranty_visits_count, installers.last_incident_date, installers.updated_at, installers.created_at, installers.deleted_at 
FROM installers 
WHERE installers.deleted_at IS NULL 
 LIMIT $1::INTEGER OFFSET $2::INTEGER
2026-02-18 09:56:55,371 - sqlalchemy.engine.Engine - INFO - [cached since 218.8s ago] (100, 0)
2026-02-18 09:56:55,372 - sqlalchemy.engine.Engine - INFO - ROLLBACK
2026-02-18 09:56:55,372 - sqlalchemy.engine.Engine - INFO - BEGIN (implicit)
2026-02-18 09:56:55,372 - sqlalchemy.engine.Engine - INFO - SELECT admins.id, admins.username, admins.password_hash, admins.created_at 
FROM admins 
WHERE admins.username = $1::VARCHAR
2026-02-18 09:56:55,373 - sqlalchemy.engine.Engine - INFO - [cached since 219.1s ago] ('zhura2296@yandex.ru',)
2026-02-18 09:56:55,374 - sqlalchemy.engine.Engine - INFO - ROLLBACK
2026-02-18 09:56:55,375 - sqlalchemy.engine.Engine - INFO - SELECT clients.id, clients.full_name, clients.phone, clients.address, clients.coordinates, clients.created_at, clients.last_contact, clients.comments, clients.updated_at, clients.backup_phone, clients.deleted_at 
FROM clients 
 LIMIT $1::INTEGER OFFSET $2::INTEGER
2026-02-18 09:56:55,375 - sqlalchemy.engine.Engine - INFO - [cached since 218.8s ago] (100, 0)
2026-02-18 09:56:55,375 - sqlalchemy.engine.Engine - INFO - BEGIN (implicit)
2026-02-18 09:56:55,376 - sqlalchemy.engine.Engine - INFO - SELECT admins.id, admins.username, admins.password_hash, admins.created_at 
FROM admins 
WHERE admins.username = $1::VARCHAR
2026-02-18 09:56:55,376 - sqlalchemy.engine.Engine - INFO - [cached since 219.1s ago] ('zhura2296@yandex.ru',)
2026-02-18 09:56:55,377 - sqlalchemy.engine.Engine - INFO - ROLLBACK
2026-02-18 09:56:55,378 - sqlalchemy.engine.Engine - INFO - SELECT installers.id, installers.full_name, installers.nickname, installers.phone, installers.backup_phone, installers.specialization, installers.rating, installers.base_price, installers.is_debtor, installers.comments, installers.is_active, installers.is_in_funnel, installers.total_orders, installers.poor_work_count, installers.warranty_visits_count, installers.last_incident_date, installers.updated_at, installers.created_at, installers.deleted_at 
FROM installers 
WHERE installers.deleted_at IS NULL 
 LIMIT $1::INTEGER OFFSET $2::INTEGER
2026-02-18 09:56:55,378 - sqlalchemy.engine.Engine - INFO - [cached since 218.8s ago] (100, 0)
2026-02-18 09:56:55,379 - sqlalchemy.engine.Engine - INFO - ROLLBACK
2026-02-18 09:57:02,934 - sqlalchemy.engine.Engine - INFO - BEGIN (implicit)
2026-02-18 09:57:02,935 - sqlalchemy.engine.Engine - INFO - SELECT admins.id, admins.username, admins.password_hash, admins.created_at 
FROM admins 
WHERE admins.username = $1::VARCHAR
2026-02-18 09:57:02,935 - sqlalchemy.engine.Engine - INFO - [cached since 226.7s ago] ('zhura2296@yandex.ru',)
2026-02-18 09:57:02,936 - sqlalchemy.engine.Engine - INFO - INSERT INTO clients (full_name, phone, address, coordinates, comments, updated_at, backup_phone, deleted_at) VALUES ($1::VARCHAR, $2::VARCHAR, $3::VARCHAR, $4, $5::VARCHAR, $6::TIMESTAMP WITH TIME ZONE, $7::VARCHAR, $8::TIMESTAMP WITH TIME ZONE) RETURNING clients.id, clients.created_at, clients.last_contact
2026-02-18 09:57:02,936 - sqlalchemy.engine.Engine - INFO - [cached since 210.6s ago] ('Иванов Иван', '+79153227089', 'мытищи1-й Рупасовский, ПГСК №41 переулок', None, '', None, None, None)
2026-02-18 09:57:02,936 - sqlalchemy.engine.Engine - INFO - COMMIT
2026-02-18 09:57:02,963 - sqlalchemy.engine.Engine - INFO - BEGIN (implicit)
2026-02-18 09:57:02,963 - sqlalchemy.engine.Engine - INFO - SELECT clients.id, clients.full_name, clients.phone, clients.address, clients.coordinates, clients.created_at, clients.last_contact, clients.comments, clients.updated_at, clients.backup_phone, clients.deleted_at 
FROM clients 
WHERE clients.id = $1::INTEGER
2026-02-18 09:57:02,963 - sqlalchemy.engine.Engine - INFO - [cached since 210.6s ago] (18,)
2026-02-18 09:57:02,964 - sqlalchemy.engine.Engine - INFO - ROLLBACK
2026-02-18 09:57:03,068 - sqlalchemy.engine.Engine - INFO - BEGIN (implicit)
2026-02-18 09:57:03,068 - sqlalchemy.engine.Engine - INFO - SELECT address_cache.address, address_cache.lat, address_cache.lon, address_cache.updated_at 
FROM address_cache 
WHERE address_cache.address = $1::VARCHAR
2026-02-18 09:57:03,069 - sqlalchemy.engine.Engine - INFO - [cached since 210.6s ago] ('мытищи1-й Рупасовский, ПГСК №41 переулок',)
2026-02-18 09:57:03,069 - sqlalchemy.engine.Engine - INFO - UPDATE address_cache SET lat=$1::NUMERIC(10, 7), lon=$2::NUMERIC(10, 7), updated_at=now() WHERE address_cache.address = $3::VARCHAR
2026-02-18 09:57:03,069 - sqlalchemy.engine.Engine - INFO - [cached since 210.6s ago] (55.924542, 37.746166, 'мытищи1-й Рупасовский, ПГСК №41 переулок')
2026-02-18 09:57:03,070 - sqlalchemy.engine.Engine - INFO - COMMIT
2026-02-18 09:57:03,071 - sqlalchemy.engine.Engine - INFO - BEGIN (implicit)
2026-02-18 09:57:03,071 - sqlalchemy.engine.Engine - INFO - SELECT address_cache.address, address_cache.lat, address_cache.lon, address_cache.updated_at 
FROM address_cache 
WHERE address_cache.address = $1::VARCHAR
2026-02-18 09:57:03,071 - sqlalchemy.engine.Engine - INFO - [cached since 210.6s ago] ('мытищи1-й Рупасовский, ПГСК №41 переулок',)
2026-02-18 09:57:03,072 - sqlalchemy.engine.Engine - INFO - INSERT INTO orders (client_id, installer_id, status, service_type, warehouse, service_datetime, delivery_datetime, promise, marker_color, address_id, address_text) VALUES ($1::INTEGER, $2::INTEGER, $3::order_status, $4::VARCHAR, $5::VARCHAR, $6::TIMESTAMP WITHOUT TIME ZONE, $7::TIMESTAMP WITHOUT TIME ZONE, $8::VARCHAR, $9::VARCHAR, $10::VARCHAR, $11::VARCHAR) RETURNING orders.id, orders.created_at, orders.updated_at
2026-02-18 09:57:03,072 - sqlalchemy.engine.Engine - INFO - [cached since 210.6s ago] (18, None, 'Новый', 'Установка кондиционера', 'Основной', datetime.datetime(2026, 2, 18, 6, 57, 2, 965000), None, '', 'blue', 'мытищи1-й Рупасовский, ПГСК №41 переулок', 'мытищи1-й Рупасовский, ПГСК №41 переулок')
2026-02-18 09:57:03,072 - sqlalchemy.engine.Engine - INFO - SELECT orders.id 
FROM orders 
WHERE orders.id = $1::INTEGER
2026-02-18 09:57:03,072 - sqlalchemy.engine.Engine - INFO - [cached since 210.6s ago] (15,)
2026-02-18 09:57:03,073 - sqlalchemy.engine.Engine - INFO - SELECT clients.id AS clients_id, clients.full_name AS clients_full_name, clients.phone AS clients_phone, clients.address AS clients_address, clients.coordinates AS clients_coordinates, clients.created_at AS clients_created_at, clients.last_contact AS clients_last_contact, clients.comments AS clients_comments, clients.updated_at AS clients_updated_at, clients.backup_phone AS clients_backup_phone, clients.deleted_at AS clients_deleted_at 
FROM clients 
WHERE clients.id = $1::INTEGER
2026-02-18 09:57:03,073 - sqlalchemy.engine.Engine - INFO - [cached since 210.5s ago] (18,)
2026-02-18 09:57:03,073 - sqlalchemy.engine.Engine - INFO - SELECT finance.id AS finance_id, finance.order_id AS finance_order_id, finance.purchase_price AS finance_purchase_price, finance.sale_price_client AS finance_sale_price_client, finance.installer_pay AS finance_installer_pay, finance.my_commission AS finance_my_commission, finance.profit AS finance_profit, finance.margin AS finance_margin, finance.profit_percent AS finance_profit_percent, finance.payment_state AS finance_payment_state, finance.installer_returned_money AS finance_installer_returned_money, finance.updated_at AS finance_updated_at, finance.created_at AS finance_created_at 
FROM finance 
WHERE $1::INTEGER = finance.order_id
2026-02-18 09:57:03,073 - sqlalchemy.engine.Engine - INFO - [cached since 210.5s ago] (15,)
2026-02-18 09:57:03,074 - sqlalchemy.engine.Engine - INFO - COMMIT
2026-02-18 09:57:03,078 - sqlalchemy.engine.Engine - INFO - BEGIN (implicit)
2026-02-18 09:57:03,079 - sqlalchemy.engine.Engine - INFO - SELECT finance.id, finance.order_id, finance.purchase_price, finance.sale_price_client, finance.installer_pay, finance.my_commission, finance.profit, finance.margin, finance.profit_percent, finance.payment_state, finance.installer_returned_money, finance.updated_at, finance.created_at 
FROM finance 
WHERE finance.order_id = $1::INTEGER
2026-02-18 09:57:03,079 - sqlalchemy.engine.Engine - INFO - [cached since 210.5s ago] (15,)
2026-02-18 09:57:03,080 - sqlalchemy.engine.Engine - INFO - INSERT INTO finance (order_id, purchase_price, sale_price_client, installer_pay, my_commission, payment_state, installer_returned_money) VALUES ($1::INTEGER, $2::NUMERIC(10, 2), $3::NUMERIC(10, 2), $4::NUMERIC(10, 2), $5::NUMERIC(10, 2), $6::payment_status, $7::BOOLEAN) RETURNING finance.id, finance.profit, finance.margin, finance.profit_percent, finance.updated_at, finance.created_at
2026-02-18 09:57:03,080 - sqlalchemy.engine.Engine - INFO - [cached since 210.5s ago] (15, 0.0, 0.0, 0.0, 0.0, 'Не оплачен', False)
2026-02-18 09:57:03,080 - sqlalchemy.engine.Engine - INFO - COMMIT
2026-02-18 09:57:03,081 - sqlalchemy.engine.Engine - INFO - BEGIN (implicit)
2026-02-18 09:57:03,081 - sqlalchemy.engine.Engine - INFO - SELECT finance.id, finance.order_id, finance.purchase_price, finance.sale_price_client, finance.installer_pay, finance.my_commission, finance.profit, finance.margin, finance.profit_percent, finance.payment_state, finance.installer_returned_money, finance.updated_at, finance.created_at 
FROM finance 
WHERE finance.id = $1::INTEGER
2026-02-18 09:57:03,081 - sqlalchemy.engine.Engine - INFO - [cached since 210.5s ago] (11,)
2026-02-18 09:57:03,082 - sqlalchemy.engine.Engine - INFO - ROLLBACK
2026-02-18 09:57:03,111 - sqlalchemy.engine.Engine - INFO - BEGIN (implicit)
2026-02-18 09:57:03,111 - sqlalchemy.engine.Engine - INFO - SELECT orders.id, orders.client_id, orders.installer_id, orders.status, orders.service_type, orders.warehouse, orders.service_datetime, orders.delivery_datetime, orders.promise, orders.marker_color, orders.address_id, orders.address_text, orders.created_at, orders.updated_at 
FROM orders 
 LIMIT $1::INTEGER OFFSET $2::INTEGER
2026-02-18 09:57:03,111 - sqlalchemy.engine.Engine - INFO - [cached since 210.5s ago] (100, 0)
2026-02-18 09:57:03,114 - sqlalchemy.engine.Engine - INFO - SELECT installers.id AS installers_id, installers.full_name AS installers_full_name, installers.nickname AS installers_nickname, installers.phone AS installers_phone, installers.backup_phone AS installers_backup_phone, installers.specialization AS installers_specialization, installers.rating AS installers_rating, installers.base_price AS installers_base_price, installers.is_debtor AS installers_is_debtor, installers.comments AS installers_comments, installers.is_active AS installers_is_active, installers.is_in_funnel AS installers_is_in_funnel, installers.total_orders AS installers_total_orders, installers.poor_work_count AS installers_poor_work_count, installers.warranty_visits_count AS installers_warranty_visits_count, installers.last_incident_date AS installers_last_incident_date, installers.updated_at AS installers_updated_at, installers.created_at AS installers_created_at, installers.deleted_at AS installers_deleted_at 
FROM installers 
WHERE installers.id IN ($1::INTEGER)
2026-02-18 09:57:03,114 - sqlalchemy.engine.Engine - INFO - [cached since 210.5s ago] (1,)
2026-02-18 09:57:03,115 - sqlalchemy.engine.Engine - INFO - SELECT finance.order_id AS finance_order_id, finance.id AS finance_id, finance.purchase_price AS finance_purchase_price, finance.sale_price_client AS finance_sale_price_client, finance.installer_pay AS finance_installer_pay, finance.my_commission AS finance_my_commission, finance.profit AS finance_profit, finance.margin AS finance_margin, finance.profit_percent AS finance_profit_percent, finance.payment_state AS finance_payment_state, finance.installer_returned_money AS finance_installer_returned_money, finance.updated_at AS finance_updated_at, finance.created_at AS finance_created_at 
FROM finance 
WHERE finance.order_id IN ($1::INTEGER, $2::INTEGER, $3::INTEGER, $4::INTEGER, $5::INTEGER, $6::INTEGER)
2026-02-18 09:57:03,115 - sqlalchemy.engine.Engine - INFO - [cached since 210.5s ago] (10, 11, 12, 13, 14, 15)
2026-02-18 09:57:03,117 - sqlalchemy.engine.Engine - INFO - SELECT clients.id AS clients_id, clients.full_name AS clients_full_name, clients.phone AS clients_phone, clients.address AS clients_address, clients.coordinates AS clients_coordinates, clients.created_at AS clients_created_at, clients.last_contact AS clients_last_contact, clients.comments AS clients_comments, clients.updated_at AS clients_updated_at, clients.backup_phone AS clients_backup_phone, clients.deleted_at AS clients_deleted_at 
FROM clients 
WHERE clients.id IN ($1::INTEGER, $2::INTEGER, $3::INTEGER, $4::INTEGER, $5::INTEGER, $6::INTEGER)
2026-02-18 09:57:03,117 - sqlalchemy.engine.Engine - INFO - [cached since 210.5s ago] (13, 14, 15, 16, 17, 18)
2026-02-18 09:57:03,119 - sqlalchemy.engine.Engine - INFO - ROLLBACK
2026-02-18 09:57:03,121 - sqlalchemy.engine.Engine - INFO - BEGIN (implicit)
2026-02-18 09:57:03,121 - sqlalchemy.engine.Engine - INFO - SELECT orders.id, orders.client_id, orders.installer_id, orders.status, orders.service_type, orders.warehouse, orders.service_datetime, orders.delivery_datetime, orders.promise, orders.marker_color, orders.address_id, orders.address_text, orders.created_at, orders.updated_at 
FROM orders 
 LIMIT $1::INTEGER OFFSET $2::INTEGER
2026-02-18 09:57:03,121 - sqlalchemy.engine.Engine - INFO - [cached since 210.5s ago] (100, 0)
2026-02-18 09:57:03,122 - sqlalchemy.engine.Engine - INFO - SELECT installers.id AS installers_id, installers.full_name AS installers_full_name, installers.nickname AS installers_nickname, installers.phone AS installers_phone, installers.backup_phone AS installers_backup_phone, installers.specialization AS installers_specialization, installers.rating AS installers_rating, installers.base_price AS installers_base_price, installers.is_debtor AS installers_is_debtor, installers.comments AS installers_comments, installers.is_active AS installers_is_active, installers.is_in_funnel AS installers_is_in_funnel, installers.total_orders AS installers_total_orders, installers.poor_work_count AS installers_poor_work_count, installers.warranty_visits_count AS installers_warranty_visits_count, installers.last_incident_date AS installers_last_incident_date, installers.updated_at AS installers_updated_at, installers.created_at AS installers_created_at, installers.deleted_at AS installers_deleted_at 
FROM installers 
WHERE installers.id IN ($1::INTEGER)
2026-02-18 09:57:03,123 - sqlalchemy.engine.Engine - INFO - [cached since 210.5s ago] (1,)
2026-02-18 09:57:03,124 - sqlalchemy.engine.Engine - INFO - SELECT finance.order_id AS finance_order_id, finance.id AS finance_id, finance.purchase_price AS finance_purchase_price, finance.sale_price_client AS finance_sale_price_client, finance.installer_pay AS finance_installer_pay, finance.my_commission AS finance_my_commission, finance.profit AS finance_profit, finance.margin AS finance_margin, finance.profit_percent AS finance_profit_percent, finance.payment_state AS finance_payment_state, finance.installer_returned_money AS finance_installer_returned_money, finance.updated_at AS finance_updated_at, finance.created_at AS finance_created_at 
FROM finance 
WHERE finance.order_id IN ($1::INTEGER, $2::INTEGER, $3::INTEGER, $4::INTEGER, $5::INTEGER, $6::INTEGER)
2026-02-18 09:57:03,124 - sqlalchemy.engine.Engine - INFO - [cached since 210.5s ago] (10, 11, 12, 13, 14, 15)
2026-02-18 09:57:03,125 - sqlalchemy.engine.Engine - INFO - SELECT clients.id AS clients_id, clients.full_name AS clients_full_name, clients.phone AS clients_phone, clients.address AS clients_address, clients.coordinates AS clients_coordinates, clients.created_at AS clients_created_at, clients.last_contact AS clients_last_contact, clients.comments AS clients_comments, clients.updated_at AS clients_updated_at, clients.backup_phone AS clients_backup_phone, clients.deleted_at AS clients_deleted_at 
FROM clients 
WHERE clients.id IN ($1::INTEGER, $2::INTEGER, $3::INTEGER, $4::INTEGER, $5::INTEGER, $6::INTEGER)
2026-02-18 09:57:03,125 - sqlalchemy.engine.Engine - INFO - [cached since 210.5s ago] (13, 14, 15, 16, 17, 18)
2026-02-18 09:57:03,127 - sqlalchemy.engine.Engine - INFO - ROLLBACK
