2026-03-01 10:52:57,849 - src.core.logging - INFO - Starting CRM application
2026-03-01 10:52:57,850 - apscheduler.scheduler - INFO - Adding job tentatively -- it will be properly scheduled when the scheduler starts
2026-03-01 10:52:57,850 - apscheduler.scheduler - INFO - Adding job tentatively -- it will be properly scheduled when the scheduler starts
2026-03-01 10:52:57,850 - apscheduler.scheduler - INFO - Adding job tentatively -- it will be properly scheduled when the scheduler starts
2026-03-01 10:52:57,850 - apscheduler.scheduler - INFO - Adding job tentatively -- it will be properly scheduled when the scheduler starts
2026-03-01 10:52:57,851 - apscheduler.scheduler - INFO - Added job "send_daily_reminder" to job store "default"
2026-03-01 10:52:57,851 - apscheduler.scheduler - INFO - Added job "daily_weather_collection" to job store "default"
2026-03-01 10:52:57,851 - apscheduler.scheduler - INFO - Added job "run_training" to job store "default"
2026-03-01 10:52:57,851 - apscheduler.scheduler - INFO - Added job "daily_backup_and_report" to job store "default"
2026-03-01 10:52:57,851 - apscheduler.scheduler - INFO - Scheduler started
2026-03-01 10:52:57,851 - src.core.logging - INFO - Scheduler started
2026-03-01 10:53:18,646 - sqlalchemy.engine.Engine - INFO - select pg_catalog.version()
2026-03-01 10:53:18,647 - sqlalchemy.engine.Engine - INFO - [raw sql] ()
2026-03-01 10:53:18,649 - sqlalchemy.engine.Engine - INFO - select current_schema()
2026-03-01 10:53:18,649 - sqlalchemy.engine.Engine - INFO - [raw sql] ()
2026-03-01 10:53:18,650 - sqlalchemy.engine.Engine - INFO - show standard_conforming_strings
2026-03-01 10:53:18,651 - sqlalchemy.engine.Engine - INFO - [raw sql] ()
2026-03-01 10:53:18,651 - sqlalchemy.engine.Engine - INFO - BEGIN (implicit)
2026-03-01 10:53:18,673 - sqlalchemy.engine.Engine - INFO - SELECT admins.id, admins.username, admins.password_hash, admins.created_at 
FROM admins 
WHERE admins.username = $1::VARCHAR
2026-03-01 10:53:18,673 - sqlalchemy.engine.Engine - INFO - [generated in 0.00018s] ('zhura2296@yandex.ru',)
2026-03-01 10:53:18,930 - sqlalchemy.engine.Engine - INFO - ROLLBACK
2026-03-01 10:53:19,174 - sqlalchemy.engine.Engine - INFO - BEGIN (implicit)
2026-03-01 10:53:19,175 - sqlalchemy.engine.Engine - INFO - SELECT admins.id, admins.username, admins.password_hash, admins.created_at 
FROM admins 
WHERE admins.username = $1::VARCHAR
2026-03-01 10:53:19,175 - sqlalchemy.engine.Engine - INFO - [cached since 0.5023s ago] ('zhura2296@yandex.ru',)
2026-03-01 10:53:19,178 - sqlalchemy.engine.Engine - INFO - SELECT clients.id, clients.full_name, clients.phone, clients.address, clients.coordinates, clients.created_at, clients.last_contact, clients.comments, clients.updated_at, clients.backup_phone, clients.deleted_at 
FROM clients 
 LIMIT $1::INTEGER OFFSET $2::INTEGER
2026-03-01 10:53:19,178 - sqlalchemy.engine.Engine - INFO - [generated in 0.00023s] (100, 0)
2026-03-01 10:53:19,198 - sqlalchemy.engine.Engine - INFO - BEGIN (implicit)
2026-03-01 10:53:19,201 - sqlalchemy.engine.Engine - INFO - SELECT admins.id, admins.username, admins.password_hash, admins.created_at 
FROM admins 
WHERE admins.username = $1::VARCHAR
2026-03-01 10:53:19,202 - sqlalchemy.engine.Engine - INFO - [cached since 0.529s ago] ('zhura2296@yandex.ru',)
2026-03-01 10:53:19,203 - sqlalchemy.engine.Engine - INFO - ROLLBACK
2026-03-01 10:53:19,205 - sqlalchemy.engine.Engine - INFO - BEGIN (implicit)
2026-03-01 10:53:19,205 - sqlalchemy.engine.Engine - INFO - SELECT admins.id, admins.username, admins.password_hash, admins.created_at 
FROM admins 
WHERE admins.username = $1::VARCHAR
2026-03-01 10:53:19,205 - sqlalchemy.engine.Engine - INFO - [cached since 0.5323s ago] ('zhura2296@yandex.ru',)
2026-03-01 10:53:19,207 - sqlalchemy.engine.Engine - INFO - SELECT installers.id, installers.full_name, installers.nickname, installers.phone, installers.backup_phone, installers.specialization, installers.rating, installers.base_price, installers.is_debtor, installers.comments, installers.is_active, installers.is_in_funnel, installers.total_orders, installers.poor_work_count, installers.warranty_visits_count, installers.last_incident_date, installers.updated_at, installers.created_at, installers.deleted_at 
FROM installers 
WHERE installers.deleted_at IS NULL 
 LIMIT $1::INTEGER OFFSET $2::INTEGER
2026-03-01 10:53:19,208 - sqlalchemy.engine.Engine - INFO - [generated in 0.00043s] (100, 0)
2026-03-01 10:53:19,210 - sqlalchemy.engine.Engine - INFO - SELECT clients.id, clients.full_name, clients.phone, clients.address, clients.coordinates, clients.created_at, clients.last_contact, clients.comments, clients.updated_at, clients.backup_phone, clients.deleted_at 
FROM clients 
 LIMIT $1::INTEGER OFFSET $2::INTEGER
2026-03-01 10:53:19,210 - sqlalchemy.engine.Engine - INFO - [cached since 0.03198s ago] (100, 0)
2026-03-01 10:53:19,211 - sqlalchemy.engine.Engine - INFO - ROLLBACK
2026-03-01 10:53:19,213 - sqlalchemy.engine.Engine - INFO - ROLLBACK
2026-03-01 10:53:19,214 - sqlalchemy.engine.Engine - INFO - BEGIN (implicit)
2026-03-01 10:53:19,215 - sqlalchemy.engine.Engine - INFO - SELECT admins.id, admins.username, admins.password_hash, admins.created_at 
FROM admins 
WHERE admins.username = $1::VARCHAR
2026-03-01 10:53:19,215 - sqlalchemy.engine.Engine - INFO - [cached since 0.5422s ago] ('zhura2296@yandex.ru',)
2026-03-01 10:53:19,216 - sqlalchemy.engine.Engine - INFO - SELECT installers.id, installers.full_name, installers.nickname, installers.phone, installers.backup_phone, installers.specialization, installers.rating, installers.base_price, installers.is_debtor, installers.comments, installers.is_active, installers.is_in_funnel, installers.total_orders, installers.poor_work_count, installers.warranty_visits_count, installers.last_incident_date, installers.updated_at, installers.created_at, installers.deleted_at 
FROM installers 
WHERE installers.deleted_at IS NULL 
 LIMIT $1::INTEGER OFFSET $2::INTEGER
2026-03-01 10:53:19,216 - sqlalchemy.engine.Engine - INFO - [cached since 0.008697s ago] (100, 0)
2026-03-01 10:53:19,218 - sqlalchemy.engine.Engine - INFO - ROLLBACK
2026-03-01 10:53:21,765 - sqlalchemy.engine.Engine - INFO - BEGIN (implicit)
2026-03-01 10:53:21,769 - sqlalchemy.engine.Engine - INFO - SELECT orders.id, orders.client_id, orders.status, orders.warehouse, orders.service_datetime, orders.delivery_datetime, orders.promise, orders.marker_color, orders.address_id, orders.address_text, orders.created_at, orders.updated_at 
FROM orders 
 LIMIT $1::INTEGER OFFSET $2::INTEGER
2026-03-01 10:53:21,769 - sqlalchemy.engine.Engine - INFO - [generated in 0.00031s] (100, 0)
2026-03-01 10:53:21,785 - sqlalchemy.engine.Engine - INFO - SELECT finance.order_id AS finance_order_id, finance.id AS finance_id, finance.revenue AS finance_revenue, finance.cost_of_goods AS finance_cost_of_goods, finance.installer_payments AS finance_installer_payments, finance.expenses AS finance_expenses, finance.warranty_costs_oleg AS finance_warranty_costs_oleg, finance.warranty_costs_installer AS finance_warranty_costs_installer, finance.profit AS finance_profit, finance.created_at AS finance_created_at, finance.updated_at AS finance_updated_at 
FROM finance 
WHERE finance.order_id IN ($1::INTEGER, $2::INTEGER)
2026-03-01 10:53:21,785 - sqlalchemy.engine.Engine - INFO - [generated in 0.00020s] (1, 2)
2026-03-01 10:53:21,787 - sqlalchemy.engine.Engine - INFO - SELECT clients.id AS clients_id, clients.full_name AS clients_full_name, clients.phone AS clients_phone, clients.address AS clients_address, clients.coordinates AS clients_coordinates, clients.created_at AS clients_created_at, clients.last_contact AS clients_last_contact, clients.comments AS clients_comments, clients.updated_at AS clients_updated_at, clients.backup_phone AS clients_backup_phone, clients.deleted_at AS clients_deleted_at 
FROM clients 
WHERE clients.id IN ($1::INTEGER, $2::INTEGER)
2026-03-01 10:53:21,787 - sqlalchemy.engine.Engine - INFO - [generated in 0.00016s] (1, 2)
2026-03-01 10:53:21,789 - sqlalchemy.engine.Engine - INFO - SELECT address_cache.address AS address_cache_address, address_cache.lat AS address_cache_lat, address_cache.lon AS address_cache_lon, address_cache.updated_at AS address_cache_updated_at 
FROM address_cache 
WHERE address_cache.address IN ($1::VARCHAR, $2::VARCHAR)
2026-03-01 10:53:21,789 - sqlalchemy.engine.Engine - INFO - [generated in 0.00016s] ('Москва, ул. Тверская, д. 12, кв. 45', 'Россия, Московская область, Мытищи, улица Мира, 8')
2026-03-01 10:53:21,791 - sqlalchemy.engine.Engine - INFO - ROLLBACK
2026-03-01 10:53:21,791 - sqlalchemy.engine.Engine - INFO - BEGIN (implicit)
2026-03-01 10:53:21,792 - sqlalchemy.engine.Engine - INFO - SELECT orders.id, orders.client_id, orders.status, orders.warehouse, orders.service_datetime, orders.delivery_datetime, orders.promise, orders.marker_color, orders.address_id, orders.address_text, orders.created_at, orders.updated_at 
FROM orders 
 LIMIT $1::INTEGER OFFSET $2::INTEGER
2026-03-01 10:53:21,792 - sqlalchemy.engine.Engine - INFO - [cached since 0.02298s ago] (100, 0)
2026-03-01 10:53:21,802 - sqlalchemy.engine.Engine - INFO - SELECT finance.order_id AS finance_order_id, finance.id AS finance_id, finance.revenue AS finance_revenue, finance.cost_of_goods AS finance_cost_of_goods, finance.installer_payments AS finance_installer_payments, finance.expenses AS finance_expenses, finance.warranty_costs_oleg AS finance_warranty_costs_oleg, finance.warranty_costs_installer AS finance_warranty_costs_installer, finance.profit AS finance_profit, finance.created_at AS finance_created_at, finance.updated_at AS finance_updated_at 
FROM finance 
WHERE finance.order_id IN ($1::INTEGER, $2::INTEGER)
2026-03-01 10:53:21,802 - sqlalchemy.engine.Engine - INFO - [cached since 0.01758s ago] (1, 2)
2026-03-01 10:53:21,803 - sqlalchemy.engine.Engine - INFO - SELECT clients.id AS clients_id, clients.full_name AS clients_full_name, clients.phone AS clients_phone, clients.address AS clients_address, clients.coordinates AS clients_coordinates, clients.created_at AS clients_created_at, clients.last_contact AS clients_last_contact, clients.comments AS clients_comments, clients.updated_at AS clients_updated_at, clients.backup_phone AS clients_backup_phone, clients.deleted_at AS clients_deleted_at 
FROM clients 
WHERE clients.id IN ($1::INTEGER, $2::INTEGER)
2026-03-01 10:53:21,804 - sqlalchemy.engine.Engine - INFO - [cached since 0.0164s ago] (1, 2)
2026-03-01 10:53:21,804 - sqlalchemy.engine.Engine - INFO - SELECT address_cache.address AS address_cache_address, address_cache.lat AS address_cache_lat, address_cache.lon AS address_cache_lon, address_cache.updated_at AS address_cache_updated_at 
FROM address_cache 
WHERE address_cache.address IN ($1::VARCHAR, $2::VARCHAR)
2026-03-01 10:53:21,804 - sqlalchemy.engine.Engine - INFO - [cached since 0.0154s ago] ('Москва, ул. Тверская, д. 12, кв. 45', 'Россия, Московская область, Мытищи, улица Мира, 8')
2026-03-01 10:53:21,806 - sqlalchemy.engine.Engine - INFO - ROLLBACK
2026-03-01 10:53:22,939 - sqlalchemy.engine.Engine - INFO - BEGIN (implicit)
2026-03-01 10:53:22,940 - sqlalchemy.engine.Engine - INFO - SELECT admins.id, admins.username, admins.password_hash, admins.created_at 
FROM admins 
WHERE admins.username = $1::VARCHAR
2026-03-01 10:53:22,940 - sqlalchemy.engine.Engine - INFO - [cached since 4.267s ago] ('zhura2296@yandex.ru',)
2026-03-01 10:53:22,941 - sqlalchemy.engine.Engine - INFO - SELECT installers.id, installers.full_name, installers.nickname, installers.phone, installers.backup_phone, installers.specialization, installers.rating, installers.base_price, installers.is_debtor, installers.comments, installers.is_active, installers.is_in_funnel, installers.total_orders, installers.poor_work_count, installers.warranty_visits_count, installers.last_incident_date, installers.updated_at, installers.created_at, installers.deleted_at 
FROM installers 
WHERE installers.deleted_at IS NULL 
 LIMIT $1::INTEGER OFFSET $2::INTEGER
2026-03-01 10:53:22,941 - sqlalchemy.engine.Engine - INFO - [cached since 3.734s ago] (100, 0)
2026-03-01 10:53:22,942 - sqlalchemy.engine.Engine - INFO - BEGIN (implicit)
2026-03-01 10:53:22,943 - sqlalchemy.engine.Engine - INFO - SELECT orders.id, orders.client_id, orders.status, orders.warehouse, orders.service_datetime, orders.delivery_datetime, orders.promise, orders.marker_color, orders.address_id, orders.address_text, orders.created_at, orders.updated_at 
FROM orders 
WHERE orders.id = $1::INTEGER
2026-03-01 10:53:22,943 - sqlalchemy.engine.Engine - INFO - [generated in 0.00010s] (2,)
2026-03-01 10:53:22,944 - sqlalchemy.engine.Engine - INFO - ROLLBACK
2026-03-01 10:53:22,946 - sqlalchemy.engine.Engine - INFO - SELECT payments.order_id AS payments_order_id, payments.id AS payments_id, payments.payment_type AS payments_payment_type, payments.installer_id AS payments_installer_id, payments.amount AS payments_amount, payments.payment_date AS payments_payment_date, payments.description AS payments_description, payments.created_at AS payments_created_at, payments.updated_at AS payments_updated_at 
FROM payments 
WHERE payments.order_id IN ($1::INTEGER)
2026-03-01 10:53:22,947 - sqlalchemy.engine.Engine - INFO - [generated in 0.00017s] (2,)
2026-03-01 10:53:22,968 - sqlalchemy.engine.Engine - INFO - BEGIN (implicit)
2026-03-01 10:53:22,968 - sqlalchemy.engine.Engine - INFO - SELECT admins.id, admins.username, admins.password_hash, admins.created_at 
FROM admins 
WHERE admins.username = $1::VARCHAR
2026-03-01 10:53:22,968 - sqlalchemy.engine.Engine - INFO - [cached since 4.295s ago] ('zhura2296@yandex.ru',)
2026-03-01 10:53:22,970 - sqlalchemy.engine.Engine - INFO - SELECT installers.id, installers.full_name, installers.nickname, installers.phone, installers.backup_phone, installers.specialization, installers.rating, installers.base_price, installers.is_debtor, installers.comments, installers.is_active, installers.is_in_funnel, installers.total_orders, installers.poor_work_count, installers.warranty_visits_count, installers.last_incident_date, installers.updated_at, installers.created_at, installers.deleted_at 
FROM installers 
WHERE installers.deleted_at IS NULL 
 LIMIT $1::INTEGER OFFSET $2::INTEGER
2026-03-01 10:53:22,970 - sqlalchemy.engine.Engine - INFO - [cached since 3.763s ago] (100, 0)
2026-03-01 10:53:22,972 - sqlalchemy.engine.Engine - INFO - ROLLBACK
2026-03-01 10:53:22,988 - sqlalchemy.engine.Engine - INFO - SELECT finance.order_id AS finance_order_id, finance.id AS finance_id, finance.revenue AS finance_revenue, finance.cost_of_goods AS finance_cost_of_goods, finance.installer_payments AS finance_installer_payments, finance.expenses AS finance_expenses, finance.warranty_costs_oleg AS finance_warranty_costs_oleg, finance.warranty_costs_installer AS finance_warranty_costs_installer, finance.profit AS finance_profit, finance.created_at AS finance_created_at, finance.updated_at AS finance_updated_at 
FROM finance 
WHERE finance.order_id IN ($1::INTEGER)
2026-03-01 10:53:22,989 - sqlalchemy.engine.Engine - INFO - [generated in 0.00028s] (2,)
2026-03-01 10:53:22,991 - sqlalchemy.engine.Engine - INFO - SELECT clients.id AS clients_id, clients.full_name AS clients_full_name, clients.phone AS clients_phone, clients.address AS clients_address, clients.coordinates AS clients_coordinates, clients.created_at AS clients_created_at, clients.last_contact AS clients_last_contact, clients.comments AS clients_comments, clients.updated_at AS clients_updated_at, clients.backup_phone AS clients_backup_phone, clients.deleted_at AS clients_deleted_at 
FROM clients 
WHERE clients.id IN ($1::INTEGER)
2026-03-01 10:53:22,991 - sqlalchemy.engine.Engine - INFO - [generated in 0.00028s] (2,)
2026-03-01 10:53:22,994 - sqlalchemy.engine.Engine - INFO - SELECT address_cache.address AS address_cache_address, address_cache.lat AS address_cache_lat, address_cache.lon AS address_cache_lon, address_cache.updated_at AS address_cache_updated_at 
FROM address_cache 
WHERE address_cache.address IN ($1::VARCHAR)
2026-03-01 10:53:22,994 - sqlalchemy.engine.Engine - INFO - [generated in 0.00026s] ('Россия, Московская область, Мытищи, улица Мира, 8',)
2026-03-01 10:53:22,997 - sqlalchemy.engine.Engine - INFO - SELECT order_items.order_id AS order_items_order_id, order_items.id AS order_items_id, order_items.item_type AS order_items_item_type, order_items.name AS order_items_name, order_items.quantity AS order_items_quantity, order_items.purchase_price AS order_items_purchase_price, order_items.sale_price AS order_items_sale_price, order_items.warranty_manufacturer AS order_items_warranty_manufacturer, order_items.warranty_master AS order_items_warranty_master, order_items.sort_order AS order_items_sort_order, order_items.created_at AS order_items_created_at, order_items.updated_at AS order_items_updated_at 
FROM order_items 
WHERE order_items.order_id IN ($1::INTEGER)
2026-03-01 10:53:22,997 - sqlalchemy.engine.Engine - INFO - [generated in 0.00021s] (2,)
2026-03-01 10:53:23,004 - sqlalchemy.engine.Engine - INFO - SELECT order_installers.order_id AS order_installers_order_id, order_installers.id AS order_installers_id, order_installers.installer_id AS order_installers_installer_id, order_installers.role AS order_installers_role, order_installers.base_payment AS order_installers_base_payment, order_installers.is_primary AS order_installers_is_primary, order_installers.created_at AS order_installers_created_at, order_installers.updated_at AS order_installers_updated_at 
FROM order_installers 
WHERE order_installers.order_id IN ($1::INTEGER)
2026-03-01 10:53:23,005 - sqlalchemy.engine.Engine - INFO - [generated in 0.00019s] (2,)
2026-03-01 10:53:23,008 - sqlalchemy.engine.Engine - INFO - SELECT order_expenses.order_id AS order_expenses_order_id, order_expenses.id AS order_expenses_id, order_expenses.amount AS order_expenses_amount, order_expenses.description AS order_expenses_description, order_expenses.expense_date AS order_expenses_expense_date, order_expenses.category AS order_expenses_category, order_expenses.created_at AS order_expenses_created_at, order_expenses.updated_at AS order_expenses_updated_at 
FROM order_expenses 
WHERE order_expenses.order_id IN ($1::INTEGER)
2026-03-01 10:53:23,008 - sqlalchemy.engine.Engine - INFO - [generated in 0.00018s] (2,)
2026-03-01 10:53:23,013 - sqlalchemy.engine.Engine - INFO - ROLLBACK
2026-03-01 10:53:23,014 - sqlalchemy.engine.Engine - INFO - BEGIN (implicit)
2026-03-01 10:53:23,018 - sqlalchemy.engine.Engine - INFO - SELECT orders.id, orders.client_id, orders.status, orders.warehouse, orders.service_datetime, orders.delivery_datetime, orders.promise, orders.marker_color, orders.address_id, orders.address_text, orders.created_at, orders.updated_at 
FROM orders 
WHERE orders.id = $1::INTEGER
2026-03-01 10:53:23,018 - sqlalchemy.engine.Engine - INFO - [cached since 0.07485s ago] (2,)
2026-03-01 10:53:23,021 - sqlalchemy.engine.Engine - INFO - SELECT payments.order_id AS payments_order_id, payments.id AS payments_id, payments.payment_type AS payments_payment_type, payments.installer_id AS payments_installer_id, payments.amount AS payments_amount, payments.payment_date AS payments_payment_date, payments.description AS payments_description, payments.created_at AS payments_created_at, payments.updated_at AS payments_updated_at 
FROM payments 
WHERE payments.order_id IN ($1::INTEGER)
2026-03-01 10:53:23,021 - sqlalchemy.engine.Engine - INFO - [cached since 0.07485s ago] (2,)
2026-03-01 10:53:23,023 - sqlalchemy.engine.Engine - INFO - SELECT finance.order_id AS finance_order_id, finance.id AS finance_id, finance.revenue AS finance_revenue, finance.cost_of_goods AS finance_cost_of_goods, finance.installer_payments AS finance_installer_payments, finance.expenses AS finance_expenses, finance.warranty_costs_oleg AS finance_warranty_costs_oleg, finance.warranty_costs_installer AS finance_warranty_costs_installer, finance.profit AS finance_profit, finance.created_at AS finance_created_at, finance.updated_at AS finance_updated_at 
FROM finance 
WHERE finance.order_id IN ($1::INTEGER)
2026-03-01 10:53:23,023 - sqlalchemy.engine.Engine - INFO - [cached since 0.03477s ago] (2,)
2026-03-01 10:53:23,024 - sqlalchemy.engine.Engine - INFO - SELECT clients.id AS clients_id, clients.full_name AS clients_full_name, clients.phone AS clients_phone, clients.address AS clients_address, clients.coordinates AS clients_coordinates, clients.created_at AS clients_created_at, clients.last_contact AS clients_last_contact, clients.comments AS clients_comments, clients.updated_at AS clients_updated_at, clients.backup_phone AS clients_backup_phone, clients.deleted_at AS clients_deleted_at 
FROM clients 
WHERE clients.id IN ($1::INTEGER)
2026-03-01 10:53:23,024 - sqlalchemy.engine.Engine - INFO - [cached since 0.03315s ago] (2,)
2026-03-01 10:53:23,025 - sqlalchemy.engine.Engine - INFO - SELECT address_cache.address AS address_cache_address, address_cache.lat AS address_cache_lat, address_cache.lon AS address_cache_lon, address_cache.updated_at AS address_cache_updated_at 
FROM address_cache 
WHERE address_cache.address IN ($1::VARCHAR)
2026-03-01 10:53:23,025 - sqlalchemy.engine.Engine - INFO - [cached since 0.03182s ago] ('Россия, Московская область, Мытищи, улица Мира, 8',)
2026-03-01 10:53:23,026 - sqlalchemy.engine.Engine - INFO - SELECT order_items.order_id AS order_items_order_id, order_items.id AS order_items_id, order_items.item_type AS order_items_item_type, order_items.name AS order_items_name, order_items.quantity AS order_items_quantity, order_items.purchase_price AS order_items_purchase_price, order_items.sale_price AS order_items_sale_price, order_items.warranty_manufacturer AS order_items_warranty_manufacturer, order_items.warranty_master AS order_items_warranty_master, order_items.sort_order AS order_items_sort_order, order_items.created_at AS order_items_created_at, order_items.updated_at AS order_items_updated_at 
FROM order_items 
WHERE order_items.order_id IN ($1::INTEGER)
2026-03-01 10:53:23,026 - sqlalchemy.engine.Engine - INFO - [cached since 0.02956s ago] (2,)
2026-03-01 10:53:23,033 - sqlalchemy.engine.Engine - INFO - SELECT order_installers.order_id AS order_installers_order_id, order_installers.id AS order_installers_id, order_installers.installer_id AS order_installers_installer_id, order_installers.role AS order_installers_role, order_installers.base_payment AS order_installers_base_payment, order_installers.is_primary AS order_installers_is_primary, order_installers.created_at AS order_installers_created_at, order_installers.updated_at AS order_installers_updated_at 
FROM order_installers 
WHERE order_installers.order_id IN ($1::INTEGER)
2026-03-01 10:53:23,033 - sqlalchemy.engine.Engine - INFO - [cached since 0.02849s ago] (2,)
2026-03-01 10:53:23,034 - sqlalchemy.engine.Engine - INFO - SELECT order_expenses.order_id AS order_expenses_order_id, order_expenses.id AS order_expenses_id, order_expenses.amount AS order_expenses_amount, order_expenses.description AS order_expenses_description, order_expenses.expense_date AS order_expenses_expense_date, order_expenses.category AS order_expenses_category, order_expenses.created_at AS order_expenses_created_at, order_expenses.updated_at AS order_expenses_updated_at 
FROM order_expenses 
WHERE order_expenses.order_id IN ($1::INTEGER)
2026-03-01 10:53:23,034 - sqlalchemy.engine.Engine - INFO - [cached since 0.02643s ago] (2,)
2026-03-01 10:53:23,036 - sqlalchemy.engine.Engine - INFO - ROLLBACK
2026-03-01 10:53:39,831 - sqlalchemy.engine.Engine - INFO - BEGIN (implicit)
2026-03-01 10:53:39,831 - sqlalchemy.engine.Engine - INFO - SELECT orders.id, orders.client_id, orders.status, orders.warehouse, orders.service_datetime, orders.delivery_datetime, orders.promise, orders.marker_color, orders.address_id, orders.address_text, orders.created_at, orders.updated_at 
FROM orders 
 LIMIT $1::INTEGER OFFSET $2::INTEGER
2026-03-01 10:53:39,831 - sqlalchemy.engine.Engine - INFO - [cached since 18.06s ago] (100, 0)
2026-03-01 10:53:39,842 - sqlalchemy.engine.Engine - INFO - SELECT finance.order_id AS finance_order_id, finance.id AS finance_id, finance.revenue AS finance_revenue, finance.cost_of_goods AS finance_cost_of_goods, finance.installer_payments AS finance_installer_payments, finance.expenses AS finance_expenses, finance.warranty_costs_oleg AS finance_warranty_costs_oleg, finance.warranty_costs_installer AS finance_warranty_costs_installer, finance.profit AS finance_profit, finance.created_at AS finance_created_at, finance.updated_at AS finance_updated_at 
FROM finance 
WHERE finance.order_id IN ($1::INTEGER, $2::INTEGER)
2026-03-01 10:53:39,842 - sqlalchemy.engine.Engine - INFO - [cached since 18.06s ago] (1, 2)
2026-03-01 10:53:39,843 - sqlalchemy.engine.Engine - INFO - SELECT clients.id AS clients_id, clients.full_name AS clients_full_name, clients.phone AS clients_phone, clients.address AS clients_address, clients.coordinates AS clients_coordinates, clients.created_at AS clients_created_at, clients.last_contact AS clients_last_contact, clients.comments AS clients_comments, clients.updated_at AS clients_updated_at, clients.backup_phone AS clients_backup_phone, clients.deleted_at AS clients_deleted_at 
FROM clients 
WHERE clients.id IN ($1::INTEGER, $2::INTEGER)
2026-03-01 10:53:39,843 - sqlalchemy.engine.Engine - INFO - [cached since 18.06s ago] (1, 2)
2026-03-01 10:53:39,844 - sqlalchemy.engine.Engine - INFO - SELECT address_cache.address AS address_cache_address, address_cache.lat AS address_cache_lat, address_cache.lon AS address_cache_lon, address_cache.updated_at AS address_cache_updated_at 
FROM address_cache 
WHERE address_cache.address IN ($1::VARCHAR, $2::VARCHAR)
2026-03-01 10:53:39,844 - sqlalchemy.engine.Engine - INFO - [cached since 18.06s ago] ('Москва, ул. Тверская, д. 12, кв. 45', 'Россия, Московская область, Мытищи, улица Мира, 8')
2026-03-01 10:53:39,846 - sqlalchemy.engine.Engine - INFO - ROLLBACK
2026-03-01 10:53:39,847 - sqlalchemy.engine.Engine - INFO - BEGIN (implicit)
2026-03-01 10:53:39,848 - sqlalchemy.engine.Engine - INFO - SELECT orders.id, orders.client_id, orders.status, orders.warehouse, orders.service_datetime, orders.delivery_datetime, orders.promise, orders.marker_color, orders.address_id, orders.address_text, orders.created_at, orders.updated_at 
FROM orders 
 LIMIT $1::INTEGER OFFSET $2::INTEGER
2026-03-01 10:53:39,848 - sqlalchemy.engine.Engine - INFO - [cached since 18.08s ago] (100, 0)
2026-03-01 10:53:39,850 - sqlalchemy.engine.Engine - INFO - SELECT finance.order_id AS finance_order_id, finance.id AS finance_id, finance.revenue AS finance_revenue, finance.cost_of_goods AS finance_cost_of_goods, finance.installer_payments AS finance_installer_payments, finance.expenses AS finance_expenses, finance.warranty_costs_oleg AS finance_warranty_costs_oleg, finance.warranty_costs_installer AS finance_warranty_costs_installer, finance.profit AS finance_profit, finance.created_at AS finance_created_at, finance.updated_at AS finance_updated_at 
FROM finance 
WHERE finance.order_id IN ($1::INTEGER, $2::INTEGER)
2026-03-01 10:53:39,850 - sqlalchemy.engine.Engine - INFO - [cached since 18.07s ago] (1, 2)
2026-03-01 10:53:39,851 - sqlalchemy.engine.Engine - INFO - SELECT clients.id AS clients_id, clients.full_name AS clients_full_name, clients.phone AS clients_phone, clients.address AS clients_address, clients.coordinates AS clients_coordinates, clients.created_at AS clients_created_at, clients.last_contact AS clients_last_contact, clients.comments AS clients_comments, clients.updated_at AS clients_updated_at, clients.backup_phone AS clients_backup_phone, clients.deleted_at AS clients_deleted_at 
FROM clients 
WHERE clients.id IN ($1::INTEGER, $2::INTEGER)
2026-03-01 10:53:39,851 - sqlalchemy.engine.Engine - INFO - [cached since 18.06s ago] (1, 2)
2026-03-01 10:53:39,852 - sqlalchemy.engine.Engine - INFO - SELECT address_cache.address AS address_cache_address, address_cache.lat AS address_cache_lat, address_cache.lon AS address_cache_lon, address_cache.updated_at AS address_cache_updated_at 
FROM address_cache 
WHERE address_cache.address IN ($1::VARCHAR, $2::VARCHAR)
2026-03-01 10:53:39,852 - sqlalchemy.engine.Engine - INFO - [cached since 18.06s ago] ('Москва, ул. Тверская, д. 12, кв. 45', 'Россия, Московская область, Мытищи, улица Мира, 8')
2026-03-01 10:53:39,853 - sqlalchemy.engine.Engine - INFO - ROLLBACK
2026-03-01 10:53:41,450 - sqlalchemy.engine.Engine - INFO - BEGIN (implicit)
2026-03-01 10:53:41,450 - sqlalchemy.engine.Engine - INFO - SELECT admins.id, admins.username, admins.password_hash, admins.created_at 
FROM admins 
WHERE admins.username = $1::VARCHAR
2026-03-01 10:53:41,450 - sqlalchemy.engine.Engine - INFO - [cached since 22.78s ago] ('zhura2296@yandex.ru',)
2026-03-01 10:53:41,452 - sqlalchemy.engine.Engine - INFO - SELECT installers.id, installers.full_name, installers.nickname, installers.phone, installers.backup_phone, installers.specialization, installers.rating, installers.base_price, installers.is_debtor, installers.comments, installers.is_active, installers.is_in_funnel, installers.total_orders, installers.poor_work_count, installers.warranty_visits_count, installers.last_incident_date, installers.updated_at, installers.created_at, installers.deleted_at 
FROM installers 
WHERE installers.deleted_at IS NULL 
 LIMIT $1::INTEGER OFFSET $2::INTEGER
2026-03-01 10:53:41,452 - sqlalchemy.engine.Engine - INFO - [cached since 22.24s ago] (100, 0)
2026-03-01 10:53:41,453 - sqlalchemy.engine.Engine - INFO - BEGIN (implicit)
2026-03-01 10:53:41,453 - sqlalchemy.engine.Engine - INFO - SELECT orders.id, orders.client_id, orders.status, orders.warehouse, orders.service_datetime, orders.delivery_datetime, orders.promise, orders.marker_color, orders.address_id, orders.address_text, orders.created_at, orders.updated_at 
FROM orders 
WHERE orders.id = $1::INTEGER
2026-03-01 10:53:41,453 - sqlalchemy.engine.Engine - INFO - [cached since 18.51s ago] (1,)
2026-03-01 10:53:41,454 - sqlalchemy.engine.Engine - INFO - ROLLBACK
2026-03-01 10:53:41,455 - sqlalchemy.engine.Engine - INFO - BEGIN (implicit)
2026-03-01 10:53:41,455 - sqlalchemy.engine.Engine - INFO - SELECT admins.id, admins.username, admins.password_hash, admins.created_at 
FROM admins 
WHERE admins.username = $1::VARCHAR
2026-03-01 10:53:41,455 - sqlalchemy.engine.Engine - INFO - [cached since 22.78s ago] ('zhura2296@yandex.ru',)
2026-03-01 10:53:41,456 - sqlalchemy.engine.Engine - INFO - SELECT payments.order_id AS payments_order_id, payments.id AS payments_id, payments.payment_type AS payments_payment_type, payments.installer_id AS payments_installer_id, payments.amount AS payments_amount, payments.payment_date AS payments_payment_date, payments.description AS payments_description, payments.created_at AS payments_created_at, payments.updated_at AS payments_updated_at 
FROM payments 
WHERE payments.order_id IN ($1::INTEGER)
2026-03-01 10:53:41,456 - sqlalchemy.engine.Engine - INFO - [cached since 18.51s ago] (1,)
2026-03-01 10:53:41,456 - sqlalchemy.engine.Engine - INFO - SELECT installers.id, installers.full_name, installers.nickname, installers.phone, installers.backup_phone, installers.specialization, installers.rating, installers.base_price, installers.is_debtor, installers.comments, installers.is_active, installers.is_in_funnel, installers.total_orders, installers.poor_work_count, installers.warranty_visits_count, installers.last_incident_date, installers.updated_at, installers.created_at, installers.deleted_at 
FROM installers 
WHERE installers.deleted_at IS NULL 
 LIMIT $1::INTEGER OFFSET $2::INTEGER
2026-03-01 10:53:41,457 - sqlalchemy.engine.Engine - INFO - [cached since 22.25s ago] (100, 0)
2026-03-01 10:53:41,458 - sqlalchemy.engine.Engine - INFO - SELECT finance.order_id AS finance_order_id, finance.id AS finance_id, finance.revenue AS finance_revenue, finance.cost_of_goods AS finance_cost_of_goods, finance.installer_payments AS finance_installer_payments, finance.expenses AS finance_expenses, finance.warranty_costs_oleg AS finance_warranty_costs_oleg, finance.warranty_costs_installer AS finance_warranty_costs_installer, finance.profit AS finance_profit, finance.created_at AS finance_created_at, finance.updated_at AS finance_updated_at 
FROM finance 
WHERE finance.order_id IN ($1::INTEGER)
2026-03-01 10:53:41,458 - sqlalchemy.engine.Engine - INFO - [cached since 18.47s ago] (1,)
2026-03-01 10:53:41,458 - sqlalchemy.engine.Engine - INFO - ROLLBACK
2026-03-01 10:53:41,459 - sqlalchemy.engine.Engine - INFO - SELECT clients.id AS clients_id, clients.full_name AS clients_full_name, clients.phone AS clients_phone, clients.address AS clients_address, clients.coordinates AS clients_coordinates, clients.created_at AS clients_created_at, clients.last_contact AS clients_last_contact, clients.comments AS clients_comments, clients.updated_at AS clients_updated_at, clients.backup_phone AS clients_backup_phone, clients.deleted_at AS clients_deleted_at 
FROM clients 
WHERE clients.id IN ($1::INTEGER)
2026-03-01 10:53:41,459 - sqlalchemy.engine.Engine - INFO - [cached since 18.47s ago] (1,)
2026-03-01 10:53:41,460 - sqlalchemy.engine.Engine - INFO - SELECT address_cache.address AS address_cache_address, address_cache.lat AS address_cache_lat, address_cache.lon AS address_cache_lon, address_cache.updated_at AS address_cache_updated_at 
FROM address_cache 
WHERE address_cache.address IN ($1::VARCHAR)
2026-03-01 10:53:41,460 - sqlalchemy.engine.Engine - INFO - [cached since 18.47s ago] ('Москва, ул. Тверская, д. 12, кв. 45',)
2026-03-01 10:53:41,461 - sqlalchemy.engine.Engine - INFO - SELECT order_items.order_id AS order_items_order_id, order_items.id AS order_items_id, order_items.item_type AS order_items_item_type, order_items.name AS order_items_name, order_items.quantity AS order_items_quantity, order_items.purchase_price AS order_items_purchase_price, order_items.sale_price AS order_items_sale_price, order_items.warranty_manufacturer AS order_items_warranty_manufacturer, order_items.warranty_master AS order_items_warranty_master, order_items.sort_order AS order_items_sort_order, order_items.created_at AS order_items_created_at, order_items.updated_at AS order_items_updated_at 
FROM order_items 
WHERE order_items.order_id IN ($1::INTEGER)
2026-03-01 10:53:41,461 - sqlalchemy.engine.Engine - INFO - [cached since 18.46s ago] (1,)
2026-03-01 10:53:41,467 - sqlalchemy.engine.Engine - INFO - SELECT order_installers.order_id AS order_installers_order_id, order_installers.id AS order_installers_id, order_installers.installer_id AS order_installers_installer_id, order_installers.role AS order_installers_role, order_installers.base_payment AS order_installers_base_payment, order_installers.is_primary AS order_installers_is_primary, order_installers.created_at AS order_installers_created_at, order_installers.updated_at AS order_installers_updated_at 
FROM order_installers 
WHERE order_installers.order_id IN ($1::INTEGER)
2026-03-01 10:53:41,467 - sqlalchemy.engine.Engine - INFO - [cached since 18.46s ago] (1,)
2026-03-01 10:53:41,469 - sqlalchemy.engine.Engine - INFO - SELECT order_expenses.order_id AS order_expenses_order_id, order_expenses.id AS order_expenses_id, order_expenses.amount AS order_expenses_amount, order_expenses.description AS order_expenses_description, order_expenses.expense_date AS order_expenses_expense_date, order_expenses.category AS order_expenses_category, order_expenses.created_at AS order_expenses_created_at, order_expenses.updated_at AS order_expenses_updated_at 
FROM order_expenses 
WHERE order_expenses.order_id IN ($1::INTEGER)
2026-03-01 10:53:41,469 - sqlalchemy.engine.Engine - INFO - [cached since 18.46s ago] (1,)
2026-03-01 10:53:41,470 - sqlalchemy.engine.Engine - INFO - ROLLBACK
2026-03-01 10:53:41,471 - sqlalchemy.engine.Engine - INFO - BEGIN (implicit)
2026-03-01 10:53:41,471 - sqlalchemy.engine.Engine - INFO - SELECT orders.id, orders.client_id, orders.status, orders.warehouse, orders.service_datetime, orders.delivery_datetime, orders.promise, orders.marker_color, orders.address_id, orders.address_text, orders.created_at, orders.updated_at 
FROM orders 
WHERE orders.id = $1::INTEGER
2026-03-01 10:53:41,471 - sqlalchemy.engine.Engine - INFO - [cached since 18.53s ago] (1,)
2026-03-01 10:53:41,472 - sqlalchemy.engine.Engine - INFO - SELECT payments.order_id AS payments_order_id, payments.id AS payments_id, payments.payment_type AS payments_payment_type, payments.installer_id AS payments_installer_id, payments.amount AS payments_amount, payments.payment_date AS payments_payment_date, payments.description AS payments_description, payments.created_at AS payments_created_at, payments.updated_at AS payments_updated_at 
FROM payments 
WHERE payments.order_id IN ($1::INTEGER)
2026-03-01 10:53:41,472 - sqlalchemy.engine.Engine - INFO - [cached since 18.53s ago] (1,)
2026-03-01 10:53:41,472 - sqlalchemy.engine.Engine - INFO - SELECT finance.order_id AS finance_order_id, finance.id AS finance_id, finance.revenue AS finance_revenue, finance.cost_of_goods AS finance_cost_of_goods, finance.installer_payments AS finance_installer_payments, finance.expenses AS finance_expenses, finance.warranty_costs_oleg AS finance_warranty_costs_oleg, finance.warranty_costs_installer AS finance_warranty_costs_installer, finance.profit AS finance_profit, finance.created_at AS finance_created_at, finance.updated_at AS finance_updated_at 
FROM finance 
WHERE finance.order_id IN ($1::INTEGER)
2026-03-01 10:53:41,472 - sqlalchemy.engine.Engine - INFO - [cached since 18.48s ago] (1,)
2026-03-01 10:53:41,473 - sqlalchemy.engine.Engine - INFO - SELECT clients.id AS clients_id, clients.full_name AS clients_full_name, clients.phone AS clients_phone, clients.address AS clients_address, clients.coordinates AS clients_coordinates, clients.created_at AS clients_created_at, clients.last_contact AS clients_last_contact, clients.comments AS clients_comments, clients.updated_at AS clients_updated_at, clients.backup_phone AS clients_backup_phone, clients.deleted_at AS clients_deleted_at 
FROM clients 
WHERE clients.id IN ($1::INTEGER)
2026-03-01 10:53:41,473 - sqlalchemy.engine.Engine - INFO - [cached since 18.48s ago] (1,)
2026-03-01 10:53:41,474 - sqlalchemy.engine.Engine - INFO - SELECT address_cache.address AS address_cache_address, address_cache.lat AS address_cache_lat, address_cache.lon AS address_cache_lon, address_cache.updated_at AS address_cache_updated_at 
FROM address_cache 
WHERE address_cache.address IN ($1::VARCHAR)
2026-03-01 10:53:41,474 - sqlalchemy.engine.Engine - INFO - [cached since 18.48s ago] ('Москва, ул. Тверская, д. 12, кв. 45',)
2026-03-01 10:53:41,475 - sqlalchemy.engine.Engine - INFO - SELECT order_items.order_id AS order_items_order_id, order_items.id AS order_items_id, order_items.item_type AS order_items_item_type, order_items.name AS order_items_name, order_items.quantity AS order_items_quantity, order_items.purchase_price AS order_items_purchase_price, order_items.sale_price AS order_items_sale_price, order_items.warranty_manufacturer AS order_items_warranty_manufacturer, order_items.warranty_master AS order_items_warranty_master, order_items.sort_order AS order_items_sort_order, order_items.created_at AS order_items_created_at, order_items.updated_at AS order_items_updated_at 
FROM order_items 
WHERE order_items.order_id IN ($1::INTEGER)
2026-03-01 10:53:41,475 - sqlalchemy.engine.Engine - INFO - [cached since 18.48s ago] (1,)
2026-03-01 10:53:41,476 - sqlalchemy.engine.Engine - INFO - SELECT order_installers.order_id AS order_installers_order_id, order_installers.id AS order_installers_id, order_installers.installer_id AS order_installers_installer_id, order_installers.role AS order_installers_role, order_installers.base_payment AS order_installers_base_payment, order_installers.is_primary AS order_installers_is_primary, order_installers.created_at AS order_installers_created_at, order_installers.updated_at AS order_installers_updated_at 
FROM order_installers 
WHERE order_installers.order_id IN ($1::INTEGER)
2026-03-01 10:53:41,476 - sqlalchemy.engine.Engine - INFO - [cached since 18.47s ago] (1,)
2026-03-01 10:53:41,477 - sqlalchemy.engine.Engine - INFO - SELECT order_expenses.order_id AS order_expenses_order_id, order_expenses.id AS order_expenses_id, order_expenses.amount AS order_expenses_amount, order_expenses.description AS order_expenses_description, order_expenses.expense_date AS order_expenses_expense_date, order_expenses.category AS order_expenses_category, order_expenses.created_at AS order_expenses_created_at, order_expenses.updated_at AS order_expenses_updated_at 
FROM order_expenses 
WHERE order_expenses.order_id IN ($1::INTEGER)
2026-03-01 10:53:41,477 - sqlalchemy.engine.Engine - INFO - [cached since 18.47s ago] (1,)
2026-03-01 10:53:41,479 - sqlalchemy.engine.Engine - INFO - ROLLBACK
2026-03-01 10:59:21,779 - sqlalchemy.engine.Engine - INFO - BEGIN (implicit)
2026-03-01 10:59:21,780 - sqlalchemy.engine.Engine - INFO - SELECT orders.id, orders.client_id, orders.status, orders.warehouse, orders.service_datetime, orders.delivery_datetime, orders.promise, orders.marker_color, orders.address_id, orders.address_text, orders.created_at, orders.updated_at 
FROM orders 
WHERE orders.id = $1::INTEGER
2026-03-01 10:59:21,780 - sqlalchemy.engine.Engine - INFO - [cached since 358.8s ago] (1,)
2026-03-01 10:59:21,781 - sqlalchemy.engine.Engine - INFO - BEGIN (implicit)
2026-03-01 10:59:21,781 - sqlalchemy.engine.Engine - INFO - SELECT admins.id, admins.username, admins.password_hash, admins.created_at 
FROM admins 
WHERE admins.username = $1::VARCHAR
2026-03-01 10:59:21,781 - sqlalchemy.engine.Engine - INFO - [cached since 363.1s ago] ('zhura2296@yandex.ru',)
2026-03-01 10:59:21,782 - sqlalchemy.engine.Engine - INFO - SELECT installers.id, installers.full_name, installers.nickname, installers.phone, installers.backup_phone, installers.specialization, installers.rating, installers.base_price, installers.is_debtor, installers.comments, installers.is_active, installers.is_in_funnel, installers.total_orders, installers.poor_work_count, installers.warranty_visits_count, installers.last_incident_date, installers.updated_at, installers.created_at, installers.deleted_at 
FROM installers 
WHERE installers.deleted_at IS NULL 
 LIMIT $1::INTEGER OFFSET $2::INTEGER
2026-03-01 10:59:21,782 - sqlalchemy.engine.Engine - INFO - [cached since 362.6s ago] (100, 0)
2026-03-01 10:59:21,784 - sqlalchemy.engine.Engine - INFO - SELECT payments.order_id AS payments_order_id, payments.id AS payments_id, payments.payment_type AS payments_payment_type, payments.installer_id AS payments_installer_id, payments.amount AS payments_amount, payments.payment_date AS payments_payment_date, payments.description AS payments_description, payments.created_at AS payments_created_at, payments.updated_at AS payments_updated_at 
FROM payments 
WHERE payments.order_id IN ($1::INTEGER)
2026-03-01 10:59:21,784 - sqlalchemy.engine.Engine - INFO - [cached since 358.8s ago] (1,)
2026-03-01 10:59:21,786 - sqlalchemy.engine.Engine - INFO - SELECT finance.order_id AS finance_order_id, finance.id AS finance_id, finance.revenue AS finance_revenue, finance.cost_of_goods AS finance_cost_of_goods, finance.installer_payments AS finance_installer_payments, finance.expenses AS finance_expenses, finance.warranty_costs_oleg AS finance_warranty_costs_oleg, finance.warranty_costs_installer AS finance_warranty_costs_installer, finance.profit AS finance_profit, finance.created_at AS finance_created_at, finance.updated_at AS finance_updated_at 
FROM finance 
WHERE finance.order_id IN ($1::INTEGER)
2026-03-01 10:59:21,786 - sqlalchemy.engine.Engine - INFO - [cached since 358.8s ago] (1,)
2026-03-01 10:59:21,790 - sqlalchemy.engine.Engine - INFO - SELECT clients.id AS clients_id, clients.full_name AS clients_full_name, clients.phone AS clients_phone, clients.address AS clients_address, clients.coordinates AS clients_coordinates, clients.created_at AS clients_created_at, clients.last_contact AS clients_last_contact, clients.comments AS clients_comments, clients.updated_at AS clients_updated_at, clients.backup_phone AS clients_backup_phone, clients.deleted_at AS clients_deleted_at 
FROM clients 
WHERE clients.id IN ($1::INTEGER)
2026-03-01 10:59:21,790 - sqlalchemy.engine.Engine - INFO - [cached since 358.8s ago] (1,)
2026-03-01 10:59:21,791 - sqlalchemy.engine.Engine - INFO - ROLLBACK
2026-03-01 10:59:21,792 - sqlalchemy.engine.Engine - INFO - BEGIN (implicit)
2026-03-01 10:59:21,792 - sqlalchemy.engine.Engine - INFO - SELECT admins.id, admins.username, admins.password_hash, admins.created_at 
FROM admins 
WHERE admins.username = $1::VARCHAR
2026-03-01 10:59:21,792 - sqlalchemy.engine.Engine - INFO - [cached since 363.1s ago] ('zhura2296@yandex.ru',)
2026-03-01 10:59:21,793 - sqlalchemy.engine.Engine - INFO - SELECT address_cache.address AS address_cache_address, address_cache.lat AS address_cache_lat, address_cache.lon AS address_cache_lon, address_cache.updated_at AS address_cache_updated_at 
FROM address_cache 
WHERE address_cache.address IN ($1::VARCHAR)
2026-03-01 10:59:21,794 - sqlalchemy.engine.Engine - INFO - [cached since 358.8s ago] ('Москва, ул. Тверская, д. 12, кв. 45',)
2026-03-01 10:59:21,795 - sqlalchemy.engine.Engine - INFO - SELECT order_items.order_id AS order_items_order_id, order_items.id AS order_items_id, order_items.item_type AS order_items_item_type, order_items.name AS order_items_name, order_items.quantity AS order_items_quantity, order_items.purchase_price AS order_items_purchase_price, order_items.sale_price AS order_items_sale_price, order_items.warranty_manufacturer AS order_items_warranty_manufacturer, order_items.warranty_master AS order_items_warranty_master, order_items.sort_order AS order_items_sort_order, order_items.created_at AS order_items_created_at, order_items.updated_at AS order_items_updated_at 
FROM order_items 
WHERE order_items.order_id IN ($1::INTEGER)
2026-03-01 10:59:21,795 - sqlalchemy.engine.Engine - INFO - [cached since 358.8s ago] (1,)
2026-03-01 10:59:21,796 - sqlalchemy.engine.Engine - INFO - SELECT installers.id, installers.full_name, installers.nickname, installers.phone, installers.backup_phone, installers.specialization, installers.rating, installers.base_price, installers.is_debtor, installers.comments, installers.is_active, installers.is_in_funnel, installers.total_orders, installers.poor_work_count, installers.warranty_visits_count, installers.last_incident_date, installers.updated_at, installers.created_at, installers.deleted_at 
FROM installers 
WHERE installers.deleted_at IS NULL 
 LIMIT $1::INTEGER OFFSET $2::INTEGER
2026-03-01 10:59:21,797 - sqlalchemy.engine.Engine - INFO - [cached since 362.6s ago] (100, 0)
2026-03-01 10:59:21,798 - sqlalchemy.engine.Engine - INFO - SELECT order_installers.order_id AS order_installers_order_id, order_installers.id AS order_installers_id, order_installers.installer_id AS order_installers_installer_id, order_installers.role AS order_installers_role, order_installers.base_payment AS order_installers_base_payment, order_installers.is_primary AS order_installers_is_primary, order_installers.created_at AS order_installers_created_at, order_installers.updated_at AS order_installers_updated_at 
FROM order_installers 
WHERE order_installers.order_id IN ($1::INTEGER)
2026-03-01 10:59:21,798 - sqlalchemy.engine.Engine - INFO - [cached since 358.8s ago] (1,)
2026-03-01 10:59:21,799 - sqlalchemy.engine.Engine - INFO - SELECT order_expenses.order_id AS order_expenses_order_id, order_expenses.id AS order_expenses_id, order_expenses.amount AS order_expenses_amount, order_expenses.description AS order_expenses_description, order_expenses.expense_date AS order_expenses_expense_date, order_expenses.category AS order_expenses_category, order_expenses.created_at AS order_expenses_created_at, order_expenses.updated_at AS order_expenses_updated_at 
FROM order_expenses 
WHERE order_expenses.order_id IN ($1::INTEGER)
2026-03-01 10:59:21,799 - sqlalchemy.engine.Engine - INFO - [cached since 358.8s ago] (1,)
2026-03-01 10:59:21,800 - sqlalchemy.engine.Engine - INFO - ROLLBACK
2026-03-01 10:59:21,800 - sqlalchemy.engine.Engine - INFO - ROLLBACK
2026-03-01 10:59:21,801 - sqlalchemy.engine.Engine - INFO - BEGIN (implicit)
2026-03-01 10:59:21,801 - sqlalchemy.engine.Engine - INFO - SELECT orders.id, orders.client_id, orders.status, orders.warehouse, orders.service_datetime, orders.delivery_datetime, orders.promise, orders.marker_color, orders.address_id, orders.address_text, orders.created_at, orders.updated_at 
FROM orders 
WHERE orders.id = $1::INTEGER
2026-03-01 10:59:21,802 - sqlalchemy.engine.Engine - INFO - [cached since 358.9s ago] (1,)
2026-03-01 10:59:21,803 - sqlalchemy.engine.Engine - INFO - SELECT payments.order_id AS payments_order_id, payments.id AS payments_id, payments.payment_type AS payments_payment_type, payments.installer_id AS payments_installer_id, payments.amount AS payments_amount, payments.payment_date AS payments_payment_date, payments.description AS payments_description, payments.created_at AS payments_created_at, payments.updated_at AS payments_updated_at 
FROM payments 
WHERE payments.order_id IN ($1::INTEGER)
2026-03-01 10:59:21,804 - sqlalchemy.engine.Engine - INFO - [cached since 358.9s ago] (1,)
2026-03-01 10:59:21,805 - sqlalchemy.engine.Engine - INFO - SELECT finance.order_id AS finance_order_id, finance.id AS finance_id, finance.revenue AS finance_revenue, finance.cost_of_goods AS finance_cost_of_goods, finance.installer_payments AS finance_installer_payments, finance.expenses AS finance_expenses, finance.warranty_costs_oleg AS finance_warranty_costs_oleg, finance.warranty_costs_installer AS finance_warranty_costs_installer, finance.profit AS finance_profit, finance.created_at AS finance_created_at, finance.updated_at AS finance_updated_at 
FROM finance 
WHERE finance.order_id IN ($1::INTEGER)
2026-03-01 10:59:21,805 - sqlalchemy.engine.Engine - INFO - [cached since 358.8s ago] (1,)
2026-03-01 10:59:21,806 - sqlalchemy.engine.Engine - INFO - SELECT clients.id AS clients_id, clients.full_name AS clients_full_name, clients.phone AS clients_phone, clients.address AS clients_address, clients.coordinates AS clients_coordinates, clients.created_at AS clients_created_at, clients.last_contact AS clients_last_contact, clients.comments AS clients_comments, clients.updated_at AS clients_updated_at, clients.backup_phone AS clients_backup_phone, clients.deleted_at AS clients_deleted_at 
FROM clients 
WHERE clients.id IN ($1::INTEGER)
2026-03-01 10:59:21,806 - sqlalchemy.engine.Engine - INFO - [cached since 358.8s ago] (1,)
2026-03-01 10:59:21,807 - sqlalchemy.engine.Engine - INFO - SELECT address_cache.address AS address_cache_address, address_cache.lat AS address_cache_lat, address_cache.lon AS address_cache_lon, address_cache.updated_at AS address_cache_updated_at 
FROM address_cache 
WHERE address_cache.address IN ($1::VARCHAR)
2026-03-01 10:59:21,807 - sqlalchemy.engine.Engine - INFO - [cached since 358.8s ago] ('Москва, ул. Тверская, д. 12, кв. 45',)
2026-03-01 10:59:21,808 - sqlalchemy.engine.Engine - INFO - SELECT order_items.order_id AS order_items_order_id, order_items.id AS order_items_id, order_items.item_type AS order_items_item_type, order_items.name AS order_items_name, order_items.quantity AS order_items_quantity, order_items.purchase_price AS order_items_purchase_price, order_items.sale_price AS order_items_sale_price, order_items.warranty_manufacturer AS order_items_warranty_manufacturer, order_items.warranty_master AS order_items_warranty_master, order_items.sort_order AS order_items_sort_order, order_items.created_at AS order_items_created_at, order_items.updated_at AS order_items_updated_at 
FROM order_items 
WHERE order_items.order_id IN ($1::INTEGER)
2026-03-01 10:59:21,808 - sqlalchemy.engine.Engine - INFO - [cached since 358.8s ago] (1,)
2026-03-01 10:59:21,808 - sqlalchemy.engine.Engine - INFO - SELECT order_installers.order_id AS order_installers_order_id, order_installers.id AS order_installers_id, order_installers.installer_id AS order_installers_installer_id, order_installers.role AS order_installers_role, order_installers.base_payment AS order_installers_base_payment, order_installers.is_primary AS order_installers_is_primary, order_installers.created_at AS order_installers_created_at, order_installers.updated_at AS order_installers_updated_at 
FROM order_installers 
WHERE order_installers.order_id IN ($1::INTEGER)
2026-03-01 10:59:21,809 - sqlalchemy.engine.Engine - INFO - [cached since 358.8s ago] (1,)
2026-03-01 10:59:21,809 - sqlalchemy.engine.Engine - INFO - SELECT order_expenses.order_id AS order_expenses_order_id, order_expenses.id AS order_expenses_id, order_expenses.amount AS order_expenses_amount, order_expenses.description AS order_expenses_description, order_expenses.expense_date AS order_expenses_expense_date, order_expenses.category AS order_expenses_category, order_expenses.created_at AS order_expenses_created_at, order_expenses.updated_at AS order_expenses_updated_at 
FROM order_expenses 
WHERE order_expenses.order_id IN ($1::INTEGER)
2026-03-01 10:59:21,809 - sqlalchemy.engine.Engine - INFO - [cached since 358.8s ago] (1,)
2026-03-01 10:59:21,810 - sqlalchemy.engine.Engine - INFO - ROLLBACK
2026-03-01 10:59:43,833 - sqlalchemy.engine.Engine - INFO - BEGIN (implicit)
2026-03-01 10:59:43,833 - sqlalchemy.engine.Engine - INFO - SELECT orders.id, orders.client_id, orders.status, orders.warehouse, orders.service_datetime, orders.delivery_datetime, orders.promise, orders.marker_color, orders.address_id, orders.address_text, orders.created_at, orders.updated_at 
FROM orders 
 LIMIT $1::INTEGER OFFSET $2::INTEGER
2026-03-01 10:59:43,833 - sqlalchemy.engine.Engine - INFO - [cached since 382.1s ago] (100, 0)
2026-03-01 10:59:43,834 - sqlalchemy.engine.Engine - INFO - SELECT finance.order_id AS finance_order_id, finance.id AS finance_id, finance.revenue AS finance_revenue, finance.cost_of_goods AS finance_cost_of_goods, finance.installer_payments AS finance_installer_payments, finance.expenses AS finance_expenses, finance.warranty_costs_oleg AS finance_warranty_costs_oleg, finance.warranty_costs_installer AS finance_warranty_costs_installer, finance.profit AS finance_profit, finance.created_at AS finance_created_at, finance.updated_at AS finance_updated_at 
FROM finance 
WHERE finance.order_id IN ($1::INTEGER, $2::INTEGER)
2026-03-01 10:59:43,835 - sqlalchemy.engine.Engine - INFO - [cached since 382s ago] (1, 2)
2026-03-01 10:59:43,836 - sqlalchemy.engine.Engine - INFO - SELECT clients.id AS clients_id, clients.full_name AS clients_full_name, clients.phone AS clients_phone, clients.address AS clients_address, clients.coordinates AS clients_coordinates, clients.created_at AS clients_created_at, clients.last_contact AS clients_last_contact, clients.comments AS clients_comments, clients.updated_at AS clients_updated_at, clients.backup_phone AS clients_backup_phone, clients.deleted_at AS clients_deleted_at 
FROM clients 
WHERE clients.id IN ($1::INTEGER, $2::INTEGER)
2026-03-01 10:59:43,836 - sqlalchemy.engine.Engine - INFO - [cached since 382s ago] (1, 2)
2026-03-01 10:59:43,837 - sqlalchemy.engine.Engine - INFO - SELECT address_cache.address AS address_cache_address, address_cache.lat AS address_cache_lat, address_cache.lon AS address_cache_lon, address_cache.updated_at AS address_cache_updated_at 
FROM address_cache 
WHERE address_cache.address IN ($1::VARCHAR, $2::VARCHAR)
2026-03-01 10:59:43,837 - sqlalchemy.engine.Engine - INFO - [cached since 382s ago] ('Москва, ул. Тверская, д. 12, кв. 45', 'Россия, Московская область, Мытищи, улица Мира, 8')
2026-03-01 10:59:43,838 - sqlalchemy.engine.Engine - INFO - ROLLBACK
2026-03-01 10:59:43,840 - sqlalchemy.engine.Engine - INFO - BEGIN (implicit)
2026-03-01 10:59:43,840 - sqlalchemy.engine.Engine - INFO - SELECT orders.id, orders.client_id, orders.status, orders.warehouse, orders.service_datetime, orders.delivery_datetime, orders.promise, orders.marker_color, orders.address_id, orders.address_text, orders.created_at, orders.updated_at 
FROM orders 
 LIMIT $1::INTEGER OFFSET $2::INTEGER
2026-03-01 10:59:43,840 - sqlalchemy.engine.Engine - INFO - [cached since 382.1s ago] (100, 0)
2026-03-01 10:59:43,842 - sqlalchemy.engine.Engine - INFO - SELECT finance.order_id AS finance_order_id, finance.id AS finance_id, finance.revenue AS finance_revenue, finance.cost_of_goods AS finance_cost_of_goods, finance.installer_payments AS finance_installer_payments, finance.expenses AS finance_expenses, finance.warranty_costs_oleg AS finance_warranty_costs_oleg, finance.warranty_costs_installer AS finance_warranty_costs_installer, finance.profit AS finance_profit, finance.created_at AS finance_created_at, finance.updated_at AS finance_updated_at 
FROM finance 
WHERE finance.order_id IN ($1::INTEGER, $2::INTEGER)
2026-03-01 10:59:43,842 - sqlalchemy.engine.Engine - INFO - [cached since 382.1s ago] (1, 2)
2026-03-01 10:59:43,843 - sqlalchemy.engine.Engine - INFO - SELECT clients.id AS clients_id, clients.full_name AS clients_full_name, clients.phone AS clients_phone, clients.address AS clients_address, clients.coordinates AS clients_coordinates, clients.created_at AS clients_created_at, clients.last_contact AS clients_last_contact, clients.comments AS clients_comments, clients.updated_at AS clients_updated_at, clients.backup_phone AS clients_backup_phone, clients.deleted_at AS clients_deleted_at 
FROM clients 
WHERE clients.id IN ($1::INTEGER, $2::INTEGER)
2026-03-01 10:59:43,843 - sqlalchemy.engine.Engine - INFO - [cached since 382.1s ago] (1, 2)
2026-03-01 10:59:43,845 - sqlalchemy.engine.Engine - INFO - SELECT address_cache.address AS address_cache_address, address_cache.lat AS address_cache_lat, address_cache.lon AS address_cache_lon, address_cache.updated_at AS address_cache_updated_at 
FROM address_cache 
WHERE address_cache.address IN ($1::VARCHAR, $2::VARCHAR)
2026-03-01 10:59:43,845 - sqlalchemy.engine.Engine - INFO - [cached since 382.1s ago] ('Москва, ул. Тверская, д. 12, кв. 45', 'Россия, Московская область, Мытищи, улица Мира, 8')
2026-03-01 10:59:43,847 - sqlalchemy.engine.Engine - INFO - ROLLBACK
2026-03-01 11:00:04,480 - sqlalchemy.engine.Engine - INFO - BEGIN (implicit)
2026-03-01 11:00:04,480 - sqlalchemy.engine.Engine - INFO - SELECT orders.id, orders.client_id, orders.status, orders.warehouse, orders.service_datetime, orders.delivery_datetime, orders.promise, orders.marker_color, orders.address_id, orders.address_text, orders.created_at, orders.updated_at 
FROM orders 
WHERE orders.id = $1::INTEGER
2026-03-01 11:00:04,481 - sqlalchemy.engine.Engine - INFO - [cached since 401.5s ago] (2,)
2026-03-01 11:00:04,482 - sqlalchemy.engine.Engine - INFO - BEGIN (implicit)
2026-03-01 11:00:04,482 - sqlalchemy.engine.Engine - INFO - SELECT admins.id, admins.username, admins.password_hash, admins.created_at 
FROM admins 
WHERE admins.username = $1::VARCHAR
2026-03-01 11:00:04,482 - sqlalchemy.engine.Engine - INFO - [cached since 405.8s ago] ('zhura2296@yandex.ru',)
2026-03-01 11:00:04,483 - sqlalchemy.engine.Engine - INFO - SELECT payments.order_id AS payments_order_id, payments.id AS payments_id, payments.payment_type AS payments_payment_type, payments.installer_id AS payments_installer_id, payments.amount AS payments_amount, payments.payment_date AS payments_payment_date, payments.description AS payments_description, payments.created_at AS payments_created_at, payments.updated_at AS payments_updated_at 
FROM payments 
WHERE payments.order_id IN ($1::INTEGER)
2026-03-01 11:00:04,484 - sqlalchemy.engine.Engine - INFO - [cached since 401.5s ago] (2,)
2026-03-01 11:00:04,484 - sqlalchemy.engine.Engine - INFO - SELECT installers.id, installers.full_name, installers.nickname, installers.phone, installers.backup_phone, installers.specialization, installers.rating, installers.base_price, installers.is_debtor, installers.comments, installers.is_active, installers.is_in_funnel, installers.total_orders, installers.poor_work_count, installers.warranty_visits_count, installers.last_incident_date, installers.updated_at, installers.created_at, installers.deleted_at 
FROM installers 
WHERE installers.deleted_at IS NULL 
 LIMIT $1::INTEGER OFFSET $2::INTEGER
2026-03-01 11:00:04,484 - sqlalchemy.engine.Engine - INFO - [cached since 405.3s ago] (100, 0)
2026-03-01 11:00:04,485 - sqlalchemy.engine.Engine - INFO - SELECT finance.order_id AS finance_order_id, finance.id AS finance_id, finance.revenue AS finance_revenue, finance.cost_of_goods AS finance_cost_of_goods, finance.installer_payments AS finance_installer_payments, finance.expenses AS finance_expenses, finance.warranty_costs_oleg AS finance_warranty_costs_oleg, finance.warranty_costs_installer AS finance_warranty_costs_installer, finance.profit AS finance_profit, finance.created_at AS finance_created_at, finance.updated_at AS finance_updated_at 
FROM finance 
WHERE finance.order_id IN ($1::INTEGER)
2026-03-01 11:00:04,485 - sqlalchemy.engine.Engine - INFO - [cached since 401.5s ago] (2,)
2026-03-01 11:00:04,486 - sqlalchemy.engine.Engine - INFO - SELECT clients.id AS clients_id, clients.full_name AS clients_full_name, clients.phone AS clients_phone, clients.address AS clients_address, clients.coordinates AS clients_coordinates, clients.created_at AS clients_created_at, clients.last_contact AS clients_last_contact, clients.comments AS clients_comments, clients.updated_at AS clients_updated_at, clients.backup_phone AS clients_backup_phone, clients.deleted_at AS clients_deleted_at 
FROM clients 
WHERE clients.id IN ($1::INTEGER)
2026-03-01 11:00:04,486 - sqlalchemy.engine.Engine - INFO - [cached since 401.5s ago] (2,)
2026-03-01 11:00:04,488 - sqlalchemy.engine.Engine - INFO - SELECT address_cache.address AS address_cache_address, address_cache.lat AS address_cache_lat, address_cache.lon AS address_cache_lon, address_cache.updated_at AS address_cache_updated_at 
FROM address_cache 
WHERE address_cache.address IN ($1::VARCHAR)
2026-03-01 11:00:04,488 - sqlalchemy.engine.Engine - INFO - [cached since 401.5s ago] ('Россия, Московская область, Мытищи, улица Мира, 8',)
2026-03-01 11:00:04,488 - sqlalchemy.engine.Engine - INFO - ROLLBACK
2026-03-01 11:00:04,489 - sqlalchemy.engine.Engine - INFO - BEGIN (implicit)
2026-03-01 11:00:04,489 - sqlalchemy.engine.Engine - INFO - SELECT admins.id, admins.username, admins.password_hash, admins.created_at 
FROM admins 
WHERE admins.username = $1::VARCHAR
2026-03-01 11:00:04,489 - sqlalchemy.engine.Engine - INFO - [cached since 405.8s ago] ('zhura2296@yandex.ru',)
2026-03-01 11:00:04,490 - sqlalchemy.engine.Engine - INFO - SELECT order_items.order_id AS order_items_order_id, order_items.id AS order_items_id, order_items.item_type AS order_items_item_type, order_items.name AS order_items_name, order_items.quantity AS order_items_quantity, order_items.purchase_price AS order_items_purchase_price, order_items.sale_price AS order_items_sale_price, order_items.warranty_manufacturer AS order_items_warranty_manufacturer, order_items.warranty_master AS order_items_warranty_master, order_items.sort_order AS order_items_sort_order, order_items.created_at AS order_items_created_at, order_items.updated_at AS order_items_updated_at 
FROM order_items 
WHERE order_items.order_id IN ($1::INTEGER)
2026-03-01 11:00:04,490 - sqlalchemy.engine.Engine - INFO - [cached since 401.5s ago] (2,)
2026-03-01 11:00:04,491 - sqlalchemy.engine.Engine - INFO - SELECT order_installers.order_id AS order_installers_order_id, order_installers.id AS order_installers_id, order_installers.installer_id AS order_installers_installer_id, order_installers.role AS order_installers_role, order_installers.base_payment AS order_installers_base_payment, order_installers.is_primary AS order_installers_is_primary, order_installers.created_at AS order_installers_created_at, order_installers.updated_at AS order_installers_updated_at 
FROM order_installers 
WHERE order_installers.order_id IN ($1::INTEGER)
2026-03-01 11:00:04,491 - sqlalchemy.engine.Engine - INFO - [cached since 401.5s ago] (2,)
2026-03-01 11:00:04,492 - sqlalchemy.engine.Engine - INFO - SELECT installers.id, installers.full_name, installers.nickname, installers.phone, installers.backup_phone, installers.specialization, installers.rating, installers.base_price, installers.is_debtor, installers.comments, installers.is_active, installers.is_in_funnel, installers.total_orders, installers.poor_work_count, installers.warranty_visits_count, installers.last_incident_date, installers.updated_at, installers.created_at, installers.deleted_at 
FROM installers 
WHERE installers.deleted_at IS NULL 
 LIMIT $1::INTEGER OFFSET $2::INTEGER
2026-03-01 11:00:04,492 - sqlalchemy.engine.Engine - INFO - [cached since 405.3s ago] (100, 0)
2026-03-01 11:00:04,493 - sqlalchemy.engine.Engine - INFO - SELECT order_expenses.order_id AS order_expenses_order_id, order_expenses.id AS order_expenses_id, order_expenses.amount AS order_expenses_amount, order_expenses.description AS order_expenses_description, order_expenses.expense_date AS order_expenses_expense_date, order_expenses.category AS order_expenses_category, order_expenses.created_at AS order_expenses_created_at, order_expenses.updated_at AS order_expenses_updated_at 
FROM order_expenses 
WHERE order_expenses.order_id IN ($1::INTEGER)
2026-03-01 11:00:04,493 - sqlalchemy.engine.Engine - INFO - [cached since 401.5s ago] (2,)
2026-03-01 11:00:04,494 - sqlalchemy.engine.Engine - INFO - ROLLBACK
2026-03-01 11:00:04,495 - sqlalchemy.engine.Engine - INFO - ROLLBACK
2026-03-01 11:00:04,495 - sqlalchemy.engine.Engine - INFO - BEGIN (implicit)
2026-03-01 11:00:04,495 - sqlalchemy.engine.Engine - INFO - SELECT orders.id, orders.client_id, orders.status, orders.warehouse, orders.service_datetime, orders.delivery_datetime, orders.promise, orders.marker_color, orders.address_id, orders.address_text, orders.created_at, orders.updated_at 
FROM orders 
WHERE orders.id = $1::INTEGER
2026-03-01 11:00:04,496 - sqlalchemy.engine.Engine - INFO - [cached since 401.6s ago] (2,)
2026-03-01 11:00:04,497 - sqlalchemy.engine.Engine - INFO - SELECT payments.order_id AS payments_order_id, payments.id AS payments_id, payments.payment_type AS payments_payment_type, payments.installer_id AS payments_installer_id, payments.amount AS payments_amount, payments.payment_date AS payments_payment_date, payments.description AS payments_description, payments.created_at AS payments_created_at, payments.updated_at AS payments_updated_at 
FROM payments 
WHERE payments.order_id IN ($1::INTEGER)
2026-03-01 11:00:04,497 - sqlalchemy.engine.Engine - INFO - [cached since 401.6s ago] (2,)
2026-03-01 11:00:04,498 - sqlalchemy.engine.Engine - INFO - SELECT finance.order_id AS finance_order_id, finance.id AS finance_id, finance.revenue AS finance_revenue, finance.cost_of_goods AS finance_cost_of_goods, finance.installer_payments AS finance_installer_payments, finance.expenses AS finance_expenses, finance.warranty_costs_oleg AS finance_warranty_costs_oleg, finance.warranty_costs_installer AS finance_warranty_costs_installer, finance.profit AS finance_profit, finance.created_at AS finance_created_at, finance.updated_at AS finance_updated_at 
FROM finance 
WHERE finance.order_id IN ($1::INTEGER)
2026-03-01 11:00:04,498 - sqlalchemy.engine.Engine - INFO - [cached since 401.5s ago] (2,)
2026-03-01 11:00:04,499 - sqlalchemy.engine.Engine - INFO - SELECT clients.id AS clients_id, clients.full_name AS clients_full_name, clients.phone AS clients_phone, clients.address AS clients_address, clients.coordinates AS clients_coordinates, clients.created_at AS clients_created_at, clients.last_contact AS clients_last_contact, clients.comments AS clients_comments, clients.updated_at AS clients_updated_at, clients.backup_phone AS clients_backup_phone, clients.deleted_at AS clients_deleted_at 
FROM clients 
WHERE clients.id IN ($1::INTEGER)
2026-03-01 11:00:04,499 - sqlalchemy.engine.Engine - INFO - [cached since 401.5s ago] (2,)
2026-03-01 11:00:04,500 - sqlalchemy.engine.Engine - INFO - SELECT address_cache.address AS address_cache_address, address_cache.lat AS address_cache_lat, address_cache.lon AS address_cache_lon, address_cache.updated_at AS address_cache_updated_at 
FROM address_cache 
WHERE address_cache.address IN ($1::VARCHAR)
2026-03-01 11:00:04,500 - sqlalchemy.engine.Engine - INFO - [cached since 401.5s ago] ('Россия, Московская область, Мытищи, улица Мира, 8',)
2026-03-01 11:00:04,501 - sqlalchemy.engine.Engine - INFO - SELECT order_items.order_id AS order_items_order_id, order_items.id AS order_items_id, order_items.item_type AS order_items_item_type, order_items.name AS order_items_name, order_items.quantity AS order_items_quantity, order_items.purchase_price AS order_items_purchase_price, order_items.sale_price AS order_items_sale_price, order_items.warranty_manufacturer AS order_items_warranty_manufacturer, order_items.warranty_master AS order_items_warranty_master, order_items.sort_order AS order_items_sort_order, order_items.created_at AS order_items_created_at, order_items.updated_at AS order_items_updated_at 
FROM order_items 
WHERE order_items.order_id IN ($1::INTEGER)
2026-03-01 11:00:04,501 - sqlalchemy.engine.Engine - INFO - [cached since 401.5s ago] (2,)
2026-03-01 11:00:04,502 - sqlalchemy.engine.Engine - INFO - SELECT order_installers.order_id AS order_installers_order_id, order_installers.id AS order_installers_id, order_installers.installer_id AS order_installers_installer_id, order_installers.role AS order_installers_role, order_installers.base_payment AS order_installers_base_payment, order_installers.is_primary AS order_installers_is_primary, order_installers.created_at AS order_installers_created_at, order_installers.updated_at AS order_installers_updated_at 
FROM order_installers 
WHERE order_installers.order_id IN ($1::INTEGER)
2026-03-01 11:00:04,502 - sqlalchemy.engine.Engine - INFO - [cached since 401.5s ago] (2,)
2026-03-01 11:00:04,503 - sqlalchemy.engine.Engine - INFO - SELECT order_expenses.order_id AS order_expenses_order_id, order_expenses.id AS order_expenses_id, order_expenses.amount AS order_expenses_amount, order_expenses.description AS order_expenses_description, order_expenses.expense_date AS order_expenses_expense_date, order_expenses.category AS order_expenses_category, order_expenses.created_at AS order_expenses_created_at, order_expenses.updated_at AS order_expenses_updated_at 
FROM order_expenses 
WHERE order_expenses.order_id IN ($1::INTEGER)
2026-03-01 11:00:04,503 - sqlalchemy.engine.Engine - INFO - [cached since 401.5s ago] (2,)
2026-03-01 11:00:04,504 - sqlalchemy.engine.Engine - INFO - ROLLBACK
2026-03-01 11:00:26,397 - sqlalchemy.engine.Engine - INFO - BEGIN (implicit)
2026-03-01 11:00:26,398 - sqlalchemy.engine.Engine - INFO - SELECT sum(finance.profit) AS sum_1 
FROM finance
2026-03-01 11:00:26,398 - sqlalchemy.engine.Engine - INFO - [generated in 0.00012s] ()
2026-03-01 11:00:26,399 - sqlalchemy.engine.Engine - INFO - BEGIN (implicit)
2026-03-01 11:00:26,400 - sqlalchemy.engine.Engine - INFO - SELECT EXTRACT(year FROM finance.created_at) AS year, EXTRACT(month FROM finance.created_at) AS month, sum(finance.profit) AS profit 
FROM finance GROUP BY year, month ORDER BY year, month
2026-03-01 11:00:26,400 - sqlalchemy.engine.Engine - INFO - [generated in 0.00011s] ()
2026-03-01 11:00:26,440 - sqlalchemy.engine.Engine - INFO - SELECT sum(finance.installer_payments) AS sum_1 
FROM finance
2026-03-01 11:00:26,441 - sqlalchemy.engine.Engine - INFO - [generated in 0.00015s] ()
2026-03-01 11:00:26,442 - sqlalchemy.engine.Engine - INFO - SELECT count(orders.id) AS count_1 
FROM orders
2026-03-01 11:00:26,442 - sqlalchemy.engine.Engine - INFO - [generated in 0.00012s] ()
2026-03-01 11:00:26,443 - sqlalchemy.engine.Engine - INFO - BEGIN (implicit)
2026-03-01 11:00:26,443 - sqlalchemy.engine.Engine - INFO - SELECT EXTRACT(year FROM finance.created_at) AS year, EXTRACT(month FROM finance.created_at) AS month, sum(finance.profit) AS profit 
FROM finance GROUP BY year, month ORDER BY year, month
2026-03-01 11:00:26,444 - sqlalchemy.engine.Engine - INFO - [cached since 0.04381s ago] ()
2026-03-01 11:00:26,444 - sqlalchemy.engine.Engine - INFO - ROLLBACK
2026-03-01 11:00:26,445 - sqlalchemy.engine.Engine - INFO - ROLLBACK
2026-03-01 11:00:26,446 - sqlalchemy.engine.Engine - INFO - BEGIN (implicit)
2026-03-01 11:00:26,446 - sqlalchemy.engine.Engine - INFO - SELECT sum(finance.profit) AS sum_1 
FROM finance
2026-03-01 11:00:26,447 - sqlalchemy.engine.Engine - INFO - [cached since 0.04885s ago] ()
2026-03-01 11:00:26,448 - sqlalchemy.engine.Engine - INFO - SELECT sum(finance.installer_payments) AS sum_1 
FROM finance
2026-03-01 11:00:26,448 - sqlalchemy.engine.Engine - INFO - [cached since 0.007741s ago] ()
2026-03-01 11:00:26,449 - sqlalchemy.engine.Engine - INFO - ROLLBACK
2026-03-01 11:00:26,449 - sqlalchemy.engine.Engine - INFO - SELECT count(orders.id) AS count_1 
FROM orders
2026-03-01 11:00:26,449 - sqlalchemy.engine.Engine - INFO - [cached since 0.007365s ago] ()
2026-03-01 11:00:26,451 - sqlalchemy.engine.Engine - INFO - ROLLBACK
2026-03-01 11:00:27,567 - sqlalchemy.engine.Engine - INFO - BEGIN (implicit)
2026-03-01 11:00:27,568 - sqlalchemy.engine.Engine - INFO - SELECT orders.id, orders.client_id, orders.status, orders.warehouse, orders.service_datetime, orders.delivery_datetime, orders.promise, orders.marker_color, orders.address_id, orders.address_text, orders.created_at, orders.updated_at 
FROM orders 
 LIMIT $1::INTEGER OFFSET $2::INTEGER
2026-03-01 11:00:27,568 - sqlalchemy.engine.Engine - INFO - [cached since 425.8s ago] (100, 0)
2026-03-01 11:00:27,569 - sqlalchemy.engine.Engine - INFO - SELECT finance.order_id AS finance_order_id, finance.id AS finance_id, finance.revenue AS finance_revenue, finance.cost_of_goods AS finance_cost_of_goods, finance.installer_payments AS finance_installer_payments, finance.expenses AS finance_expenses, finance.warranty_costs_oleg AS finance_warranty_costs_oleg, finance.warranty_costs_installer AS finance_warranty_costs_installer, finance.profit AS finance_profit, finance.created_at AS finance_created_at, finance.updated_at AS finance_updated_at 
FROM finance 
WHERE finance.order_id IN ($1::INTEGER, $2::INTEGER)
2026-03-01 11:00:27,569 - sqlalchemy.engine.Engine - INFO - [cached since 425.8s ago] (1, 2)
2026-03-01 11:00:27,570 - sqlalchemy.engine.Engine - INFO - SELECT clients.id AS clients_id, clients.full_name AS clients_full_name, clients.phone AS clients_phone, clients.address AS clients_address, clients.coordinates AS clients_coordinates, clients.created_at AS clients_created_at, clients.last_contact AS clients_last_contact, clients.comments AS clients_comments, clients.updated_at AS clients_updated_at, clients.backup_phone AS clients_backup_phone, clients.deleted_at AS clients_deleted_at 
FROM clients 
WHERE clients.id IN ($1::INTEGER, $2::INTEGER)
2026-03-01 11:00:27,571 - sqlalchemy.engine.Engine - INFO - [cached since 425.8s ago] (1, 2)
2026-03-01 11:00:27,571 - sqlalchemy.engine.Engine - INFO - SELECT address_cache.address AS address_cache_address, address_cache.lat AS address_cache_lat, address_cache.lon AS address_cache_lon, address_cache.updated_at AS address_cache_updated_at 
FROM address_cache 
WHERE address_cache.address IN ($1::VARCHAR, $2::VARCHAR)
2026-03-01 11:00:27,571 - sqlalchemy.engine.Engine - INFO - [cached since 425.8s ago] ('Москва, ул. Тверская, д. 12, кв. 45', 'Россия, Московская область, Мытищи, улица Мира, 8')
2026-03-01 11:00:27,573 - sqlalchemy.engine.Engine - INFO - ROLLBACK
2026-03-01 11:00:27,574 - sqlalchemy.engine.Engine - INFO - BEGIN (implicit)
2026-03-01 11:00:27,574 - sqlalchemy.engine.Engine - INFO - SELECT orders.id, orders.client_id, orders.status, orders.warehouse, orders.service_datetime, orders.delivery_datetime, orders.promise, orders.marker_color, orders.address_id, orders.address_text, orders.created_at, orders.updated_at 
FROM orders 
 LIMIT $1::INTEGER OFFSET $2::INTEGER
2026-03-01 11:00:27,574 - sqlalchemy.engine.Engine - INFO - [cached since 425.8s ago] (100, 0)
2026-03-01 11:00:27,576 - sqlalchemy.engine.Engine - INFO - SELECT finance.order_id AS finance_order_id, finance.id AS finance_id, finance.revenue AS finance_revenue, finance.cost_of_goods AS finance_cost_of_goods, finance.installer_payments AS finance_installer_payments, finance.expenses AS finance_expenses, finance.warranty_costs_oleg AS finance_warranty_costs_oleg, finance.warranty_costs_installer AS finance_warranty_costs_installer, finance.profit AS finance_profit, finance.created_at AS finance_created_at, finance.updated_at AS finance_updated_at 
FROM finance 
WHERE finance.order_id IN ($1::INTEGER, $2::INTEGER)
2026-03-01 11:00:27,576 - sqlalchemy.engine.Engine - INFO - [cached since 425.8s ago] (1, 2)
2026-03-01 11:00:27,577 - sqlalchemy.engine.Engine - INFO - SELECT clients.id AS clients_id, clients.full_name AS clients_full_name, clients.phone AS clients_phone, clients.address AS clients_address, clients.coordinates AS clients_coordinates, clients.created_at AS clients_created_at, clients.last_contact AS clients_last_contact, clients.comments AS clients_comments, clients.updated_at AS clients_updated_at, clients.backup_phone AS clients_backup_phone, clients.deleted_at AS clients_deleted_at 
FROM clients 
WHERE clients.id IN ($1::INTEGER, $2::INTEGER)
2026-03-01 11:00:27,577 - sqlalchemy.engine.Engine - INFO - [cached since 425.8s ago] (1, 2)
2026-03-01 11:00:27,578 - sqlalchemy.engine.Engine - INFO - SELECT address_cache.address AS address_cache_address, address_cache.lat AS address_cache_lat, address_cache.lon AS address_cache_lon, address_cache.updated_at AS address_cache_updated_at 
FROM address_cache 
WHERE address_cache.address IN ($1::VARCHAR, $2::VARCHAR)
2026-03-01 11:00:27,578 - sqlalchemy.engine.Engine - INFO - [cached since 425.8s ago] ('Москва, ул. Тверская, д. 12, кв. 45', 'Россия, Московская область, Мытищи, улица Мира, 8')
2026-03-01 11:00:27,579 - sqlalchemy.engine.Engine - INFO - ROLLBACK
2026-03-01 11:06:23,665 - sqlalchemy.engine.Engine - INFO - BEGIN (implicit)
2026-03-01 11:06:23,666 - sqlalchemy.engine.Engine - INFO - SELECT orders.id, orders.client_id, orders.status, orders.warehouse, orders.service_datetime, orders.delivery_datetime, orders.promise, orders.marker_color, orders.address_id, orders.address_text, orders.created_at, orders.updated_at 
FROM orders 
 LIMIT $1::INTEGER OFFSET $2::INTEGER
2026-03-01 11:06:23,666 - sqlalchemy.engine.Engine - INFO - [cached since 781.9s ago] (100, 0)
2026-03-01 11:06:23,667 - sqlalchemy.engine.Engine - INFO - SELECT finance.order_id AS finance_order_id, finance.id AS finance_id, finance.revenue AS finance_revenue, finance.cost_of_goods AS finance_cost_of_goods, finance.installer_payments AS finance_installer_payments, finance.expenses AS finance_expenses, finance.warranty_costs_oleg AS finance_warranty_costs_oleg, finance.warranty_costs_installer AS finance_warranty_costs_installer, finance.profit AS finance_profit, finance.created_at AS finance_created_at, finance.updated_at AS finance_updated_at 
FROM finance 
WHERE finance.order_id IN ($1::INTEGER, $2::INTEGER)
2026-03-01 11:06:23,667 - sqlalchemy.engine.Engine - INFO - [cached since 781.9s ago] (1, 2)
2026-03-01 11:06:23,669 - sqlalchemy.engine.Engine - INFO - SELECT clients.id AS clients_id, clients.full_name AS clients_full_name, clients.phone AS clients_phone, clients.address AS clients_address, clients.coordinates AS clients_coordinates, clients.created_at AS clients_created_at, clients.last_contact AS clients_last_contact, clients.comments AS clients_comments, clients.updated_at AS clients_updated_at, clients.backup_phone AS clients_backup_phone, clients.deleted_at AS clients_deleted_at 
FROM clients 
WHERE clients.id IN ($1::INTEGER, $2::INTEGER)
2026-03-01 11:06:23,669 - sqlalchemy.engine.Engine - INFO - [cached since 781.9s ago] (1, 2)
2026-03-01 11:06:23,670 - sqlalchemy.engine.Engine - INFO - SELECT address_cache.address AS address_cache_address, address_cache.lat AS address_cache_lat, address_cache.lon AS address_cache_lon, address_cache.updated_at AS address_cache_updated_at 
FROM address_cache 
WHERE address_cache.address IN ($1::VARCHAR, $2::VARCHAR)
2026-03-01 11:06:23,670 - sqlalchemy.engine.Engine - INFO - [cached since 781.9s ago] ('Москва, ул. Тверская, д. 12, кв. 45', 'Россия, Московская область, Мытищи, улица Мира, 8')
2026-03-01 11:06:23,671 - sqlalchemy.engine.Engine - INFO - ROLLBACK
2026-03-01 11:06:23,672 - sqlalchemy.engine.Engine - INFO - BEGIN (implicit)
2026-03-01 11:06:23,673 - sqlalchemy.engine.Engine - INFO - SELECT orders.id, orders.client_id, orders.status, orders.warehouse, orders.service_datetime, orders.delivery_datetime, orders.promise, orders.marker_color, orders.address_id, orders.address_text, orders.created_at, orders.updated_at 
FROM orders 
 LIMIT $1::INTEGER OFFSET $2::INTEGER
2026-03-01 11:06:23,673 - sqlalchemy.engine.Engine - INFO - [cached since 781.9s ago] (100, 0)
2026-03-01 11:06:23,674 - sqlalchemy.engine.Engine - INFO - SELECT finance.order_id AS finance_order_id, finance.id AS finance_id, finance.revenue AS finance_revenue, finance.cost_of_goods AS finance_cost_of_goods, finance.installer_payments AS finance_installer_payments, finance.expenses AS finance_expenses, finance.warranty_costs_oleg AS finance_warranty_costs_oleg, finance.warranty_costs_installer AS finance_warranty_costs_installer, finance.profit AS finance_profit, finance.created_at AS finance_created_at, finance.updated_at AS finance_updated_at 
FROM finance 
WHERE finance.order_id IN ($1::INTEGER, $2::INTEGER)
2026-03-01 11:06:23,674 - sqlalchemy.engine.Engine - INFO - [cached since 781.9s ago] (1, 2)
2026-03-01 11:06:23,676 - sqlalchemy.engine.Engine - INFO - SELECT clients.id AS clients_id, clients.full_name AS clients_full_name, clients.phone AS clients_phone, clients.address AS clients_address, clients.coordinates AS clients_coordinates, clients.created_at AS clients_created_at, clients.last_contact AS clients_last_contact, clients.comments AS clients_comments, clients.updated_at AS clients_updated_at, clients.backup_phone AS clients_backup_phone, clients.deleted_at AS clients_deleted_at 
FROM clients 
WHERE clients.id IN ($1::INTEGER, $2::INTEGER)
2026-03-01 11:06:23,676 - sqlalchemy.engine.Engine - INFO - [cached since 781.9s ago] (1, 2)
2026-03-01 11:06:23,677 - sqlalchemy.engine.Engine - INFO - SELECT address_cache.address AS address_cache_address, address_cache.lat AS address_cache_lat, address_cache.lon AS address_cache_lon, address_cache.updated_at AS address_cache_updated_at 
FROM address_cache 
WHERE address_cache.address IN ($1::VARCHAR, $2::VARCHAR)
2026-03-01 11:06:23,677 - sqlalchemy.engine.Engine - INFO - [cached since 781.9s ago] ('Москва, ул. Тверская, д. 12, кв. 45', 'Россия, Московская область, Мытищи, улица Мира, 8')
2026-03-01 11:06:23,679 - sqlalchemy.engine.Engine - INFO - ROLLBACK
2026-03-01 11:06:25,419 - sqlalchemy.engine.Engine - INFO - BEGIN (implicit)
2026-03-01 11:06:25,420 - sqlalchemy.engine.Engine - INFO - SELECT orders.id, orders.client_id, orders.status, orders.warehouse, orders.service_datetime, orders.delivery_datetime, orders.promise, orders.marker_color, orders.address_id, orders.address_text, orders.created_at, orders.updated_at 
FROM orders 
WHERE orders.id = $1::INTEGER
2026-03-01 11:06:25,420 - sqlalchemy.engine.Engine - INFO - [cached since 782.5s ago] (1,)
2026-03-01 11:06:25,421 - sqlalchemy.engine.Engine - INFO - BEGIN (implicit)
2026-03-01 11:06:25,421 - sqlalchemy.engine.Engine - INFO - SELECT admins.id, admins.username, admins.password_hash, admins.created_at 
FROM admins 
WHERE admins.username = $1::VARCHAR
2026-03-01 11:06:25,421 - sqlalchemy.engine.Engine - INFO - [cached since 786.7s ago] ('zhura2296@yandex.ru',)
2026-03-01 11:06:25,422 - sqlalchemy.engine.Engine - INFO - SELECT installers.id, installers.full_name, installers.nickname, installers.phone, installers.backup_phone, installers.specialization, installers.rating, installers.base_price, installers.is_debtor, installers.comments, installers.is_active, installers.is_in_funnel, installers.total_orders, installers.poor_work_count, installers.warranty_visits_count, installers.last_incident_date, installers.updated_at, installers.created_at, installers.deleted_at 
FROM installers 
WHERE installers.deleted_at IS NULL 
 LIMIT $1::INTEGER OFFSET $2::INTEGER
2026-03-01 11:06:25,422 - sqlalchemy.engine.Engine - INFO - [cached since 786.2s ago] (100, 0)
2026-03-01 11:06:25,423 - sqlalchemy.engine.Engine - INFO - SELECT payments.order_id AS payments_order_id, payments.id AS payments_id, payments.payment_type AS payments_payment_type, payments.installer_id AS payments_installer_id, payments.amount AS payments_amount, payments.payment_date AS payments_payment_date, payments.description AS payments_description, payments.created_at AS payments_created_at, payments.updated_at AS payments_updated_at 
FROM payments 
WHERE payments.order_id IN ($1::INTEGER)
2026-03-01 11:06:25,423 - sqlalchemy.engine.Engine - INFO - [cached since 782.5s ago] (1,)
2026-03-01 11:06:25,424 - sqlalchemy.engine.Engine - INFO - SELECT finance.order_id AS finance_order_id, finance.id AS finance_id, finance.revenue AS finance_revenue, finance.cost_of_goods AS finance_cost_of_goods, finance.installer_payments AS finance_installer_payments, finance.expenses AS finance_expenses, finance.warranty_costs_oleg AS finance_warranty_costs_oleg, finance.warranty_costs_installer AS finance_warranty_costs_installer, finance.profit AS finance_profit, finance.created_at AS finance_created_at, finance.updated_at AS finance_updated_at 
FROM finance 
WHERE finance.order_id IN ($1::INTEGER)
2026-03-01 11:06:25,424 - sqlalchemy.engine.Engine - INFO - [cached since 782.4s ago] (1,)
2026-03-01 11:06:25,425 - sqlalchemy.engine.Engine - INFO - SELECT clients.id AS clients_id, clients.full_name AS clients_full_name, clients.phone AS clients_phone, clients.address AS clients_address, clients.coordinates AS clients_coordinates, clients.created_at AS clients_created_at, clients.last_contact AS clients_last_contact, clients.comments AS clients_comments, clients.updated_at AS clients_updated_at, clients.backup_phone AS clients_backup_phone, clients.deleted_at AS clients_deleted_at 
FROM clients 
WHERE clients.id IN ($1::INTEGER)
2026-03-01 11:06:25,425 - sqlalchemy.engine.Engine - INFO - [cached since 782.4s ago] (1,)
2026-03-01 11:06:25,426 - sqlalchemy.engine.Engine - INFO - BEGIN (implicit)
2026-03-01 11:06:25,426 - sqlalchemy.engine.Engine - INFO - SELECT admins.id, admins.username, admins.password_hash, admins.created_at 
FROM admins 
WHERE admins.username = $1::VARCHAR
2026-03-01 11:06:25,426 - sqlalchemy.engine.Engine - INFO - [cached since 786.8s ago] ('zhura2296@yandex.ru',)
2026-03-01 11:06:25,427 - sqlalchemy.engine.Engine - INFO - ROLLBACK
2026-03-01 11:06:25,427 - sqlalchemy.engine.Engine - INFO - SELECT address_cache.address AS address_cache_address, address_cache.lat AS address_cache_lat, address_cache.lon AS address_cache_lon, address_cache.updated_at AS address_cache_updated_at 
FROM address_cache 
WHERE address_cache.address IN ($1::VARCHAR)
2026-03-01 11:06:25,427 - sqlalchemy.engine.Engine - INFO - [cached since 782.4s ago] ('Москва, ул. Тверская, д. 12, кв. 45',)
2026-03-01 11:06:25,428 - sqlalchemy.engine.Engine - INFO - SELECT installers.id, installers.full_name, installers.nickname, installers.phone, installers.backup_phone, installers.specialization, installers.rating, installers.base_price, installers.is_debtor, installers.comments, installers.is_active, installers.is_in_funnel, installers.total_orders, installers.poor_work_count, installers.warranty_visits_count, installers.last_incident_date, installers.updated_at, installers.created_at, installers.deleted_at 
FROM installers 
WHERE installers.deleted_at IS NULL 
 LIMIT $1::INTEGER OFFSET $2::INTEGER
2026-03-01 11:06:25,428 - sqlalchemy.engine.Engine - INFO - [cached since 786.2s ago] (100, 0)
2026-03-01 11:06:25,429 - sqlalchemy.engine.Engine - INFO - SELECT order_items.order_id AS order_items_order_id, order_items.id AS order_items_id, order_items.item_type AS order_items_item_type, order_items.name AS order_items_name, order_items.quantity AS order_items_quantity, order_items.purchase_price AS order_items_purchase_price, order_items.sale_price AS order_items_sale_price, order_items.warranty_manufacturer AS order_items_warranty_manufacturer, order_items.warranty_master AS order_items_warranty_master, order_items.sort_order AS order_items_sort_order, order_items.created_at AS order_items_created_at, order_items.updated_at AS order_items_updated_at 
FROM order_items 
WHERE order_items.order_id IN ($1::INTEGER)
2026-03-01 11:06:25,429 - sqlalchemy.engine.Engine - INFO - [cached since 782.4s ago] (1,)
2026-03-01 11:06:25,430 - sqlalchemy.engine.Engine - INFO - SELECT order_installers.order_id AS order_installers_order_id, order_installers.id AS order_installers_id, order_installers.installer_id AS order_installers_installer_id, order_installers.role AS order_installers_role, order_installers.base_payment AS order_installers_base_payment, order_installers.is_primary AS order_installers_is_primary, order_installers.created_at AS order_installers_created_at, order_installers.updated_at AS order_installers_updated_at 
FROM order_installers 
WHERE order_installers.order_id IN ($1::INTEGER)
2026-03-01 11:06:25,430 - sqlalchemy.engine.Engine - INFO - [cached since 782.4s ago] (1,)
2026-03-01 11:06:25,431 - sqlalchemy.engine.Engine - INFO - SELECT order_expenses.order_id AS order_expenses_order_id, order_expenses.id AS order_expenses_id, order_expenses.amount AS order_expenses_amount, order_expenses.description AS order_expenses_description, order_expenses.expense_date AS order_expenses_expense_date, order_expenses.category AS order_expenses_category, order_expenses.created_at AS order_expenses_created_at, order_expenses.updated_at AS order_expenses_updated_at 
FROM order_expenses 
WHERE order_expenses.order_id IN ($1::INTEGER)
2026-03-01 11:06:25,431 - sqlalchemy.engine.Engine - INFO - [cached since 782.4s ago] (1,)
2026-03-01 11:06:25,432 - sqlalchemy.engine.Engine - INFO - ROLLBACK
2026-03-01 11:06:25,433 - sqlalchemy.engine.Engine - INFO - ROLLBACK
2026-03-01 11:06:25,433 - sqlalchemy.engine.Engine - INFO - BEGIN (implicit)
2026-03-01 11:06:25,434 - sqlalchemy.engine.Engine - INFO - SELECT orders.id, orders.client_id, orders.status, orders.warehouse, orders.service_datetime, orders.delivery_datetime, orders.promise, orders.marker_color, orders.address_id, orders.address_text, orders.created_at, orders.updated_at 
FROM orders 
WHERE orders.id = $1::INTEGER
2026-03-01 11:06:25,434 - sqlalchemy.engine.Engine - INFO - [cached since 782.5s ago] (1,)
2026-03-01 11:06:25,435 - sqlalchemy.engine.Engine - INFO - SELECT payments.order_id AS payments_order_id, payments.id AS payments_id, payments.payment_type AS payments_payment_type, payments.installer_id AS payments_installer_id, payments.amount AS payments_amount, payments.payment_date AS payments_payment_date, payments.description AS payments_description, payments.created_at AS payments_created_at, payments.updated_at AS payments_updated_at 
FROM payments 
WHERE payments.order_id IN ($1::INTEGER)
2026-03-01 11:06:25,435 - sqlalchemy.engine.Engine - INFO - [cached since 782.5s ago] (1,)
2026-03-01 11:06:25,435 - sqlalchemy.engine.Engine - INFO - SELECT finance.order_id AS finance_order_id, finance.id AS finance_id, finance.revenue AS finance_revenue, finance.cost_of_goods AS finance_cost_of_goods, finance.installer_payments AS finance_installer_payments, finance.expenses AS finance_expenses, finance.warranty_costs_oleg AS finance_warranty_costs_oleg, finance.warranty_costs_installer AS finance_warranty_costs_installer, finance.profit AS finance_profit, finance.created_at AS finance_created_at, finance.updated_at AS finance_updated_at 
FROM finance 
WHERE finance.order_id IN ($1::INTEGER)
2026-03-01 11:06:25,435 - sqlalchemy.engine.Engine - INFO - [cached since 782.4s ago] (1,)
2026-03-01 11:06:25,436 - sqlalchemy.engine.Engine - INFO - SELECT clients.id AS clients_id, clients.full_name AS clients_full_name, clients.phone AS clients_phone, clients.address AS clients_address, clients.coordinates AS clients_coordinates, clients.created_at AS clients_created_at, clients.last_contact AS clients_last_contact, clients.comments AS clients_comments, clients.updated_at AS clients_updated_at, clients.backup_phone AS clients_backup_phone, clients.deleted_at AS clients_deleted_at 
FROM clients 
WHERE clients.id IN ($1::INTEGER)
2026-03-01 11:06:25,436 - sqlalchemy.engine.Engine - INFO - [cached since 782.4s ago] (1,)
2026-03-01 11:06:25,437 - sqlalchemy.engine.Engine - INFO - SELECT address_cache.address AS address_cache_address, address_cache.lat AS address_cache_lat, address_cache.lon AS address_cache_lon, address_cache.updated_at AS address_cache_updated_at 
FROM address_cache 
WHERE address_cache.address IN ($1::VARCHAR)
2026-03-01 11:06:25,437 - sqlalchemy.engine.Engine - INFO - [cached since 782.4s ago] ('Москва, ул. Тверская, д. 12, кв. 45',)
2026-03-01 11:06:25,438 - sqlalchemy.engine.Engine - INFO - SELECT order_items.order_id AS order_items_order_id, order_items.id AS order_items_id, order_items.item_type AS order_items_item_type, order_items.name AS order_items_name, order_items.quantity AS order_items_quantity, order_items.purchase_price AS order_items_purchase_price, order_items.sale_price AS order_items_sale_price, order_items.warranty_manufacturer AS order_items_warranty_manufacturer, order_items.warranty_master AS order_items_warranty_master, order_items.sort_order AS order_items_sort_order, order_items.created_at AS order_items_created_at, order_items.updated_at AS order_items_updated_at 
FROM order_items 
WHERE order_items.order_id IN ($1::INTEGER)
2026-03-01 11:06:25,438 - sqlalchemy.engine.Engine - INFO - [cached since 782.4s ago] (1,)
2026-03-01 11:06:25,439 - sqlalchemy.engine.Engine - INFO - SELECT order_installers.order_id AS order_installers_order_id, order_installers.id AS order_installers_id, order_installers.installer_id AS order_installers_installer_id, order_installers.role AS order_installers_role, order_installers.base_payment AS order_installers_base_payment, order_installers.is_primary AS order_installers_is_primary, order_installers.created_at AS order_installers_created_at, order_installers.updated_at AS order_installers_updated_at 
FROM order_installers 
WHERE order_installers.order_id IN ($1::INTEGER)
2026-03-01 11:06:25,439 - sqlalchemy.engine.Engine - INFO - [cached since 782.4s ago] (1,)
2026-03-01 11:06:25,440 - sqlalchemy.engine.Engine - INFO - SELECT order_expenses.order_id AS order_expenses_order_id, order_expenses.id AS order_expenses_id, order_expenses.amount AS order_expenses_amount, order_expenses.description AS order_expenses_description, order_expenses.expense_date AS order_expenses_expense_date, order_expenses.category AS order_expenses_category, order_expenses.created_at AS order_expenses_created_at, order_expenses.updated_at AS order_expenses_updated_at 
FROM order_expenses 
WHERE order_expenses.order_id IN ($1::INTEGER)
2026-03-01 11:06:25,440 - sqlalchemy.engine.Engine - INFO - [cached since 782.4s ago] (1,)
2026-03-01 11:06:25,441 - sqlalchemy.engine.Engine - INFO - ROLLBACK
2026-03-01 11:07:09,558 - sqlalchemy.engine.Engine - INFO - BEGIN (implicit)
2026-03-01 11:07:09,559 - sqlalchemy.engine.Engine - INFO - SELECT orders.id, orders.client_id, orders.status, orders.warehouse, orders.service_datetime, orders.delivery_datetime, orders.promise, orders.marker_color, orders.address_id, orders.address_text, orders.created_at, orders.updated_at 
FROM orders 
 LIMIT $1::INTEGER OFFSET $2::INTEGER
2026-03-01 11:07:09,559 - sqlalchemy.engine.Engine - INFO - [cached since 827.8s ago] (100, 0)
2026-03-01 11:07:09,560 - sqlalchemy.engine.Engine - INFO - SELECT finance.order_id AS finance_order_id, finance.id AS finance_id, finance.revenue AS finance_revenue, finance.cost_of_goods AS finance_cost_of_goods, finance.installer_payments AS finance_installer_payments, finance.expenses AS finance_expenses, finance.warranty_costs_oleg AS finance_warranty_costs_oleg, finance.warranty_costs_installer AS finance_warranty_costs_installer, finance.profit AS finance_profit, finance.created_at AS finance_created_at, finance.updated_at AS finance_updated_at 
FROM finance 
WHERE finance.order_id IN ($1::INTEGER, $2::INTEGER)
2026-03-01 11:07:09,560 - sqlalchemy.engine.Engine - INFO - [cached since 827.8s ago] (1, 2)
2026-03-01 11:07:09,561 - sqlalchemy.engine.Engine - INFO - SELECT clients.id AS clients_id, clients.full_name AS clients_full_name, clients.phone AS clients_phone, clients.address AS clients_address, clients.coordinates AS clients_coordinates, clients.created_at AS clients_created_at, clients.last_contact AS clients_last_contact, clients.comments AS clients_comments, clients.updated_at AS clients_updated_at, clients.backup_phone AS clients_backup_phone, clients.deleted_at AS clients_deleted_at 
FROM clients 
WHERE clients.id IN ($1::INTEGER, $2::INTEGER)
2026-03-01 11:07:09,561 - sqlalchemy.engine.Engine - INFO - [cached since 827.8s ago] (1, 2)
2026-03-01 11:07:09,562 - sqlalchemy.engine.Engine - INFO - SELECT address_cache.address AS address_cache_address, address_cache.lat AS address_cache_lat, address_cache.lon AS address_cache_lon, address_cache.updated_at AS address_cache_updated_at 
FROM address_cache 
WHERE address_cache.address IN ($1::VARCHAR, $2::VARCHAR)
2026-03-01 11:07:09,562 - sqlalchemy.engine.Engine - INFO - [cached since 827.8s ago] ('Москва, ул. Тверская, д. 12, кв. 45', 'Россия, Московская область, Мытищи, улица Мира, 8')
2026-03-01 11:07:09,564 - sqlalchemy.engine.Engine - INFO - ROLLBACK
2026-03-01 11:07:09,566 - sqlalchemy.engine.Engine - INFO - BEGIN (implicit)
2026-03-01 11:07:09,567 - sqlalchemy.engine.Engine - INFO - SELECT orders.id, orders.client_id, orders.status, orders.warehouse, orders.service_datetime, orders.delivery_datetime, orders.promise, orders.marker_color, orders.address_id, orders.address_text, orders.created_at, orders.updated_at 
FROM orders 
 LIMIT $1::INTEGER OFFSET $2::INTEGER
2026-03-01 11:07:09,567 - sqlalchemy.engine.Engine - INFO - [cached since 827.8s ago] (100, 0)
2026-03-01 11:07:09,569 - sqlalchemy.engine.Engine - INFO - SELECT finance.order_id AS finance_order_id, finance.id AS finance_id, finance.revenue AS finance_revenue, finance.cost_of_goods AS finance_cost_of_goods, finance.installer_payments AS finance_installer_payments, finance.expenses AS finance_expenses, finance.warranty_costs_oleg AS finance_warranty_costs_oleg, finance.warranty_costs_installer AS finance_warranty_costs_installer, finance.profit AS finance_profit, finance.created_at AS finance_created_at, finance.updated_at AS finance_updated_at 
FROM finance 
WHERE finance.order_id IN ($1::INTEGER, $2::INTEGER)
2026-03-01 11:07:09,569 - sqlalchemy.engine.Engine - INFO - [cached since 827.8s ago] (1, 2)
2026-03-01 11:07:09,570 - sqlalchemy.engine.Engine - INFO - SELECT clients.id AS clients_id, clients.full_name AS clients_full_name, clients.phone AS clients_phone, clients.address AS clients_address, clients.coordinates AS clients_coordinates, clients.created_at AS clients_created_at, clients.last_contact AS clients_last_contact, clients.comments AS clients_comments, clients.updated_at AS clients_updated_at, clients.backup_phone AS clients_backup_phone, clients.deleted_at AS clients_deleted_at 
FROM clients 
WHERE clients.id IN ($1::INTEGER, $2::INTEGER)
2026-03-01 11:07:09,570 - sqlalchemy.engine.Engine - INFO - [cached since 827.8s ago] (1, 2)
2026-03-01 11:07:09,571 - sqlalchemy.engine.Engine - INFO - SELECT address_cache.address AS address_cache_address, address_cache.lat AS address_cache_lat, address_cache.lon AS address_cache_lon, address_cache.updated_at AS address_cache_updated_at 
FROM address_cache 
WHERE address_cache.address IN ($1::VARCHAR, $2::VARCHAR)
2026-03-01 11:07:09,571 - sqlalchemy.engine.Engine - INFO - [cached since 827.8s ago] ('Москва, ул. Тверская, д. 12, кв. 45', 'Россия, Московская область, Мытищи, улица Мира, 8')
2026-03-01 11:07:09,572 - sqlalchemy.engine.Engine - INFO - ROLLBACK
2026-03-01 11:11:13,894 - src.core.logging - INFO - Starting CRM application
2026-03-01 11:11:13,894 - apscheduler.scheduler - INFO - Adding job tentatively -- it will be properly scheduled when the scheduler starts
2026-03-01 11:11:13,894 - apscheduler.scheduler - INFO - Adding job tentatively -- it will be properly scheduled when the scheduler starts
2026-03-01 11:11:13,895 - apscheduler.scheduler - INFO - Adding job tentatively -- it will be properly scheduled when the scheduler starts
2026-03-01 11:11:13,895 - apscheduler.scheduler - INFO - Adding job tentatively -- it will be properly scheduled when the scheduler starts
2026-03-01 11:11:13,895 - apscheduler.scheduler - INFO - Added job "send_daily_reminder" to job store "default"
2026-03-01 11:11:13,895 - apscheduler.scheduler - INFO - Added job "daily_weather_collection" to job store "default"
2026-03-01 11:11:13,895 - apscheduler.scheduler - INFO - Added job "run_training" to job store "default"
2026-03-01 11:11:13,895 - apscheduler.scheduler - INFO - Added job "daily_backup_and_report" to job store "default"
2026-03-01 11:11:13,895 - apscheduler.scheduler - INFO - Scheduler started
2026-03-01 11:11:13,895 - src.core.logging - INFO - Scheduler started
2026-03-01 11:11:15,447 - sqlalchemy.engine.Engine - INFO - select pg_catalog.version()
2026-03-01 11:11:15,447 - sqlalchemy.engine.Engine - INFO - [raw sql] ()
2026-03-01 11:11:15,448 - sqlalchemy.engine.Engine - INFO - select current_schema()
2026-03-01 11:11:15,448 - sqlalchemy.engine.Engine - INFO - [raw sql] ()
2026-03-01 11:11:15,449 - sqlalchemy.engine.Engine - INFO - show standard_conforming_strings
2026-03-01 11:11:15,449 - sqlalchemy.engine.Engine - INFO - [raw sql] ()
2026-03-01 11:11:15,449 - sqlalchemy.engine.Engine - INFO - BEGIN (implicit)
2026-03-01 11:11:15,470 - sqlalchemy.engine.Engine - INFO - SELECT admins.id, admins.username, admins.password_hash, admins.created_at 
FROM admins 
WHERE admins.username = $1::VARCHAR
2026-03-01 11:11:15,470 - sqlalchemy.engine.Engine - INFO - [generated in 0.00031s] ('zhura2296@yandex.ru',)
2026-03-01 11:11:15,665 - sqlalchemy.engine.Engine - INFO - ROLLBACK
2026-03-01 11:11:15,769 - sqlalchemy.engine.Engine - INFO - BEGIN (implicit)
2026-03-01 11:11:15,770 - sqlalchemy.engine.Engine - INFO - SELECT admins.id, admins.username, admins.password_hash, admins.created_at 
FROM admins 
WHERE admins.username = $1::VARCHAR
2026-03-01 11:11:15,771 - sqlalchemy.engine.Engine - INFO - [cached since 0.3006s ago] ('zhura2296@yandex.ru',)
2026-03-01 11:11:15,777 - sqlalchemy.engine.Engine - INFO - SELECT installers.id, installers.full_name, installers.nickname, installers.phone, installers.backup_phone, installers.specialization, installers.rating, installers.base_price, installers.is_debtor, installers.comments, installers.is_active, installers.is_in_funnel, installers.total_orders, installers.poor_work_count, installers.warranty_visits_count, installers.last_incident_date, installers.updated_at, installers.created_at, installers.deleted_at 
FROM installers 
WHERE installers.deleted_at IS NULL 
 LIMIT $1::INTEGER OFFSET $2::INTEGER
2026-03-01 11:11:15,777 - sqlalchemy.engine.Engine - INFO - [generated in 0.00035s] (100, 0)
2026-03-01 11:11:15,801 - sqlalchemy.engine.Engine - INFO - ROLLBACK
2026-03-01 11:11:15,803 - sqlalchemy.engine.Engine - INFO - BEGIN (implicit)
2026-03-01 11:11:15,804 - sqlalchemy.engine.Engine - INFO - SELECT admins.id, admins.username, admins.password_hash, admins.created_at 
FROM admins 
WHERE admins.username = $1::VARCHAR
2026-03-01 11:11:15,804 - sqlalchemy.engine.Engine - INFO - [cached since 0.3339s ago] ('zhura2296@yandex.ru',)
2026-03-01 11:11:15,827 - sqlalchemy.engine.Engine - INFO - SELECT clients.id, clients.full_name, clients.phone, clients.address, clients.coordinates, clients.created_at, clients.last_contact, clients.comments, clients.updated_at, clients.backup_phone, clients.deleted_at 
FROM clients 
 LIMIT $1::INTEGER OFFSET $2::INTEGER
2026-03-01 11:11:15,827 - sqlalchemy.engine.Engine - INFO - [generated in 0.00039s] (100, 0)
2026-03-01 11:11:15,830 - sqlalchemy.engine.Engine - INFO - ROLLBACK
2026-03-01 11:11:15,831 - sqlalchemy.engine.Engine - INFO - BEGIN (implicit)
2026-03-01 11:11:15,831 - sqlalchemy.engine.Engine - INFO - SELECT admins.id, admins.username, admins.password_hash, admins.created_at 
FROM admins 
WHERE admins.username = $1::VARCHAR
2026-03-01 11:11:15,831 - sqlalchemy.engine.Engine - INFO - [cached since 0.3611s ago] ('zhura2296@yandex.ru',)
2026-03-01 11:11:15,831 - sqlalchemy.engine.Engine - INFO - BEGIN (implicit)
2026-03-01 11:11:15,831 - sqlalchemy.engine.Engine - INFO - SELECT admins.id, admins.username, admins.password_hash, admins.created_at 
FROM admins 
WHERE admins.username = $1::VARCHAR
2026-03-01 11:11:15,831 - sqlalchemy.engine.Engine - INFO - [cached since 0.3615s ago] ('zhura2296@yandex.ru',)
2026-03-01 11:11:15,832 - sqlalchemy.engine.Engine - INFO - SELECT clients.id, clients.full_name, clients.phone, clients.address, clients.coordinates, clients.created_at, clients.last_contact, clients.comments, clients.updated_at, clients.backup_phone, clients.deleted_at 
FROM clients 
 LIMIT $1::INTEGER OFFSET $2::INTEGER
2026-03-01 11:11:15,832 - sqlalchemy.engine.Engine - INFO - [cached since 0.005167s ago] (100, 0)
2026-03-01 11:11:15,833 - sqlalchemy.engine.Engine - INFO - ROLLBACK
2026-03-01 11:11:15,834 - sqlalchemy.engine.Engine - INFO - SELECT installers.id, installers.full_name, installers.nickname, installers.phone, installers.backup_phone, installers.specialization, installers.rating, installers.base_price, installers.is_debtor, installers.comments, installers.is_active, installers.is_in_funnel, installers.total_orders, installers.poor_work_count, installers.warranty_visits_count, installers.last_incident_date, installers.updated_at, installers.created_at, installers.deleted_at 
FROM installers 
WHERE installers.deleted_at IS NULL 
 LIMIT $1::INTEGER OFFSET $2::INTEGER
2026-03-01 11:11:15,834 - sqlalchemy.engine.Engine - INFO - [cached since 0.05748s ago] (100, 0)
2026-03-01 11:11:15,837 - sqlalchemy.engine.Engine - INFO - ROLLBACK
2026-03-01 11:11:29,116 - sqlalchemy.engine.Engine - INFO - BEGIN (implicit)
2026-03-01 11:11:29,120 - sqlalchemy.engine.Engine - INFO - SELECT orders.id, orders.client_id, orders.status, orders.warehouse, orders.service_datetime, orders.delivery_datetime, orders.promise, orders.marker_color, orders.address_id, orders.address_text, orders.created_at, orders.updated_at 
FROM orders 
 LIMIT $1::INTEGER OFFSET $2::INTEGER
2026-03-01 11:11:29,120 - sqlalchemy.engine.Engine - INFO - [generated in 0.00030s] (100, 0)
2026-03-01 11:11:29,134 - sqlalchemy.engine.Engine - INFO - SELECT finance.order_id AS finance_order_id, finance.id AS finance_id, finance.revenue AS finance_revenue, finance.cost_of_goods AS finance_cost_of_goods, finance.installer_payments AS finance_installer_payments, finance.expenses AS finance_expenses, finance.warranty_costs_oleg AS finance_warranty_costs_oleg, finance.warranty_costs_installer AS finance_warranty_costs_installer, finance.profit AS finance_profit, finance.created_at AS finance_created_at, finance.updated_at AS finance_updated_at 
FROM finance 
WHERE finance.order_id IN ($1::INTEGER, $2::INTEGER)
2026-03-01 11:11:29,134 - sqlalchemy.engine.Engine - INFO - [generated in 0.00026s] (1, 2)
2026-03-01 11:11:29,136 - sqlalchemy.engine.Engine - INFO - SELECT clients.id AS clients_id, clients.full_name AS clients_full_name, clients.phone AS clients_phone, clients.address AS clients_address, clients.coordinates AS clients_coordinates, clients.created_at AS clients_created_at, clients.last_contact AS clients_last_contact, clients.comments AS clients_comments, clients.updated_at AS clients_updated_at, clients.backup_phone AS clients_backup_phone, clients.deleted_at AS clients_deleted_at 
FROM clients 
WHERE clients.id IN ($1::INTEGER, $2::INTEGER)
2026-03-01 11:11:29,136 - sqlalchemy.engine.Engine - INFO - [generated in 0.00026s] (1, 2)
2026-03-01 11:11:29,138 - sqlalchemy.engine.Engine - INFO - SELECT address_cache.address AS address_cache_address, address_cache.lat AS address_cache_lat, address_cache.lon AS address_cache_lon, address_cache.updated_at AS address_cache_updated_at 
FROM address_cache 
WHERE address_cache.address IN ($1::VARCHAR, $2::VARCHAR)
2026-03-01 11:11:29,138 - sqlalchemy.engine.Engine - INFO - [generated in 0.00017s] ('Москва, ул. Тверская, д. 12, кв. 45', 'Россия, Московская область, Мытищи, улица Мира, 8')
2026-03-01 11:11:29,140 - sqlalchemy.engine.Engine - INFO - ROLLBACK
2026-03-01 11:11:29,141 - sqlalchemy.engine.Engine - INFO - BEGIN (implicit)
2026-03-01 11:11:29,141 - sqlalchemy.engine.Engine - INFO - SELECT orders.id, orders.client_id, orders.status, orders.warehouse, orders.service_datetime, orders.delivery_datetime, orders.promise, orders.marker_color, orders.address_id, orders.address_text, orders.created_at, orders.updated_at 
FROM orders 
 LIMIT $1::INTEGER OFFSET $2::INTEGER
2026-03-01 11:11:29,141 - sqlalchemy.engine.Engine - INFO - [cached since 0.021s ago] (100, 0)
2026-03-01 11:11:29,150 - sqlalchemy.engine.Engine - INFO - SELECT finance.order_id AS finance_order_id, finance.id AS finance_id, finance.revenue AS finance_revenue, finance.cost_of_goods AS finance_cost_of_goods, finance.installer_payments AS finance_installer_payments, finance.expenses AS finance_expenses, finance.warranty_costs_oleg AS finance_warranty_costs_oleg, finance.warranty_costs_installer AS finance_warranty_costs_installer, finance.profit AS finance_profit, finance.created_at AS finance_created_at, finance.updated_at AS finance_updated_at 
FROM finance 
WHERE finance.order_id IN ($1::INTEGER, $2::INTEGER)
2026-03-01 11:11:29,150 - sqlalchemy.engine.Engine - INFO - [cached since 0.01695s ago] (1, 2)
2026-03-01 11:11:29,152 - sqlalchemy.engine.Engine - INFO - SELECT clients.id AS clients_id, clients.full_name AS clients_full_name, clients.phone AS clients_phone, clients.address AS clients_address, clients.coordinates AS clients_coordinates, clients.created_at AS clients_created_at, clients.last_contact AS clients_last_contact, clients.comments AS clients_comments, clients.updated_at AS clients_updated_at, clients.backup_phone AS clients_backup_phone, clients.deleted_at AS clients_deleted_at 
FROM clients 
WHERE clients.id IN ($1::INTEGER, $2::INTEGER)
2026-03-01 11:11:29,152 - sqlalchemy.engine.Engine - INFO - [cached since 0.01641s ago] (1, 2)
2026-03-01 11:11:29,154 - sqlalchemy.engine.Engine - INFO - SELECT address_cache.address AS address_cache_address, address_cache.lat AS address_cache_lat, address_cache.lon AS address_cache_lon, address_cache.updated_at AS address_cache_updated_at 
FROM address_cache 
WHERE address_cache.address IN ($1::VARCHAR, $2::VARCHAR)
2026-03-01 11:11:29,154 - sqlalchemy.engine.Engine - INFO - [cached since 0.01574s ago] ('Москва, ул. Тверская, д. 12, кв. 45', 'Россия, Московская область, Мытищи, улица Мира, 8')
2026-03-01 11:11:29,155 - sqlalchemy.engine.Engine - INFO - ROLLBACK
2026-03-01 11:11:31,183 - sqlalchemy.engine.Engine - INFO - BEGIN (implicit)
2026-03-01 11:11:31,184 - sqlalchemy.engine.Engine - INFO - SELECT orders.id, orders.client_id, orders.status, orders.warehouse, orders.service_datetime, orders.delivery_datetime, orders.promise, orders.marker_color, orders.address_id, orders.address_text, orders.created_at, orders.updated_at 
FROM orders 
WHERE orders.id = $1::INTEGER
2026-03-01 11:11:31,184 - sqlalchemy.engine.Engine - INFO - [generated in 0.00012s] (1,)
2026-03-01 11:11:31,185 - sqlalchemy.engine.Engine - INFO - BEGIN (implicit)
2026-03-01 11:11:31,185 - sqlalchemy.engine.Engine - INFO - SELECT admins.id, admins.username, admins.password_hash, admins.created_at 
FROM admins 
WHERE admins.username = $1::VARCHAR
2026-03-01 11:11:31,185 - sqlalchemy.engine.Engine - INFO - [cached since 15.72s ago] ('zhura2296@yandex.ru',)
2026-03-01 11:11:31,187 - sqlalchemy.engine.Engine - INFO - SELECT installers.id, installers.full_name, installers.nickname, installers.phone, installers.backup_phone, installers.specialization, installers.rating, installers.base_price, installers.is_debtor, installers.comments, installers.is_active, installers.is_in_funnel, installers.total_orders, installers.poor_work_count, installers.warranty_visits_count, installers.last_incident_date, installers.updated_at, installers.created_at, installers.deleted_at 
FROM installers 
WHERE installers.deleted_at IS NULL 
 LIMIT $1::INTEGER OFFSET $2::INTEGER
2026-03-01 11:11:31,187 - sqlalchemy.engine.Engine - INFO - [cached since 15.41s ago] (100, 0)
2026-03-01 11:11:31,190 - sqlalchemy.engine.Engine - INFO - ROLLBACK
2026-03-01 11:11:31,192 - sqlalchemy.engine.Engine - INFO - BEGIN (implicit)
2026-03-01 11:11:31,192 - sqlalchemy.engine.Engine - INFO - SELECT admins.id, admins.username, admins.password_hash, admins.created_at 
FROM admins 
WHERE admins.username = $1::VARCHAR
2026-03-01 11:11:31,193 - sqlalchemy.engine.Engine - INFO - [cached since 15.72s ago] ('zhura2296@yandex.ru',)
2026-03-01 11:11:31,193 - sqlalchemy.engine.Engine - INFO - SELECT installers.id, installers.full_name, installers.nickname, installers.phone, installers.backup_phone, installers.specialization, installers.rating, installers.base_price, installers.is_debtor, installers.comments, installers.is_active, installers.is_in_funnel, installers.total_orders, installers.poor_work_count, installers.warranty_visits_count, installers.last_incident_date, installers.updated_at, installers.created_at, installers.deleted_at 
FROM installers 
WHERE installers.deleted_at IS NULL 
 LIMIT $1::INTEGER OFFSET $2::INTEGER
2026-03-01 11:11:31,193 - sqlalchemy.engine.Engine - INFO - [cached since 15.42s ago] (100, 0)
2026-03-01 11:11:31,194 - sqlalchemy.engine.Engine - INFO - ROLLBACK
2026-03-01 11:11:31,199 - sqlalchemy.engine.Engine - INFO - SELECT payments.order_id AS payments_order_id, payments.id AS payments_id, payments.payment_type AS payments_payment_type, payments.installer_id AS payments_installer_id, payments.amount AS payments_amount, payments.payment_date AS payments_payment_date, payments.description AS payments_description, payments.created_at AS payments_created_at, payments.updated_at AS payments_updated_at 
FROM payments 
WHERE payments.order_id IN ($1::INTEGER)
2026-03-01 11:11:31,199 - sqlalchemy.engine.Engine - INFO - [generated in 0.00016s] (1,)
2026-03-01 11:11:31,200 - sqlalchemy.engine.Engine - INFO - SELECT finance.order_id AS finance_order_id, finance.id AS finance_id, finance.revenue AS finance_revenue, finance.cost_of_goods AS finance_cost_of_goods, finance.installer_payments AS finance_installer_payments, finance.expenses AS finance_expenses, finance.warranty_costs_oleg AS finance_warranty_costs_oleg, finance.warranty_costs_installer AS finance_warranty_costs_installer, finance.profit AS finance_profit, finance.created_at AS finance_created_at, finance.updated_at AS finance_updated_at 
FROM finance 
WHERE finance.order_id IN ($1::INTEGER)
2026-03-01 11:11:31,200 - sqlalchemy.engine.Engine - INFO - [generated in 0.00013s] (1,)
2026-03-01 11:11:31,202 - sqlalchemy.engine.Engine - INFO - SELECT clients.id AS clients_id, clients.full_name AS clients_full_name, clients.phone AS clients_phone, clients.address AS clients_address, clients.coordinates AS clients_coordinates, clients.created_at AS clients_created_at, clients.last_contact AS clients_last_contact, clients.comments AS clients_comments, clients.updated_at AS clients_updated_at, clients.backup_phone AS clients_backup_phone, clients.deleted_at AS clients_deleted_at 
FROM clients 
WHERE clients.id IN ($1::INTEGER)
2026-03-01 11:11:31,202 - sqlalchemy.engine.Engine - INFO - [generated in 0.00018s] (1,)
2026-03-01 11:11:31,204 - sqlalchemy.engine.Engine - INFO - SELECT address_cache.address AS address_cache_address, address_cache.lat AS address_cache_lat, address_cache.lon AS address_cache_lon, address_cache.updated_at AS address_cache_updated_at 
FROM address_cache 
WHERE address_cache.address IN ($1::VARCHAR)
2026-03-01 11:11:31,204 - sqlalchemy.engine.Engine - INFO - [generated in 0.00022s] ('Москва, ул. Тверская, д. 12, кв. 45',)
2026-03-01 11:11:31,206 - sqlalchemy.engine.Engine - INFO - SELECT order_items.order_id AS order_items_order_id, order_items.id AS order_items_id, order_items.item_type AS order_items_item_type, order_items.name AS order_items_name, order_items.quantity AS order_items_quantity, order_items.purchase_price AS order_items_purchase_price, order_items.sale_price AS order_items_sale_price, order_items.warranty_manufacturer AS order_items_warranty_manufacturer, order_items.warranty_master AS order_items_warranty_master, order_items.sort_order AS order_items_sort_order, order_items.created_at AS order_items_created_at, order_items.updated_at AS order_items_updated_at 
FROM order_items 
WHERE order_items.order_id IN ($1::INTEGER)
2026-03-01 11:11:31,207 - sqlalchemy.engine.Engine - INFO - [generated in 0.00029s] (1,)
2026-03-01 11:11:31,212 - sqlalchemy.engine.Engine - INFO - SELECT order_installers.order_id AS order_installers_order_id, order_installers.id AS order_installers_id, order_installers.installer_id AS order_installers_installer_id, order_installers.role AS order_installers_role, order_installers.base_payment AS order_installers_base_payment, order_installers.is_primary AS order_installers_is_primary, order_installers.created_at AS order_installers_created_at, order_installers.updated_at AS order_installers_updated_at 
FROM order_installers 
WHERE order_installers.order_id IN ($1::INTEGER)
2026-03-01 11:11:31,212 - sqlalchemy.engine.Engine - INFO - [generated in 0.00017s] (1,)
2026-03-01 11:11:31,214 - sqlalchemy.engine.Engine - INFO - SELECT order_expenses.order_id AS order_expenses_order_id, order_expenses.id AS order_expenses_id, order_expenses.amount AS order_expenses_amount, order_expenses.description AS order_expenses_description, order_expenses.expense_date AS order_expenses_expense_date, order_expenses.category AS order_expenses_category, order_expenses.created_at AS order_expenses_created_at, order_expenses.updated_at AS order_expenses_updated_at 
FROM order_expenses 
WHERE order_expenses.order_id IN ($1::INTEGER)
2026-03-01 11:11:31,214 - sqlalchemy.engine.Engine - INFO - [generated in 0.00015s] (1,)
2026-03-01 11:11:31,215 - sqlalchemy.engine.Engine - INFO - ROLLBACK
2026-03-01 11:11:31,216 - sqlalchemy.engine.Engine - INFO - BEGIN (implicit)
2026-03-01 11:11:31,217 - sqlalchemy.engine.Engine - INFO - SELECT orders.id, orders.client_id, orders.status, orders.warehouse, orders.service_datetime, orders.delivery_datetime, orders.promise, orders.marker_color, orders.address_id, orders.address_text, orders.created_at, orders.updated_at 
FROM orders 
WHERE orders.id = $1::INTEGER
2026-03-01 11:11:31,217 - sqlalchemy.engine.Engine - INFO - [cached since 0.03259s ago] (1,)
2026-03-01 11:11:31,218 - sqlalchemy.engine.Engine - INFO - SELECT payments.order_id AS payments_order_id, payments.id AS payments_id, payments.payment_type AS payments_payment_type, payments.installer_id AS payments_installer_id, payments.amount AS payments_amount, payments.payment_date AS payments_payment_date, payments.description AS payments_description, payments.created_at AS payments_created_at, payments.updated_at AS payments_updated_at 
FROM payments 
WHERE payments.order_id IN ($1::INTEGER)
2026-03-01 11:11:31,218 - sqlalchemy.engine.Engine - INFO - [cached since 0.01985s ago] (1,)
2026-03-01 11:11:31,221 - sqlalchemy.engine.Engine - INFO - SELECT finance.order_id AS finance_order_id, finance.id AS finance_id, finance.revenue AS finance_revenue, finance.cost_of_goods AS finance_cost_of_goods, finance.installer_payments AS finance_installer_payments, finance.expenses AS finance_expenses, finance.warranty_costs_oleg AS finance_warranty_costs_oleg, finance.warranty_costs_installer AS finance_warranty_costs_installer, finance.profit AS finance_profit, finance.created_at AS finance_created_at, finance.updated_at AS finance_updated_at 
FROM finance 
WHERE finance.order_id IN ($1::INTEGER)
2026-03-01 11:11:31,221 - sqlalchemy.engine.Engine - INFO - [cached since 0.02051s ago] (1,)
2026-03-01 11:11:31,222 - sqlalchemy.engine.Engine - INFO - SELECT clients.id AS clients_id, clients.full_name AS clients_full_name, clients.phone AS clients_phone, clients.address AS clients_address, clients.coordinates AS clients_coordinates, clients.created_at AS clients_created_at, clients.last_contact AS clients_last_contact, clients.comments AS clients_comments, clients.updated_at AS clients_updated_at, clients.backup_phone AS clients_backup_phone, clients.deleted_at AS clients_deleted_at 
FROM clients 
WHERE clients.id IN ($1::INTEGER)
2026-03-01 11:11:31,222 - sqlalchemy.engine.Engine - INFO - [cached since 0.02036s ago] (1,)
2026-03-01 11:11:31,224 - sqlalchemy.engine.Engine - INFO - SELECT address_cache.address AS address_cache_address, address_cache.lat AS address_cache_lat, address_cache.lon AS address_cache_lon, address_cache.updated_at AS address_cache_updated_at 
FROM address_cache 
WHERE address_cache.address IN ($1::VARCHAR)
2026-03-01 11:11:31,224 - sqlalchemy.engine.Engine - INFO - [cached since 0.02011s ago] ('Москва, ул. Тверская, д. 12, кв. 45',)
2026-03-01 11:11:31,225 - sqlalchemy.engine.Engine - INFO - SELECT order_items.order_id AS order_items_order_id, order_items.id AS order_items_id, order_items.item_type AS order_items_item_type, order_items.name AS order_items_name, order_items.quantity AS order_items_quantity, order_items.purchase_price AS order_items_purchase_price, order_items.sale_price AS order_items_sale_price, order_items.warranty_manufacturer AS order_items_warranty_manufacturer, order_items.warranty_master AS order_items_warranty_master, order_items.sort_order AS order_items_sort_order, order_items.created_at AS order_items_created_at, order_items.updated_at AS order_items_updated_at 
FROM order_items 
WHERE order_items.order_id IN ($1::INTEGER)
2026-03-01 11:11:31,225 - sqlalchemy.engine.Engine - INFO - [cached since 0.0185s ago] (1,)
2026-03-01 11:11:31,230 - sqlalchemy.engine.Engine - INFO - SELECT order_installers.order_id AS order_installers_order_id, order_installers.id AS order_installers_id, order_installers.installer_id AS order_installers_installer_id, order_installers.role AS order_installers_role, order_installers.base_payment AS order_installers_base_payment, order_installers.is_primary AS order_installers_is_primary, order_installers.created_at AS order_installers_created_at, order_installers.updated_at AS order_installers_updated_at 
FROM order_installers 
WHERE order_installers.order_id IN ($1::INTEGER)
2026-03-01 11:11:31,230 - sqlalchemy.engine.Engine - INFO - [cached since 0.01801s ago] (1,)
2026-03-01 11:11:31,232 - sqlalchemy.engine.Engine - INFO - SELECT order_expenses.order_id AS order_expenses_order_id, order_expenses.id AS order_expenses_id, order_expenses.amount AS order_expenses_amount, order_expenses.description AS order_expenses_description, order_expenses.expense_date AS order_expenses_expense_date, order_expenses.category AS order_expenses_category, order_expenses.created_at AS order_expenses_created_at, order_expenses.updated_at AS order_expenses_updated_at 
FROM order_expenses 
WHERE order_expenses.order_id IN ($1::INTEGER)
2026-03-01 11:11:31,232 - sqlalchemy.engine.Engine - INFO - [cached since 0.01843s ago] (1,)
2026-03-01 11:11:31,234 - sqlalchemy.engine.Engine - INFO - ROLLBACK
2026-03-01 11:11:32,801 - sqlalchemy.engine.Engine - INFO - BEGIN (implicit)
2026-03-01 11:11:32,801 - sqlalchemy.engine.Engine - INFO - SELECT admins.id, admins.username, admins.password_hash, admins.created_at 
FROM admins 
WHERE admins.username = $1::VARCHAR
2026-03-01 11:11:32,801 - sqlalchemy.engine.Engine - INFO - [cached since 17.33s ago] ('zhura2296@yandex.ru',)
2026-03-01 11:11:32,802 - sqlalchemy.engine.Engine - INFO - SELECT installers.id, installers.full_name, installers.nickname, installers.phone, installers.backup_phone, installers.specialization, installers.rating, installers.base_price, installers.is_debtor, installers.comments, installers.is_active, installers.is_in_funnel, installers.total_orders, installers.poor_work_count, installers.warranty_visits_count, installers.last_incident_date, installers.updated_at, installers.created_at, installers.deleted_at 
FROM installers 
WHERE installers.deleted_at IS NULL 
 LIMIT $1::INTEGER OFFSET $2::INTEGER
2026-03-01 11:11:32,802 - sqlalchemy.engine.Engine - INFO - [cached since 17.03s ago] (100, 0)
2026-03-01 11:11:32,804 - sqlalchemy.engine.Engine - INFO - ROLLBACK
2026-03-01 11:11:32,804 - sqlalchemy.engine.Engine - INFO - BEGIN (implicit)
2026-03-01 11:11:32,804 - sqlalchemy.engine.Engine - INFO - SELECT admins.id, admins.username, admins.password_hash, admins.created_at 
FROM admins 
WHERE admins.username = $1::VARCHAR
2026-03-01 11:11:32,804 - sqlalchemy.engine.Engine - INFO - [cached since 17.33s ago] ('zhura2296@yandex.ru',)
2026-03-01 11:11:32,807 - sqlalchemy.engine.Engine - INFO - SELECT installers.id, installers.full_name, installers.nickname, installers.phone, installers.backup_phone, installers.specialization, installers.rating, installers.base_price, installers.is_debtor, installers.comments, installers.is_active, installers.is_in_funnel, installers.total_orders, installers.poor_work_count, installers.warranty_visits_count, installers.last_incident_date, installers.updated_at, installers.created_at, installers.deleted_at 
FROM installers 
WHERE installers.deleted_at IS NULL 
 LIMIT $1::INTEGER OFFSET $2::INTEGER
2026-03-01 11:11:32,807 - sqlalchemy.engine.Engine - INFO - [cached since 17.03s ago] (100, 0)
2026-03-01 11:11:32,808 - sqlalchemy.engine.Engine - INFO - ROLLBACK
2026-03-01 11:11:35,971 - sqlalchemy.engine.Engine - INFO - BEGIN (implicit)
2026-03-01 11:11:35,973 - sqlalchemy.engine.Engine - INFO - SELECT sum(finance.profit) AS sum_1 
FROM finance
2026-03-01 11:11:35,973 - sqlalchemy.engine.Engine - INFO - [generated in 0.00011s] ()
2026-03-01 11:11:35,973 - sqlalchemy.engine.Engine - INFO - BEGIN (implicit)
2026-03-01 11:11:35,974 - sqlalchemy.engine.Engine - INFO - SELECT EXTRACT(year FROM finance.created_at) AS year, EXTRACT(month FROM finance.created_at) AS month, sum(finance.profit) AS profit 
FROM finance GROUP BY year, month ORDER BY year, month
2026-03-01 11:11:35,974 - sqlalchemy.engine.Engine - INFO - [generated in 0.00008s] ()
2026-03-01 11:11:35,975 - sqlalchemy.engine.Engine - INFO - SELECT sum(finance.installer_payments) AS sum_1 
FROM finance
2026-03-01 11:11:35,975 - sqlalchemy.engine.Engine - INFO - [generated in 0.00008s] ()
2026-03-01 11:11:35,976 - sqlalchemy.engine.Engine - INFO - SELECT count(orders.id) AS count_1 
FROM orders
2026-03-01 11:11:35,976 - sqlalchemy.engine.Engine - INFO - [generated in 0.00009s] ()
2026-03-01 11:11:35,977 - sqlalchemy.engine.Engine - INFO - ROLLBACK
2026-03-01 11:11:35,977 - sqlalchemy.engine.Engine - INFO - ROLLBACK
2026-03-01 11:11:35,978 - sqlalchemy.engine.Engine - INFO - BEGIN (implicit)
2026-03-01 11:11:35,978 - sqlalchemy.engine.Engine - INFO - SELECT sum(finance.profit) AS sum_1 
FROM finance
2026-03-01 11:11:35,978 - sqlalchemy.engine.Engine - INFO - [cached since 0.005792s ago] ()
2026-03-01 11:11:35,979 - sqlalchemy.engine.Engine - INFO - SELECT sum(finance.installer_payments) AS sum_1 
FROM finance
2026-03-01 11:11:35,979 - sqlalchemy.engine.Engine - INFO - [cached since 0.00417s ago] ()
2026-03-01 11:11:35,980 - sqlalchemy.engine.Engine - INFO - SELECT count(orders.id) AS count_1 
FROM orders
2026-03-01 11:11:35,980 - sqlalchemy.engine.Engine - INFO - [cached since 0.003524s ago] ()
2026-03-01 11:11:35,980 - sqlalchemy.engine.Engine - INFO - ROLLBACK
2026-03-01 11:11:35,991 - sqlalchemy.engine.Engine - INFO - BEGIN (implicit)
2026-03-01 11:11:35,991 - sqlalchemy.engine.Engine - INFO - SELECT EXTRACT(year FROM finance.created_at) AS year, EXTRACT(month FROM finance.created_at) AS month, sum(finance.profit) AS profit 
FROM finance GROUP BY year, month ORDER BY year, month
2026-03-01 11:11:35,991 - sqlalchemy.engine.Engine - INFO - [cached since 0.01711s ago] ()
2026-03-01 11:11:35,992 - sqlalchemy.engine.Engine - INFO - ROLLBACK
2026-03-01 11:11:40,082 - sqlalchemy.engine.Engine - INFO - BEGIN (implicit)
2026-03-01 11:11:40,082 - sqlalchemy.engine.Engine - INFO - SELECT admins.id, admins.username, admins.password_hash, admins.created_at 
FROM admins 
WHERE admins.username = $1::VARCHAR
2026-03-01 11:11:40,083 - sqlalchemy.engine.Engine - INFO - [cached since 24.61s ago] ('zhura2296@yandex.ru',)
2026-03-01 11:11:40,083 - sqlalchemy.engine.Engine - INFO - BEGIN (implicit)
2026-03-01 11:11:40,083 - sqlalchemy.engine.Engine - INFO - SELECT admins.id, admins.username, admins.password_hash, admins.created_at 
FROM admins 
WHERE admins.username = $1::VARCHAR
2026-03-01 11:11:40,084 - sqlalchemy.engine.Engine - INFO - [cached since 24.61s ago] ('zhura2296@yandex.ru',)
2026-03-01 11:11:40,084 - sqlalchemy.engine.Engine - INFO - SELECT clients.id, clients.full_name, clients.phone, clients.address, clients.coordinates, clients.created_at, clients.last_contact, clients.comments, clients.updated_at, clients.backup_phone, clients.deleted_at 
FROM clients 
 LIMIT $1::INTEGER OFFSET $2::INTEGER
2026-03-01 11:11:40,084 - sqlalchemy.engine.Engine - INFO - [cached since 24.26s ago] (100, 0)
2026-03-01 11:11:40,085 - sqlalchemy.engine.Engine - INFO - SELECT installers.id, installers.full_name, installers.nickname, installers.phone, installers.backup_phone, installers.specialization, installers.rating, installers.base_price, installers.is_debtor, installers.comments, installers.is_active, installers.is_in_funnel, installers.total_orders, installers.poor_work_count, installers.warranty_visits_count, installers.last_incident_date, installers.updated_at, installers.created_at, installers.deleted_at 
FROM installers 
WHERE installers.deleted_at IS NULL 
 LIMIT $1::INTEGER OFFSET $2::INTEGER
2026-03-01 11:11:40,085 - sqlalchemy.engine.Engine - INFO - [cached since 24.31s ago] (100, 0)
2026-03-01 11:11:40,086 - sqlalchemy.engine.Engine - INFO - ROLLBACK
2026-03-01 11:11:40,086 - sqlalchemy.engine.Engine - INFO - ROLLBACK
2026-03-01 11:11:40,087 - sqlalchemy.engine.Engine - INFO - BEGIN (implicit)
2026-03-01 11:11:40,087 - sqlalchemy.engine.Engine - INFO - SELECT admins.id, admins.username, admins.password_hash, admins.created_at 
FROM admins 
WHERE admins.username = $1::VARCHAR
2026-03-01 11:11:40,087 - sqlalchemy.engine.Engine - INFO - [cached since 24.62s ago] ('zhura2296@yandex.ru',)
2026-03-01 11:11:40,092 - sqlalchemy.engine.Engine - INFO - SELECT clients.id, clients.full_name, clients.phone, clients.address, clients.coordinates, clients.created_at, clients.last_contact, clients.comments, clients.updated_at, clients.backup_phone, clients.deleted_at 
FROM clients 
 LIMIT $1::INTEGER OFFSET $2::INTEGER
2026-03-01 11:11:40,093 - sqlalchemy.engine.Engine - INFO - [cached since 24.27s ago] (100, 0)
2026-03-01 11:11:40,111 - sqlalchemy.engine.Engine - INFO - ROLLBACK
2026-03-01 11:11:40,114 - sqlalchemy.engine.Engine - INFO - BEGIN (implicit)
2026-03-01 11:11:40,115 - sqlalchemy.engine.Engine - INFO - SELECT admins.id, admins.username, admins.password_hash, admins.created_at 
FROM admins 
WHERE admins.username = $1::VARCHAR
2026-03-01 11:11:40,115 - sqlalchemy.engine.Engine - INFO - [cached since 24.64s ago] ('zhura2296@yandex.ru',)
2026-03-01 11:11:40,116 - sqlalchemy.engine.Engine - INFO - SELECT installers.id, installers.full_name, installers.nickname, installers.phone, installers.backup_phone, installers.specialization, installers.rating, installers.base_price, installers.is_debtor, installers.comments, installers.is_active, installers.is_in_funnel, installers.total_orders, installers.poor_work_count, installers.warranty_visits_count, installers.last_incident_date, installers.updated_at, installers.created_at, installers.deleted_at 
FROM installers 
WHERE installers.deleted_at IS NULL 
 LIMIT $1::INTEGER OFFSET $2::INTEGER
2026-03-01 11:11:40,117 - sqlalchemy.engine.Engine - INFO - [cached since 24.34s ago] (100, 0)
2026-03-01 11:11:40,118 - sqlalchemy.engine.Engine - INFO - ROLLBACK
2026-03-01 11:15:34,468 - sqlalchemy.engine.Engine - INFO - BEGIN (implicit)
2026-03-01 11:15:34,469 - sqlalchemy.engine.Engine - INFO - SELECT orders.id, orders.client_id, orders.status, orders.warehouse, orders.service_datetime, orders.delivery_datetime, orders.promise, orders.marker_color, orders.address_id, orders.address_text, orders.created_at, orders.updated_at 
FROM orders 
 LIMIT $1::INTEGER OFFSET $2::INTEGER
2026-03-01 11:15:34,469 - sqlalchemy.engine.Engine - INFO - [cached since 245.3s ago] (100, 0)
2026-03-01 11:15:34,471 - sqlalchemy.engine.Engine - INFO - SELECT finance.order_id AS finance_order_id, finance.id AS finance_id, finance.revenue AS finance_revenue, finance.cost_of_goods AS finance_cost_of_goods, finance.installer_payments AS finance_installer_payments, finance.expenses AS finance_expenses, finance.warranty_costs_oleg AS finance_warranty_costs_oleg, finance.warranty_costs_installer AS finance_warranty_costs_installer, finance.profit AS finance_profit, finance.created_at AS finance_created_at, finance.updated_at AS finance_updated_at 
FROM finance 
WHERE finance.order_id IN ($1::INTEGER, $2::INTEGER)
2026-03-01 11:15:34,471 - sqlalchemy.engine.Engine - INFO - [cached since 245.3s ago] (1, 2)
2026-03-01 11:15:34,472 - sqlalchemy.engine.Engine - INFO - SELECT clients.id AS clients_id, clients.full_name AS clients_full_name, clients.phone AS clients_phone, clients.address AS clients_address, clients.coordinates AS clients_coordinates, clients.created_at AS clients_created_at, clients.last_contact AS clients_last_contact, clients.comments AS clients_comments, clients.updated_at AS clients_updated_at, clients.backup_phone AS clients_backup_phone, clients.deleted_at AS clients_deleted_at 
FROM clients 
WHERE clients.id IN ($1::INTEGER, $2::INTEGER)
2026-03-01 11:15:34,472 - sqlalchemy.engine.Engine - INFO - [cached since 245.3s ago] (1, 2)
2026-03-01 11:15:34,473 - sqlalchemy.engine.Engine - INFO - SELECT address_cache.address AS address_cache_address, address_cache.lat AS address_cache_lat, address_cache.lon AS address_cache_lon, address_cache.updated_at AS address_cache_updated_at 
FROM address_cache 
WHERE address_cache.address IN ($1::VARCHAR, $2::VARCHAR)
2026-03-01 11:15:34,473 - sqlalchemy.engine.Engine - INFO - [cached since 245.3s ago] ('Москва, ул. Тверская, д. 12, кв. 45', 'Россия, Московская область, Мытищи, улица Мира, 8')
2026-03-01 11:15:34,474 - sqlalchemy.engine.Engine - INFO - ROLLBACK
2026-03-01 11:15:34,475 - sqlalchemy.engine.Engine - INFO - BEGIN (implicit)
2026-03-01 11:15:34,476 - sqlalchemy.engine.Engine - INFO - SELECT orders.id, orders.client_id, orders.status, orders.warehouse, orders.service_datetime, orders.delivery_datetime, orders.promise, orders.marker_color, orders.address_id, orders.address_text, orders.created_at, orders.updated_at 
FROM orders 
 LIMIT $1::INTEGER OFFSET $2::INTEGER
2026-03-01 11:15:34,476 - sqlalchemy.engine.Engine - INFO - [cached since 245.4s ago] (100, 0)
2026-03-01 11:15:34,478 - sqlalchemy.engine.Engine - INFO - SELECT finance.order_id AS finance_order_id, finance.id AS finance_id, finance.revenue AS finance_revenue, finance.cost_of_goods AS finance_cost_of_goods, finance.installer_payments AS finance_installer_payments, finance.expenses AS finance_expenses, finance.warranty_costs_oleg AS finance_warranty_costs_oleg, finance.warranty_costs_installer AS finance_warranty_costs_installer, finance.profit AS finance_profit, finance.created_at AS finance_created_at, finance.updated_at AS finance_updated_at 
FROM finance 
WHERE finance.order_id IN ($1::INTEGER, $2::INTEGER)
2026-03-01 11:15:34,478 - sqlalchemy.engine.Engine - INFO - [cached since 245.3s ago] (1, 2)
2026-03-01 11:15:34,480 - sqlalchemy.engine.Engine - INFO - SELECT clients.id AS clients_id, clients.full_name AS clients_full_name, clients.phone AS clients_phone, clients.address AS clients_address, clients.coordinates AS clients_coordinates, clients.created_at AS clients_created_at, clients.last_contact AS clients_last_contact, clients.comments AS clients_comments, clients.updated_at AS clients_updated_at, clients.backup_phone AS clients_backup_phone, clients.deleted_at AS clients_deleted_at 
FROM clients 
WHERE clients.id IN ($1::INTEGER, $2::INTEGER)
2026-03-01 11:15:34,481 - sqlalchemy.engine.Engine - INFO - [cached since 245.3s ago] (1, 2)
2026-03-01 11:15:34,483 - sqlalchemy.engine.Engine - INFO - SELECT address_cache.address AS address_cache_address, address_cache.lat AS address_cache_lat, address_cache.lon AS address_cache_lon, address_cache.updated_at AS address_cache_updated_at 
FROM address_cache 
WHERE address_cache.address IN ($1::VARCHAR, $2::VARCHAR)
2026-03-01 11:15:34,483 - sqlalchemy.engine.Engine - INFO - [cached since 245.3s ago] ('Москва, ул. Тверская, д. 12, кв. 45', 'Россия, Московская область, Мытищи, улица Мира, 8')
2026-03-01 11:15:34,485 - sqlalchemy.engine.Engine - INFO - ROLLBACK
2026-03-01 11:15:41,309 - sqlalchemy.engine.Engine - INFO - BEGIN (implicit)
2026-03-01 11:15:41,309 - sqlalchemy.engine.Engine - INFO - SELECT orders.id, orders.client_id, orders.status, orders.warehouse, orders.service_datetime, orders.delivery_datetime, orders.promise, orders.marker_color, orders.address_id, orders.address_text, orders.created_at, orders.updated_at 
FROM orders 
 LIMIT $1::INTEGER OFFSET $2::INTEGER
2026-03-01 11:15:41,309 - sqlalchemy.engine.Engine - INFO - [cached since 252.2s ago] (100, 0)
2026-03-01 11:15:41,311 - sqlalchemy.engine.Engine - INFO - SELECT finance.order_id AS finance_order_id, finance.id AS finance_id, finance.revenue AS finance_revenue, finance.cost_of_goods AS finance_cost_of_goods, finance.installer_payments AS finance_installer_payments, finance.expenses AS finance_expenses, finance.warranty_costs_oleg AS finance_warranty_costs_oleg, finance.warranty_costs_installer AS finance_warranty_costs_installer, finance.profit AS finance_profit, finance.created_at AS finance_created_at, finance.updated_at AS finance_updated_at 
FROM finance 
WHERE finance.order_id IN ($1::INTEGER, $2::INTEGER)
2026-03-01 11:15:41,311 - sqlalchemy.engine.Engine - INFO - [cached since 252.2s ago] (1, 2)
2026-03-01 11:15:41,312 - sqlalchemy.engine.Engine - INFO - SELECT clients.id AS clients_id, clients.full_name AS clients_full_name, clients.phone AS clients_phone, clients.address AS clients_address, clients.coordinates AS clients_coordinates, clients.created_at AS clients_created_at, clients.last_contact AS clients_last_contact, clients.comments AS clients_comments, clients.updated_at AS clients_updated_at, clients.backup_phone AS clients_backup_phone, clients.deleted_at AS clients_deleted_at 
FROM clients 
WHERE clients.id IN ($1::INTEGER, $2::INTEGER)
2026-03-01 11:15:41,312 - sqlalchemy.engine.Engine - INFO - [cached since 252.2s ago] (1, 2)
2026-03-01 11:15:41,313 - sqlalchemy.engine.Engine - INFO - SELECT address_cache.address AS address_cache_address, address_cache.lat AS address_cache_lat, address_cache.lon AS address_cache_lon, address_cache.updated_at AS address_cache_updated_at 
FROM address_cache 
WHERE address_cache.address IN ($1::VARCHAR, $2::VARCHAR)
2026-03-01 11:15:41,313 - sqlalchemy.engine.Engine - INFO - [cached since 252.2s ago] ('Москва, ул. Тверская, д. 12, кв. 45', 'Россия, Московская область, Мытищи, улица Мира, 8')
2026-03-01 11:15:41,315 - sqlalchemy.engine.Engine - INFO - ROLLBACK
2026-03-01 11:15:41,316 - sqlalchemy.engine.Engine - INFO - BEGIN (implicit)
2026-03-01 11:15:41,316 - sqlalchemy.engine.Engine - INFO - SELECT orders.id, orders.client_id, orders.status, orders.warehouse, orders.service_datetime, orders.delivery_datetime, orders.promise, orders.marker_color, orders.address_id, orders.address_text, orders.created_at, orders.updated_at 
FROM orders 
 LIMIT $1::INTEGER OFFSET $2::INTEGER
2026-03-01 11:15:41,316 - sqlalchemy.engine.Engine - INFO - [cached since 252.2s ago] (100, 0)
2026-03-01 11:15:41,335 - sqlalchemy.engine.Engine - INFO - SELECT finance.order_id AS finance_order_id, finance.id AS finance_id, finance.revenue AS finance_revenue, finance.cost_of_goods AS finance_cost_of_goods, finance.installer_payments AS finance_installer_payments, finance.expenses AS finance_expenses, finance.warranty_costs_oleg AS finance_warranty_costs_oleg, finance.warranty_costs_installer AS finance_warranty_costs_installer, finance.profit AS finance_profit, finance.created_at AS finance_created_at, finance.updated_at AS finance_updated_at 
FROM finance 
WHERE finance.order_id IN ($1::INTEGER, $2::INTEGER)
2026-03-01 11:15:41,335 - sqlalchemy.engine.Engine - INFO - [cached since 252.2s ago] (1, 2)
2026-03-01 11:15:41,337 - sqlalchemy.engine.Engine - INFO - SELECT clients.id AS clients_id, clients.full_name AS clients_full_name, clients.phone AS clients_phone, clients.address AS clients_address, clients.coordinates AS clients_coordinates, clients.created_at AS clients_created_at, clients.last_contact AS clients_last_contact, clients.comments AS clients_comments, clients.updated_at AS clients_updated_at, clients.backup_phone AS clients_backup_phone, clients.deleted_at AS clients_deleted_at 
FROM clients 
WHERE clients.id IN ($1::INTEGER, $2::INTEGER)
2026-03-01 11:15:41,337 - sqlalchemy.engine.Engine - INFO - [cached since 252.2s ago] (1, 2)
2026-03-01 11:15:41,339 - sqlalchemy.engine.Engine - INFO - SELECT address_cache.address AS address_cache_address, address_cache.lat AS address_cache_lat, address_cache.lon AS address_cache_lon, address_cache.updated_at AS address_cache_updated_at 
FROM address_cache 
WHERE address_cache.address IN ($1::VARCHAR, $2::VARCHAR)
2026-03-01 11:15:41,339 - sqlalchemy.engine.Engine - INFO - [cached since 252.2s ago] ('Москва, ул. Тверская, д. 12, кв. 45', 'Россия, Московская область, Мытищи, улица Мира, 8')
2026-03-01 11:15:41,340 - sqlalchemy.engine.Engine - INFO - ROLLBACK
2026-03-01 11:15:48,947 - sqlalchemy.engine.Engine - INFO - BEGIN (implicit)
2026-03-01 11:15:48,947 - sqlalchemy.engine.Engine - INFO - SELECT orders.id, orders.client_id, orders.status, orders.warehouse, orders.service_datetime, orders.delivery_datetime, orders.promise, orders.marker_color, orders.address_id, orders.address_text, orders.created_at, orders.updated_at 
FROM orders 
 LIMIT $1::INTEGER OFFSET $2::INTEGER
2026-03-01 11:15:48,947 - sqlalchemy.engine.Engine - INFO - [cached since 259.8s ago] (100, 0)
2026-03-01 11:15:48,948 - sqlalchemy.engine.Engine - INFO - SELECT finance.order_id AS finance_order_id, finance.id AS finance_id, finance.revenue AS finance_revenue, finance.cost_of_goods AS finance_cost_of_goods, finance.installer_payments AS finance_installer_payments, finance.expenses AS finance_expenses, finance.warranty_costs_oleg AS finance_warranty_costs_oleg, finance.warranty_costs_installer AS finance_warranty_costs_installer, finance.profit AS finance_profit, finance.created_at AS finance_created_at, finance.updated_at AS finance_updated_at 
FROM finance 
WHERE finance.order_id IN ($1::INTEGER, $2::INTEGER)
2026-03-01 11:15:48,948 - sqlalchemy.engine.Engine - INFO - [cached since 259.8s ago] (1, 2)
2026-03-01 11:15:48,950 - sqlalchemy.engine.Engine - INFO - SELECT clients.id AS clients_id, clients.full_name AS clients_full_name, clients.phone AS clients_phone, clients.address AS clients_address, clients.coordinates AS clients_coordinates, clients.created_at AS clients_created_at, clients.last_contact AS clients_last_contact, clients.comments AS clients_comments, clients.updated_at AS clients_updated_at, clients.backup_phone AS clients_backup_phone, clients.deleted_at AS clients_deleted_at 
FROM clients 
WHERE clients.id IN ($1::INTEGER, $2::INTEGER)
2026-03-01 11:15:48,950 - sqlalchemy.engine.Engine - INFO - [cached since 259.8s ago] (1, 2)
2026-03-01 11:15:48,951 - sqlalchemy.engine.Engine - INFO - SELECT address_cache.address AS address_cache_address, address_cache.lat AS address_cache_lat, address_cache.lon AS address_cache_lon, address_cache.updated_at AS address_cache_updated_at 
FROM address_cache 
WHERE address_cache.address IN ($1::VARCHAR, $2::VARCHAR)
2026-03-01 11:15:48,951 - sqlalchemy.engine.Engine - INFO - [cached since 259.8s ago] ('Москва, ул. Тверская, д. 12, кв. 45', 'Россия, Московская область, Мытищи, улица Мира, 8')
2026-03-01 11:15:48,953 - sqlalchemy.engine.Engine - INFO - ROLLBACK
2026-03-01 11:15:53,785 - sqlalchemy.engine.Engine - INFO - BEGIN (implicit)
2026-03-01 11:15:53,785 - sqlalchemy.engine.Engine - INFO - SELECT orders.id, orders.client_id, orders.status, orders.warehouse, orders.service_datetime, orders.delivery_datetime, orders.promise, orders.marker_color, orders.address_id, orders.address_text, orders.created_at, orders.updated_at 
FROM orders 
 LIMIT $1::INTEGER OFFSET $2::INTEGER
2026-03-01 11:15:53,785 - sqlalchemy.engine.Engine - INFO - [cached since 264.7s ago] (100, 0)
2026-03-01 11:15:53,786 - sqlalchemy.engine.Engine - INFO - SELECT finance.order_id AS finance_order_id, finance.id AS finance_id, finance.revenue AS finance_revenue, finance.cost_of_goods AS finance_cost_of_goods, finance.installer_payments AS finance_installer_payments, finance.expenses AS finance_expenses, finance.warranty_costs_oleg AS finance_warranty_costs_oleg, finance.warranty_costs_installer AS finance_warranty_costs_installer, finance.profit AS finance_profit, finance.created_at AS finance_created_at, finance.updated_at AS finance_updated_at 
FROM finance 
WHERE finance.order_id IN ($1::INTEGER, $2::INTEGER)
2026-03-01 11:15:53,786 - sqlalchemy.engine.Engine - INFO - [cached since 264.7s ago] (1, 2)
2026-03-01 11:15:53,787 - sqlalchemy.engine.Engine - INFO - SELECT clients.id AS clients_id, clients.full_name AS clients_full_name, clients.phone AS clients_phone, clients.address AS clients_address, clients.coordinates AS clients_coordinates, clients.created_at AS clients_created_at, clients.last_contact AS clients_last_contact, clients.comments AS clients_comments, clients.updated_at AS clients_updated_at, clients.backup_phone AS clients_backup_phone, clients.deleted_at AS clients_deleted_at 
FROM clients 
WHERE clients.id IN ($1::INTEGER, $2::INTEGER)
2026-03-01 11:15:53,787 - sqlalchemy.engine.Engine - INFO - [cached since 264.7s ago] (1, 2)
2026-03-01 11:15:53,788 - sqlalchemy.engine.Engine - INFO - SELECT address_cache.address AS address_cache_address, address_cache.lat AS address_cache_lat, address_cache.lon AS address_cache_lon, address_cache.updated_at AS address_cache_updated_at 
FROM address_cache 
WHERE address_cache.address IN ($1::VARCHAR, $2::VARCHAR)
2026-03-01 11:15:53,788 - sqlalchemy.engine.Engine - INFO - [cached since 264.7s ago] ('Москва, ул. Тверская, д. 12, кв. 45', 'Россия, Московская область, Мытищи, улица Мира, 8')
2026-03-01 11:15:53,790 - sqlalchemy.engine.Engine - INFO - ROLLBACK
2026-03-01 11:17:51,478 - sqlalchemy.engine.Engine - INFO - BEGIN (implicit)
2026-03-01 11:17:51,479 - sqlalchemy.engine.Engine - INFO - SELECT orders.id, orders.client_id, orders.status, orders.warehouse, orders.service_datetime, orders.delivery_datetime, orders.promise, orders.marker_color, orders.address_id, orders.address_text, orders.created_at, orders.updated_at 
FROM orders 
 LIMIT $1::INTEGER OFFSET $2::INTEGER
2026-03-01 11:17:51,479 - sqlalchemy.engine.Engine - INFO - [cached since 382.4s ago] (100, 0)
2026-03-01 11:17:51,480 - sqlalchemy.engine.Engine - INFO - SELECT finance.order_id AS finance_order_id, finance.id AS finance_id, finance.revenue AS finance_revenue, finance.cost_of_goods AS finance_cost_of_goods, finance.installer_payments AS finance_installer_payments, finance.expenses AS finance_expenses, finance.warranty_costs_oleg AS finance_warranty_costs_oleg, finance.warranty_costs_installer AS finance_warranty_costs_installer, finance.profit AS finance_profit, finance.created_at AS finance_created_at, finance.updated_at AS finance_updated_at 
FROM finance 
WHERE finance.order_id IN ($1::INTEGER, $2::INTEGER)
2026-03-01 11:17:51,480 - sqlalchemy.engine.Engine - INFO - [cached since 382.3s ago] (1, 2)
2026-03-01 11:17:51,481 - sqlalchemy.engine.Engine - INFO - SELECT clients.id AS clients_id, clients.full_name AS clients_full_name, clients.phone AS clients_phone, clients.address AS clients_address, clients.coordinates AS clients_coordinates, clients.created_at AS clients_created_at, clients.last_contact AS clients_last_contact, clients.comments AS clients_comments, clients.updated_at AS clients_updated_at, clients.backup_phone AS clients_backup_phone, clients.deleted_at AS clients_deleted_at 
FROM clients 
WHERE clients.id IN ($1::INTEGER, $2::INTEGER)
2026-03-01 11:17:51,481 - sqlalchemy.engine.Engine - INFO - [cached since 382.3s ago] (1, 2)
2026-03-01 11:17:51,481 - sqlalchemy.engine.Engine - INFO - SELECT address_cache.address AS address_cache_address, address_cache.lat AS address_cache_lat, address_cache.lon AS address_cache_lon, address_cache.updated_at AS address_cache_updated_at 
FROM address_cache 
WHERE address_cache.address IN ($1::VARCHAR, $2::VARCHAR)
2026-03-01 11:17:51,482 - sqlalchemy.engine.Engine - INFO - [cached since 382.3s ago] ('Москва, ул. Тверская, д. 12, кв. 45', 'Россия, Московская область, Мытищи, улица Мира, 8')
2026-03-01 11:17:51,484 - sqlalchemy.engine.Engine - INFO - ROLLBACK
2026-03-01 11:17:51,485 - sqlalchemy.engine.Engine - INFO - BEGIN (implicit)
2026-03-01 11:17:51,486 - sqlalchemy.engine.Engine - INFO - SELECT orders.id, orders.client_id, orders.status, orders.warehouse, orders.service_datetime, orders.delivery_datetime, orders.promise, orders.marker_color, orders.address_id, orders.address_text, orders.created_at, orders.updated_at 
FROM orders 
 LIMIT $1::INTEGER OFFSET $2::INTEGER
2026-03-01 11:17:51,486 - sqlalchemy.engine.Engine - INFO - [cached since 382.4s ago] (100, 0)
2026-03-01 11:17:51,487 - sqlalchemy.engine.Engine - INFO - SELECT finance.order_id AS finance_order_id, finance.id AS finance_id, finance.revenue AS finance_revenue, finance.cost_of_goods AS finance_cost_of_goods, finance.installer_payments AS finance_installer_payments, finance.expenses AS finance_expenses, finance.warranty_costs_oleg AS finance_warranty_costs_oleg, finance.warranty_costs_installer AS finance_warranty_costs_installer, finance.profit AS finance_profit, finance.created_at AS finance_created_at, finance.updated_at AS finance_updated_at 
FROM finance 
WHERE finance.order_id IN ($1::INTEGER, $2::INTEGER)
2026-03-01 11:17:51,487 - sqlalchemy.engine.Engine - INFO - [cached since 382.4s ago] (1, 2)
2026-03-01 11:17:51,489 - sqlalchemy.engine.Engine - INFO - SELECT clients.id AS clients_id, clients.full_name AS clients_full_name, clients.phone AS clients_phone, clients.address AS clients_address, clients.coordinates AS clients_coordinates, clients.created_at AS clients_created_at, clients.last_contact AS clients_last_contact, clients.comments AS clients_comments, clients.updated_at AS clients_updated_at, clients.backup_phone AS clients_backup_phone, clients.deleted_at AS clients_deleted_at 
FROM clients 
WHERE clients.id IN ($1::INTEGER, $2::INTEGER)
2026-03-01 11:17:51,489 - sqlalchemy.engine.Engine - INFO - [cached since 382.4s ago] (1, 2)
2026-03-01 11:17:51,490 - sqlalchemy.engine.Engine - INFO - SELECT address_cache.address AS address_cache_address, address_cache.lat AS address_cache_lat, address_cache.lon AS address_cache_lon, address_cache.updated_at AS address_cache_updated_at 
FROM address_cache 
WHERE address_cache.address IN ($1::VARCHAR, $2::VARCHAR)
2026-03-01 11:17:51,491 - sqlalchemy.engine.Engine - INFO - [cached since 382.4s ago] ('Москва, ул. Тверская, д. 12, кв. 45', 'Россия, Московская область, Мытищи, улица Мира, 8')
2026-03-01 11:17:51,493 - sqlalchemy.engine.Engine - INFO - ROLLBACK
2026-03-01 11:17:56,971 - sqlalchemy.engine.Engine - INFO - BEGIN (implicit)
2026-03-01 11:17:56,972 - sqlalchemy.engine.Engine - INFO - SELECT orders.id, orders.client_id, orders.status, orders.warehouse, orders.service_datetime, orders.delivery_datetime, orders.promise, orders.marker_color, orders.address_id, orders.address_text, orders.created_at, orders.updated_at 
FROM orders 
 LIMIT $1::INTEGER OFFSET $2::INTEGER
2026-03-01 11:17:56,972 - sqlalchemy.engine.Engine - INFO - [cached since 387.9s ago] (100, 0)
2026-03-01 11:17:56,975 - sqlalchemy.engine.Engine - INFO - SELECT finance.order_id AS finance_order_id, finance.id AS finance_id, finance.revenue AS finance_revenue, finance.cost_of_goods AS finance_cost_of_goods, finance.installer_payments AS finance_installer_payments, finance.expenses AS finance_expenses, finance.warranty_costs_oleg AS finance_warranty_costs_oleg, finance.warranty_costs_installer AS finance_warranty_costs_installer, finance.profit AS finance_profit, finance.created_at AS finance_created_at, finance.updated_at AS finance_updated_at 
FROM finance 
WHERE finance.order_id IN ($1::INTEGER, $2::INTEGER)
2026-03-01 11:17:56,975 - sqlalchemy.engine.Engine - INFO - [cached since 387.8s ago] (1, 2)
2026-03-01 11:17:56,977 - sqlalchemy.engine.Engine - INFO - SELECT clients.id AS clients_id, clients.full_name AS clients_full_name, clients.phone AS clients_phone, clients.address AS clients_address, clients.coordinates AS clients_coordinates, clients.created_at AS clients_created_at, clients.last_contact AS clients_last_contact, clients.comments AS clients_comments, clients.updated_at AS clients_updated_at, clients.backup_phone AS clients_backup_phone, clients.deleted_at AS clients_deleted_at 
FROM clients 
WHERE clients.id IN ($1::INTEGER, $2::INTEGER)
2026-03-01 11:17:56,977 - sqlalchemy.engine.Engine - INFO - [cached since 387.8s ago] (1, 2)
2026-03-01 11:17:56,979 - sqlalchemy.engine.Engine - INFO - SELECT address_cache.address AS address_cache_address, address_cache.lat AS address_cache_lat, address_cache.lon AS address_cache_lon, address_cache.updated_at AS address_cache_updated_at 
FROM address_cache 
WHERE address_cache.address IN ($1::VARCHAR, $2::VARCHAR)
2026-03-01 11:17:56,979 - sqlalchemy.engine.Engine - INFO - [cached since 387.8s ago] ('Москва, ул. Тверская, д. 12, кв. 45', 'Россия, Московская область, Мытищи, улица Мира, 8')
2026-03-01 11:17:56,982 - sqlalchemy.engine.Engine - INFO - ROLLBACK
2026-03-01 11:17:56,983 - sqlalchemy.engine.Engine - INFO - BEGIN (implicit)
2026-03-01 11:17:56,984 - sqlalchemy.engine.Engine - INFO - SELECT orders.id, orders.client_id, orders.status, orders.warehouse, orders.service_datetime, orders.delivery_datetime, orders.promise, orders.marker_color, orders.address_id, orders.address_text, orders.created_at, orders.updated_at 
FROM orders 
 LIMIT $1::INTEGER OFFSET $2::INTEGER
2026-03-01 11:17:56,984 - sqlalchemy.engine.Engine - INFO - [cached since 387.9s ago] (100, 0)
2026-03-01 11:17:56,986 - sqlalchemy.engine.Engine - INFO - SELECT finance.order_id AS finance_order_id, finance.id AS finance_id, finance.revenue AS finance_revenue, finance.cost_of_goods AS finance_cost_of_goods, finance.installer_payments AS finance_installer_payments, finance.expenses AS finance_expenses, finance.warranty_costs_oleg AS finance_warranty_costs_oleg, finance.warranty_costs_installer AS finance_warranty_costs_installer, finance.profit AS finance_profit, finance.created_at AS finance_created_at, finance.updated_at AS finance_updated_at 
FROM finance 
WHERE finance.order_id IN ($1::INTEGER, $2::INTEGER)
2026-03-01 11:17:56,986 - sqlalchemy.engine.Engine - INFO - [cached since 387.9s ago] (1, 2)
2026-03-01 11:17:56,987 - sqlalchemy.engine.Engine - INFO - SELECT clients.id AS clients_id, clients.full_name AS clients_full_name, clients.phone AS clients_phone, clients.address AS clients_address, clients.coordinates AS clients_coordinates, clients.created_at AS clients_created_at, clients.last_contact AS clients_last_contact, clients.comments AS clients_comments, clients.updated_at AS clients_updated_at, clients.backup_phone AS clients_backup_phone, clients.deleted_at AS clients_deleted_at 
FROM clients 
WHERE clients.id IN ($1::INTEGER, $2::INTEGER)
2026-03-01 11:17:56,987 - sqlalchemy.engine.Engine - INFO - [cached since 387.9s ago] (1, 2)
2026-03-01 11:17:56,988 - sqlalchemy.engine.Engine - INFO - SELECT address_cache.address AS address_cache_address, address_cache.lat AS address_cache_lat, address_cache.lon AS address_cache_lon, address_cache.updated_at AS address_cache_updated_at 
FROM address_cache 
WHERE address_cache.address IN ($1::VARCHAR, $2::VARCHAR)
2026-03-01 11:17:56,988 - sqlalchemy.engine.Engine - INFO - [cached since 387.9s ago] ('Москва, ул. Тверская, д. 12, кв. 45', 'Россия, Московская область, Мытищи, улица Мира, 8')
2026-03-01 11:17:56,989 - sqlalchemy.engine.Engine - INFO - ROLLBACK
2026-03-01 11:18:01,148 - sqlalchemy.engine.Engine - INFO - BEGIN (implicit)
2026-03-01 11:18:01,148 - sqlalchemy.engine.Engine - INFO - SELECT orders.id, orders.client_id, orders.status, orders.warehouse, orders.service_datetime, orders.delivery_datetime, orders.promise, orders.marker_color, orders.address_id, orders.address_text, orders.created_at, orders.updated_at 
FROM orders 
 LIMIT $1::INTEGER OFFSET $2::INTEGER
2026-03-01 11:18:01,148 - sqlalchemy.engine.Engine - INFO - [cached since 392s ago] (100, 0)
2026-03-01 11:18:01,149 - sqlalchemy.engine.Engine - INFO - SELECT finance.order_id AS finance_order_id, finance.id AS finance_id, finance.revenue AS finance_revenue, finance.cost_of_goods AS finance_cost_of_goods, finance.installer_payments AS finance_installer_payments, finance.expenses AS finance_expenses, finance.warranty_costs_oleg AS finance_warranty_costs_oleg, finance.warranty_costs_installer AS finance_warranty_costs_installer, finance.profit AS finance_profit, finance.created_at AS finance_created_at, finance.updated_at AS finance_updated_at 
FROM finance 
WHERE finance.order_id IN ($1::INTEGER, $2::INTEGER)
2026-03-01 11:18:01,150 - sqlalchemy.engine.Engine - INFO - [cached since 392s ago] (1, 2)
2026-03-01 11:18:01,151 - sqlalchemy.engine.Engine - INFO - SELECT clients.id AS clients_id, clients.full_name AS clients_full_name, clients.phone AS clients_phone, clients.address AS clients_address, clients.coordinates AS clients_coordinates, clients.created_at AS clients_created_at, clients.last_contact AS clients_last_contact, clients.comments AS clients_comments, clients.updated_at AS clients_updated_at, clients.backup_phone AS clients_backup_phone, clients.deleted_at AS clients_deleted_at 
FROM clients 
WHERE clients.id IN ($1::INTEGER, $2::INTEGER)
2026-03-01 11:18:01,151 - sqlalchemy.engine.Engine - INFO - [cached since 392s ago] (1, 2)
2026-03-01 11:18:01,152 - sqlalchemy.engine.Engine - INFO - SELECT address_cache.address AS address_cache_address, address_cache.lat AS address_cache_lat, address_cache.lon AS address_cache_lon, address_cache.updated_at AS address_cache_updated_at 
FROM address_cache 
WHERE address_cache.address IN ($1::VARCHAR, $2::VARCHAR)
2026-03-01 11:18:01,152 - sqlalchemy.engine.Engine - INFO - [cached since 392s ago] ('Москва, ул. Тверская, д. 12, кв. 45', 'Россия, Московская область, Мытищи, улица Мира, 8')
2026-03-01 11:18:01,154 - sqlalchemy.engine.Engine - INFO - ROLLBACK
2026-03-01 11:18:08,577 - sqlalchemy.engine.Engine - INFO - BEGIN (implicit)
2026-03-01 11:18:08,578 - sqlalchemy.engine.Engine - INFO - SELECT orders.id, orders.client_id, orders.status, orders.warehouse, orders.service_datetime, orders.delivery_datetime, orders.promise, orders.marker_color, orders.address_id, orders.address_text, orders.created_at, orders.updated_at 
FROM orders 
 LIMIT $1::INTEGER OFFSET $2::INTEGER
2026-03-01 11:18:08,578 - sqlalchemy.engine.Engine - INFO - [cached since 399.5s ago] (100, 0)
2026-03-01 11:18:08,579 - sqlalchemy.engine.Engine - INFO - SELECT finance.order_id AS finance_order_id, finance.id AS finance_id, finance.revenue AS finance_revenue, finance.cost_of_goods AS finance_cost_of_goods, finance.installer_payments AS finance_installer_payments, finance.expenses AS finance_expenses, finance.warranty_costs_oleg AS finance_warranty_costs_oleg, finance.warranty_costs_installer AS finance_warranty_costs_installer, finance.profit AS finance_profit, finance.created_at AS finance_created_at, finance.updated_at AS finance_updated_at 
FROM finance 
WHERE finance.order_id IN ($1::INTEGER, $2::INTEGER)
2026-03-01 11:18:08,579 - sqlalchemy.engine.Engine - INFO - [cached since 399.4s ago] (1, 2)
2026-03-01 11:18:08,579 - sqlalchemy.engine.Engine - INFO - SELECT clients.id AS clients_id, clients.full_name AS clients_full_name, clients.phone AS clients_phone, clients.address AS clients_address, clients.coordinates AS clients_coordinates, clients.created_at AS clients_created_at, clients.last_contact AS clients_last_contact, clients.comments AS clients_comments, clients.updated_at AS clients_updated_at, clients.backup_phone AS clients_backup_phone, clients.deleted_at AS clients_deleted_at 
FROM clients 
WHERE clients.id IN ($1::INTEGER, $2::INTEGER)
2026-03-01 11:18:08,579 - sqlalchemy.engine.Engine - INFO - [cached since 399.4s ago] (1, 2)
2026-03-01 11:18:08,580 - sqlalchemy.engine.Engine - INFO - SELECT address_cache.address AS address_cache_address, address_cache.lat AS address_cache_lat, address_cache.lon AS address_cache_lon, address_cache.updated_at AS address_cache_updated_at 
FROM address_cache 
WHERE address_cache.address IN ($1::VARCHAR, $2::VARCHAR)
2026-03-01 11:18:08,580 - sqlalchemy.engine.Engine - INFO - [cached since 399.4s ago] ('Москва, ул. Тверская, д. 12, кв. 45', 'Россия, Московская область, Мытищи, улица Мира, 8')
2026-03-01 11:18:08,581 - sqlalchemy.engine.Engine - INFO - ROLLBACK
2026-03-01 11:18:12,675 - sqlalchemy.engine.Engine - INFO - BEGIN (implicit)
2026-03-01 11:18:12,675 - sqlalchemy.engine.Engine - INFO - SELECT admins.id, admins.username, admins.password_hash, admins.created_at 
FROM admins 
WHERE admins.username = $1::VARCHAR
2026-03-01 11:18:12,675 - sqlalchemy.engine.Engine - INFO - [cached since 417.2s ago] ('zhura2296@yandex.ru',)
2026-03-01 11:18:12,676 - sqlalchemy.engine.Engine - INFO - SELECT clients.id, clients.full_name, clients.phone, clients.address, clients.coordinates, clients.created_at, clients.last_contact, clients.comments, clients.updated_at, clients.backup_phone, clients.deleted_at 
FROM clients 
 LIMIT $1::INTEGER OFFSET $2::INTEGER
2026-03-01 11:18:12,676 - sqlalchemy.engine.Engine - INFO - [cached since 416.8s ago] (100, 0)
2026-03-01 11:18:12,678 - sqlalchemy.engine.Engine - INFO - BEGIN (implicit)
2026-03-01 11:18:12,678 - sqlalchemy.engine.Engine - INFO - SELECT admins.id, admins.username, admins.password_hash, admins.created_at 
FROM admins 
WHERE admins.username = $1::VARCHAR
2026-03-01 11:18:12,678 - sqlalchemy.engine.Engine - INFO - [cached since 417.2s ago] ('zhura2296@yandex.ru',)
2026-03-01 11:18:12,678 - sqlalchemy.engine.Engine - INFO - ROLLBACK
2026-03-01 11:18:12,679 - sqlalchemy.engine.Engine - INFO - SELECT installers.id, installers.full_name, installers.nickname, installers.phone, installers.backup_phone, installers.specialization, installers.rating, installers.base_price, installers.is_debtor, installers.comments, installers.is_active, installers.is_in_funnel, installers.total_orders, installers.poor_work_count, installers.warranty_visits_count, installers.last_incident_date, installers.updated_at, installers.created_at, installers.deleted_at 
FROM installers 
WHERE installers.deleted_at IS NULL 
 LIMIT $1::INTEGER OFFSET $2::INTEGER
2026-03-01 11:18:12,679 - sqlalchemy.engine.Engine - INFO - [cached since 416.9s ago] (100, 0)
2026-03-01 11:18:12,679 - sqlalchemy.engine.Engine - INFO - BEGIN (implicit)
2026-03-01 11:18:12,680 - sqlalchemy.engine.Engine - INFO - SELECT admins.id, admins.username, admins.password_hash, admins.created_at 
FROM admins 
WHERE admins.username = $1::VARCHAR
2026-03-01 11:18:12,680 - sqlalchemy.engine.Engine - INFO - [cached since 417.2s ago] ('zhura2296@yandex.ru',)
2026-03-01 11:18:12,681 - sqlalchemy.engine.Engine - INFO - SELECT clients.id, clients.full_name, clients.phone, clients.address, clients.coordinates, clients.created_at, clients.last_contact, clients.comments, clients.updated_at, clients.backup_phone, clients.deleted_at 
FROM clients 
 LIMIT $1::INTEGER OFFSET $2::INTEGER
2026-03-01 11:18:12,681 - sqlalchemy.engine.Engine - INFO - [cached since 416.9s ago] (100, 0)
2026-03-01 11:18:12,681 - sqlalchemy.engine.Engine - INFO - BEGIN (implicit)
2026-03-01 11:18:12,682 - sqlalchemy.engine.Engine - INFO - SELECT admins.id, admins.username, admins.password_hash, admins.created_at 
FROM admins 
WHERE admins.username = $1::VARCHAR
2026-03-01 11:18:12,682 - sqlalchemy.engine.Engine - INFO - [cached since 417.2s ago] ('zhura2296@yandex.ru',)
2026-03-01 11:18:12,682 - sqlalchemy.engine.Engine - INFO - ROLLBACK
2026-03-01 11:18:12,683 - sqlalchemy.engine.Engine - INFO - ROLLBACK
2026-03-01 11:18:12,683 - sqlalchemy.engine.Engine - INFO - SELECT installers.id, installers.full_name, installers.nickname, installers.phone, installers.backup_phone, installers.specialization, installers.rating, installers.base_price, installers.is_debtor, installers.comments, installers.is_active, installers.is_in_funnel, installers.total_orders, installers.poor_work_count, installers.warranty_visits_count, installers.last_incident_date, installers.updated_at, installers.created_at, installers.deleted_at 
FROM installers 
WHERE installers.deleted_at IS NULL 
 LIMIT $1::INTEGER OFFSET $2::INTEGER
2026-03-01 11:18:12,683 - sqlalchemy.engine.Engine - INFO - [cached since 416.9s ago] (100, 0)
2026-03-01 11:18:12,684 - sqlalchemy.engine.Engine - INFO - ROLLBACK
2026-03-01 11:18:13,916 - sqlalchemy.engine.Engine - INFO - BEGIN (implicit)
2026-03-01 11:18:13,916 - sqlalchemy.engine.Engine - INFO - SELECT orders.id, orders.client_id, orders.status, orders.warehouse, orders.service_datetime, orders.delivery_datetime, orders.promise, orders.marker_color, orders.address_id, orders.address_text, orders.created_at, orders.updated_at 
FROM orders 
 LIMIT $1::INTEGER OFFSET $2::INTEGER
2026-03-01 11:18:13,916 - sqlalchemy.engine.Engine - INFO - [cached since 404.8s ago] (100, 0)
2026-03-01 11:18:13,918 - sqlalchemy.engine.Engine - INFO - SELECT finance.order_id AS finance_order_id, finance.id AS finance_id, finance.revenue AS finance_revenue, finance.cost_of_goods AS finance_cost_of_goods, finance.installer_payments AS finance_installer_payments, finance.expenses AS finance_expenses, finance.warranty_costs_oleg AS finance_warranty_costs_oleg, finance.warranty_costs_installer AS finance_warranty_costs_installer, finance.profit AS finance_profit, finance.created_at AS finance_created_at, finance.updated_at AS finance_updated_at 
FROM finance 
WHERE finance.order_id IN ($1::INTEGER, $2::INTEGER)
2026-03-01 11:18:13,918 - sqlalchemy.engine.Engine - INFO - [cached since 404.8s ago] (1, 2)
2026-03-01 11:18:13,919 - sqlalchemy.engine.Engine - INFO - SELECT clients.id AS clients_id, clients.full_name AS clients_full_name, clients.phone AS clients_phone, clients.address AS clients_address, clients.coordinates AS clients_coordinates, clients.created_at AS clients_created_at, clients.last_contact AS clients_last_contact, clients.comments AS clients_comments, clients.updated_at AS clients_updated_at, clients.backup_phone AS clients_backup_phone, clients.deleted_at AS clients_deleted_at 
FROM clients 
WHERE clients.id IN ($1::INTEGER, $2::INTEGER)
2026-03-01 11:18:13,919 - sqlalchemy.engine.Engine - INFO - [cached since 404.8s ago] (1, 2)
2026-03-01 11:18:13,920 - sqlalchemy.engine.Engine - INFO - SELECT address_cache.address AS address_cache_address, address_cache.lat AS address_cache_lat, address_cache.lon AS address_cache_lon, address_cache.updated_at AS address_cache_updated_at 
FROM address_cache 
WHERE address_cache.address IN ($1::VARCHAR, $2::VARCHAR)
2026-03-01 11:18:13,920 - sqlalchemy.engine.Engine - INFO - [cached since 404.8s ago] ('Москва, ул. Тверская, д. 12, кв. 45', 'Россия, Московская область, Мытищи, улица Мира, 8')
2026-03-01 11:18:13,921 - sqlalchemy.engine.Engine - INFO - ROLLBACK
2026-03-01 11:18:13,922 - sqlalchemy.engine.Engine - INFO - BEGIN (implicit)
2026-03-01 11:18:13,922 - sqlalchemy.engine.Engine - INFO - SELECT orders.id, orders.client_id, orders.status, orders.warehouse, orders.service_datetime, orders.delivery_datetime, orders.promise, orders.marker_color, orders.address_id, orders.address_text, orders.created_at, orders.updated_at 
FROM orders 
 LIMIT $1::INTEGER OFFSET $2::INTEGER
2026-03-01 11:18:13,922 - sqlalchemy.engine.Engine - INFO - [cached since 404.8s ago] (100, 0)
2026-03-01 11:18:13,925 - sqlalchemy.engine.Engine - INFO - SELECT finance.order_id AS finance_order_id, finance.id AS finance_id, finance.revenue AS finance_revenue, finance.cost_of_goods AS finance_cost_of_goods, finance.installer_payments AS finance_installer_payments, finance.expenses AS finance_expenses, finance.warranty_costs_oleg AS finance_warranty_costs_oleg, finance.warranty_costs_installer AS finance_warranty_costs_installer, finance.profit AS finance_profit, finance.created_at AS finance_created_at, finance.updated_at AS finance_updated_at 
FROM finance 
WHERE finance.order_id IN ($1::INTEGER, $2::INTEGER)
2026-03-01 11:18:13,925 - sqlalchemy.engine.Engine - INFO - [cached since 404.8s ago] (1, 2)
2026-03-01 11:18:13,925 - sqlalchemy.engine.Engine - INFO - SELECT clients.id AS clients_id, clients.full_name AS clients_full_name, clients.phone AS clients_phone, clients.address AS clients_address, clients.coordinates AS clients_coordinates, clients.created_at AS clients_created_at, clients.last_contact AS clients_last_contact, clients.comments AS clients_comments, clients.updated_at AS clients_updated_at, clients.backup_phone AS clients_backup_phone, clients.deleted_at AS clients_deleted_at 
FROM clients 
WHERE clients.id IN ($1::INTEGER, $2::INTEGER)
2026-03-01 11:18:13,925 - sqlalchemy.engine.Engine - INFO - [cached since 404.8s ago] (1, 2)
2026-03-01 11:18:13,926 - sqlalchemy.engine.Engine - INFO - SELECT address_cache.address AS address_cache_address, address_cache.lat AS address_cache_lat, address_cache.lon AS address_cache_lon, address_cache.updated_at AS address_cache_updated_at 
FROM address_cache 
WHERE address_cache.address IN ($1::VARCHAR, $2::VARCHAR)
2026-03-01 11:18:13,926 - sqlalchemy.engine.Engine - INFO - [cached since 404.8s ago] ('Москва, ул. Тверская, д. 12, кв. 45', 'Россия, Московская область, Мытищи, улица Мира, 8')
2026-03-01 11:18:13,927 - sqlalchemy.engine.Engine - INFO - ROLLBACK
2026-03-01 11:18:16,051 - sqlalchemy.engine.Engine - INFO - BEGIN (implicit)
2026-03-01 11:18:16,052 - sqlalchemy.engine.Engine - INFO - SELECT admins.id, admins.username, admins.password_hash, admins.created_at 
FROM admins 
WHERE admins.username = $1::VARCHAR
2026-03-01 11:18:16,052 - sqlalchemy.engine.Engine - INFO - [cached since 420.6s ago] ('zhura2296@yandex.ru',)
2026-03-01 11:18:16,055 - sqlalchemy.engine.Engine - INFO - SELECT installers.id, installers.full_name, installers.nickname, installers.phone, installers.backup_phone, installers.specialization, installers.rating, installers.base_price, installers.is_debtor, installers.comments, installers.is_active, installers.is_in_funnel, installers.total_orders, installers.poor_work_count, installers.warranty_visits_count, installers.last_incident_date, installers.updated_at, installers.created_at, installers.deleted_at 
FROM installers 
WHERE installers.deleted_at IS NULL 
 LIMIT $1::INTEGER OFFSET $2::INTEGER
2026-03-01 11:18:16,056 - sqlalchemy.engine.Engine - INFO - [cached since 420.3s ago] (100, 0)
2026-03-01 11:18:16,060 - sqlalchemy.engine.Engine - INFO - BEGIN (implicit)
2026-03-01 11:18:16,060 - sqlalchemy.engine.Engine - INFO - SELECT orders.id, orders.client_id, orders.status, orders.warehouse, orders.service_datetime, orders.delivery_datetime, orders.promise, orders.marker_color, orders.address_id, orders.address_text, orders.created_at, orders.updated_at 
FROM orders 
WHERE orders.id = $1::INTEGER
2026-03-01 11:18:16,061 - sqlalchemy.engine.Engine - INFO - [cached since 404.9s ago] (1,)
2026-03-01 11:18:16,064 - sqlalchemy.engine.Engine - INFO - ROLLBACK
2026-03-01 11:18:16,065 - sqlalchemy.engine.Engine - INFO - SELECT payments.order_id AS payments_order_id, payments.id AS payments_id, payments.payment_type AS payments_payment_type, payments.installer_id AS payments_installer_id, payments.amount AS payments_amount, payments.payment_date AS payments_payment_date, payments.description AS payments_description, payments.created_at AS payments_created_at, payments.updated_at AS payments_updated_at 
FROM payments 
WHERE payments.order_id IN ($1::INTEGER)
2026-03-01 11:18:16,065 - sqlalchemy.engine.Engine - INFO - [cached since 404.9s ago] (1,)
2026-03-01 11:18:16,067 - sqlalchemy.engine.Engine - INFO - BEGIN (implicit)
2026-03-01 11:18:16,067 - sqlalchemy.engine.Engine - INFO - SELECT admins.id, admins.username, admins.password_hash, admins.created_at 
FROM admins 
WHERE admins.username = $1::VARCHAR
2026-03-01 11:18:16,067 - sqlalchemy.engine.Engine - INFO - [cached since 420.6s ago] ('zhura2296@yandex.ru',)
2026-03-01 11:18:16,069 - sqlalchemy.engine.Engine - INFO - SELECT installers.id, installers.full_name, installers.nickname, installers.phone, installers.backup_phone, installers.specialization, installers.rating, installers.base_price, installers.is_debtor, installers.comments, installers.is_active, installers.is_in_funnel, installers.total_orders, installers.poor_work_count, installers.warranty_visits_count, installers.last_incident_date, installers.updated_at, installers.created_at, installers.deleted_at 
FROM installers 
WHERE installers.deleted_at IS NULL 
 LIMIT $1::INTEGER OFFSET $2::INTEGER
2026-03-01 11:18:16,069 - sqlalchemy.engine.Engine - INFO - [cached since 420.3s ago] (100, 0)
2026-03-01 11:18:16,070 - sqlalchemy.engine.Engine - INFO - SELECT finance.order_id AS finance_order_id, finance.id AS finance_id, finance.revenue AS finance_revenue, finance.cost_of_goods AS finance_cost_of_goods, finance.installer_payments AS finance_installer_payments, finance.expenses AS finance_expenses, finance.warranty_costs_oleg AS finance_warranty_costs_oleg, finance.warranty_costs_installer AS finance_warranty_costs_installer, finance.profit AS finance_profit, finance.created_at AS finance_created_at, finance.updated_at AS finance_updated_at 
FROM finance 
WHERE finance.order_id IN ($1::INTEGER)
2026-03-01 11:18:16,071 - sqlalchemy.engine.Engine - INFO - [cached since 404.9s ago] (1,)
2026-03-01 11:18:16,073 - sqlalchemy.engine.Engine - INFO - SELECT clients.id AS clients_id, clients.full_name AS clients_full_name, clients.phone AS clients_phone, clients.address AS clients_address, clients.coordinates AS clients_coordinates, clients.created_at AS clients_created_at, clients.last_contact AS clients_last_contact, clients.comments AS clients_comments, clients.updated_at AS clients_updated_at, clients.backup_phone AS clients_backup_phone, clients.deleted_at AS clients_deleted_at 
FROM clients 
WHERE clients.id IN ($1::INTEGER)
2026-03-01 11:18:16,073 - sqlalchemy.engine.Engine - INFO - [cached since 404.9s ago] (1,)
2026-03-01 11:18:16,073 - sqlalchemy.engine.Engine - INFO - ROLLBACK
2026-03-01 11:18:16,074 - sqlalchemy.engine.Engine - INFO - SELECT address_cache.address AS address_cache_address, address_cache.lat AS address_cache_lat, address_cache.lon AS address_cache_lon, address_cache.updated_at AS address_cache_updated_at 
FROM address_cache 
WHERE address_cache.address IN ($1::VARCHAR)
2026-03-01 11:18:16,074 - sqlalchemy.engine.Engine - INFO - [cached since 404.9s ago] ('Москва, ул. Тверская, д. 12, кв. 45',)
2026-03-01 11:18:16,075 - sqlalchemy.engine.Engine - INFO - SELECT order_items.order_id AS order_items_order_id, order_items.id AS order_items_id, order_items.item_type AS order_items_item_type, order_items.name AS order_items_name, order_items.quantity AS order_items_quantity, order_items.purchase_price AS order_items_purchase_price, order_items.sale_price AS order_items_sale_price, order_items.warranty_manufacturer AS order_items_warranty_manufacturer, order_items.warranty_master AS order_items_warranty_master, order_items.sort_order AS order_items_sort_order, order_items.created_at AS order_items_created_at, order_items.updated_at AS order_items_updated_at 
FROM order_items 
WHERE order_items.order_id IN ($1::INTEGER)
2026-03-01 11:18:16,075 - sqlalchemy.engine.Engine - INFO - [cached since 404.9s ago] (1,)
2026-03-01 11:18:16,080 - sqlalchemy.engine.Engine - INFO - SELECT order_installers.order_id AS order_installers_order_id, order_installers.id AS order_installers_id, order_installers.installer_id AS order_installers_installer_id, order_installers.role AS order_installers_role, order_installers.base_payment AS order_installers_base_payment, order_installers.is_primary AS order_installers_is_primary, order_installers.created_at AS order_installers_created_at, order_installers.updated_at AS order_installers_updated_at 
FROM order_installers 
WHERE order_installers.order_id IN ($1::INTEGER)
2026-03-01 11:18:16,080 - sqlalchemy.engine.Engine - INFO - [cached since 404.9s ago] (1,)
2026-03-01 11:18:16,081 - sqlalchemy.engine.Engine - INFO - SELECT order_expenses.order_id AS order_expenses_order_id, order_expenses.id AS order_expenses_id, order_expenses.amount AS order_expenses_amount, order_expenses.description AS order_expenses_description, order_expenses.expense_date AS order_expenses_expense_date, order_expenses.category AS order_expenses_category, order_expenses.created_at AS order_expenses_created_at, order_expenses.updated_at AS order_expenses_updated_at 
FROM order_expenses 
WHERE order_expenses.order_id IN ($1::INTEGER)
2026-03-01 11:18:16,081 - sqlalchemy.engine.Engine - INFO - [cached since 404.9s ago] (1,)
2026-03-01 11:18:16,083 - sqlalchemy.engine.Engine - INFO - ROLLBACK
2026-03-01 11:18:16,084 - sqlalchemy.engine.Engine - INFO - BEGIN (implicit)
2026-03-01 11:18:16,084 - sqlalchemy.engine.Engine - INFO - SELECT orders.id, orders.client_id, orders.status, orders.warehouse, orders.service_datetime, orders.delivery_datetime, orders.promise, orders.marker_color, orders.address_id, orders.address_text, orders.created_at, orders.updated_at 
FROM orders 
WHERE orders.id = $1::INTEGER
2026-03-01 11:18:16,085 - sqlalchemy.engine.Engine - INFO - [cached since 404.9s ago] (1,)
2026-03-01 11:18:16,086 - sqlalchemy.engine.Engine - INFO - SELECT payments.order_id AS payments_order_id, payments.id AS payments_id, payments.payment_type AS payments_payment_type, payments.installer_id AS payments_installer_id, payments.amount AS payments_amount, payments.payment_date AS payments_payment_date, payments.description AS payments_description, payments.created_at AS payments_created_at, payments.updated_at AS payments_updated_at 
FROM payments 
WHERE payments.order_id IN ($1::INTEGER)
2026-03-01 11:18:16,086 - sqlalchemy.engine.Engine - INFO - [cached since 404.9s ago] (1,)
2026-03-01 11:18:16,087 - sqlalchemy.engine.Engine - INFO - SELECT finance.order_id AS finance_order_id, finance.id AS finance_id, finance.revenue AS finance_revenue, finance.cost_of_goods AS finance_cost_of_goods, finance.installer_payments AS finance_installer_payments, finance.expenses AS finance_expenses, finance.warranty_costs_oleg AS finance_warranty_costs_oleg, finance.warranty_costs_installer AS finance_warranty_costs_installer, finance.profit AS finance_profit, finance.created_at AS finance_created_at, finance.updated_at AS finance_updated_at 
FROM finance 
WHERE finance.order_id IN ($1::INTEGER)
2026-03-01 11:18:16,087 - sqlalchemy.engine.Engine - INFO - [cached since 404.9s ago] (1,)
2026-03-01 11:18:16,088 - sqlalchemy.engine.Engine - INFO - SELECT clients.id AS clients_id, clients.full_name AS clients_full_name, clients.phone AS clients_phone, clients.address AS clients_address, clients.coordinates AS clients_coordinates, clients.created_at AS clients_created_at, clients.last_contact AS clients_last_contact, clients.comments AS clients_comments, clients.updated_at AS clients_updated_at, clients.backup_phone AS clients_backup_phone, clients.deleted_at AS clients_deleted_at 
FROM clients 
WHERE clients.id IN ($1::INTEGER)
2026-03-01 11:18:16,088 - sqlalchemy.engine.Engine - INFO - [cached since 404.9s ago] (1,)
2026-03-01 11:18:16,089 - sqlalchemy.engine.Engine - INFO - SELECT address_cache.address AS address_cache_address, address_cache.lat AS address_cache_lat, address_cache.lon AS address_cache_lon, address_cache.updated_at AS address_cache_updated_at 
FROM address_cache 
WHERE address_cache.address IN ($1::VARCHAR)
2026-03-01 11:18:16,089 - sqlalchemy.engine.Engine - INFO - [cached since 404.9s ago] ('Москва, ул. Тверская, д. 12, кв. 45',)
2026-03-01 11:18:16,090 - sqlalchemy.engine.Engine - INFO - SELECT order_items.order_id AS order_items_order_id, order_items.id AS order_items_id, order_items.item_type AS order_items_item_type, order_items.name AS order_items_name, order_items.quantity AS order_items_quantity, order_items.purchase_price AS order_items_purchase_price, order_items.sale_price AS order_items_sale_price, order_items.warranty_manufacturer AS order_items_warranty_manufacturer, order_items.warranty_master AS order_items_warranty_master, order_items.sort_order AS order_items_sort_order, order_items.created_at AS order_items_created_at, order_items.updated_at AS order_items_updated_at 
FROM order_items 
WHERE order_items.order_id IN ($1::INTEGER)
2026-03-01 11:18:16,090 - sqlalchemy.engine.Engine - INFO - [cached since 404.9s ago] (1,)
2026-03-01 11:18:16,091 - sqlalchemy.engine.Engine - INFO - SELECT order_installers.order_id AS order_installers_order_id, order_installers.id AS order_installers_id, order_installers.installer_id AS order_installers_installer_id, order_installers.role AS order_installers_role, order_installers.base_payment AS order_installers_base_payment, order_installers.is_primary AS order_installers_is_primary, order_installers.created_at AS order_installers_created_at, order_installers.updated_at AS order_installers_updated_at 
FROM order_installers 
WHERE order_installers.order_id IN ($1::INTEGER)
2026-03-01 11:18:16,091 - sqlalchemy.engine.Engine - INFO - [cached since 404.9s ago] (1,)
2026-03-01 11:18:16,092 - sqlalchemy.engine.Engine - INFO - SELECT order_expenses.order_id AS order_expenses_order_id, order_expenses.id AS order_expenses_id, order_expenses.amount AS order_expenses_amount, order_expenses.description AS order_expenses_description, order_expenses.expense_date AS order_expenses_expense_date, order_expenses.category AS order_expenses_category, order_expenses.created_at AS order_expenses_created_at, order_expenses.updated_at AS order_expenses_updated_at 
FROM order_expenses 
WHERE order_expenses.order_id IN ($1::INTEGER)
2026-03-01 11:18:16,092 - sqlalchemy.engine.Engine - INFO - [cached since 404.9s ago] (1,)
2026-03-01 11:18:16,093 - sqlalchemy.engine.Engine - INFO - ROLLBACK
2026-03-01 11:18:19,883 - sqlalchemy.engine.Engine - INFO - BEGIN (implicit)
2026-03-01 11:18:19,883 - sqlalchemy.engine.Engine - INFO - SELECT admins.id, admins.username, admins.password_hash, admins.created_at 
FROM admins 
WHERE admins.username = $1::VARCHAR
2026-03-01 11:18:19,883 - sqlalchemy.engine.Engine - INFO - [cached since 424.4s ago] ('zhura2296@yandex.ru',)
2026-03-01 11:18:19,884 - sqlalchemy.engine.Engine - INFO - SELECT installers.id, installers.full_name, installers.nickname, installers.phone, installers.backup_phone, installers.specialization, installers.rating, installers.base_price, installers.is_debtor, installers.comments, installers.is_active, installers.is_in_funnel, installers.total_orders, installers.poor_work_count, installers.warranty_visits_count, installers.last_incident_date, installers.updated_at, installers.created_at, installers.deleted_at 
FROM installers 
WHERE installers.deleted_at IS NULL 
 LIMIT $1::INTEGER OFFSET $2::INTEGER
2026-03-01 11:18:19,885 - sqlalchemy.engine.Engine - INFO - [cached since 424.1s ago] (100, 0)
2026-03-01 11:18:19,886 - sqlalchemy.engine.Engine - INFO - ROLLBACK
2026-03-01 11:18:19,886 - sqlalchemy.engine.Engine - INFO - BEGIN (implicit)
2026-03-01 11:18:19,887 - sqlalchemy.engine.Engine - INFO - SELECT admins.id, admins.username, admins.password_hash, admins.created_at 
FROM admins 
WHERE admins.username = $1::VARCHAR
2026-03-01 11:18:19,887 - sqlalchemy.engine.Engine - INFO - [cached since 424.4s ago] ('zhura2296@yandex.ru',)
2026-03-01 11:18:19,887 - sqlalchemy.engine.Engine - INFO - SELECT installers.id, installers.full_name, installers.nickname, installers.phone, installers.backup_phone, installers.specialization, installers.rating, installers.base_price, installers.is_debtor, installers.comments, installers.is_active, installers.is_in_funnel, installers.total_orders, installers.poor_work_count, installers.warranty_visits_count, installers.last_incident_date, installers.updated_at, installers.created_at, installers.deleted_at 
FROM installers 
WHERE installers.deleted_at IS NULL 
 LIMIT $1::INTEGER OFFSET $2::INTEGER
2026-03-01 11:18:19,887 - sqlalchemy.engine.Engine - INFO - [cached since 424.1s ago] (100, 0)
2026-03-01 11:18:19,888 - sqlalchemy.engine.Engine - INFO - ROLLBACK
2026-03-01 11:18:21,387 - sqlalchemy.engine.Engine - INFO - BEGIN (implicit)
2026-03-01 11:18:21,388 - sqlalchemy.engine.Engine - INFO - SELECT orders.id, orders.client_id, orders.status, orders.warehouse, orders.service_datetime, orders.delivery_datetime, orders.promise, orders.marker_color, orders.address_id, orders.address_text, orders.created_at, orders.updated_at 
FROM orders 
 LIMIT $1::INTEGER OFFSET $2::INTEGER
2026-03-01 11:18:21,388 - sqlalchemy.engine.Engine - INFO - [cached since 412.3s ago] (100, 0)
2026-03-01 11:18:21,389 - sqlalchemy.engine.Engine - INFO - SELECT finance.order_id AS finance_order_id, finance.id AS finance_id, finance.revenue AS finance_revenue, finance.cost_of_goods AS finance_cost_of_goods, finance.installer_payments AS finance_installer_payments, finance.expenses AS finance_expenses, finance.warranty_costs_oleg AS finance_warranty_costs_oleg, finance.warranty_costs_installer AS finance_warranty_costs_installer, finance.profit AS finance_profit, finance.created_at AS finance_created_at, finance.updated_at AS finance_updated_at 
FROM finance 
WHERE finance.order_id IN ($1::INTEGER, $2::INTEGER)
2026-03-01 11:18:21,389 - sqlalchemy.engine.Engine - INFO - [cached since 412.3s ago] (1, 2)
2026-03-01 11:18:21,390 - sqlalchemy.engine.Engine - INFO - SELECT clients.id AS clients_id, clients.full_name AS clients_full_name, clients.phone AS clients_phone, clients.address AS clients_address, clients.coordinates AS clients_coordinates, clients.created_at AS clients_created_at, clients.last_contact AS clients_last_contact, clients.comments AS clients_comments, clients.updated_at AS clients_updated_at, clients.backup_phone AS clients_backup_phone, clients.deleted_at AS clients_deleted_at 
FROM clients 
WHERE clients.id IN ($1::INTEGER, $2::INTEGER)
2026-03-01 11:18:21,390 - sqlalchemy.engine.Engine - INFO - [cached since 412.3s ago] (1, 2)
2026-03-01 11:18:21,390 - sqlalchemy.engine.Engine - INFO - SELECT address_cache.address AS address_cache_address, address_cache.lat AS address_cache_lat, address_cache.lon AS address_cache_lon, address_cache.updated_at AS address_cache_updated_at 
FROM address_cache 
WHERE address_cache.address IN ($1::VARCHAR, $2::VARCHAR)
2026-03-01 11:18:21,390 - sqlalchemy.engine.Engine - INFO - [cached since 412.3s ago] ('Москва, ул. Тверская, д. 12, кв. 45', 'Россия, Московская область, Мытищи, улица Мира, 8')
2026-03-01 11:18:21,392 - sqlalchemy.engine.Engine - INFO - ROLLBACK
2026-03-01 11:18:21,392 - sqlalchemy.engine.Engine - INFO - BEGIN (implicit)
2026-03-01 11:18:21,393 - sqlalchemy.engine.Engine - INFO - SELECT orders.id, orders.client_id, orders.status, orders.warehouse, orders.service_datetime, orders.delivery_datetime, orders.promise, orders.marker_color, orders.address_id, orders.address_text, orders.created_at, orders.updated_at 
FROM orders 
 LIMIT $1::INTEGER OFFSET $2::INTEGER
2026-03-01 11:18:21,393 - sqlalchemy.engine.Engine - INFO - [cached since 412.3s ago] (100, 0)
2026-03-01 11:18:21,395 - sqlalchemy.engine.Engine - INFO - SELECT finance.order_id AS finance_order_id, finance.id AS finance_id, finance.revenue AS finance_revenue, finance.cost_of_goods AS finance_cost_of_goods, finance.installer_payments AS finance_installer_payments, finance.expenses AS finance_expenses, finance.warranty_costs_oleg AS finance_warranty_costs_oleg, finance.warranty_costs_installer AS finance_warranty_costs_installer, finance.profit AS finance_profit, finance.created_at AS finance_created_at, finance.updated_at AS finance_updated_at 
FROM finance 
WHERE finance.order_id IN ($1::INTEGER, $2::INTEGER)
2026-03-01 11:18:21,395 - sqlalchemy.engine.Engine - INFO - [cached since 412.3s ago] (1, 2)
2026-03-01 11:18:21,396 - sqlalchemy.engine.Engine - INFO - SELECT clients.id AS clients_id, clients.full_name AS clients_full_name, clients.phone AS clients_phone, clients.address AS clients_address, clients.coordinates AS clients_coordinates, clients.created_at AS clients_created_at, clients.last_contact AS clients_last_contact, clients.comments AS clients_comments, clients.updated_at AS clients_updated_at, clients.backup_phone AS clients_backup_phone, clients.deleted_at AS clients_deleted_at 
FROM clients 
WHERE clients.id IN ($1::INTEGER, $2::INTEGER)
2026-03-01 11:18:21,396 - sqlalchemy.engine.Engine - INFO - [cached since 412.3s ago] (1, 2)
2026-03-01 11:18:21,397 - sqlalchemy.engine.Engine - INFO - SELECT address_cache.address AS address_cache_address, address_cache.lat AS address_cache_lat, address_cache.lon AS address_cache_lon, address_cache.updated_at AS address_cache_updated_at 
FROM address_cache 
WHERE address_cache.address IN ($1::VARCHAR, $2::VARCHAR)
2026-03-01 11:18:21,397 - sqlalchemy.engine.Engine - INFO - [cached since 412.3s ago] ('Москва, ул. Тверская, д. 12, кв. 45', 'Россия, Московская область, Мытищи, улица Мира, 8')
2026-03-01 11:18:21,398 - sqlalchemy.engine.Engine - INFO - ROLLBACK
2026-03-01 11:19:46,053 - sqlalchemy.engine.Engine - INFO - BEGIN (implicit)
2026-03-01 11:19:46,054 - sqlalchemy.engine.Engine - INFO - SELECT orders.id, orders.client_id, orders.status, orders.warehouse, orders.service_datetime, orders.delivery_datetime, orders.promise, orders.marker_color, orders.address_id, orders.address_text, orders.created_at, orders.updated_at 
FROM orders 
 LIMIT $1::INTEGER OFFSET $2::INTEGER
2026-03-01 11:19:46,054 - sqlalchemy.engine.Engine - INFO - [cached since 496.9s ago] (100, 0)
2026-03-01 11:19:46,055 - sqlalchemy.engine.Engine - INFO - SELECT finance.order_id AS finance_order_id, finance.id AS finance_id, finance.revenue AS finance_revenue, finance.cost_of_goods AS finance_cost_of_goods, finance.installer_payments AS finance_installer_payments, finance.expenses AS finance_expenses, finance.warranty_costs_oleg AS finance_warranty_costs_oleg, finance.warranty_costs_installer AS finance_warranty_costs_installer, finance.profit AS finance_profit, finance.created_at AS finance_created_at, finance.updated_at AS finance_updated_at 
FROM finance 
WHERE finance.order_id IN ($1::INTEGER, $2::INTEGER)
2026-03-01 11:19:46,055 - sqlalchemy.engine.Engine - INFO - [cached since 496.9s ago] (1, 2)
2026-03-01 11:19:46,056 - sqlalchemy.engine.Engine - INFO - SELECT clients.id AS clients_id, clients.full_name AS clients_full_name, clients.phone AS clients_phone, clients.address AS clients_address, clients.coordinates AS clients_coordinates, clients.created_at AS clients_created_at, clients.last_contact AS clients_last_contact, clients.comments AS clients_comments, clients.updated_at AS clients_updated_at, clients.backup_phone AS clients_backup_phone, clients.deleted_at AS clients_deleted_at 
FROM clients 
WHERE clients.id IN ($1::INTEGER, $2::INTEGER)
2026-03-01 11:19:46,056 - sqlalchemy.engine.Engine - INFO - [cached since 496.9s ago] (1, 2)
2026-03-01 11:19:46,057 - sqlalchemy.engine.Engine - INFO - SELECT address_cache.address AS address_cache_address, address_cache.lat AS address_cache_lat, address_cache.lon AS address_cache_lon, address_cache.updated_at AS address_cache_updated_at 
FROM address_cache 
WHERE address_cache.address IN ($1::VARCHAR, $2::VARCHAR)
2026-03-01 11:19:46,057 - sqlalchemy.engine.Engine - INFO - [cached since 496.9s ago] ('Москва, ул. Тверская, д. 12, кв. 45', 'Россия, Московская область, Мытищи, улица Мира, 8')
2026-03-01 11:19:46,058 - sqlalchemy.engine.Engine - INFO - ROLLBACK
2026-03-01 11:19:46,059 - sqlalchemy.engine.Engine - INFO - BEGIN (implicit)
2026-03-01 11:19:46,059 - sqlalchemy.engine.Engine - INFO - SELECT orders.id, orders.client_id, orders.status, orders.warehouse, orders.service_datetime, orders.delivery_datetime, orders.promise, orders.marker_color, orders.address_id, orders.address_text, orders.created_at, orders.updated_at 
FROM orders 
 LIMIT $1::INTEGER OFFSET $2::INTEGER
2026-03-01 11:19:46,059 - sqlalchemy.engine.Engine - INFO - [cached since 496.9s ago] (100, 0)
2026-03-01 11:19:46,061 - sqlalchemy.engine.Engine - INFO - SELECT finance.order_id AS finance_order_id, finance.id AS finance_id, finance.revenue AS finance_revenue, finance.cost_of_goods AS finance_cost_of_goods, finance.installer_payments AS finance_installer_payments, finance.expenses AS finance_expenses, finance.warranty_costs_oleg AS finance_warranty_costs_oleg, finance.warranty_costs_installer AS finance_warranty_costs_installer, finance.profit AS finance_profit, finance.created_at AS finance_created_at, finance.updated_at AS finance_updated_at 
FROM finance 
WHERE finance.order_id IN ($1::INTEGER, $2::INTEGER)
2026-03-01 11:19:46,061 - sqlalchemy.engine.Engine - INFO - [cached since 496.9s ago] (1, 2)
2026-03-01 11:19:46,063 - sqlalchemy.engine.Engine - INFO - SELECT clients.id AS clients_id, clients.full_name AS clients_full_name, clients.phone AS clients_phone, clients.address AS clients_address, clients.coordinates AS clients_coordinates, clients.created_at AS clients_created_at, clients.last_contact AS clients_last_contact, clients.comments AS clients_comments, clients.updated_at AS clients_updated_at, clients.backup_phone AS clients_backup_phone, clients.deleted_at AS clients_deleted_at 
FROM clients 
WHERE clients.id IN ($1::INTEGER, $2::INTEGER)
2026-03-01 11:19:46,063 - sqlalchemy.engine.Engine - INFO - [cached since 496.9s ago] (1, 2)
2026-03-01 11:19:46,065 - sqlalchemy.engine.Engine - INFO - SELECT address_cache.address AS address_cache_address, address_cache.lat AS address_cache_lat, address_cache.lon AS address_cache_lon, address_cache.updated_at AS address_cache_updated_at 
FROM address_cache 
WHERE address_cache.address IN ($1::VARCHAR, $2::VARCHAR)
2026-03-01 11:19:46,065 - sqlalchemy.engine.Engine - INFO - [cached since 496.9s ago] ('Москва, ул. Тверская, д. 12, кв. 45', 'Россия, Московская область, Мытищи, улица Мира, 8')
2026-03-01 11:19:46,067 - sqlalchemy.engine.Engine - INFO - ROLLBACK
2026-03-01 11:19:53,243 - sqlalchemy.engine.Engine - INFO - BEGIN (implicit)
2026-03-01 11:19:53,243 - sqlalchemy.engine.Engine - INFO - SELECT admins.id, admins.username, admins.password_hash, admins.created_at 
FROM admins 
WHERE admins.username = $1::VARCHAR
2026-03-01 11:19:53,243 - sqlalchemy.engine.Engine - INFO - [cached since 517.8s ago] ('zhura2296@yandex.ru',)
2026-03-01 11:19:53,445 - sqlalchemy.engine.Engine - INFO - ROLLBACK
2026-03-01 11:19:53,550 - sqlalchemy.engine.Engine - INFO - BEGIN (implicit)
2026-03-01 11:19:53,551 - sqlalchemy.engine.Engine - INFO - SELECT admins.id, admins.username, admins.password_hash, admins.created_at 
FROM admins 
WHERE admins.username = $1::VARCHAR
2026-03-01 11:19:53,551 - sqlalchemy.engine.Engine - INFO - [cached since 518.1s ago] ('zhura2296@yandex.ru',)
2026-03-01 11:19:53,551 - sqlalchemy.engine.Engine - INFO - BEGIN (implicit)
2026-03-01 11:19:53,551 - sqlalchemy.engine.Engine - INFO - SELECT admins.id, admins.username, admins.password_hash, admins.created_at 
FROM admins 
WHERE admins.username = $1::VARCHAR
2026-03-01 11:19:53,551 - sqlalchemy.engine.Engine - INFO - [cached since 518.1s ago] ('zhura2296@yandex.ru',)
2026-03-01 11:19:53,552 - sqlalchemy.engine.Engine - INFO - SELECT installers.id, installers.full_name, installers.nickname, installers.phone, installers.backup_phone, installers.specialization, installers.rating, installers.base_price, installers.is_debtor, installers.comments, installers.is_active, installers.is_in_funnel, installers.total_orders, installers.poor_work_count, installers.warranty_visits_count, installers.last_incident_date, installers.updated_at, installers.created_at, installers.deleted_at 
FROM installers 
WHERE installers.deleted_at IS NULL 
 LIMIT $1::INTEGER OFFSET $2::INTEGER
2026-03-01 11:19:53,552 - sqlalchemy.engine.Engine - INFO - [cached since 517.8s ago] (100, 0)
2026-03-01 11:19:53,553 - sqlalchemy.engine.Engine - INFO - SELECT clients.id, clients.full_name, clients.phone, clients.address, clients.coordinates, clients.created_at, clients.last_contact, clients.comments, clients.updated_at, clients.backup_phone, clients.deleted_at 
FROM clients 
 LIMIT $1::INTEGER OFFSET $2::INTEGER
2026-03-01 11:19:53,553 - sqlalchemy.engine.Engine - INFO - [cached since 517.7s ago] (100, 0)
2026-03-01 11:19:53,553 - sqlalchemy.engine.Engine - INFO - ROLLBACK
2026-03-01 11:19:53,555 - sqlalchemy.engine.Engine - INFO - BEGIN (implicit)
2026-03-01 11:19:53,555 - sqlalchemy.engine.Engine - INFO - SELECT admins.id, admins.username, admins.password_hash, admins.created_at 
FROM admins 
WHERE admins.username = $1::VARCHAR
2026-03-01 11:19:53,555 - sqlalchemy.engine.Engine - INFO - [cached since 518.1s ago] ('zhura2296@yandex.ru',)
2026-03-01 11:19:53,556 - sqlalchemy.engine.Engine - INFO - ROLLBACK
2026-03-01 11:19:53,556 - sqlalchemy.engine.Engine - INFO - SELECT installers.id, installers.full_name, installers.nickname, installers.phone, installers.backup_phone, installers.specialization, installers.rating, installers.base_price, installers.is_debtor, installers.comments, installers.is_active, installers.is_in_funnel, installers.total_orders, installers.poor_work_count, installers.warranty_visits_count, installers.last_incident_date, installers.updated_at, installers.created_at, installers.deleted_at 
FROM installers 
WHERE installers.deleted_at IS NULL 
 LIMIT $1::INTEGER OFFSET $2::INTEGER
2026-03-01 11:19:53,556 - sqlalchemy.engine.Engine - INFO - [cached since 517.8s ago] (100, 0)
2026-03-01 11:19:53,557 - sqlalchemy.engine.Engine - INFO - BEGIN (implicit)
2026-03-01 11:19:53,557 - sqlalchemy.engine.Engine - INFO - SELECT admins.id, admins.username, admins.password_hash, admins.created_at 
FROM admins 
WHERE admins.username = $1::VARCHAR
2026-03-01 11:19:53,557 - sqlalchemy.engine.Engine - INFO - [cached since 518.1s ago] ('zhura2296@yandex.ru',)
2026-03-01 11:19:53,558 - sqlalchemy.engine.Engine - INFO - SELECT clients.id, clients.full_name, clients.phone, clients.address, clients.coordinates, clients.created_at, clients.last_contact, clients.comments, clients.updated_at, clients.backup_phone, clients.deleted_at 
FROM clients 
 LIMIT $1::INTEGER OFFSET $2::INTEGER
2026-03-01 11:19:53,559 - sqlalchemy.engine.Engine - INFO - [cached since 517.7s ago] (100, 0)
2026-03-01 11:19:53,559 - sqlalchemy.engine.Engine - INFO - ROLLBACK
2026-03-01 11:19:53,560 - sqlalchemy.engine.Engine - INFO - ROLLBACK
2026-03-01 11:19:54,640 - sqlalchemy.engine.Engine - INFO - BEGIN (implicit)
2026-03-01 11:19:54,641 - sqlalchemy.engine.Engine - INFO - SELECT orders.id, orders.client_id, orders.status, orders.warehouse, orders.service_datetime, orders.delivery_datetime, orders.promise, orders.marker_color, orders.address_id, orders.address_text, orders.created_at, orders.updated_at 
FROM orders 
 LIMIT $1::INTEGER OFFSET $2::INTEGER
2026-03-01 11:19:54,641 - sqlalchemy.engine.Engine - INFO - [cached since 505.5s ago] (100, 0)
2026-03-01 11:19:54,642 - sqlalchemy.engine.Engine - INFO - SELECT finance.order_id AS finance_order_id, finance.id AS finance_id, finance.revenue AS finance_revenue, finance.cost_of_goods AS finance_cost_of_goods, finance.installer_payments AS finance_installer_payments, finance.expenses AS finance_expenses, finance.warranty_costs_oleg AS finance_warranty_costs_oleg, finance.warranty_costs_installer AS finance_warranty_costs_installer, finance.profit AS finance_profit, finance.created_at AS finance_created_at, finance.updated_at AS finance_updated_at 
FROM finance 
WHERE finance.order_id IN ($1::INTEGER, $2::INTEGER)
2026-03-01 11:19:54,642 - sqlalchemy.engine.Engine - INFO - [cached since 505.5s ago] (1, 2)
2026-03-01 11:19:54,643 - sqlalchemy.engine.Engine - INFO - SELECT clients.id AS clients_id, clients.full_name AS clients_full_name, clients.phone AS clients_phone, clients.address AS clients_address, clients.coordinates AS clients_coordinates, clients.created_at AS clients_created_at, clients.last_contact AS clients_last_contact, clients.comments AS clients_comments, clients.updated_at AS clients_updated_at, clients.backup_phone AS clients_backup_phone, clients.deleted_at AS clients_deleted_at 
FROM clients 
WHERE clients.id IN ($1::INTEGER, $2::INTEGER)
2026-03-01 11:19:54,643 - sqlalchemy.engine.Engine - INFO - [cached since 505.5s ago] (1, 2)
2026-03-01 11:19:54,644 - sqlalchemy.engine.Engine - INFO - SELECT address_cache.address AS address_cache_address, address_cache.lat AS address_cache_lat, address_cache.lon AS address_cache_lon, address_cache.updated_at AS address_cache_updated_at 
FROM address_cache 
WHERE address_cache.address IN ($1::VARCHAR, $2::VARCHAR)
2026-03-01 11:19:54,644 - sqlalchemy.engine.Engine - INFO - [cached since 505.5s ago] ('Москва, ул. Тверская, д. 12, кв. 45', 'Россия, Московская область, Мытищи, улица Мира, 8')
2026-03-01 11:19:54,646 - sqlalchemy.engine.Engine - INFO - ROLLBACK
2026-03-01 11:19:54,647 - sqlalchemy.engine.Engine - INFO - BEGIN (implicit)
2026-03-01 11:19:54,647 - sqlalchemy.engine.Engine - INFO - SELECT orders.id, orders.client_id, orders.status, orders.warehouse, orders.service_datetime, orders.delivery_datetime, orders.promise, orders.marker_color, orders.address_id, orders.address_text, orders.created_at, orders.updated_at 
FROM orders 
 LIMIT $1::INTEGER OFFSET $2::INTEGER
2026-03-01 11:19:54,647 - sqlalchemy.engine.Engine - INFO - [cached since 505.5s ago] (100, 0)
2026-03-01 11:19:54,650 - sqlalchemy.engine.Engine - INFO - SELECT finance.order_id AS finance_order_id, finance.id AS finance_id, finance.revenue AS finance_revenue, finance.cost_of_goods AS finance_cost_of_goods, finance.installer_payments AS finance_installer_payments, finance.expenses AS finance_expenses, finance.warranty_costs_oleg AS finance_warranty_costs_oleg, finance.warranty_costs_installer AS finance_warranty_costs_installer, finance.profit AS finance_profit, finance.created_at AS finance_created_at, finance.updated_at AS finance_updated_at 
FROM finance 
WHERE finance.order_id IN ($1::INTEGER, $2::INTEGER)
2026-03-01 11:19:54,650 - sqlalchemy.engine.Engine - INFO - [cached since 505.5s ago] (1, 2)
2026-03-01 11:19:54,652 - sqlalchemy.engine.Engine - INFO - SELECT clients.id AS clients_id, clients.full_name AS clients_full_name, clients.phone AS clients_phone, clients.address AS clients_address, clients.coordinates AS clients_coordinates, clients.created_at AS clients_created_at, clients.last_contact AS clients_last_contact, clients.comments AS clients_comments, clients.updated_at AS clients_updated_at, clients.backup_phone AS clients_backup_phone, clients.deleted_at AS clients_deleted_at 
FROM clients 
WHERE clients.id IN ($1::INTEGER, $2::INTEGER)
2026-03-01 11:19:54,652 - sqlalchemy.engine.Engine - INFO - [cached since 505.5s ago] (1, 2)
2026-03-01 11:19:54,653 - sqlalchemy.engine.Engine - INFO - SELECT address_cache.address AS address_cache_address, address_cache.lat AS address_cache_lat, address_cache.lon AS address_cache_lon, address_cache.updated_at AS address_cache_updated_at 
FROM address_cache 
WHERE address_cache.address IN ($1::VARCHAR, $2::VARCHAR)
2026-03-01 11:19:54,654 - sqlalchemy.engine.Engine - INFO - [cached since 505.5s ago] ('Москва, ул. Тверская, д. 12, кв. 45', 'Россия, Московская область, Мытищи, улица Мира, 8')
2026-03-01 11:19:54,655 - sqlalchemy.engine.Engine - INFO - ROLLBACK
2026-03-01 11:22:45,367 - src.core.logging - INFO - Starting CRM application
2026-03-01 11:22:45,367 - apscheduler.scheduler - INFO - Adding job tentatively -- it will be properly scheduled when the scheduler starts
2026-03-01 11:22:45,367 - apscheduler.scheduler - INFO - Adding job tentatively -- it will be properly scheduled when the scheduler starts
2026-03-01 11:22:45,367 - apscheduler.scheduler - INFO - Adding job tentatively -- it will be properly scheduled when the scheduler starts
2026-03-01 11:22:45,368 - apscheduler.scheduler - INFO - Adding job tentatively -- it will be properly scheduled when the scheduler starts
2026-03-01 11:22:45,368 - apscheduler.scheduler - INFO - Added job "send_daily_reminder" to job store "default"
2026-03-01 11:22:45,368 - apscheduler.scheduler - INFO - Added job "daily_weather_collection" to job store "default"
2026-03-01 11:22:45,368 - apscheduler.scheduler - INFO - Added job "run_training" to job store "default"
2026-03-01 11:22:45,368 - apscheduler.scheduler - INFO - Added job "daily_backup_and_report" to job store "default"
2026-03-01 11:22:45,368 - apscheduler.scheduler - INFO - Scheduler started
2026-03-01 11:22:45,368 - src.core.logging - INFO - Scheduler started
2026-03-01 11:22:54,531 - sqlalchemy.engine.Engine - INFO - select pg_catalog.version()
2026-03-01 11:22:54,531 - sqlalchemy.engine.Engine - INFO - [raw sql] ()
2026-03-01 11:22:54,532 - sqlalchemy.engine.Engine - INFO - select current_schema()
2026-03-01 11:22:54,532 - sqlalchemy.engine.Engine - INFO - [raw sql] ()
2026-03-01 11:22:54,532 - sqlalchemy.engine.Engine - INFO - show standard_conforming_strings
2026-03-01 11:22:54,532 - sqlalchemy.engine.Engine - INFO - [raw sql] ()
2026-03-01 11:22:54,533 - sqlalchemy.engine.Engine - INFO - BEGIN (implicit)
2026-03-01 11:22:54,553 - sqlalchemy.engine.Engine - INFO - SELECT admins.id, admins.username, admins.password_hash, admins.created_at 
FROM admins 
WHERE admins.username = $1::VARCHAR
2026-03-01 11:22:54,553 - sqlalchemy.engine.Engine - INFO - [generated in 0.00018s] ('zhura2296@yandex.ru',)
2026-03-01 11:22:54,778 - sqlalchemy.engine.Engine - INFO - ROLLBACK
2026-03-01 11:22:54,878 - sqlalchemy.engine.Engine - INFO - BEGIN (implicit)
2026-03-01 11:22:54,878 - sqlalchemy.engine.Engine - INFO - SELECT admins.id, admins.username, admins.password_hash, admins.created_at 
FROM admins 
WHERE admins.username = $1::VARCHAR
2026-03-01 11:22:54,878 - sqlalchemy.engine.Engine - INFO - [cached since 0.3255s ago] ('zhura2296@yandex.ru',)
2026-03-01 11:22:54,882 - sqlalchemy.engine.Engine - INFO - SELECT installers.id, installers.full_name, installers.nickname, installers.phone, installers.backup_phone, installers.specialization, installers.rating, installers.base_price, installers.is_debtor, installers.comments, installers.is_active, installers.is_in_funnel, installers.total_orders, installers.poor_work_count, installers.warranty_visits_count, installers.last_incident_date, installers.updated_at, installers.created_at, installers.deleted_at 
FROM installers 
WHERE installers.deleted_at IS NULL 
 LIMIT $1::INTEGER OFFSET $2::INTEGER
2026-03-01 11:22:54,882 - sqlalchemy.engine.Engine - INFO - [generated in 0.00018s] (100, 0)
2026-03-01 11:22:54,901 - sqlalchemy.engine.Engine - INFO - ROLLBACK
2026-03-01 11:22:54,921 - sqlalchemy.engine.Engine - INFO - BEGIN (implicit)
2026-03-01 11:22:54,922 - sqlalchemy.engine.Engine - INFO - SELECT admins.id, admins.username, admins.password_hash, admins.created_at 
FROM admins 
WHERE admins.username = $1::VARCHAR
2026-03-01 11:22:54,922 - sqlalchemy.engine.Engine - INFO - [cached since 0.3687s ago] ('zhura2296@yandex.ru',)
2026-03-01 11:22:54,923 - sqlalchemy.engine.Engine - INFO - BEGIN (implicit)
2026-03-01 11:22:54,923 - sqlalchemy.engine.Engine - INFO - SELECT admins.id, admins.username, admins.password_hash, admins.created_at 
FROM admins 
WHERE admins.username = $1::VARCHAR
2026-03-01 11:22:54,923 - sqlalchemy.engine.Engine - INFO - [cached since 0.3702s ago] ('zhura2296@yandex.ru',)
2026-03-01 11:22:54,926 - sqlalchemy.engine.Engine - INFO - SELECT clients.id, clients.full_name, clients.phone, clients.address, clients.coordinates, clients.created_at, clients.last_contact, clients.comments, clients.updated_at, clients.backup_phone, clients.deleted_at 
FROM clients 
 LIMIT $1::INTEGER OFFSET $2::INTEGER
2026-03-01 11:22:54,926 - sqlalchemy.engine.Engine - INFO - [generated in 0.00015s] (100, 0)
2026-03-01 11:22:54,928 - sqlalchemy.engine.Engine - INFO - SELECT installers.id, installers.full_name, installers.nickname, installers.phone, installers.backup_phone, installers.specialization, installers.rating, installers.base_price, installers.is_debtor, installers.comments, installers.is_active, installers.is_in_funnel, installers.total_orders, installers.poor_work_count, installers.warranty_visits_count, installers.last_incident_date, installers.updated_at, installers.created_at, installers.deleted_at 
FROM installers 
WHERE installers.deleted_at IS NULL 
 LIMIT $1::INTEGER OFFSET $2::INTEGER
2026-03-01 11:22:54,928 - sqlalchemy.engine.Engine - INFO - [cached since 0.04622s ago] (100, 0)
2026-03-01 11:22:54,930 - sqlalchemy.engine.Engine - INFO - ROLLBACK
2026-03-01 11:22:54,931 - sqlalchemy.engine.Engine - INFO - BEGIN (implicit)
2026-03-01 11:22:54,931 - sqlalchemy.engine.Engine - INFO - SELECT admins.id, admins.username, admins.password_hash, admins.created_at 
FROM admins 
WHERE admins.username = $1::VARCHAR
2026-03-01 11:22:54,931 - sqlalchemy.engine.Engine - INFO - [cached since 0.3784s ago] ('zhura2296@yandex.ru',)
2026-03-01 11:22:54,932 - sqlalchemy.engine.Engine - INFO - ROLLBACK
2026-03-01 11:22:54,933 - sqlalchemy.engine.Engine - INFO - SELECT clients.id, clients.full_name, clients.phone, clients.address, clients.coordinates, clients.created_at, clients.last_contact, clients.comments, clients.updated_at, clients.backup_phone, clients.deleted_at 
FROM clients 
 LIMIT $1::INTEGER OFFSET $2::INTEGER
2026-03-01 11:22:54,933 - sqlalchemy.engine.Engine - INFO - [cached since 0.006867s ago] (100, 0)
2026-03-01 11:22:54,934 - sqlalchemy.engine.Engine - INFO - ROLLBACK
2026-03-01 11:22:57,474 - sqlalchemy.engine.Engine - INFO - BEGIN (implicit)
2026-03-01 11:22:57,479 - sqlalchemy.engine.Engine - INFO - SELECT orders.id, orders.client_id, orders.status, orders.warehouse, orders.service_datetime, orders.delivery_datetime, orders.promise, orders.marker_color, orders.address_id, orders.address_text, orders.created_at, orders.updated_at 
FROM orders 
 LIMIT $1::INTEGER OFFSET $2::INTEGER
2026-03-01 11:22:57,479 - sqlalchemy.engine.Engine - INFO - [generated in 0.00017s] (100, 0)
2026-03-01 11:22:57,491 - sqlalchemy.engine.Engine - INFO - SELECT finance.order_id AS finance_order_id, finance.id AS finance_id, finance.revenue AS finance_revenue, finance.cost_of_goods AS finance_cost_of_goods, finance.installer_payments AS finance_installer_payments, finance.expenses AS finance_expenses, finance.warranty_costs_oleg AS finance_warranty_costs_oleg, finance.warranty_costs_installer AS finance_warranty_costs_installer, finance.profit AS finance_profit, finance.created_at AS finance_created_at, finance.updated_at AS finance_updated_at 
FROM finance 
WHERE finance.order_id IN ($1::INTEGER, $2::INTEGER)
2026-03-01 11:22:57,491 - sqlalchemy.engine.Engine - INFO - [generated in 0.00019s] (1, 2)
2026-03-01 11:22:57,493 - sqlalchemy.engine.Engine - INFO - SELECT clients.id AS clients_id, clients.full_name AS clients_full_name, clients.phone AS clients_phone, clients.address AS clients_address, clients.coordinates AS clients_coordinates, clients.created_at AS clients_created_at, clients.last_contact AS clients_last_contact, clients.comments AS clients_comments, clients.updated_at AS clients_updated_at, clients.backup_phone AS clients_backup_phone, clients.deleted_at AS clients_deleted_at 
FROM clients 
WHERE clients.id IN ($1::INTEGER, $2::INTEGER)
2026-03-01 11:22:57,493 - sqlalchemy.engine.Engine - INFO - [generated in 0.00016s] (1, 2)
2026-03-01 11:22:57,494 - sqlalchemy.engine.Engine - INFO - SELECT address_cache.address AS address_cache_address, address_cache.lat AS address_cache_lat, address_cache.lon AS address_cache_lon, address_cache.updated_at AS address_cache_updated_at 
FROM address_cache 
WHERE address_cache.address IN ($1::VARCHAR, $2::VARCHAR)
2026-03-01 11:22:57,495 - sqlalchemy.engine.Engine - INFO - [generated in 0.00015s] ('Москва, ул. Тверская, д. 12, кв. 45', 'Россия, Московская область, Мытищи, улица Мира, 8')
2026-03-01 11:22:57,496 - sqlalchemy.engine.Engine - INFO - ROLLBACK
2026-03-01 11:22:57,497 - sqlalchemy.engine.Engine - INFO - BEGIN (implicit)
2026-03-01 11:22:57,497 - sqlalchemy.engine.Engine - INFO - SELECT orders.id, orders.client_id, orders.status, orders.warehouse, orders.service_datetime, orders.delivery_datetime, orders.promise, orders.marker_color, orders.address_id, orders.address_text, orders.created_at, orders.updated_at 
FROM orders 
 LIMIT $1::INTEGER OFFSET $2::INTEGER
2026-03-01 11:22:57,497 - sqlalchemy.engine.Engine - INFO - [cached since 0.01842s ago] (100, 0)
2026-03-01 11:22:57,507 - sqlalchemy.engine.Engine - INFO - SELECT finance.order_id AS finance_order_id, finance.id AS finance_id, finance.revenue AS finance_revenue, finance.cost_of_goods AS finance_cost_of_goods, finance.installer_payments AS finance_installer_payments, finance.expenses AS finance_expenses, finance.warranty_costs_oleg AS finance_warranty_costs_oleg, finance.warranty_costs_installer AS finance_warranty_costs_installer, finance.profit AS finance_profit, finance.created_at AS finance_created_at, finance.updated_at AS finance_updated_at 
FROM finance 
WHERE finance.order_id IN ($1::INTEGER, $2::INTEGER)
2026-03-01 11:22:57,507 - sqlalchemy.engine.Engine - INFO - [cached since 0.01594s ago] (1, 2)
2026-03-01 11:22:57,508 - sqlalchemy.engine.Engine - INFO - SELECT clients.id AS clients_id, clients.full_name AS clients_full_name, clients.phone AS clients_phone, clients.address AS clients_address, clients.coordinates AS clients_coordinates, clients.created_at AS clients_created_at, clients.last_contact AS clients_last_contact, clients.comments AS clients_comments, clients.updated_at AS clients_updated_at, clients.backup_phone AS clients_backup_phone, clients.deleted_at AS clients_deleted_at 
FROM clients 
WHERE clients.id IN ($1::INTEGER, $2::INTEGER)
2026-03-01 11:22:57,508 - sqlalchemy.engine.Engine - INFO - [cached since 0.01532s ago] (1, 2)
2026-03-01 11:22:57,510 - sqlalchemy.engine.Engine - INFO - SELECT address_cache.address AS address_cache_address, address_cache.lat AS address_cache_lat, address_cache.lon AS address_cache_lon, address_cache.updated_at AS address_cache_updated_at 
FROM address_cache 
WHERE address_cache.address IN ($1::VARCHAR, $2::VARCHAR)
2026-03-01 11:22:57,510 - sqlalchemy.engine.Engine - INFO - [cached since 0.0153s ago] ('Москва, ул. Тверская, д. 12, кв. 45', 'Россия, Московская область, Мытищи, улица Мира, 8')
2026-03-01 11:22:57,511 - sqlalchemy.engine.Engine - INFO - ROLLBACK
2026-03-01 11:23:04,081 - sqlalchemy.engine.Engine - INFO - BEGIN (implicit)
2026-03-01 11:23:04,082 - sqlalchemy.engine.Engine - INFO - SELECT orders.id, orders.client_id, orders.status, orders.warehouse, orders.service_datetime, orders.delivery_datetime, orders.promise, orders.marker_color, orders.address_id, orders.address_text, orders.created_at, orders.updated_at 
FROM orders 
 LIMIT $1::INTEGER OFFSET $2::INTEGER
2026-03-01 11:23:04,082 - sqlalchemy.engine.Engine - INFO - [cached since 6.603s ago] (100, 0)
2026-03-01 11:23:04,093 - sqlalchemy.engine.Engine - INFO - SELECT finance.order_id AS finance_order_id, finance.id AS finance_id, finance.revenue AS finance_revenue, finance.cost_of_goods AS finance_cost_of_goods, finance.installer_payments AS finance_installer_payments, finance.expenses AS finance_expenses, finance.warranty_costs_oleg AS finance_warranty_costs_oleg, finance.warranty_costs_installer AS finance_warranty_costs_installer, finance.profit AS finance_profit, finance.created_at AS finance_created_at, finance.updated_at AS finance_updated_at 
FROM finance 
WHERE finance.order_id IN ($1::INTEGER, $2::INTEGER)
2026-03-01 11:23:04,094 - sqlalchemy.engine.Engine - INFO - [cached since 6.603s ago] (1, 2)
2026-03-01 11:23:04,096 - sqlalchemy.engine.Engine - INFO - SELECT clients.id AS clients_id, clients.full_name AS clients_full_name, clients.phone AS clients_phone, clients.address AS clients_address, clients.coordinates AS clients_coordinates, clients.created_at AS clients_created_at, clients.last_contact AS clients_last_contact, clients.comments AS clients_comments, clients.updated_at AS clients_updated_at, clients.backup_phone AS clients_backup_phone, clients.deleted_at AS clients_deleted_at 
FROM clients 
WHERE clients.id IN ($1::INTEGER, $2::INTEGER)
2026-03-01 11:23:04,096 - sqlalchemy.engine.Engine - INFO - [cached since 6.603s ago] (1, 2)
2026-03-01 11:23:04,097 - sqlalchemy.engine.Engine - INFO - SELECT address_cache.address AS address_cache_address, address_cache.lat AS address_cache_lat, address_cache.lon AS address_cache_lon, address_cache.updated_at AS address_cache_updated_at 
FROM address_cache 
WHERE address_cache.address IN ($1::VARCHAR, $2::VARCHAR)
2026-03-01 11:23:04,097 - sqlalchemy.engine.Engine - INFO - [cached since 6.603s ago] ('Москва, ул. Тверская, д. 12, кв. 45', 'Россия, Московская область, Мытищи, улица Мира, 8')
2026-03-01 11:23:04,099 - sqlalchemy.engine.Engine - INFO - ROLLBACK
2026-03-01 11:24:24,590 - sqlalchemy.engine.Engine - INFO - BEGIN (implicit)
2026-03-01 11:24:24,590 - sqlalchemy.engine.Engine - INFO - SELECT orders.id, orders.client_id, orders.status, orders.warehouse, orders.service_datetime, orders.delivery_datetime, orders.promise, orders.marker_color, orders.address_id, orders.address_text, orders.created_at, orders.updated_at 
FROM orders 
 LIMIT $1::INTEGER OFFSET $2::INTEGER
2026-03-01 11:24:24,590 - sqlalchemy.engine.Engine - INFO - [cached since 87.11s ago] (100, 0)
2026-03-01 11:24:24,592 - sqlalchemy.engine.Engine - INFO - SELECT finance.order_id AS finance_order_id, finance.id AS finance_id, finance.revenue AS finance_revenue, finance.cost_of_goods AS finance_cost_of_goods, finance.installer_payments AS finance_installer_payments, finance.expenses AS finance_expenses, finance.warranty_costs_oleg AS finance_warranty_costs_oleg, finance.warranty_costs_installer AS finance_warranty_costs_installer, finance.profit AS finance_profit, finance.created_at AS finance_created_at, finance.updated_at AS finance_updated_at 
FROM finance 
WHERE finance.order_id IN ($1::INTEGER, $2::INTEGER)
2026-03-01 11:24:24,592 - sqlalchemy.engine.Engine - INFO - [cached since 87.1s ago] (1, 2)
2026-03-01 11:24:24,593 - sqlalchemy.engine.Engine - INFO - SELECT clients.id AS clients_id, clients.full_name AS clients_full_name, clients.phone AS clients_phone, clients.address AS clients_address, clients.coordinates AS clients_coordinates, clients.created_at AS clients_created_at, clients.last_contact AS clients_last_contact, clients.comments AS clients_comments, clients.updated_at AS clients_updated_at, clients.backup_phone AS clients_backup_phone, clients.deleted_at AS clients_deleted_at 
FROM clients 
WHERE clients.id IN ($1::INTEGER, $2::INTEGER)
2026-03-01 11:24:24,593 - sqlalchemy.engine.Engine - INFO - [cached since 87.1s ago] (1, 2)
2026-03-01 11:24:24,594 - sqlalchemy.engine.Engine - INFO - SELECT address_cache.address AS address_cache_address, address_cache.lat AS address_cache_lat, address_cache.lon AS address_cache_lon, address_cache.updated_at AS address_cache_updated_at 
FROM address_cache 
WHERE address_cache.address IN ($1::VARCHAR, $2::VARCHAR)
2026-03-01 11:24:24,594 - sqlalchemy.engine.Engine - INFO - [cached since 87.1s ago] ('Москва, ул. Тверская, д. 12, кв. 45', 'Россия, Московская область, Мытищи, улица Мира, 8')
2026-03-01 11:24:24,595 - sqlalchemy.engine.Engine - INFO - ROLLBACK
2026-03-01 11:24:30,603 - sqlalchemy.engine.Engine - INFO - BEGIN (implicit)
2026-03-01 11:24:30,603 - sqlalchemy.engine.Engine - INFO - SELECT orders.id, orders.client_id, orders.status, orders.warehouse, orders.service_datetime, orders.delivery_datetime, orders.promise, orders.marker_color, orders.address_id, orders.address_text, orders.created_at, orders.updated_at 
FROM orders 
 LIMIT $1::INTEGER OFFSET $2::INTEGER
2026-03-01 11:24:30,603 - sqlalchemy.engine.Engine - INFO - [cached since 93.12s ago] (100, 0)
2026-03-01 11:24:30,605 - sqlalchemy.engine.Engine - INFO - SELECT finance.order_id AS finance_order_id, finance.id AS finance_id, finance.revenue AS finance_revenue, finance.cost_of_goods AS finance_cost_of_goods, finance.installer_payments AS finance_installer_payments, finance.expenses AS finance_expenses, finance.warranty_costs_oleg AS finance_warranty_costs_oleg, finance.warranty_costs_installer AS finance_warranty_costs_installer, finance.profit AS finance_profit, finance.created_at AS finance_created_at, finance.updated_at AS finance_updated_at 
FROM finance 
WHERE finance.order_id IN ($1::INTEGER, $2::INTEGER)
2026-03-01 11:24:30,605 - sqlalchemy.engine.Engine - INFO - [cached since 93.11s ago] (1, 2)
2026-03-01 11:24:30,606 - sqlalchemy.engine.Engine - INFO - SELECT clients.id AS clients_id, clients.full_name AS clients_full_name, clients.phone AS clients_phone, clients.address AS clients_address, clients.coordinates AS clients_coordinates, clients.created_at AS clients_created_at, clients.last_contact AS clients_last_contact, clients.comments AS clients_comments, clients.updated_at AS clients_updated_at, clients.backup_phone AS clients_backup_phone, clients.deleted_at AS clients_deleted_at 
FROM clients 
WHERE clients.id IN ($1::INTEGER, $2::INTEGER)
2026-03-01 11:24:30,606 - sqlalchemy.engine.Engine - INFO - [cached since 93.11s ago] (1, 2)
2026-03-01 11:24:30,607 - sqlalchemy.engine.Engine - INFO - SELECT address_cache.address AS address_cache_address, address_cache.lat AS address_cache_lat, address_cache.lon AS address_cache_lon, address_cache.updated_at AS address_cache_updated_at 
FROM address_cache 
WHERE address_cache.address IN ($1::VARCHAR, $2::VARCHAR)
2026-03-01 11:24:30,608 - sqlalchemy.engine.Engine - INFO - [cached since 93.11s ago] ('Москва, ул. Тверская, д. 12, кв. 45', 'Россия, Московская область, Мытищи, улица Мира, 8')
2026-03-01 11:24:30,609 - sqlalchemy.engine.Engine - INFO - ROLLBACK
2026-03-01 11:24:30,611 - sqlalchemy.engine.Engine - INFO - BEGIN (implicit)
2026-03-01 11:24:30,612 - sqlalchemy.engine.Engine - INFO - SELECT orders.id, orders.client_id, orders.status, orders.warehouse, orders.service_datetime, orders.delivery_datetime, orders.promise, orders.marker_color, orders.address_id, orders.address_text, orders.created_at, orders.updated_at 
FROM orders 
 LIMIT $1::INTEGER OFFSET $2::INTEGER
2026-03-01 11:24:30,612 - sqlalchemy.engine.Engine - INFO - [cached since 93.13s ago] (100, 0)
2026-03-01 11:24:30,614 - sqlalchemy.engine.Engine - INFO - SELECT finance.order_id AS finance_order_id, finance.id AS finance_id, finance.revenue AS finance_revenue, finance.cost_of_goods AS finance_cost_of_goods, finance.installer_payments AS finance_installer_payments, finance.expenses AS finance_expenses, finance.warranty_costs_oleg AS finance_warranty_costs_oleg, finance.warranty_costs_installer AS finance_warranty_costs_installer, finance.profit AS finance_profit, finance.created_at AS finance_created_at, finance.updated_at AS finance_updated_at 
FROM finance 
WHERE finance.order_id IN ($1::INTEGER, $2::INTEGER)
2026-03-01 11:24:30,614 - sqlalchemy.engine.Engine - INFO - [cached since 93.12s ago] (1, 2)
2026-03-01 11:24:30,615 - sqlalchemy.engine.Engine - INFO - SELECT clients.id AS clients_id, clients.full_name AS clients_full_name, clients.phone AS clients_phone, clients.address AS clients_address, clients.coordinates AS clients_coordinates, clients.created_at AS clients_created_at, clients.last_contact AS clients_last_contact, clients.comments AS clients_comments, clients.updated_at AS clients_updated_at, clients.backup_phone AS clients_backup_phone, clients.deleted_at AS clients_deleted_at 
FROM clients 
WHERE clients.id IN ($1::INTEGER, $2::INTEGER)
2026-03-01 11:24:30,615 - sqlalchemy.engine.Engine - INFO - [cached since 93.12s ago] (1, 2)
2026-03-01 11:24:30,617 - sqlalchemy.engine.Engine - INFO - SELECT address_cache.address AS address_cache_address, address_cache.lat AS address_cache_lat, address_cache.lon AS address_cache_lon, address_cache.updated_at AS address_cache_updated_at 
FROM address_cache 
WHERE address_cache.address IN ($1::VARCHAR, $2::VARCHAR)
2026-03-01 11:24:30,617 - sqlalchemy.engine.Engine - INFO - [cached since 93.12s ago] ('Москва, ул. Тверская, д. 12, кв. 45', 'Россия, Московская область, Мытищи, улица Мира, 8')
2026-03-01 11:24:30,618 - sqlalchemy.engine.Engine - INFO - ROLLBACK
2026-03-01 11:24:44,413 - sqlalchemy.engine.Engine - INFO - BEGIN (implicit)
2026-03-01 11:24:44,414 - sqlalchemy.engine.Engine - INFO - SELECT admins.id, admins.username, admins.password_hash, admins.created_at 
FROM admins 
WHERE admins.username = $1::VARCHAR
2026-03-01 11:24:44,414 - sqlalchemy.engine.Engine - INFO - [cached since 109.9s ago] ('zhura2296@yandex.ru',)
2026-03-01 11:24:44,616 - sqlalchemy.engine.Engine - INFO - ROLLBACK
2026-03-01 11:24:44,720 - sqlalchemy.engine.Engine - INFO - BEGIN (implicit)
2026-03-01 11:24:44,720 - sqlalchemy.engine.Engine - INFO - SELECT admins.id, admins.username, admins.password_hash, admins.created_at 
FROM admins 
WHERE admins.username = $1::VARCHAR
2026-03-01 11:24:44,720 - sqlalchemy.engine.Engine - INFO - [cached since 110.2s ago] ('zhura2296@yandex.ru',)
2026-03-01 11:24:44,720 - sqlalchemy.engine.Engine - INFO - BEGIN (implicit)
2026-03-01 11:24:44,721 - sqlalchemy.engine.Engine - INFO - SELECT admins.id, admins.username, admins.password_hash, admins.created_at 
FROM admins 
WHERE admins.username = $1::VARCHAR
2026-03-01 11:24:44,721 - sqlalchemy.engine.Engine - INFO - [cached since 110.2s ago] ('zhura2296@yandex.ru',)
2026-03-01 11:24:44,721 - sqlalchemy.engine.Engine - INFO - SELECT clients.id, clients.full_name, clients.phone, clients.address, clients.coordinates, clients.created_at, clients.last_contact, clients.comments, clients.updated_at, clients.backup_phone, clients.deleted_at 
FROM clients 
 LIMIT $1::INTEGER OFFSET $2::INTEGER
2026-03-01 11:24:44,721 - sqlalchemy.engine.Engine - INFO - [cached since 109.8s ago] (100, 0)
2026-03-01 11:24:44,722 - sqlalchemy.engine.Engine - INFO - SELECT installers.id, installers.full_name, installers.nickname, installers.phone, installers.backup_phone, installers.specialization, installers.rating, installers.base_price, installers.is_debtor, installers.comments, installers.is_active, installers.is_in_funnel, installers.total_orders, installers.poor_work_count, installers.warranty_visits_count, installers.last_incident_date, installers.updated_at, installers.created_at, installers.deleted_at 
FROM installers 
WHERE installers.deleted_at IS NULL 
 LIMIT $1::INTEGER OFFSET $2::INTEGER
2026-03-01 11:24:44,722 - sqlalchemy.engine.Engine - INFO - [cached since 109.8s ago] (100, 0)
2026-03-01 11:24:44,723 - sqlalchemy.engine.Engine - INFO - ROLLBACK
2026-03-01 11:24:44,723 - sqlalchemy.engine.Engine - INFO - ROLLBACK
2026-03-01 11:24:44,725 - sqlalchemy.engine.Engine - INFO - BEGIN (implicit)
2026-03-01 11:24:44,725 - sqlalchemy.engine.Engine - INFO - SELECT admins.id, admins.username, admins.password_hash, admins.created_at 
FROM admins 
WHERE admins.username = $1::VARCHAR
2026-03-01 11:24:44,725 - sqlalchemy.engine.Engine - INFO - [cached since 110.2s ago] ('zhura2296@yandex.ru',)
2026-03-01 11:24:44,726 - sqlalchemy.engine.Engine - INFO - BEGIN (implicit)
2026-03-01 11:24:44,726 - sqlalchemy.engine.Engine - INFO - SELECT admins.id, admins.username, admins.password_hash, admins.created_at 
FROM admins 
WHERE admins.username = $1::VARCHAR
2026-03-01 11:24:44,726 - sqlalchemy.engine.Engine - INFO - [cached since 110.2s ago] ('zhura2296@yandex.ru',)
2026-03-01 11:24:44,728 - sqlalchemy.engine.Engine - INFO - SELECT clients.id, clients.full_name, clients.phone, clients.address, clients.coordinates, clients.created_at, clients.last_contact, clients.comments, clients.updated_at, clients.backup_phone, clients.deleted_at 
FROM clients 
 LIMIT $1::INTEGER OFFSET $2::INTEGER
2026-03-01 11:24:44,728 - sqlalchemy.engine.Engine - INFO - [cached since 109.8s ago] (100, 0)
2026-03-01 11:24:44,728 - sqlalchemy.engine.Engine - INFO - SELECT installers.id, installers.full_name, installers.nickname, installers.phone, installers.backup_phone, installers.specialization, installers.rating, installers.base_price, installers.is_debtor, installers.comments, installers.is_active, installers.is_in_funnel, installers.total_orders, installers.poor_work_count, installers.warranty_visits_count, installers.last_incident_date, installers.updated_at, installers.created_at, installers.deleted_at 
FROM installers 
WHERE installers.deleted_at IS NULL 
 LIMIT $1::INTEGER OFFSET $2::INTEGER
2026-03-01 11:24:44,728 - sqlalchemy.engine.Engine - INFO - [cached since 109.8s ago] (100, 0)
2026-03-01 11:24:44,729 - sqlalchemy.engine.Engine - INFO - ROLLBACK
2026-03-01 11:24:44,731 - sqlalchemy.engine.Engine - INFO - ROLLBACK
2026-03-01 11:24:46,109 - sqlalchemy.engine.Engine - INFO - BEGIN (implicit)
2026-03-01 11:24:46,110 - sqlalchemy.engine.Engine - INFO - SELECT orders.id, orders.client_id, orders.status, orders.warehouse, orders.service_datetime, orders.delivery_datetime, orders.promise, orders.marker_color, orders.address_id, orders.address_text, orders.created_at, orders.updated_at 
FROM orders 
 LIMIT $1::INTEGER OFFSET $2::INTEGER
2026-03-01 11:24:46,110 - sqlalchemy.engine.Engine - INFO - [cached since 108.6s ago] (100, 0)
2026-03-01 11:24:46,111 - sqlalchemy.engine.Engine - INFO - SELECT finance.order_id AS finance_order_id, finance.id AS finance_id, finance.revenue AS finance_revenue, finance.cost_of_goods AS finance_cost_of_goods, finance.installer_payments AS finance_installer_payments, finance.expenses AS finance_expenses, finance.warranty_costs_oleg AS finance_warranty_costs_oleg, finance.warranty_costs_installer AS finance_warranty_costs_installer, finance.profit AS finance_profit, finance.created_at AS finance_created_at, finance.updated_at AS finance_updated_at 
FROM finance 
WHERE finance.order_id IN ($1::INTEGER, $2::INTEGER)
2026-03-01 11:24:46,111 - sqlalchemy.engine.Engine - INFO - [cached since 108.6s ago] (1, 2)
2026-03-01 11:24:46,112 - sqlalchemy.engine.Engine - INFO - SELECT clients.id AS clients_id, clients.full_name AS clients_full_name, clients.phone AS clients_phone, clients.address AS clients_address, clients.coordinates AS clients_coordinates, clients.created_at AS clients_created_at, clients.last_contact AS clients_last_contact, clients.comments AS clients_comments, clients.updated_at AS clients_updated_at, clients.backup_phone AS clients_backup_phone, clients.deleted_at AS clients_deleted_at 
FROM clients 
WHERE clients.id IN ($1::INTEGER, $2::INTEGER)
2026-03-01 11:24:46,112 - sqlalchemy.engine.Engine - INFO - [cached since 108.6s ago] (1, 2)
2026-03-01 11:24:46,112 - sqlalchemy.engine.Engine - INFO - SELECT address_cache.address AS address_cache_address, address_cache.lat AS address_cache_lat, address_cache.lon AS address_cache_lon, address_cache.updated_at AS address_cache_updated_at 
FROM address_cache 
WHERE address_cache.address IN ($1::VARCHAR, $2::VARCHAR)
2026-03-01 11:24:46,112 - sqlalchemy.engine.Engine - INFO - [cached since 108.6s ago] ('Москва, ул. Тверская, д. 12, кв. 45', 'Россия, Московская область, Мытищи, улица Мира, 8')
2026-03-01 11:24:46,114 - sqlalchemy.engine.Engine - INFO - ROLLBACK
2026-03-01 11:24:46,114 - sqlalchemy.engine.Engine - INFO - BEGIN (implicit)
2026-03-01 11:24:46,114 - sqlalchemy.engine.Engine - INFO - SELECT orders.id, orders.client_id, orders.status, orders.warehouse, orders.service_datetime, orders.delivery_datetime, orders.promise, orders.marker_color, orders.address_id, orders.address_text, orders.created_at, orders.updated_at 
FROM orders 
 LIMIT $1::INTEGER OFFSET $2::INTEGER
2026-03-01 11:24:46,115 - sqlalchemy.engine.Engine - INFO - [cached since 108.6s ago] (100, 0)
2026-03-01 11:24:46,117 - sqlalchemy.engine.Engine - INFO - SELECT finance.order_id AS finance_order_id, finance.id AS finance_id, finance.revenue AS finance_revenue, finance.cost_of_goods AS finance_cost_of_goods, finance.installer_payments AS finance_installer_payments, finance.expenses AS finance_expenses, finance.warranty_costs_oleg AS finance_warranty_costs_oleg, finance.warranty_costs_installer AS finance_warranty_costs_installer, finance.profit AS finance_profit, finance.created_at AS finance_created_at, finance.updated_at AS finance_updated_at 
FROM finance 
WHERE finance.order_id IN ($1::INTEGER, $2::INTEGER)
2026-03-01 11:24:46,117 - sqlalchemy.engine.Engine - INFO - [cached since 108.6s ago] (1, 2)
2026-03-01 11:24:46,118 - sqlalchemy.engine.Engine - INFO - SELECT clients.id AS clients_id, clients.full_name AS clients_full_name, clients.phone AS clients_phone, clients.address AS clients_address, clients.coordinates AS clients_coordinates, clients.created_at AS clients_created_at, clients.last_contact AS clients_last_contact, clients.comments AS clients_comments, clients.updated_at AS clients_updated_at, clients.backup_phone AS clients_backup_phone, clients.deleted_at AS clients_deleted_at 
FROM clients 
WHERE clients.id IN ($1::INTEGER, $2::INTEGER)
2026-03-01 11:24:46,118 - sqlalchemy.engine.Engine - INFO - [cached since 108.6s ago] (1, 2)
2026-03-01 11:24:46,119 - sqlalchemy.engine.Engine - INFO - SELECT address_cache.address AS address_cache_address, address_cache.lat AS address_cache_lat, address_cache.lon AS address_cache_lon, address_cache.updated_at AS address_cache_updated_at 
FROM address_cache 
WHERE address_cache.address IN ($1::VARCHAR, $2::VARCHAR)
2026-03-01 11:24:46,119 - sqlalchemy.engine.Engine - INFO - [cached since 108.6s ago] ('Москва, ул. Тверская, д. 12, кв. 45', 'Россия, Московская область, Мытищи, улица Мира, 8')
2026-03-01 11:24:46,121 - sqlalchemy.engine.Engine - INFO - ROLLBACK
2026-03-01 11:27:11,112 - sqlalchemy.engine.Engine - INFO - BEGIN (implicit)
2026-03-01 11:27:11,113 - sqlalchemy.engine.Engine - INFO - SELECT orders.id, orders.client_id, orders.status, orders.warehouse, orders.service_datetime, orders.delivery_datetime, orders.promise, orders.marker_color, orders.address_id, orders.address_text, orders.created_at, orders.updated_at 
FROM orders 
 LIMIT $1::INTEGER OFFSET $2::INTEGER
2026-03-01 11:27:11,113 - sqlalchemy.engine.Engine - INFO - [cached since 253.6s ago] (100, 0)
2026-03-01 11:27:11,114 - sqlalchemy.engine.Engine - INFO - SELECT finance.order_id AS finance_order_id, finance.id AS finance_id, finance.revenue AS finance_revenue, finance.cost_of_goods AS finance_cost_of_goods, finance.installer_payments AS finance_installer_payments, finance.expenses AS finance_expenses, finance.warranty_costs_oleg AS finance_warranty_costs_oleg, finance.warranty_costs_installer AS finance_warranty_costs_installer, finance.profit AS finance_profit, finance.created_at AS finance_created_at, finance.updated_at AS finance_updated_at 
FROM finance 
WHERE finance.order_id IN ($1::INTEGER, $2::INTEGER)
2026-03-01 11:27:11,114 - sqlalchemy.engine.Engine - INFO - [cached since 253.6s ago] (1, 2)
2026-03-01 11:27:11,115 - sqlalchemy.engine.Engine - INFO - SELECT clients.id AS clients_id, clients.full_name AS clients_full_name, clients.phone AS clients_phone, clients.address AS clients_address, clients.coordinates AS clients_coordinates, clients.created_at AS clients_created_at, clients.last_contact AS clients_last_contact, clients.comments AS clients_comments, clients.updated_at AS clients_updated_at, clients.backup_phone AS clients_backup_phone, clients.deleted_at AS clients_deleted_at 
FROM clients 
WHERE clients.id IN ($1::INTEGER, $2::INTEGER)
2026-03-01 11:27:11,115 - sqlalchemy.engine.Engine - INFO - [cached since 253.6s ago] (1, 2)
2026-03-01 11:27:11,116 - sqlalchemy.engine.Engine - INFO - SELECT address_cache.address AS address_cache_address, address_cache.lat AS address_cache_lat, address_cache.lon AS address_cache_lon, address_cache.updated_at AS address_cache_updated_at 
FROM address_cache 
WHERE address_cache.address IN ($1::VARCHAR, $2::VARCHAR)
2026-03-01 11:27:11,117 - sqlalchemy.engine.Engine - INFO - [cached since 253.6s ago] ('Москва, ул. Тверская, д. 12, кв. 45', 'Россия, Московская область, Мытищи, улица Мира, 8')
2026-03-01 11:27:11,118 - sqlalchemy.engine.Engine - INFO - ROLLBACK
2026-03-01 11:27:20,448 - sqlalchemy.engine.Engine - INFO - BEGIN (implicit)
2026-03-01 11:27:20,449 - sqlalchemy.engine.Engine - INFO - SELECT orders.id, orders.client_id, orders.status, orders.warehouse, orders.service_datetime, orders.delivery_datetime, orders.promise, orders.marker_color, orders.address_id, orders.address_text, orders.created_at, orders.updated_at 
FROM orders 
 LIMIT $1::INTEGER OFFSET $2::INTEGER
2026-03-01 11:27:20,449 - sqlalchemy.engine.Engine - INFO - [cached since 263s ago] (100, 0)
2026-03-01 11:27:20,450 - sqlalchemy.engine.Engine - INFO - SELECT finance.order_id AS finance_order_id, finance.id AS finance_id, finance.revenue AS finance_revenue, finance.cost_of_goods AS finance_cost_of_goods, finance.installer_payments AS finance_installer_payments, finance.expenses AS finance_expenses, finance.warranty_costs_oleg AS finance_warranty_costs_oleg, finance.warranty_costs_installer AS finance_warranty_costs_installer, finance.profit AS finance_profit, finance.created_at AS finance_created_at, finance.updated_at AS finance_updated_at 
FROM finance 
WHERE finance.order_id IN ($1::INTEGER, $2::INTEGER)
2026-03-01 11:27:20,450 - sqlalchemy.engine.Engine - INFO - [cached since 263s ago] (1, 2)
2026-03-01 11:27:20,451 - sqlalchemy.engine.Engine - INFO - SELECT clients.id AS clients_id, clients.full_name AS clients_full_name, clients.phone AS clients_phone, clients.address AS clients_address, clients.coordinates AS clients_coordinates, clients.created_at AS clients_created_at, clients.last_contact AS clients_last_contact, clients.comments AS clients_comments, clients.updated_at AS clients_updated_at, clients.backup_phone AS clients_backup_phone, clients.deleted_at AS clients_deleted_at 
FROM clients 
WHERE clients.id IN ($1::INTEGER, $2::INTEGER)
2026-03-01 11:27:20,451 - sqlalchemy.engine.Engine - INFO - [cached since 263s ago] (1, 2)
2026-03-01 11:27:20,452 - sqlalchemy.engine.Engine - INFO - SELECT address_cache.address AS address_cache_address, address_cache.lat AS address_cache_lat, address_cache.lon AS address_cache_lon, address_cache.updated_at AS address_cache_updated_at 
FROM address_cache 
WHERE address_cache.address IN ($1::VARCHAR, $2::VARCHAR)
2026-03-01 11:27:20,452 - sqlalchemy.engine.Engine - INFO - [cached since 263s ago] ('Москва, ул. Тверская, д. 12, кв. 45', 'Россия, Московская область, Мытищи, улица Мира, 8')
2026-03-01 11:27:20,454 - sqlalchemy.engine.Engine - INFO - ROLLBACK
2026-03-01 11:27:20,455 - sqlalchemy.engine.Engine - INFO - BEGIN (implicit)
2026-03-01 11:27:20,455 - sqlalchemy.engine.Engine - INFO - SELECT orders.id, orders.client_id, orders.status, orders.warehouse, orders.service_datetime, orders.delivery_datetime, orders.promise, orders.marker_color, orders.address_id, orders.address_text, orders.created_at, orders.updated_at 
FROM orders 
 LIMIT $1::INTEGER OFFSET $2::INTEGER
2026-03-01 11:27:20,455 - sqlalchemy.engine.Engine - INFO - [cached since 263s ago] (100, 0)
2026-03-01 11:27:20,457 - sqlalchemy.engine.Engine - INFO - SELECT finance.order_id AS finance_order_id, finance.id AS finance_id, finance.revenue AS finance_revenue, finance.cost_of_goods AS finance_cost_of_goods, finance.installer_payments AS finance_installer_payments, finance.expenses AS finance_expenses, finance.warranty_costs_oleg AS finance_warranty_costs_oleg, finance.warranty_costs_installer AS finance_warranty_costs_installer, finance.profit AS finance_profit, finance.created_at AS finance_created_at, finance.updated_at AS finance_updated_at 
FROM finance 
WHERE finance.order_id IN ($1::INTEGER, $2::INTEGER)
2026-03-01 11:27:20,457 - sqlalchemy.engine.Engine - INFO - [cached since 263s ago] (1, 2)
2026-03-01 11:27:20,458 - sqlalchemy.engine.Engine - INFO - SELECT clients.id AS clients_id, clients.full_name AS clients_full_name, clients.phone AS clients_phone, clients.address AS clients_address, clients.coordinates AS clients_coordinates, clients.created_at AS clients_created_at, clients.last_contact AS clients_last_contact, clients.comments AS clients_comments, clients.updated_at AS clients_updated_at, clients.backup_phone AS clients_backup_phone, clients.deleted_at AS clients_deleted_at 
FROM clients 
WHERE clients.id IN ($1::INTEGER, $2::INTEGER)
2026-03-01 11:27:20,458 - sqlalchemy.engine.Engine - INFO - [cached since 263s ago] (1, 2)
2026-03-01 11:27:20,460 - sqlalchemy.engine.Engine - INFO - SELECT address_cache.address AS address_cache_address, address_cache.lat AS address_cache_lat, address_cache.lon AS address_cache_lon, address_cache.updated_at AS address_cache_updated_at 
FROM address_cache 
WHERE address_cache.address IN ($1::VARCHAR, $2::VARCHAR)
2026-03-01 11:27:20,460 - sqlalchemy.engine.Engine - INFO - [cached since 263s ago] ('Москва, ул. Тверская, д. 12, кв. 45', 'Россия, Московская область, Мытищи, улица Мира, 8')
2026-03-01 11:27:20,463 - sqlalchemy.engine.Engine - INFO - ROLLBACK
2026-03-01 11:27:32,701 - sqlalchemy.engine.Engine - INFO - BEGIN (implicit)
2026-03-01 11:27:32,702 - sqlalchemy.engine.Engine - INFO - SELECT admins.id, admins.username, admins.password_hash, admins.created_at 
FROM admins 
WHERE admins.username = $1::VARCHAR
2026-03-01 11:27:32,702 - sqlalchemy.engine.Engine - INFO - [cached since 278.1s ago] ('zhura2296@yandex.ru',)
2026-03-01 11:27:32,919 - sqlalchemy.engine.Engine - INFO - ROLLBACK
2026-03-01 11:27:33,023 - sqlalchemy.engine.Engine - INFO - BEGIN (implicit)
2026-03-01 11:27:33,023 - sqlalchemy.engine.Engine - INFO - SELECT admins.id, admins.username, admins.password_hash, admins.created_at 
FROM admins 
WHERE admins.username = $1::VARCHAR
2026-03-01 11:27:33,023 - sqlalchemy.engine.Engine - INFO - [cached since 278.5s ago] ('zhura2296@yandex.ru',)
2026-03-01 11:27:33,024 - sqlalchemy.engine.Engine - INFO - BEGIN (implicit)
2026-03-01 11:27:33,024 - sqlalchemy.engine.Engine - INFO - SELECT admins.id, admins.username, admins.password_hash, admins.created_at 
FROM admins 
WHERE admins.username = $1::VARCHAR
2026-03-01 11:27:33,024 - sqlalchemy.engine.Engine - INFO - [cached since 278.5s ago] ('zhura2296@yandex.ru',)
2026-03-01 11:27:33,025 - sqlalchemy.engine.Engine - INFO - SELECT clients.id, clients.full_name, clients.phone, clients.address, clients.coordinates, clients.created_at, clients.last_contact, clients.comments, clients.updated_at, clients.backup_phone, clients.deleted_at 
FROM clients 
 LIMIT $1::INTEGER OFFSET $2::INTEGER
2026-03-01 11:27:33,025 - sqlalchemy.engine.Engine - INFO - [cached since 278.1s ago] (100, 0)
2026-03-01 11:27:33,025 - sqlalchemy.engine.Engine - INFO - SELECT installers.id, installers.full_name, installers.nickname, installers.phone, installers.backup_phone, installers.specialization, installers.rating, installers.base_price, installers.is_debtor, installers.comments, installers.is_active, installers.is_in_funnel, installers.total_orders, installers.poor_work_count, installers.warranty_visits_count, installers.last_incident_date, installers.updated_at, installers.created_at, installers.deleted_at 
FROM installers 
WHERE installers.deleted_at IS NULL 
 LIMIT $1::INTEGER OFFSET $2::INTEGER
2026-03-01 11:27:33,025 - sqlalchemy.engine.Engine - INFO - [cached since 278.1s ago] (100, 0)
2026-03-01 11:27:33,026 - sqlalchemy.engine.Engine - INFO - ROLLBACK
2026-03-01 11:27:33,027 - sqlalchemy.engine.Engine - INFO - ROLLBACK
2026-03-01 11:27:33,028 - sqlalchemy.engine.Engine - INFO - BEGIN (implicit)
2026-03-01 11:27:33,028 - sqlalchemy.engine.Engine - INFO - SELECT admins.id, admins.username, admins.password_hash, admins.created_at 
FROM admins 
WHERE admins.username = $1::VARCHAR
2026-03-01 11:27:33,028 - sqlalchemy.engine.Engine - INFO - [cached since 278.5s ago] ('zhura2296@yandex.ru',)
2026-03-01 11:27:33,029 - sqlalchemy.engine.Engine - INFO - BEGIN (implicit)
2026-03-01 11:27:33,029 - sqlalchemy.engine.Engine - INFO - SELECT admins.id, admins.username, admins.password_hash, admins.created_at 
FROM admins 
WHERE admins.username = $1::VARCHAR
2026-03-01 11:27:33,029 - sqlalchemy.engine.Engine - INFO - [cached since 278.5s ago] ('zhura2296@yandex.ru',)
2026-03-01 11:27:33,030 - sqlalchemy.engine.Engine - INFO - SELECT installers.id, installers.full_name, installers.nickname, installers.phone, installers.backup_phone, installers.specialization, installers.rating, installers.base_price, installers.is_debtor, installers.comments, installers.is_active, installers.is_in_funnel, installers.total_orders, installers.poor_work_count, installers.warranty_visits_count, installers.last_incident_date, installers.updated_at, installers.created_at, installers.deleted_at 
FROM installers 
WHERE installers.deleted_at IS NULL 
 LIMIT $1::INTEGER OFFSET $2::INTEGER
2026-03-01 11:27:33,030 - sqlalchemy.engine.Engine - INFO - [cached since 278.1s ago] (100, 0)
2026-03-01 11:27:33,031 - sqlalchemy.engine.Engine - INFO - SELECT clients.id, clients.full_name, clients.phone, clients.address, clients.coordinates, clients.created_at, clients.last_contact, clients.comments, clients.updated_at, clients.backup_phone, clients.deleted_at 
FROM clients 
 LIMIT $1::INTEGER OFFSET $2::INTEGER
2026-03-01 11:27:33,031 - sqlalchemy.engine.Engine - INFO - [cached since 278.1s ago] (100, 0)
2026-03-01 11:27:33,032 - sqlalchemy.engine.Engine - INFO - ROLLBACK
2026-03-01 11:27:33,032 - sqlalchemy.engine.Engine - INFO - ROLLBACK
2026-03-01 11:27:34,291 - sqlalchemy.engine.Engine - INFO - BEGIN (implicit)
2026-03-01 11:27:34,292 - sqlalchemy.engine.Engine - INFO - SELECT orders.id, orders.client_id, orders.status, orders.warehouse, orders.service_datetime, orders.delivery_datetime, orders.promise, orders.marker_color, orders.address_id, orders.address_text, orders.created_at, orders.updated_at 
FROM orders 
 LIMIT $1::INTEGER OFFSET $2::INTEGER
2026-03-01 11:27:34,292 - sqlalchemy.engine.Engine - INFO - [cached since 276.8s ago] (100, 0)
2026-03-01 11:27:34,293 - sqlalchemy.engine.Engine - INFO - SELECT finance.order_id AS finance_order_id, finance.id AS finance_id, finance.revenue AS finance_revenue, finance.cost_of_goods AS finance_cost_of_goods, finance.installer_payments AS finance_installer_payments, finance.expenses AS finance_expenses, finance.warranty_costs_oleg AS finance_warranty_costs_oleg, finance.warranty_costs_installer AS finance_warranty_costs_installer, finance.profit AS finance_profit, finance.created_at AS finance_created_at, finance.updated_at AS finance_updated_at 
FROM finance 
WHERE finance.order_id IN ($1::INTEGER, $2::INTEGER)
2026-03-01 11:27:34,293 - sqlalchemy.engine.Engine - INFO - [cached since 276.8s ago] (1, 2)
2026-03-01 11:27:34,295 - sqlalchemy.engine.Engine - INFO - SELECT clients.id AS clients_id, clients.full_name AS clients_full_name, clients.phone AS clients_phone, clients.address AS clients_address, clients.coordinates AS clients_coordinates, clients.created_at AS clients_created_at, clients.last_contact AS clients_last_contact, clients.comments AS clients_comments, clients.updated_at AS clients_updated_at, clients.backup_phone AS clients_backup_phone, clients.deleted_at AS clients_deleted_at 
FROM clients 
WHERE clients.id IN ($1::INTEGER, $2::INTEGER)
2026-03-01 11:27:34,295 - sqlalchemy.engine.Engine - INFO - [cached since 276.8s ago] (1, 2)
2026-03-01 11:27:34,296 - sqlalchemy.engine.Engine - INFO - SELECT address_cache.address AS address_cache_address, address_cache.lat AS address_cache_lat, address_cache.lon AS address_cache_lon, address_cache.updated_at AS address_cache_updated_at 
FROM address_cache 
WHERE address_cache.address IN ($1::VARCHAR, $2::VARCHAR)
2026-03-01 11:27:34,296 - sqlalchemy.engine.Engine - INFO - [cached since 276.8s ago] ('Москва, ул. Тверская, д. 12, кв. 45', 'Россия, Московская область, Мытищи, улица Мира, 8')
2026-03-01 11:27:34,297 - sqlalchemy.engine.Engine - INFO - ROLLBACK
2026-03-01 11:27:34,299 - sqlalchemy.engine.Engine - INFO - BEGIN (implicit)
2026-03-01 11:27:34,299 - sqlalchemy.engine.Engine - INFO - SELECT orders.id, orders.client_id, orders.status, orders.warehouse, orders.service_datetime, orders.delivery_datetime, orders.promise, orders.marker_color, orders.address_id, orders.address_text, orders.created_at, orders.updated_at 
FROM orders 
 LIMIT $1::INTEGER OFFSET $2::INTEGER
2026-03-01 11:27:34,299 - sqlalchemy.engine.Engine - INFO - [cached since 276.8s ago] (100, 0)
2026-03-01 11:27:34,300 - sqlalchemy.engine.Engine - INFO - SELECT finance.order_id AS finance_order_id, finance.id AS finance_id, finance.revenue AS finance_revenue, finance.cost_of_goods AS finance_cost_of_goods, finance.installer_payments AS finance_installer_payments, finance.expenses AS finance_expenses, finance.warranty_costs_oleg AS finance_warranty_costs_oleg, finance.warranty_costs_installer AS finance_warranty_costs_installer, finance.profit AS finance_profit, finance.created_at AS finance_created_at, finance.updated_at AS finance_updated_at 
FROM finance 
WHERE finance.order_id IN ($1::INTEGER, $2::INTEGER)
2026-03-01 11:27:34,300 - sqlalchemy.engine.Engine - INFO - [cached since 276.8s ago] (1, 2)
2026-03-01 11:27:34,301 - sqlalchemy.engine.Engine - INFO - SELECT clients.id AS clients_id, clients.full_name AS clients_full_name, clients.phone AS clients_phone, clients.address AS clients_address, clients.coordinates AS clients_coordinates, clients.created_at AS clients_created_at, clients.last_contact AS clients_last_contact, clients.comments AS clients_comments, clients.updated_at AS clients_updated_at, clients.backup_phone AS clients_backup_phone, clients.deleted_at AS clients_deleted_at 
FROM clients 
WHERE clients.id IN ($1::INTEGER, $2::INTEGER)
2026-03-01 11:27:34,301 - sqlalchemy.engine.Engine - INFO - [cached since 276.8s ago] (1, 2)
2026-03-01 11:27:34,302 - sqlalchemy.engine.Engine - INFO - SELECT address_cache.address AS address_cache_address, address_cache.lat AS address_cache_lat, address_cache.lon AS address_cache_lon, address_cache.updated_at AS address_cache_updated_at 
FROM address_cache 
WHERE address_cache.address IN ($1::VARCHAR, $2::VARCHAR)
2026-03-01 11:27:34,302 - sqlalchemy.engine.Engine - INFO - [cached since 276.8s ago] ('Москва, ул. Тверская, д. 12, кв. 45', 'Россия, Московская область, Мытищи, улица Мира, 8')
2026-03-01 11:27:34,303 - sqlalchemy.engine.Engine - INFO - ROLLBACK
2026-03-01 11:29:12,755 - sqlalchemy.engine.Engine - INFO - BEGIN (implicit)
2026-03-01 11:29:12,757 - sqlalchemy.engine.Engine - INFO - SELECT orders.id, orders.client_id, orders.status, orders.warehouse, orders.service_datetime, orders.delivery_datetime, orders.promise, orders.marker_color, orders.address_id, orders.address_text, orders.created_at, orders.updated_at 
FROM orders 
WHERE orders.id = $1::INTEGER
2026-03-01 11:29:12,757 - sqlalchemy.engine.Engine - INFO - [generated in 0.00016s] (2,)
2026-03-01 11:29:12,758 - sqlalchemy.engine.Engine - INFO - BEGIN (implicit)
2026-03-01 11:29:12,758 - sqlalchemy.engine.Engine - INFO - SELECT admins.id, admins.username, admins.password_hash, admins.created_at 
FROM admins 
WHERE admins.username = $1::VARCHAR
2026-03-01 11:29:12,758 - sqlalchemy.engine.Engine - INFO - [cached since 378.2s ago] ('zhura2296@yandex.ru',)
2026-03-01 11:29:12,759 - sqlalchemy.engine.Engine - INFO - SELECT installers.id, installers.full_name, installers.nickname, installers.phone, installers.backup_phone, installers.specialization, installers.rating, installers.base_price, installers.is_debtor, installers.comments, installers.is_active, installers.is_in_funnel, installers.total_orders, installers.poor_work_count, installers.warranty_visits_count, installers.last_incident_date, installers.updated_at, installers.created_at, installers.deleted_at 
FROM installers 
WHERE installers.deleted_at IS NULL 
 LIMIT $1::INTEGER OFFSET $2::INTEGER
2026-03-01 11:29:12,760 - sqlalchemy.engine.Engine - INFO - [cached since 377.9s ago] (100, 0)
2026-03-01 11:29:12,763 - sqlalchemy.engine.Engine - INFO - SELECT payments.order_id AS payments_order_id, payments.id AS payments_id, payments.payment_type AS payments_payment_type, payments.installer_id AS payments_installer_id, payments.amount AS payments_amount, payments.payment_date AS payments_payment_date, payments.description AS payments_description, payments.created_at AS payments_created_at, payments.updated_at AS payments_updated_at 
FROM payments 
WHERE payments.order_id IN ($1::INTEGER)
2026-03-01 11:29:12,763 - sqlalchemy.engine.Engine - INFO - [generated in 0.00022s] (2,)
2026-03-01 11:29:12,763 - sqlalchemy.engine.Engine - INFO - ROLLBACK
2026-03-01 11:29:12,766 - sqlalchemy.engine.Engine - INFO - SELECT finance.order_id AS finance_order_id, finance.id AS finance_id, finance.revenue AS finance_revenue, finance.cost_of_goods AS finance_cost_of_goods, finance.installer_payments AS finance_installer_payments, finance.expenses AS finance_expenses, finance.warranty_costs_oleg AS finance_warranty_costs_oleg, finance.warranty_costs_installer AS finance_warranty_costs_installer, finance.profit AS finance_profit, finance.created_at AS finance_created_at, finance.updated_at AS finance_updated_at 
FROM finance 
WHERE finance.order_id IN ($1::INTEGER)
2026-03-01 11:29:12,766 - sqlalchemy.engine.Engine - INFO - [generated in 0.00023s] (2,)
2026-03-01 11:29:12,767 - sqlalchemy.engine.Engine - INFO - BEGIN (implicit)
2026-03-01 11:29:12,768 - sqlalchemy.engine.Engine - INFO - SELECT admins.id, admins.username, admins.password_hash, admins.created_at 
FROM admins 
WHERE admins.username = $1::VARCHAR
2026-03-01 11:29:12,768 - sqlalchemy.engine.Engine - INFO - [cached since 378.2s ago] ('zhura2296@yandex.ru',)
2026-03-01 11:29:12,769 - sqlalchemy.engine.Engine - INFO - SELECT installers.id, installers.full_name, installers.nickname, installers.phone, installers.backup_phone, installers.specialization, installers.rating, installers.base_price, installers.is_debtor, installers.comments, installers.is_active, installers.is_in_funnel, installers.total_orders, installers.poor_work_count, installers.warranty_visits_count, installers.last_incident_date, installers.updated_at, installers.created_at, installers.deleted_at 
FROM installers 
WHERE installers.deleted_at IS NULL 
 LIMIT $1::INTEGER OFFSET $2::INTEGER
2026-03-01 11:29:12,769 - sqlalchemy.engine.Engine - INFO - [cached since 377.9s ago] (100, 0)
2026-03-01 11:29:12,770 - sqlalchemy.engine.Engine - INFO - SELECT clients.id AS clients_id, clients.full_name AS clients_full_name, clients.phone AS clients_phone, clients.address AS clients_address, clients.coordinates AS clients_coordinates, clients.created_at AS clients_created_at, clients.last_contact AS clients_last_contact, clients.comments AS clients_comments, clients.updated_at AS clients_updated_at, clients.backup_phone AS clients_backup_phone, clients.deleted_at AS clients_deleted_at 
FROM clients 
WHERE clients.id IN ($1::INTEGER)
2026-03-01 11:29:12,771 - sqlalchemy.engine.Engine - INFO - [generated in 0.00023s] (2,)
2026-03-01 11:29:12,773 - sqlalchemy.engine.Engine - INFO - SELECT address_cache.address AS address_cache_address, address_cache.lat AS address_cache_lat, address_cache.lon AS address_cache_lon, address_cache.updated_at AS address_cache_updated_at 
FROM address_cache 
WHERE address_cache.address IN ($1::VARCHAR)
2026-03-01 11:29:12,773 - sqlalchemy.engine.Engine - INFO - [generated in 0.00021s] ('Россия, Московская область, Мытищи, улица Мира, 8',)
2026-03-01 11:29:12,773 - sqlalchemy.engine.Engine - INFO - ROLLBACK
2026-03-01 11:29:12,777 - sqlalchemy.engine.Engine - INFO - SELECT order_items.order_id AS order_items_order_id, order_items.id AS order_items_id, order_items.item_type AS order_items_item_type, order_items.name AS order_items_name, order_items.quantity AS order_items_quantity, order_items.purchase_price AS order_items_purchase_price, order_items.sale_price AS order_items_sale_price, order_items.warranty_manufacturer AS order_items_warranty_manufacturer, order_items.warranty_master AS order_items_warranty_master, order_items.sort_order AS order_items_sort_order, order_items.created_at AS order_items_created_at, order_items.updated_at AS order_items_updated_at 
FROM order_items 
WHERE order_items.order_id IN ($1::INTEGER)
2026-03-01 11:29:12,778 - sqlalchemy.engine.Engine - INFO - [generated in 0.00050s] (2,)
2026-03-01 11:29:12,787 - sqlalchemy.engine.Engine - INFO - SELECT order_installers.order_id AS order_installers_order_id, order_installers.id AS order_installers_id, order_installers.installer_id AS order_installers_installer_id, order_installers.role AS order_installers_role, order_installers.base_payment AS order_installers_base_payment, order_installers.is_primary AS order_installers_is_primary, order_installers.created_at AS order_installers_created_at, order_installers.updated_at AS order_installers_updated_at 
FROM order_installers 
WHERE order_installers.order_id IN ($1::INTEGER)
2026-03-01 11:29:12,788 - sqlalchemy.engine.Engine - INFO - [generated in 0.00023s] (2,)
2026-03-01 11:29:12,790 - sqlalchemy.engine.Engine - INFO - SELECT order_expenses.order_id AS order_expenses_order_id, order_expenses.id AS order_expenses_id, order_expenses.amount AS order_expenses_amount, order_expenses.description AS order_expenses_description, order_expenses.expense_date AS order_expenses_expense_date, order_expenses.category AS order_expenses_category, order_expenses.created_at AS order_expenses_created_at, order_expenses.updated_at AS order_expenses_updated_at 
FROM order_expenses 
WHERE order_expenses.order_id IN ($1::INTEGER)
2026-03-01 11:29:12,790 - sqlalchemy.engine.Engine - INFO - [generated in 0.00018s] (2,)
2026-03-01 11:29:12,792 - sqlalchemy.engine.Engine - INFO - ROLLBACK
2026-03-01 11:29:12,793 - sqlalchemy.engine.Engine - INFO - BEGIN (implicit)
2026-03-01 11:29:12,793 - sqlalchemy.engine.Engine - INFO - SELECT orders.id, orders.client_id, orders.status, orders.warehouse, orders.service_datetime, orders.delivery_datetime, orders.promise, orders.marker_color, orders.address_id, orders.address_text, orders.created_at, orders.updated_at 
FROM orders 
WHERE orders.id = $1::INTEGER
2026-03-01 11:29:12,793 - sqlalchemy.engine.Engine - INFO - [cached since 0.03628s ago] (2,)
2026-03-01 11:29:12,795 - sqlalchemy.engine.Engine - INFO - SELECT payments.order_id AS payments_order_id, payments.id AS payments_id, payments.payment_type AS payments_payment_type, payments.installer_id AS payments_installer_id, payments.amount AS payments_amount, payments.payment_date AS payments_payment_date, payments.description AS payments_description, payments.created_at AS payments_created_at, payments.updated_at AS payments_updated_at 
FROM payments 
WHERE payments.order_id IN ($1::INTEGER)
2026-03-01 11:29:12,796 - sqlalchemy.engine.Engine - INFO - [cached since 0.03273s ago] (2,)
2026-03-01 11:29:12,797 - sqlalchemy.engine.Engine - INFO - SELECT finance.order_id AS finance_order_id, finance.id AS finance_id, finance.revenue AS finance_revenue, finance.cost_of_goods AS finance_cost_of_goods, finance.installer_payments AS finance_installer_payments, finance.expenses AS finance_expenses, finance.warranty_costs_oleg AS finance_warranty_costs_oleg, finance.warranty_costs_installer AS finance_warranty_costs_installer, finance.profit AS finance_profit, finance.created_at AS finance_created_at, finance.updated_at AS finance_updated_at 
FROM finance 
WHERE finance.order_id IN ($1::INTEGER)
2026-03-01 11:29:12,797 - sqlalchemy.engine.Engine - INFO - [cached since 0.031s ago] (2,)
2026-03-01 11:29:12,798 - sqlalchemy.engine.Engine - INFO - SELECT clients.id AS clients_id, clients.full_name AS clients_full_name, clients.phone AS clients_phone, clients.address AS clients_address, clients.coordinates AS clients_coordinates, clients.created_at AS clients_created_at, clients.last_contact AS clients_last_contact, clients.comments AS clients_comments, clients.updated_at AS clients_updated_at, clients.backup_phone AS clients_backup_phone, clients.deleted_at AS clients_deleted_at 
FROM clients 
WHERE clients.id IN ($1::INTEGER)
2026-03-01 11:29:12,798 - sqlalchemy.engine.Engine - INFO - [cached since 0.0279s ago] (2,)
2026-03-01 11:29:12,799 - sqlalchemy.engine.Engine - INFO - SELECT address_cache.address AS address_cache_address, address_cache.lat AS address_cache_lat, address_cache.lon AS address_cache_lon, address_cache.updated_at AS address_cache_updated_at 
FROM address_cache 
WHERE address_cache.address IN ($1::VARCHAR)
2026-03-01 11:29:12,799 - sqlalchemy.engine.Engine - INFO - [cached since 0.02641s ago] ('Россия, Московская область, Мытищи, улица Мира, 8',)
2026-03-01 11:29:12,801 - sqlalchemy.engine.Engine - INFO - SELECT order_items.order_id AS order_items_order_id, order_items.id AS order_items_id, order_items.item_type AS order_items_item_type, order_items.name AS order_items_name, order_items.quantity AS order_items_quantity, order_items.purchase_price AS order_items_purchase_price, order_items.sale_price AS order_items_sale_price, order_items.warranty_manufacturer AS order_items_warranty_manufacturer, order_items.warranty_master AS order_items_warranty_master, order_items.sort_order AS order_items_sort_order, order_items.created_at AS order_items_created_at, order_items.updated_at AS order_items_updated_at 
FROM order_items 
WHERE order_items.order_id IN ($1::INTEGER)
2026-03-01 11:29:12,801 - sqlalchemy.engine.Engine - INFO - [cached since 0.02353s ago] (2,)
2026-03-01 11:29:12,807 - sqlalchemy.engine.Engine - INFO - SELECT order_installers.order_id AS order_installers_order_id, order_installers.id AS order_installers_id, order_installers.installer_id AS order_installers_installer_id, order_installers.role AS order_installers_role, order_installers.base_payment AS order_installers_base_payment, order_installers.is_primary AS order_installers_is_primary, order_installers.created_at AS order_installers_created_at, order_installers.updated_at AS order_installers_updated_at 
FROM order_installers 
WHERE order_installers.order_id IN ($1::INTEGER)
2026-03-01 11:29:12,807 - sqlalchemy.engine.Engine - INFO - [cached since 0.01983s ago] (2,)
2026-03-01 11:29:12,809 - sqlalchemy.engine.Engine - INFO - SELECT order_expenses.order_id AS order_expenses_order_id, order_expenses.id AS order_expenses_id, order_expenses.amount AS order_expenses_amount, order_expenses.description AS order_expenses_description, order_expenses.expense_date AS order_expenses_expense_date, order_expenses.category AS order_expenses_category, order_expenses.created_at AS order_expenses_created_at, order_expenses.updated_at AS order_expenses_updated_at 
FROM order_expenses 
WHERE order_expenses.order_id IN ($1::INTEGER)
2026-03-01 11:29:12,809 - sqlalchemy.engine.Engine - INFO - [cached since 0.01909s ago] (2,)
2026-03-01 11:29:12,811 - sqlalchemy.engine.Engine - INFO - ROLLBACK
2026-03-01 11:29:30,314 - sqlalchemy.engine.Engine - INFO - BEGIN (implicit)
2026-03-01 11:29:30,314 - sqlalchemy.engine.Engine - INFO - SELECT orders.id, orders.client_id, orders.status, orders.warehouse, orders.service_datetime, orders.delivery_datetime, orders.promise, orders.marker_color, orders.address_id, orders.address_text, orders.created_at, orders.updated_at 
FROM orders 
WHERE orders.id = $1::INTEGER
2026-03-01 11:29:30,314 - sqlalchemy.engine.Engine - INFO - [cached since 17.56s ago] (2,)
2026-03-01 11:29:30,315 - sqlalchemy.engine.Engine - INFO - BEGIN (implicit)
2026-03-01 11:29:30,315 - sqlalchemy.engine.Engine - INFO - SELECT admins.id, admins.username, admins.password_hash, admins.created_at 
FROM admins 
WHERE admins.username = $1::VARCHAR
2026-03-01 11:29:30,315 - sqlalchemy.engine.Engine - INFO - [cached since 395.8s ago] ('zhura2296@yandex.ru',)
2026-03-01 11:29:30,317 - sqlalchemy.engine.Engine - INFO - SELECT installers.id, installers.full_name, installers.nickname, installers.phone, installers.backup_phone, installers.specialization, installers.rating, installers.base_price, installers.is_debtor, installers.comments, installers.is_active, installers.is_in_funnel, installers.total_orders, installers.poor_work_count, installers.warranty_visits_count, installers.last_incident_date, installers.updated_at, installers.created_at, installers.deleted_at 
FROM installers 
WHERE installers.deleted_at IS NULL 
 LIMIT $1::INTEGER OFFSET $2::INTEGER
2026-03-01 11:29:30,317 - sqlalchemy.engine.Engine - INFO - [cached since 395.4s ago] (100, 0)
2026-03-01 11:29:30,319 - sqlalchemy.engine.Engine - INFO - SELECT payments.order_id AS payments_order_id, payments.id AS payments_id, payments.payment_type AS payments_payment_type, payments.installer_id AS payments_installer_id, payments.amount AS payments_amount, payments.payment_date AS payments_payment_date, payments.description AS payments_description, payments.created_at AS payments_created_at, payments.updated_at AS payments_updated_at 
FROM payments 
WHERE payments.order_id IN ($1::INTEGER)
2026-03-01 11:29:30,319 - sqlalchemy.engine.Engine - INFO - [cached since 17.56s ago] (2,)
2026-03-01 11:29:30,320 - sqlalchemy.engine.Engine - INFO - ROLLBACK
2026-03-01 11:29:30,322 - sqlalchemy.engine.Engine - INFO - BEGIN (implicit)
2026-03-01 11:29:30,322 - sqlalchemy.engine.Engine - INFO - SELECT admins.id, admins.username, admins.password_hash, admins.created_at 
FROM admins 
WHERE admins.username = $1::VARCHAR
2026-03-01 11:29:30,322 - sqlalchemy.engine.Engine - INFO - [cached since 395.8s ago] ('zhura2296@yandex.ru',)
2026-03-01 11:29:30,323 - sqlalchemy.engine.Engine - INFO - SELECT finance.order_id AS finance_order_id, finance.id AS finance_id, finance.revenue AS finance_revenue, finance.cost_of_goods AS finance_cost_of_goods, finance.installer_payments AS finance_installer_payments, finance.expenses AS finance_expenses, finance.warranty_costs_oleg AS finance_warranty_costs_oleg, finance.warranty_costs_installer AS finance_warranty_costs_installer, finance.profit AS finance_profit, finance.created_at AS finance_created_at, finance.updated_at AS finance_updated_at 
FROM finance 
WHERE finance.order_id IN ($1::INTEGER)
2026-03-01 11:29:30,324 - sqlalchemy.engine.Engine - INFO - [cached since 17.56s ago] (2,)
2026-03-01 11:29:30,325 - sqlalchemy.engine.Engine - INFO - SELECT installers.id, installers.full_name, installers.nickname, installers.phone, installers.backup_phone, installers.specialization, installers.rating, installers.base_price, installers.is_debtor, installers.comments, installers.is_active, installers.is_in_funnel, installers.total_orders, installers.poor_work_count, installers.warranty_visits_count, installers.last_incident_date, installers.updated_at, installers.created_at, installers.deleted_at 
FROM installers 
WHERE installers.deleted_at IS NULL 
 LIMIT $1::INTEGER OFFSET $2::INTEGER
2026-03-01 11:29:30,325 - sqlalchemy.engine.Engine - INFO - [cached since 395.4s ago] (100, 0)
2026-03-01 11:29:30,327 - sqlalchemy.engine.Engine - INFO - SELECT clients.id AS clients_id, clients.full_name AS clients_full_name, clients.phone AS clients_phone, clients.address AS clients_address, clients.coordinates AS clients_coordinates, clients.created_at AS clients_created_at, clients.last_contact AS clients_last_contact, clients.comments AS clients_comments, clients.updated_at AS clients_updated_at, clients.backup_phone AS clients_backup_phone, clients.deleted_at AS clients_deleted_at 
FROM clients 
WHERE clients.id IN ($1::INTEGER)
2026-03-01 11:29:30,327 - sqlalchemy.engine.Engine - INFO - [cached since 17.56s ago] (2,)
2026-03-01 11:29:30,330 - sqlalchemy.engine.Engine - INFO - SELECT address_cache.address AS address_cache_address, address_cache.lat AS address_cache_lat, address_cache.lon AS address_cache_lon, address_cache.updated_at AS address_cache_updated_at 
FROM address_cache 
WHERE address_cache.address IN ($1::VARCHAR)
2026-03-01 11:29:30,330 - sqlalchemy.engine.Engine - INFO - [cached since 17.56s ago] ('Россия, Московская область, Мытищи, улица Мира, 8',)
2026-03-01 11:29:30,330 - sqlalchemy.engine.Engine - INFO - ROLLBACK
2026-03-01 11:29:30,332 - sqlalchemy.engine.Engine - INFO - SELECT order_items.order_id AS order_items_order_id, order_items.id AS order_items_id, order_items.item_type AS order_items_item_type, order_items.name AS order_items_name, order_items.quantity AS order_items_quantity, order_items.purchase_price AS order_items_purchase_price, order_items.sale_price AS order_items_sale_price, order_items.warranty_manufacturer AS order_items_warranty_manufacturer, order_items.warranty_master AS order_items_warranty_master, order_items.sort_order AS order_items_sort_order, order_items.created_at AS order_items_created_at, order_items.updated_at AS order_items_updated_at 
FROM order_items 
WHERE order_items.order_id IN ($1::INTEGER)
2026-03-01 11:29:30,333 - sqlalchemy.engine.Engine - INFO - [cached since 17.56s ago] (2,)
2026-03-01 11:29:30,342 - sqlalchemy.engine.Engine - INFO - SELECT order_installers.order_id AS order_installers_order_id, order_installers.id AS order_installers_id, order_installers.installer_id AS order_installers_installer_id, order_installers.role AS order_installers_role, order_installers.base_payment AS order_installers_base_payment, order_installers.is_primary AS order_installers_is_primary, order_installers.created_at AS order_installers_created_at, order_installers.updated_at AS order_installers_updated_at 
FROM order_installers 
WHERE order_installers.order_id IN ($1::INTEGER)
2026-03-01 11:29:30,342 - sqlalchemy.engine.Engine - INFO - [cached since 17.55s ago] (2,)
2026-03-01 11:29:30,344 - sqlalchemy.engine.Engine - INFO - SELECT order_expenses.order_id AS order_expenses_order_id, order_expenses.id AS order_expenses_id, order_expenses.amount AS order_expenses_amount, order_expenses.description AS order_expenses_description, order_expenses.expense_date AS order_expenses_expense_date, order_expenses.category AS order_expenses_category, order_expenses.created_at AS order_expenses_created_at, order_expenses.updated_at AS order_expenses_updated_at 
FROM order_expenses 
WHERE order_expenses.order_id IN ($1::INTEGER)
2026-03-01 11:29:30,344 - sqlalchemy.engine.Engine - INFO - [cached since 17.55s ago] (2,)
2026-03-01 11:29:30,348 - sqlalchemy.engine.Engine - INFO - ROLLBACK
2026-03-01 11:29:30,349 - sqlalchemy.engine.Engine - INFO - BEGIN (implicit)
2026-03-01 11:29:30,349 - sqlalchemy.engine.Engine - INFO - SELECT orders.id, orders.client_id, orders.status, orders.warehouse, orders.service_datetime, orders.delivery_datetime, orders.promise, orders.marker_color, orders.address_id, orders.address_text, orders.created_at, orders.updated_at 
FROM orders 
WHERE orders.id = $1::INTEGER
2026-03-01 11:29:30,349 - sqlalchemy.engine.Engine - INFO - [cached since 17.59s ago] (2,)
2026-03-01 11:29:30,351 - sqlalchemy.engine.Engine - INFO - SELECT payments.order_id AS payments_order_id, payments.id AS payments_id, payments.payment_type AS payments_payment_type, payments.installer_id AS payments_installer_id, payments.amount AS payments_amount, payments.payment_date AS payments_payment_date, payments.description AS payments_description, payments.created_at AS payments_created_at, payments.updated_at AS payments_updated_at 
FROM payments 
WHERE payments.order_id IN ($1::INTEGER)
2026-03-01 11:29:30,351 - sqlalchemy.engine.Engine - INFO - [cached since 17.59s ago] (2,)
2026-03-01 11:29:30,351 - sqlalchemy.engine.Engine - INFO - SELECT finance.order_id AS finance_order_id, finance.id AS finance_id, finance.revenue AS finance_revenue, finance.cost_of_goods AS finance_cost_of_goods, finance.installer_payments AS finance_installer_payments, finance.expenses AS finance_expenses, finance.warranty_costs_oleg AS finance_warranty_costs_oleg, finance.warranty_costs_installer AS finance_warranty_costs_installer, finance.profit AS finance_profit, finance.created_at AS finance_created_at, finance.updated_at AS finance_updated_at 
FROM finance 
WHERE finance.order_id IN ($1::INTEGER)
2026-03-01 11:29:30,351 - sqlalchemy.engine.Engine - INFO - [cached since 17.59s ago] (2,)
2026-03-01 11:29:30,352 - sqlalchemy.engine.Engine - INFO - SELECT clients.id AS clients_id, clients.full_name AS clients_full_name, clients.phone AS clients_phone, clients.address AS clients_address, clients.coordinates AS clients_coordinates, clients.created_at AS clients_created_at, clients.last_contact AS clients_last_contact, clients.comments AS clients_comments, clients.updated_at AS clients_updated_at, clients.backup_phone AS clients_backup_phone, clients.deleted_at AS clients_deleted_at 
FROM clients 
WHERE clients.id IN ($1::INTEGER)
2026-03-01 11:29:30,352 - sqlalchemy.engine.Engine - INFO - [cached since 17.58s ago] (2,)
2026-03-01 11:29:30,353 - sqlalchemy.engine.Engine - INFO - SELECT address_cache.address AS address_cache_address, address_cache.lat AS address_cache_lat, address_cache.lon AS address_cache_lon, address_cache.updated_at AS address_cache_updated_at 
FROM address_cache 
WHERE address_cache.address IN ($1::VARCHAR)
2026-03-01 11:29:30,353 - sqlalchemy.engine.Engine - INFO - [cached since 17.58s ago] ('Россия, Московская область, Мытищи, улица Мира, 8',)
2026-03-01 11:29:30,354 - sqlalchemy.engine.Engine - INFO - SELECT order_items.order_id AS order_items_order_id, order_items.id AS order_items_id, order_items.item_type AS order_items_item_type, order_items.name AS order_items_name, order_items.quantity AS order_items_quantity, order_items.purchase_price AS order_items_purchase_price, order_items.sale_price AS order_items_sale_price, order_items.warranty_manufacturer AS order_items_warranty_manufacturer, order_items.warranty_master AS order_items_warranty_master, order_items.sort_order AS order_items_sort_order, order_items.created_at AS order_items_created_at, order_items.updated_at AS order_items_updated_at 
FROM order_items 
WHERE order_items.order_id IN ($1::INTEGER)
2026-03-01 11:29:30,354 - sqlalchemy.engine.Engine - INFO - [cached since 17.58s ago] (2,)
2026-03-01 11:29:30,355 - sqlalchemy.engine.Engine - INFO - SELECT order_installers.order_id AS order_installers_order_id, order_installers.id AS order_installers_id, order_installers.installer_id AS order_installers_installer_id, order_installers.role AS order_installers_role, order_installers.base_payment AS order_installers_base_payment, order_installers.is_primary AS order_installers_is_primary, order_installers.created_at AS order_installers_created_at, order_installers.updated_at AS order_installers_updated_at 
FROM order_installers 
WHERE order_installers.order_id IN ($1::INTEGER)
2026-03-01 11:29:30,355 - sqlalchemy.engine.Engine - INFO - [cached since 17.57s ago] (2,)
2026-03-01 11:29:30,356 - sqlalchemy.engine.Engine - INFO - SELECT order_expenses.order_id AS order_expenses_order_id, order_expenses.id AS order_expenses_id, order_expenses.amount AS order_expenses_amount, order_expenses.description AS order_expenses_description, order_expenses.expense_date AS order_expenses_expense_date, order_expenses.category AS order_expenses_category, order_expenses.created_at AS order_expenses_created_at, order_expenses.updated_at AS order_expenses_updated_at 
FROM order_expenses 
WHERE order_expenses.order_id IN ($1::INTEGER)
2026-03-01 11:29:30,356 - sqlalchemy.engine.Engine - INFO - [cached since 17.57s ago] (2,)
2026-03-01 11:29:30,358 - sqlalchemy.engine.Engine - INFO - ROLLBACK
2026-03-01 11:29:51,274 - sqlalchemy.engine.Engine - INFO - BEGIN (implicit)
2026-03-01 11:29:51,275 - sqlalchemy.engine.Engine - INFO - SELECT orders.id, orders.client_id, orders.status, orders.warehouse, orders.service_datetime, orders.delivery_datetime, orders.promise, orders.marker_color, orders.address_id, orders.address_text, orders.created_at, orders.updated_at 
FROM orders 
WHERE orders.id = $1::INTEGER
2026-03-01 11:29:51,275 - sqlalchemy.engine.Engine - INFO - [cached since 38.52s ago] (2,)
2026-03-01 11:29:51,276 - sqlalchemy.engine.Engine - INFO - BEGIN (implicit)
2026-03-01 11:29:51,276 - sqlalchemy.engine.Engine - INFO - SELECT admins.id, admins.username, admins.password_hash, admins.created_at 
FROM admins 
WHERE admins.username = $1::VARCHAR
2026-03-01 11:29:51,277 - sqlalchemy.engine.Engine - INFO - [cached since 416.7s ago] ('zhura2296@yandex.ru',)
2026-03-01 11:29:51,279 - sqlalchemy.engine.Engine - INFO - SELECT payments.order_id AS payments_order_id, payments.id AS payments_id, payments.payment_type AS payments_payment_type, payments.installer_id AS payments_installer_id, payments.amount AS payments_amount, payments.payment_date AS payments_payment_date, payments.description AS payments_description, payments.created_at AS payments_created_at, payments.updated_at AS payments_updated_at 
FROM payments 
WHERE payments.order_id IN ($1::INTEGER)
2026-03-01 11:29:51,279 - sqlalchemy.engine.Engine - INFO - [cached since 38.52s ago] (2,)
2026-03-01 11:29:51,280 - sqlalchemy.engine.Engine - INFO - SELECT installers.id, installers.full_name, installers.nickname, installers.phone, installers.backup_phone, installers.specialization, installers.rating, installers.base_price, installers.is_debtor, installers.comments, installers.is_active, installers.is_in_funnel, installers.total_orders, installers.poor_work_count, installers.warranty_visits_count, installers.last_incident_date, installers.updated_at, installers.created_at, installers.deleted_at 
FROM installers 
WHERE installers.deleted_at IS NULL 
 LIMIT $1::INTEGER OFFSET $2::INTEGER
2026-03-01 11:29:51,281 - sqlalchemy.engine.Engine - INFO - [cached since 416.4s ago] (100, 0)
2026-03-01 11:29:51,282 - sqlalchemy.engine.Engine - INFO - SELECT finance.order_id AS finance_order_id, finance.id AS finance_id, finance.revenue AS finance_revenue, finance.cost_of_goods AS finance_cost_of_goods, finance.installer_payments AS finance_installer_payments, finance.expenses AS finance_expenses, finance.warranty_costs_oleg AS finance_warranty_costs_oleg, finance.warranty_costs_installer AS finance_warranty_costs_installer, finance.profit AS finance_profit, finance.created_at AS finance_created_at, finance.updated_at AS finance_updated_at 
FROM finance 
WHERE finance.order_id IN ($1::INTEGER)
2026-03-01 11:29:51,282 - sqlalchemy.engine.Engine - INFO - [cached since 38.52s ago] (2,)
2026-03-01 11:29:51,283 - sqlalchemy.engine.Engine - INFO - SELECT clients.id AS clients_id, clients.full_name AS clients_full_name, clients.phone AS clients_phone, clients.address AS clients_address, clients.coordinates AS clients_coordinates, clients.created_at AS clients_created_at, clients.last_contact AS clients_last_contact, clients.comments AS clients_comments, clients.updated_at AS clients_updated_at, clients.backup_phone AS clients_backup_phone, clients.deleted_at AS clients_deleted_at 
FROM clients 
WHERE clients.id IN ($1::INTEGER)
2026-03-01 11:29:51,283 - sqlalchemy.engine.Engine - INFO - [cached since 38.51s ago] (2,)
2026-03-01 11:29:51,284 - sqlalchemy.engine.Engine - INFO - SELECT address_cache.address AS address_cache_address, address_cache.lat AS address_cache_lat, address_cache.lon AS address_cache_lon, address_cache.updated_at AS address_cache_updated_at 
FROM address_cache 
WHERE address_cache.address IN ($1::VARCHAR)
2026-03-01 11:29:51,284 - sqlalchemy.engine.Engine - INFO - [cached since 38.51s ago] ('Россия, Московская область, Мытищи, улица Мира, 8',)
2026-03-01 11:29:51,285 - sqlalchemy.engine.Engine - INFO - ROLLBACK
2026-03-01 11:29:51,286 - sqlalchemy.engine.Engine - INFO - BEGIN (implicit)
2026-03-01 11:29:51,286 - sqlalchemy.engine.Engine - INFO - SELECT admins.id, admins.username, admins.password_hash, admins.created_at 
FROM admins 
WHERE admins.username = $1::VARCHAR
2026-03-01 11:29:51,286 - sqlalchemy.engine.Engine - INFO - [cached since 416.7s ago] ('zhura2296@yandex.ru',)
2026-03-01 11:29:51,287 - sqlalchemy.engine.Engine - INFO - SELECT order_items.order_id AS order_items_order_id, order_items.id AS order_items_id, order_items.item_type AS order_items_item_type, order_items.name AS order_items_name, order_items.quantity AS order_items_quantity, order_items.purchase_price AS order_items_purchase_price, order_items.sale_price AS order_items_sale_price, order_items.warranty_manufacturer AS order_items_warranty_manufacturer, order_items.warranty_master AS order_items_warranty_master, order_items.sort_order AS order_items_sort_order, order_items.created_at AS order_items_created_at, order_items.updated_at AS order_items_updated_at 
FROM order_items 
WHERE order_items.order_id IN ($1::INTEGER)
2026-03-01 11:29:51,288 - sqlalchemy.engine.Engine - INFO - [cached since 38.51s ago] (2,)
2026-03-01 11:29:51,293 - sqlalchemy.engine.Engine - INFO - SELECT order_installers.order_id AS order_installers_order_id, order_installers.id AS order_installers_id, order_installers.installer_id AS order_installers_installer_id, order_installers.role AS order_installers_role, order_installers.base_payment AS order_installers_base_payment, order_installers.is_primary AS order_installers_is_primary, order_installers.created_at AS order_installers_created_at, order_installers.updated_at AS order_installers_updated_at 
FROM order_installers 
WHERE order_installers.order_id IN ($1::INTEGER)
2026-03-01 11:29:51,294 - sqlalchemy.engine.Engine - INFO - [cached since 38.51s ago] (2,)
2026-03-01 11:29:51,295 - sqlalchemy.engine.Engine - INFO - SELECT installers.id, installers.full_name, installers.nickname, installers.phone, installers.backup_phone, installers.specialization, installers.rating, installers.base_price, installers.is_debtor, installers.comments, installers.is_active, installers.is_in_funnel, installers.total_orders, installers.poor_work_count, installers.warranty_visits_count, installers.last_incident_date, installers.updated_at, installers.created_at, installers.deleted_at 
FROM installers 
WHERE installers.deleted_at IS NULL 
 LIMIT $1::INTEGER OFFSET $2::INTEGER
2026-03-01 11:29:51,295 - sqlalchemy.engine.Engine - INFO - [cached since 416.4s ago] (100, 0)
2026-03-01 11:29:51,297 - sqlalchemy.engine.Engine - INFO - SELECT order_expenses.order_id AS order_expenses_order_id, order_expenses.id AS order_expenses_id, order_expenses.amount AS order_expenses_amount, order_expenses.description AS order_expenses_description, order_expenses.expense_date AS order_expenses_expense_date, order_expenses.category AS order_expenses_category, order_expenses.created_at AS order_expenses_created_at, order_expenses.updated_at AS order_expenses_updated_at 
FROM order_expenses 
WHERE order_expenses.order_id IN ($1::INTEGER)
2026-03-01 11:29:51,297 - sqlalchemy.engine.Engine - INFO - [cached since 38.51s ago] (2,)
2026-03-01 11:29:51,299 - sqlalchemy.engine.Engine - INFO - ROLLBACK
2026-03-01 11:29:51,299 - sqlalchemy.engine.Engine - INFO - ROLLBACK
2026-03-01 11:29:51,300 - sqlalchemy.engine.Engine - INFO - BEGIN (implicit)
2026-03-01 11:29:51,301 - sqlalchemy.engine.Engine - INFO - SELECT orders.id, orders.client_id, orders.status, orders.warehouse, orders.service_datetime, orders.delivery_datetime, orders.promise, orders.marker_color, orders.address_id, orders.address_text, orders.created_at, orders.updated_at 
FROM orders 
WHERE orders.id = $1::INTEGER
2026-03-01 11:29:51,301 - sqlalchemy.engine.Engine - INFO - [cached since 38.54s ago] (2,)
2026-03-01 11:29:51,302 - sqlalchemy.engine.Engine - INFO - SELECT payments.order_id AS payments_order_id, payments.id AS payments_id, payments.payment_type AS payments_payment_type, payments.installer_id AS payments_installer_id, payments.amount AS payments_amount, payments.payment_date AS payments_payment_date, payments.description AS payments_description, payments.created_at AS payments_created_at, payments.updated_at AS payments_updated_at 
FROM payments 
WHERE payments.order_id IN ($1::INTEGER)
2026-03-01 11:29:51,302 - sqlalchemy.engine.Engine - INFO - [cached since 38.54s ago] (2,)
2026-03-01 11:29:51,303 - sqlalchemy.engine.Engine - INFO - SELECT finance.order_id AS finance_order_id, finance.id AS finance_id, finance.revenue AS finance_revenue, finance.cost_of_goods AS finance_cost_of_goods, finance.installer_payments AS finance_installer_payments, finance.expenses AS finance_expenses, finance.warranty_costs_oleg AS finance_warranty_costs_oleg, finance.warranty_costs_installer AS finance_warranty_costs_installer, finance.profit AS finance_profit, finance.created_at AS finance_created_at, finance.updated_at AS finance_updated_at 
FROM finance 
WHERE finance.order_id IN ($1::INTEGER)
2026-03-01 11:29:51,303 - sqlalchemy.engine.Engine - INFO - [cached since 38.54s ago] (2,)
2026-03-01 11:29:51,304 - sqlalchemy.engine.Engine - INFO - SELECT clients.id AS clients_id, clients.full_name AS clients_full_name, clients.phone AS clients_phone, clients.address AS clients_address, clients.coordinates AS clients_coordinates, clients.created_at AS clients_created_at, clients.last_contact AS clients_last_contact, clients.comments AS clients_comments, clients.updated_at AS clients_updated_at, clients.backup_phone AS clients_backup_phone, clients.deleted_at AS clients_deleted_at 
FROM clients 
WHERE clients.id IN ($1::INTEGER)
2026-03-01 11:29:51,304 - sqlalchemy.engine.Engine - INFO - [cached since 38.53s ago] (2,)
2026-03-01 11:29:51,304 - sqlalchemy.engine.Engine - INFO - SELECT address_cache.address AS address_cache_address, address_cache.lat AS address_cache_lat, address_cache.lon AS address_cache_lon, address_cache.updated_at AS address_cache_updated_at 
FROM address_cache 
WHERE address_cache.address IN ($1::VARCHAR)
2026-03-01 11:29:51,305 - sqlalchemy.engine.Engine - INFO - [cached since 38.53s ago] ('Россия, Московская область, Мытищи, улица Мира, 8',)
2026-03-01 11:29:51,305 - sqlalchemy.engine.Engine - INFO - SELECT order_items.order_id AS order_items_order_id, order_items.id AS order_items_id, order_items.item_type AS order_items_item_type, order_items.name AS order_items_name, order_items.quantity AS order_items_quantity, order_items.purchase_price AS order_items_purchase_price, order_items.sale_price AS order_items_sale_price, order_items.warranty_manufacturer AS order_items_warranty_manufacturer, order_items.warranty_master AS order_items_warranty_master, order_items.sort_order AS order_items_sort_order, order_items.created_at AS order_items_created_at, order_items.updated_at AS order_items_updated_at 
FROM order_items 
WHERE order_items.order_id IN ($1::INTEGER)
2026-03-01 11:29:51,305 - sqlalchemy.engine.Engine - INFO - [cached since 38.53s ago] (2,)
2026-03-01 11:29:51,306 - sqlalchemy.engine.Engine - INFO - SELECT order_installers.order_id AS order_installers_order_id, order_installers.id AS order_installers_id, order_installers.installer_id AS order_installers_installer_id, order_installers.role AS order_installers_role, order_installers.base_payment AS order_installers_base_payment, order_installers.is_primary AS order_installers_is_primary, order_installers.created_at AS order_installers_created_at, order_installers.updated_at AS order_installers_updated_at 
FROM order_installers 
WHERE order_installers.order_id IN ($1::INTEGER)
2026-03-01 11:29:51,306 - sqlalchemy.engine.Engine - INFO - [cached since 38.52s ago] (2,)
2026-03-01 11:29:51,307 - sqlalchemy.engine.Engine - INFO - SELECT order_expenses.order_id AS order_expenses_order_id, order_expenses.id AS order_expenses_id, order_expenses.amount AS order_expenses_amount, order_expenses.description AS order_expenses_description, order_expenses.expense_date AS order_expenses_expense_date, order_expenses.category AS order_expenses_category, order_expenses.created_at AS order_expenses_created_at, order_expenses.updated_at AS order_expenses_updated_at 
FROM order_expenses 
WHERE order_expenses.order_id IN ($1::INTEGER)
2026-03-01 11:29:51,307 - sqlalchemy.engine.Engine - INFO - [cached since 38.52s ago] (2,)
2026-03-01 11:29:51,308 - sqlalchemy.engine.Engine - INFO - ROLLBACK
2026-03-01 11:29:55,091 - sqlalchemy.engine.Engine - INFO - BEGIN (implicit)
2026-03-01 11:29:55,092 - sqlalchemy.engine.Engine - INFO - SELECT orders.id, orders.client_id, orders.status, orders.warehouse, orders.service_datetime, orders.delivery_datetime, orders.promise, orders.marker_color, orders.address_id, orders.address_text, orders.created_at, orders.updated_at 
FROM orders 
WHERE orders.id = $1::INTEGER
2026-03-01 11:29:55,092 - sqlalchemy.engine.Engine - INFO - [cached since 42.34s ago] (2,)
2026-03-01 11:29:55,093 - sqlalchemy.engine.Engine - INFO - BEGIN (implicit)
2026-03-01 11:29:55,093 - sqlalchemy.engine.Engine - INFO - SELECT admins.id, admins.username, admins.password_hash, admins.created_at 
FROM admins 
WHERE admins.username = $1::VARCHAR
2026-03-01 11:29:55,093 - sqlalchemy.engine.Engine - INFO - [cached since 420.5s ago] ('zhura2296@yandex.ru',)
2026-03-01 11:29:55,095 - sqlalchemy.engine.Engine - INFO - SELECT installers.id, installers.full_name, installers.nickname, installers.phone, installers.backup_phone, installers.specialization, installers.rating, installers.base_price, installers.is_debtor, installers.comments, installers.is_active, installers.is_in_funnel, installers.total_orders, installers.poor_work_count, installers.warranty_visits_count, installers.last_incident_date, installers.updated_at, installers.created_at, installers.deleted_at 
FROM installers 
WHERE installers.deleted_at IS NULL 
 LIMIT $1::INTEGER OFFSET $2::INTEGER
2026-03-01 11:29:55,095 - sqlalchemy.engine.Engine - INFO - [cached since 420.2s ago] (100, 0)
2026-03-01 11:29:55,095 - sqlalchemy.engine.Engine - INFO - SELECT payments.order_id AS payments_order_id, payments.id AS payments_id, payments.payment_type AS payments_payment_type, payments.installer_id AS payments_installer_id, payments.amount AS payments_amount, payments.payment_date AS payments_payment_date, payments.description AS payments_description, payments.created_at AS payments_created_at, payments.updated_at AS payments_updated_at 
FROM payments 
WHERE payments.order_id IN ($1::INTEGER)
2026-03-01 11:29:55,095 - sqlalchemy.engine.Engine - INFO - [cached since 42.33s ago] (2,)
2026-03-01 11:29:55,098 - sqlalchemy.engine.Engine - INFO - SELECT finance.order_id AS finance_order_id, finance.id AS finance_id, finance.revenue AS finance_revenue, finance.cost_of_goods AS finance_cost_of_goods, finance.installer_payments AS finance_installer_payments, finance.expenses AS finance_expenses, finance.warranty_costs_oleg AS finance_warranty_costs_oleg, finance.warranty_costs_installer AS finance_warranty_costs_installer, finance.profit AS finance_profit, finance.created_at AS finance_created_at, finance.updated_at AS finance_updated_at 
FROM finance 
WHERE finance.order_id IN ($1::INTEGER)
2026-03-01 11:29:55,098 - sqlalchemy.engine.Engine - INFO - [cached since 42.33s ago] (2,)
2026-03-01 11:29:55,099 - sqlalchemy.engine.Engine - INFO - SELECT clients.id AS clients_id, clients.full_name AS clients_full_name, clients.phone AS clients_phone, clients.address AS clients_address, clients.coordinates AS clients_coordinates, clients.created_at AS clients_created_at, clients.last_contact AS clients_last_contact, clients.comments AS clients_comments, clients.updated_at AS clients_updated_at, clients.backup_phone AS clients_backup_phone, clients.deleted_at AS clients_deleted_at 
FROM clients 
WHERE clients.id IN ($1::INTEGER)
2026-03-01 11:29:55,099 - sqlalchemy.engine.Engine - INFO - [cached since 42.33s ago] (2,)
2026-03-01 11:29:55,100 - sqlalchemy.engine.Engine - INFO - BEGIN (implicit)
2026-03-01 11:29:55,100 - sqlalchemy.engine.Engine - INFO - SELECT admins.id, admins.username, admins.password_hash, admins.created_at 
FROM admins 
WHERE admins.username = $1::VARCHAR
2026-03-01 11:29:55,100 - sqlalchemy.engine.Engine - INFO - [cached since 420.5s ago] ('zhura2296@yandex.ru',)
2026-03-01 11:29:55,101 - sqlalchemy.engine.Engine - INFO - SELECT address_cache.address AS address_cache_address, address_cache.lat AS address_cache_lat, address_cache.lon AS address_cache_lon, address_cache.updated_at AS address_cache_updated_at 
FROM address_cache 
WHERE address_cache.address IN ($1::VARCHAR)
2026-03-01 11:29:55,101 - sqlalchemy.engine.Engine - INFO - [cached since 42.33s ago] ('Россия, Московская область, Мытищи, улица Мира, 8',)
2026-03-01 11:29:55,101 - sqlalchemy.engine.Engine - INFO - ROLLBACK
2026-03-01 11:29:55,102 - sqlalchemy.engine.Engine - INFO - SELECT order_items.order_id AS order_items_order_id, order_items.id AS order_items_id, order_items.item_type AS order_items_item_type, order_items.name AS order_items_name, order_items.quantity AS order_items_quantity, order_items.purchase_price AS order_items_purchase_price, order_items.sale_price AS order_items_sale_price, order_items.warranty_manufacturer AS order_items_warranty_manufacturer, order_items.warranty_master AS order_items_warranty_master, order_items.sort_order AS order_items_sort_order, order_items.created_at AS order_items_created_at, order_items.updated_at AS order_items_updated_at 
FROM order_items 
WHERE order_items.order_id IN ($1::INTEGER)
2026-03-01 11:29:55,102 - sqlalchemy.engine.Engine - INFO - [cached since 42.32s ago] (2,)
2026-03-01 11:29:55,103 - sqlalchemy.engine.Engine - INFO - SELECT installers.id, installers.full_name, installers.nickname, installers.phone, installers.backup_phone, installers.specialization, installers.rating, installers.base_price, installers.is_debtor, installers.comments, installers.is_active, installers.is_in_funnel, installers.total_orders, installers.poor_work_count, installers.warranty_visits_count, installers.last_incident_date, installers.updated_at, installers.created_at, installers.deleted_at 
FROM installers 
WHERE installers.deleted_at IS NULL 
 LIMIT $1::INTEGER OFFSET $2::INTEGER
2026-03-01 11:29:55,103 - sqlalchemy.engine.Engine - INFO - [cached since 420.2s ago] (100, 0)
2026-03-01 11:29:55,104 - sqlalchemy.engine.Engine - INFO - SELECT order_installers.order_id AS order_installers_order_id, order_installers.id AS order_installers_id, order_installers.installer_id AS order_installers_installer_id, order_installers.role AS order_installers_role, order_installers.base_payment AS order_installers_base_payment, order_installers.is_primary AS order_installers_is_primary, order_installers.created_at AS order_installers_created_at, order_installers.updated_at AS order_installers_updated_at 
FROM order_installers 
WHERE order_installers.order_id IN ($1::INTEGER)
2026-03-01 11:29:55,104 - sqlalchemy.engine.Engine - INFO - [cached since 42.32s ago] (2,)
2026-03-01 11:29:55,106 - sqlalchemy.engine.Engine - INFO - SELECT order_expenses.order_id AS order_expenses_order_id, order_expenses.id AS order_expenses_id, order_expenses.amount AS order_expenses_amount, order_expenses.description AS order_expenses_description, order_expenses.expense_date AS order_expenses_expense_date, order_expenses.category AS order_expenses_category, order_expenses.created_at AS order_expenses_created_at, order_expenses.updated_at AS order_expenses_updated_at 
FROM order_expenses 
WHERE order_expenses.order_id IN ($1::INTEGER)
2026-03-01 11:29:55,106 - sqlalchemy.engine.Engine - INFO - [cached since 42.32s ago] (2,)
2026-03-01 11:29:55,107 - sqlalchemy.engine.Engine - INFO - ROLLBACK
2026-03-01 11:29:55,108 - sqlalchemy.engine.Engine - INFO - ROLLBACK
2026-03-01 11:29:55,110 - sqlalchemy.engine.Engine - INFO - BEGIN (implicit)
2026-03-01 11:29:55,111 - sqlalchemy.engine.Engine - INFO - SELECT orders.id, orders.client_id, orders.status, orders.warehouse, orders.service_datetime, orders.delivery_datetime, orders.promise, orders.marker_color, orders.address_id, orders.address_text, orders.created_at, orders.updated_at 
FROM orders 
WHERE orders.id = $1::INTEGER
2026-03-01 11:29:55,111 - sqlalchemy.engine.Engine - INFO - [cached since 42.35s ago] (2,)
2026-03-01 11:29:55,113 - sqlalchemy.engine.Engine - INFO - SELECT payments.order_id AS payments_order_id, payments.id AS payments_id, payments.payment_type AS payments_payment_type, payments.installer_id AS payments_installer_id, payments.amount AS payments_amount, payments.payment_date AS payments_payment_date, payments.description AS payments_description, payments.created_at AS payments_created_at, payments.updated_at AS payments_updated_at 
FROM payments 
WHERE payments.order_id IN ($1::INTEGER)
2026-03-01 11:29:55,113 - sqlalchemy.engine.Engine - INFO - [cached since 42.35s ago] (2,)
2026-03-01 11:29:55,114 - sqlalchemy.engine.Engine - INFO - SELECT finance.order_id AS finance_order_id, finance.id AS finance_id, finance.revenue AS finance_revenue, finance.cost_of_goods AS finance_cost_of_goods, finance.installer_payments AS finance_installer_payments, finance.expenses AS finance_expenses, finance.warranty_costs_oleg AS finance_warranty_costs_oleg, finance.warranty_costs_installer AS finance_warranty_costs_installer, finance.profit AS finance_profit, finance.created_at AS finance_created_at, finance.updated_at AS finance_updated_at 
FROM finance 
WHERE finance.order_id IN ($1::INTEGER)
2026-03-01 11:29:55,114 - sqlalchemy.engine.Engine - INFO - [cached since 42.35s ago] (2,)
2026-03-01 11:29:55,115 - sqlalchemy.engine.Engine - INFO - SELECT clients.id AS clients_id, clients.full_name AS clients_full_name, clients.phone AS clients_phone, clients.address AS clients_address, clients.coordinates AS clients_coordinates, clients.created_at AS clients_created_at, clients.last_contact AS clients_last_contact, clients.comments AS clients_comments, clients.updated_at AS clients_updated_at, clients.backup_phone AS clients_backup_phone, clients.deleted_at AS clients_deleted_at 
FROM clients 
WHERE clients.id IN ($1::INTEGER)
2026-03-01 11:29:55,115 - sqlalchemy.engine.Engine - INFO - [cached since 42.34s ago] (2,)
2026-03-01 11:29:55,116 - sqlalchemy.engine.Engine - INFO - SELECT address_cache.address AS address_cache_address, address_cache.lat AS address_cache_lat, address_cache.lon AS address_cache_lon, address_cache.updated_at AS address_cache_updated_at 
FROM address_cache 
WHERE address_cache.address IN ($1::VARCHAR)
2026-03-01 11:29:55,116 - sqlalchemy.engine.Engine - INFO - [cached since 42.34s ago] ('Россия, Московская область, Мытищи, улица Мира, 8',)
2026-03-01 11:29:55,116 - sqlalchemy.engine.Engine - INFO - SELECT order_items.order_id AS order_items_order_id, order_items.id AS order_items_id, order_items.item_type AS order_items_item_type, order_items.name AS order_items_name, order_items.quantity AS order_items_quantity, order_items.purchase_price AS order_items_purchase_price, order_items.sale_price AS order_items_sale_price, order_items.warranty_manufacturer AS order_items_warranty_manufacturer, order_items.warranty_master AS order_items_warranty_master, order_items.sort_order AS order_items_sort_order, order_items.created_at AS order_items_created_at, order_items.updated_at AS order_items_updated_at 
FROM order_items 
WHERE order_items.order_id IN ($1::INTEGER)
2026-03-01 11:29:55,117 - sqlalchemy.engine.Engine - INFO - [cached since 42.34s ago] (2,)
2026-03-01 11:29:55,117 - sqlalchemy.engine.Engine - INFO - SELECT order_installers.order_id AS order_installers_order_id, order_installers.id AS order_installers_id, order_installers.installer_id AS order_installers_installer_id, order_installers.role AS order_installers_role, order_installers.base_payment AS order_installers_base_payment, order_installers.is_primary AS order_installers_is_primary, order_installers.created_at AS order_installers_created_at, order_installers.updated_at AS order_installers_updated_at 
FROM order_installers 
WHERE order_installers.order_id IN ($1::INTEGER)
2026-03-01 11:29:55,118 - sqlalchemy.engine.Engine - INFO - [cached since 42.33s ago] (2,)
2026-03-01 11:29:55,118 - sqlalchemy.engine.Engine - INFO - SELECT order_expenses.order_id AS order_expenses_order_id, order_expenses.id AS order_expenses_id, order_expenses.amount AS order_expenses_amount, order_expenses.description AS order_expenses_description, order_expenses.expense_date AS order_expenses_expense_date, order_expenses.category AS order_expenses_category, order_expenses.created_at AS order_expenses_created_at, order_expenses.updated_at AS order_expenses_updated_at 
FROM order_expenses 
WHERE order_expenses.order_id IN ($1::INTEGER)
2026-03-01 11:29:55,118 - sqlalchemy.engine.Engine - INFO - [cached since 42.33s ago] (2,)
2026-03-01 11:29:55,119 - sqlalchemy.engine.Engine - INFO - ROLLBACK
2026-03-01 11:30:04,409 - sqlalchemy.engine.Engine - INFO - BEGIN (implicit)
2026-03-01 11:30:04,409 - sqlalchemy.engine.Engine - INFO - SELECT admins.id, admins.username, admins.password_hash, admins.created_at 
FROM admins 
WHERE admins.username = $1::VARCHAR
2026-03-01 11:30:04,409 - sqlalchemy.engine.Engine - INFO - [cached since 429.9s ago] ('zhura2296@yandex.ru',)
2026-03-01 11:30:04,642 - sqlalchemy.engine.Engine - INFO - ROLLBACK
2026-03-01 11:30:04,790 - sqlalchemy.engine.Engine - INFO - BEGIN (implicit)
2026-03-01 11:30:04,791 - sqlalchemy.engine.Engine - INFO - SELECT admins.id, admins.username, admins.password_hash, admins.created_at 
FROM admins 
WHERE admins.username = $1::VARCHAR
2026-03-01 11:30:04,791 - sqlalchemy.engine.Engine - INFO - [cached since 430.2s ago] ('zhura2296@yandex.ru',)
2026-03-01 11:30:04,792 - sqlalchemy.engine.Engine - INFO - BEGIN (implicit)
2026-03-01 11:30:04,792 - sqlalchemy.engine.Engine - INFO - SELECT admins.id, admins.username, admins.password_hash, admins.created_at 
FROM admins 
WHERE admins.username = $1::VARCHAR
2026-03-01 11:30:04,792 - sqlalchemy.engine.Engine - INFO - [cached since 430.2s ago] ('zhura2296@yandex.ru',)
2026-03-01 11:30:04,792 - sqlalchemy.engine.Engine - INFO - SELECT clients.id, clients.full_name, clients.phone, clients.address, clients.coordinates, clients.created_at, clients.last_contact, clients.comments, clients.updated_at, clients.backup_phone, clients.deleted_at 
FROM clients 
 LIMIT $1::INTEGER OFFSET $2::INTEGER
2026-03-01 11:30:04,793 - sqlalchemy.engine.Engine - INFO - [cached since 429.9s ago] (100, 0)
2026-03-01 11:30:04,793 - sqlalchemy.engine.Engine - INFO - SELECT installers.id, installers.full_name, installers.nickname, installers.phone, installers.backup_phone, installers.specialization, installers.rating, installers.base_price, installers.is_debtor, installers.comments, installers.is_active, installers.is_in_funnel, installers.total_orders, installers.poor_work_count, installers.warranty_visits_count, installers.last_incident_date, installers.updated_at, installers.created_at, installers.deleted_at 
FROM installers 
WHERE installers.deleted_at IS NULL 
 LIMIT $1::INTEGER OFFSET $2::INTEGER
2026-03-01 11:30:04,793 - sqlalchemy.engine.Engine - INFO - [cached since 429.9s ago] (100, 0)
2026-03-01 11:30:04,795 - sqlalchemy.engine.Engine - INFO - ROLLBACK
2026-03-01 11:30:04,795 - sqlalchemy.engine.Engine - INFO - ROLLBACK
2026-03-01 11:30:04,796 - sqlalchemy.engine.Engine - INFO - BEGIN (implicit)
2026-03-01 11:30:04,797 - sqlalchemy.engine.Engine - INFO - SELECT admins.id, admins.username, admins.password_hash, admins.created_at 
FROM admins 
WHERE admins.username = $1::VARCHAR
2026-03-01 11:30:04,797 - sqlalchemy.engine.Engine - INFO - [cached since 430.2s ago] ('zhura2296@yandex.ru',)
2026-03-01 11:30:04,798 - sqlalchemy.engine.Engine - INFO - BEGIN (implicit)
2026-03-01 11:30:04,798 - sqlalchemy.engine.Engine - INFO - SELECT admins.id, admins.username, admins.password_hash, admins.created_at 
FROM admins 
WHERE admins.username = $1::VARCHAR
2026-03-01 11:30:04,798 - sqlalchemy.engine.Engine - INFO - [cached since 430.2s ago] ('zhura2296@yandex.ru',)
2026-03-01 11:30:04,799 - sqlalchemy.engine.Engine - INFO - SELECT clients.id, clients.full_name, clients.phone, clients.address, clients.coordinates, clients.created_at, clients.last_contact, clients.comments, clients.updated_at, clients.backup_phone, clients.deleted_at 
FROM clients 
 LIMIT $1::INTEGER OFFSET $2::INTEGER
2026-03-01 11:30:04,799 - sqlalchemy.engine.Engine - INFO - [cached since 429.9s ago] (100, 0)
2026-03-01 11:30:04,799 - sqlalchemy.engine.Engine - INFO - SELECT installers.id, installers.full_name, installers.nickname, installers.phone, installers.backup_phone, installers.specialization, installers.rating, installers.base_price, installers.is_debtor, installers.comments, installers.is_active, installers.is_in_funnel, installers.total_orders, installers.poor_work_count, installers.warranty_visits_count, installers.last_incident_date, installers.updated_at, installers.created_at, installers.deleted_at 
FROM installers 
WHERE installers.deleted_at IS NULL 
 LIMIT $1::INTEGER OFFSET $2::INTEGER
2026-03-01 11:30:04,799 - sqlalchemy.engine.Engine - INFO - [cached since 429.9s ago] (100, 0)
2026-03-01 11:30:04,801 - sqlalchemy.engine.Engine - INFO - ROLLBACK
2026-03-01 11:30:04,801 - sqlalchemy.engine.Engine - INFO - ROLLBACK
2026-03-01 11:30:06,320 - sqlalchemy.engine.Engine - INFO - BEGIN (implicit)
2026-03-01 11:30:06,320 - sqlalchemy.engine.Engine - INFO - SELECT orders.id, orders.client_id, orders.status, orders.warehouse, orders.service_datetime, orders.delivery_datetime, orders.promise, orders.marker_color, orders.address_id, orders.address_text, orders.created_at, orders.updated_at 
FROM orders 
 LIMIT $1::INTEGER OFFSET $2::INTEGER
2026-03-01 11:30:06,320 - sqlalchemy.engine.Engine - INFO - [cached since 428.8s ago] (100, 0)
2026-03-01 11:30:06,321 - sqlalchemy.engine.Engine - INFO - SELECT finance.order_id AS finance_order_id, finance.id AS finance_id, finance.revenue AS finance_revenue, finance.cost_of_goods AS finance_cost_of_goods, finance.installer_payments AS finance_installer_payments, finance.expenses AS finance_expenses, finance.warranty_costs_oleg AS finance_warranty_costs_oleg, finance.warranty_costs_installer AS finance_warranty_costs_installer, finance.profit AS finance_profit, finance.created_at AS finance_created_at, finance.updated_at AS finance_updated_at 
FROM finance 
WHERE finance.order_id IN ($1::INTEGER, $2::INTEGER)
2026-03-01 11:30:06,321 - sqlalchemy.engine.Engine - INFO - [cached since 428.8s ago] (1, 2)
2026-03-01 11:30:06,322 - sqlalchemy.engine.Engine - INFO - SELECT clients.id AS clients_id, clients.full_name AS clients_full_name, clients.phone AS clients_phone, clients.address AS clients_address, clients.coordinates AS clients_coordinates, clients.created_at AS clients_created_at, clients.last_contact AS clients_last_contact, clients.comments AS clients_comments, clients.updated_at AS clients_updated_at, clients.backup_phone AS clients_backup_phone, clients.deleted_at AS clients_deleted_at 
FROM clients 
WHERE clients.id IN ($1::INTEGER, $2::INTEGER)
2026-03-01 11:30:06,322 - sqlalchemy.engine.Engine - INFO - [cached since 428.8s ago] (1, 2)
2026-03-01 11:30:06,323 - sqlalchemy.engine.Engine - INFO - SELECT address_cache.address AS address_cache_address, address_cache.lat AS address_cache_lat, address_cache.lon AS address_cache_lon, address_cache.updated_at AS address_cache_updated_at 
FROM address_cache 
WHERE address_cache.address IN ($1::VARCHAR, $2::VARCHAR)
2026-03-01 11:30:06,323 - sqlalchemy.engine.Engine - INFO - [cached since 428.8s ago] ('Москва, ул. Тверская, д. 12, кв. 45', 'Россия, Московская область, Мытищи, улица Мира, 8')
2026-03-01 11:30:06,324 - sqlalchemy.engine.Engine - INFO - ROLLBACK
2026-03-01 11:30:06,325 - sqlalchemy.engine.Engine - INFO - BEGIN (implicit)
2026-03-01 11:30:06,326 - sqlalchemy.engine.Engine - INFO - SELECT orders.id, orders.client_id, orders.status, orders.warehouse, orders.service_datetime, orders.delivery_datetime, orders.promise, orders.marker_color, orders.address_id, orders.address_text, orders.created_at, orders.updated_at 
FROM orders 
 LIMIT $1::INTEGER OFFSET $2::INTEGER
2026-03-01 11:30:06,326 - sqlalchemy.engine.Engine - INFO - [cached since 428.8s ago] (100, 0)
2026-03-01 11:30:06,327 - sqlalchemy.engine.Engine - INFO - SELECT finance.order_id AS finance_order_id, finance.id AS finance_id, finance.revenue AS finance_revenue, finance.cost_of_goods AS finance_cost_of_goods, finance.installer_payments AS finance_installer_payments, finance.expenses AS finance_expenses, finance.warranty_costs_oleg AS finance_warranty_costs_oleg, finance.warranty_costs_installer AS finance_warranty_costs_installer, finance.profit AS finance_profit, finance.created_at AS finance_created_at, finance.updated_at AS finance_updated_at 
FROM finance 
WHERE finance.order_id IN ($1::INTEGER, $2::INTEGER)
2026-03-01 11:30:06,327 - sqlalchemy.engine.Engine - INFO - [cached since 428.8s ago] (1, 2)
2026-03-01 11:30:06,329 - sqlalchemy.engine.Engine - INFO - SELECT clients.id AS clients_id, clients.full_name AS clients_full_name, clients.phone AS clients_phone, clients.address AS clients_address, clients.coordinates AS clients_coordinates, clients.created_at AS clients_created_at, clients.last_contact AS clients_last_contact, clients.comments AS clients_comments, clients.updated_at AS clients_updated_at, clients.backup_phone AS clients_backup_phone, clients.deleted_at AS clients_deleted_at 
FROM clients 
WHERE clients.id IN ($1::INTEGER, $2::INTEGER)
2026-03-01 11:30:06,329 - sqlalchemy.engine.Engine - INFO - [cached since 428.8s ago] (1, 2)
2026-03-01 11:30:06,330 - sqlalchemy.engine.Engine - INFO - SELECT address_cache.address AS address_cache_address, address_cache.lat AS address_cache_lat, address_cache.lon AS address_cache_lon, address_cache.updated_at AS address_cache_updated_at 
FROM address_cache 
WHERE address_cache.address IN ($1::VARCHAR, $2::VARCHAR)
2026-03-01 11:30:06,330 - sqlalchemy.engine.Engine - INFO - [cached since 428.8s ago] ('Москва, ул. Тверская, д. 12, кв. 45', 'Россия, Московская область, Мытищи, улица Мира, 8')
2026-03-01 11:30:06,332 - sqlalchemy.engine.Engine - INFO - ROLLBACK
2026-03-01 11:30:08,076 - sqlalchemy.engine.Engine - INFO - BEGIN (implicit)
2026-03-01 11:30:08,077 - sqlalchemy.engine.Engine - INFO - SELECT orders.id, orders.client_id, orders.status, orders.warehouse, orders.service_datetime, orders.delivery_datetime, orders.promise, orders.marker_color, orders.address_id, orders.address_text, orders.created_at, orders.updated_at 
FROM orders 
WHERE orders.id = $1::INTEGER
2026-03-01 11:30:08,077 - sqlalchemy.engine.Engine - INFO - [cached since 55.32s ago] (2,)
2026-03-01 11:30:08,078 - sqlalchemy.engine.Engine - INFO - BEGIN (implicit)
2026-03-01 11:30:08,078 - sqlalchemy.engine.Engine - INFO - SELECT admins.id, admins.username, admins.password_hash, admins.created_at 
FROM admins 
WHERE admins.username = $1::VARCHAR
2026-03-01 11:30:08,078 - sqlalchemy.engine.Engine - INFO - [cached since 433.5s ago] ('zhura2296@yandex.ru',)
2026-03-01 11:30:08,079 - sqlalchemy.engine.Engine - INFO - SELECT installers.id, installers.full_name, installers.nickname, installers.phone, installers.backup_phone, installers.specialization, installers.rating, installers.base_price, installers.is_debtor, installers.comments, installers.is_active, installers.is_in_funnel, installers.total_orders, installers.poor_work_count, installers.warranty_visits_count, installers.last_incident_date, installers.updated_at, installers.created_at, installers.deleted_at 
FROM installers 
WHERE installers.deleted_at IS NULL 
 LIMIT $1::INTEGER OFFSET $2::INTEGER
2026-03-01 11:30:08,079 - sqlalchemy.engine.Engine - INFO - [cached since 433.2s ago] (100, 0)
2026-03-01 11:30:08,080 - sqlalchemy.engine.Engine - INFO - SELECT payments.order_id AS payments_order_id, payments.id AS payments_id, payments.payment_type AS payments_payment_type, payments.installer_id AS payments_installer_id, payments.amount AS payments_amount, payments.payment_date AS payments_payment_date, payments.description AS payments_description, payments.created_at AS payments_created_at, payments.updated_at AS payments_updated_at 
FROM payments 
WHERE payments.order_id IN ($1::INTEGER)
2026-03-01 11:30:08,080 - sqlalchemy.engine.Engine - INFO - [cached since 55.32s ago] (2,)
2026-03-01 11:30:08,081 - sqlalchemy.engine.Engine - INFO - SELECT finance.order_id AS finance_order_id, finance.id AS finance_id, finance.revenue AS finance_revenue, finance.cost_of_goods AS finance_cost_of_goods, finance.installer_payments AS finance_installer_payments, finance.expenses AS finance_expenses, finance.warranty_costs_oleg AS finance_warranty_costs_oleg, finance.warranty_costs_installer AS finance_warranty_costs_installer, finance.profit AS finance_profit, finance.created_at AS finance_created_at, finance.updated_at AS finance_updated_at 
FROM finance 
WHERE finance.order_id IN ($1::INTEGER)
2026-03-01 11:30:08,081 - sqlalchemy.engine.Engine - INFO - [cached since 55.32s ago] (2,)
2026-03-01 11:30:08,083 - sqlalchemy.engine.Engine - INFO - SELECT clients.id AS clients_id, clients.full_name AS clients_full_name, clients.phone AS clients_phone, clients.address AS clients_address, clients.coordinates AS clients_coordinates, clients.created_at AS clients_created_at, clients.last_contact AS clients_last_contact, clients.comments AS clients_comments, clients.updated_at AS clients_updated_at, clients.backup_phone AS clients_backup_phone, clients.deleted_at AS clients_deleted_at 
FROM clients 
WHERE clients.id IN ($1::INTEGER)
2026-03-01 11:30:08,083 - sqlalchemy.engine.Engine - INFO - [cached since 55.31s ago] (2,)
2026-03-01 11:30:08,084 - sqlalchemy.engine.Engine - INFO - BEGIN (implicit)
2026-03-01 11:30:08,084 - sqlalchemy.engine.Engine - INFO - SELECT admins.id, admins.username, admins.password_hash, admins.created_at 
FROM admins 
WHERE admins.username = $1::VARCHAR
2026-03-01 11:30:08,084 - sqlalchemy.engine.Engine - INFO - [cached since 433.5s ago] ('zhura2296@yandex.ru',)
2026-03-01 11:30:08,085 - sqlalchemy.engine.Engine - INFO - SELECT address_cache.address AS address_cache_address, address_cache.lat AS address_cache_lat, address_cache.lon AS address_cache_lon, address_cache.updated_at AS address_cache_updated_at 
FROM address_cache 
WHERE address_cache.address IN ($1::VARCHAR)
2026-03-01 11:30:08,085 - sqlalchemy.engine.Engine - INFO - [cached since 55.31s ago] ('Россия, Московская область, Мытищи, улица Мира, 8',)
2026-03-01 11:30:08,085 - sqlalchemy.engine.Engine - INFO - ROLLBACK
2026-03-01 11:30:08,086 - sqlalchemy.engine.Engine - INFO - SELECT order_items.order_id AS order_items_order_id, order_items.id AS order_items_id, order_items.item_type AS order_items_item_type, order_items.name AS order_items_name, order_items.quantity AS order_items_quantity, order_items.purchase_price AS order_items_purchase_price, order_items.sale_price AS order_items_sale_price, order_items.warranty_manufacturer AS order_items_warranty_manufacturer, order_items.warranty_master AS order_items_warranty_master, order_items.sort_order AS order_items_sort_order, order_items.created_at AS order_items_created_at, order_items.updated_at AS order_items_updated_at 
FROM order_items 
WHERE order_items.order_id IN ($1::INTEGER)
2026-03-01 11:30:08,086 - sqlalchemy.engine.Engine - INFO - [cached since 55.31s ago] (2,)
2026-03-01 11:30:08,087 - sqlalchemy.engine.Engine - INFO - SELECT installers.id, installers.full_name, installers.nickname, installers.phone, installers.backup_phone, installers.specialization, installers.rating, installers.base_price, installers.is_debtor, installers.comments, installers.is_active, installers.is_in_funnel, installers.total_orders, installers.poor_work_count, installers.warranty_visits_count, installers.last_incident_date, installers.updated_at, installers.created_at, installers.deleted_at 
FROM installers 
WHERE installers.deleted_at IS NULL 
 LIMIT $1::INTEGER OFFSET $2::INTEGER
2026-03-01 11:30:08,087 - sqlalchemy.engine.Engine - INFO - [cached since 433.2s ago] (100, 0)
2026-03-01 11:30:08,088 - sqlalchemy.engine.Engine - INFO - SELECT order_installers.order_id AS order_installers_order_id, order_installers.id AS order_installers_id, order_installers.installer_id AS order_installers_installer_id, order_installers.role AS order_installers_role, order_installers.base_payment AS order_installers_base_payment, order_installers.is_primary AS order_installers_is_primary, order_installers.created_at AS order_installers_created_at, order_installers.updated_at AS order_installers_updated_at 
FROM order_installers 
WHERE order_installers.order_id IN ($1::INTEGER)
2026-03-01 11:30:08,089 - sqlalchemy.engine.Engine - INFO - [cached since 55.3s ago] (2,)
2026-03-01 11:30:08,090 - sqlalchemy.engine.Engine - INFO - SELECT order_expenses.order_id AS order_expenses_order_id, order_expenses.id AS order_expenses_id, order_expenses.amount AS order_expenses_amount, order_expenses.description AS order_expenses_description, order_expenses.expense_date AS order_expenses_expense_date, order_expenses.category AS order_expenses_category, order_expenses.created_at AS order_expenses_created_at, order_expenses.updated_at AS order_expenses_updated_at 
FROM order_expenses 
WHERE order_expenses.order_id IN ($1::INTEGER)
2026-03-01 11:30:08,090 - sqlalchemy.engine.Engine - INFO - [cached since 55.3s ago] (2,)
2026-03-01 11:30:08,092 - sqlalchemy.engine.Engine - INFO - ROLLBACK
2026-03-01 11:30:08,092 - sqlalchemy.engine.Engine - INFO - ROLLBACK
2026-03-01 11:30:08,093 - sqlalchemy.engine.Engine - INFO - BEGIN (implicit)
2026-03-01 11:30:08,093 - sqlalchemy.engine.Engine - INFO - SELECT orders.id, orders.client_id, orders.status, orders.warehouse, orders.service_datetime, orders.delivery_datetime, orders.promise, orders.marker_color, orders.address_id, orders.address_text, orders.created_at, orders.updated_at 
FROM orders 
WHERE orders.id = $1::INTEGER
2026-03-01 11:30:08,093 - sqlalchemy.engine.Engine - INFO - [cached since 55.34s ago] (2,)
2026-03-01 11:30:08,095 - sqlalchemy.engine.Engine - INFO - SELECT payments.order_id AS payments_order_id, payments.id AS payments_id, payments.payment_type AS payments_payment_type, payments.installer_id AS payments_installer_id, payments.amount AS payments_amount, payments.payment_date AS payments_payment_date, payments.description AS payments_description, payments.created_at AS payments_created_at, payments.updated_at AS payments_updated_at 
FROM payments 
WHERE payments.order_id IN ($1::INTEGER)
2026-03-01 11:30:08,095 - sqlalchemy.engine.Engine - INFO - [cached since 55.33s ago] (2,)
2026-03-01 11:30:08,096 - sqlalchemy.engine.Engine - INFO - SELECT finance.order_id AS finance_order_id, finance.id AS finance_id, finance.revenue AS finance_revenue, finance.cost_of_goods AS finance_cost_of_goods, finance.installer_payments AS finance_installer_payments, finance.expenses AS finance_expenses, finance.warranty_costs_oleg AS finance_warranty_costs_oleg, finance.warranty_costs_installer AS finance_warranty_costs_installer, finance.profit AS finance_profit, finance.created_at AS finance_created_at, finance.updated_at AS finance_updated_at 
FROM finance 
WHERE finance.order_id IN ($1::INTEGER)
2026-03-01 11:30:08,096 - sqlalchemy.engine.Engine - INFO - [cached since 55.33s ago] (2,)
2026-03-01 11:30:08,096 - sqlalchemy.engine.Engine - INFO - SELECT clients.id AS clients_id, clients.full_name AS clients_full_name, clients.phone AS clients_phone, clients.address AS clients_address, clients.coordinates AS clients_coordinates, clients.created_at AS clients_created_at, clients.last_contact AS clients_last_contact, clients.comments AS clients_comments, clients.updated_at AS clients_updated_at, clients.backup_phone AS clients_backup_phone, clients.deleted_at AS clients_deleted_at 
FROM clients 
WHERE clients.id IN ($1::INTEGER)
2026-03-01 11:30:08,096 - sqlalchemy.engine.Engine - INFO - [cached since 55.33s ago] (2,)
2026-03-01 11:30:08,097 - sqlalchemy.engine.Engine - INFO - SELECT address_cache.address AS address_cache_address, address_cache.lat AS address_cache_lat, address_cache.lon AS address_cache_lon, address_cache.updated_at AS address_cache_updated_at 
FROM address_cache 
WHERE address_cache.address IN ($1::VARCHAR)
2026-03-01 11:30:08,098 - sqlalchemy.engine.Engine - INFO - [cached since 55.32s ago] ('Россия, Московская область, Мытищи, улица Мира, 8',)
2026-03-01 11:30:08,099 - sqlalchemy.engine.Engine - INFO - SELECT order_items.order_id AS order_items_order_id, order_items.id AS order_items_id, order_items.item_type AS order_items_item_type, order_items.name AS order_items_name, order_items.quantity AS order_items_quantity, order_items.purchase_price AS order_items_purchase_price, order_items.sale_price AS order_items_sale_price, order_items.warranty_manufacturer AS order_items_warranty_manufacturer, order_items.warranty_master AS order_items_warranty_master, order_items.sort_order AS order_items_sort_order, order_items.created_at AS order_items_created_at, order_items.updated_at AS order_items_updated_at 
FROM order_items 
WHERE order_items.order_id IN ($1::INTEGER)
2026-03-01 11:30:08,099 - sqlalchemy.engine.Engine - INFO - [cached since 55.32s ago] (2,)
2026-03-01 11:30:08,100 - sqlalchemy.engine.Engine - INFO - SELECT order_installers.order_id AS order_installers_order_id, order_installers.id AS order_installers_id, order_installers.installer_id AS order_installers_installer_id, order_installers.role AS order_installers_role, order_installers.base_payment AS order_installers_base_payment, order_installers.is_primary AS order_installers_is_primary, order_installers.created_at AS order_installers_created_at, order_installers.updated_at AS order_installers_updated_at 
FROM order_installers 
WHERE order_installers.order_id IN ($1::INTEGER)
2026-03-01 11:30:08,100 - sqlalchemy.engine.Engine - INFO - [cached since 55.31s ago] (2,)
2026-03-01 11:30:08,101 - sqlalchemy.engine.Engine - INFO - SELECT order_expenses.order_id AS order_expenses_order_id, order_expenses.id AS order_expenses_id, order_expenses.amount AS order_expenses_amount, order_expenses.description AS order_expenses_description, order_expenses.expense_date AS order_expenses_expense_date, order_expenses.category AS order_expenses_category, order_expenses.created_at AS order_expenses_created_at, order_expenses.updated_at AS order_expenses_updated_at 
FROM order_expenses 
WHERE order_expenses.order_id IN ($1::INTEGER)
2026-03-01 11:30:08,101 - sqlalchemy.engine.Engine - INFO - [cached since 55.31s ago] (2,)
2026-03-01 11:30:08,103 - sqlalchemy.engine.Engine - INFO - ROLLBACK
2026-03-01 11:32:02,901 - sqlalchemy.engine.Engine - INFO - BEGIN (implicit)
2026-03-01 11:32:02,902 - sqlalchemy.engine.Engine - INFO - SELECT admins.id, admins.username, admins.password_hash, admins.created_at 
FROM admins 
WHERE admins.username = $1::VARCHAR
2026-03-01 11:32:02,902 - sqlalchemy.engine.Engine - INFO - [cached since 548.3s ago] ('zhura2296@yandex.ru',)
2026-03-01 11:32:02,904 - sqlalchemy.engine.Engine - INFO - SELECT installers.id, installers.full_name, installers.nickname, installers.phone, installers.backup_phone, installers.specialization, installers.rating, installers.base_price, installers.is_debtor, installers.comments, installers.is_active, installers.is_in_funnel, installers.total_orders, installers.poor_work_count, installers.warranty_visits_count, installers.last_incident_date, installers.updated_at, installers.created_at, installers.deleted_at 
FROM installers 
WHERE installers.deleted_at IS NULL 
 LIMIT $1::INTEGER OFFSET $2::INTEGER
2026-03-01 11:32:02,904 - sqlalchemy.engine.Engine - INFO - [cached since 548s ago] (100, 0)
2026-03-01 11:32:02,906 - sqlalchemy.engine.Engine - INFO - BEGIN (implicit)
2026-03-01 11:32:02,906 - sqlalchemy.engine.Engine - INFO - SELECT orders.id, orders.client_id, orders.status, orders.warehouse, orders.service_datetime, orders.delivery_datetime, orders.promise, orders.marker_color, orders.address_id, orders.address_text, orders.created_at, orders.updated_at 
FROM orders 
WHERE orders.id = $1::INTEGER
2026-03-01 11:32:02,906 - sqlalchemy.engine.Engine - INFO - [cached since 170.1s ago] (1,)
2026-03-01 11:32:02,908 - sqlalchemy.engine.Engine - INFO - SELECT payments.order_id AS payments_order_id, payments.id AS payments_id, payments.payment_type AS payments_payment_type, payments.installer_id AS payments_installer_id, payments.amount AS payments_amount, payments.payment_date AS payments_payment_date, payments.description AS payments_description, payments.created_at AS payments_created_at, payments.updated_at AS payments_updated_at 
FROM payments 
WHERE payments.order_id IN ($1::INTEGER)
2026-03-01 11:32:02,908 - sqlalchemy.engine.Engine - INFO - [cached since 170.1s ago] (1,)
2026-03-01 11:32:02,909 - sqlalchemy.engine.Engine - INFO - ROLLBACK
2026-03-01 11:32:02,910 - sqlalchemy.engine.Engine - INFO - BEGIN (implicit)
2026-03-01 11:32:02,911 - sqlalchemy.engine.Engine - INFO - SELECT admins.id, admins.username, admins.password_hash, admins.created_at 
FROM admins 
WHERE admins.username = $1::VARCHAR
2026-03-01 11:32:02,911 - sqlalchemy.engine.Engine - INFO - [cached since 548.4s ago] ('zhura2296@yandex.ru',)
2026-03-01 11:32:02,912 - sqlalchemy.engine.Engine - INFO - SELECT finance.order_id AS finance_order_id, finance.id AS finance_id, finance.revenue AS finance_revenue, finance.cost_of_goods AS finance_cost_of_goods, finance.installer_payments AS finance_installer_payments, finance.expenses AS finance_expenses, finance.warranty_costs_oleg AS finance_warranty_costs_oleg, finance.warranty_costs_installer AS finance_warranty_costs_installer, finance.profit AS finance_profit, finance.created_at AS finance_created_at, finance.updated_at AS finance_updated_at 
FROM finance 
WHERE finance.order_id IN ($1::INTEGER)
2026-03-01 11:32:02,912 - sqlalchemy.engine.Engine - INFO - [cached since 170.1s ago] (1,)
2026-03-01 11:32:02,914 - sqlalchemy.engine.Engine - INFO - SELECT clients.id AS clients_id, clients.full_name AS clients_full_name, clients.phone AS clients_phone, clients.address AS clients_address, clients.coordinates AS clients_coordinates, clients.created_at AS clients_created_at, clients.last_contact AS clients_last_contact, clients.comments AS clients_comments, clients.updated_at AS clients_updated_at, clients.backup_phone AS clients_backup_phone, clients.deleted_at AS clients_deleted_at 
FROM clients 
WHERE clients.id IN ($1::INTEGER)
2026-03-01 11:32:02,914 - sqlalchemy.engine.Engine - INFO - [cached since 170.1s ago] (1,)
2026-03-01 11:32:02,916 - sqlalchemy.engine.Engine - INFO - SELECT installers.id, installers.full_name, installers.nickname, installers.phone, installers.backup_phone, installers.specialization, installers.rating, installers.base_price, installers.is_debtor, installers.comments, installers.is_active, installers.is_in_funnel, installers.total_orders, installers.poor_work_count, installers.warranty_visits_count, installers.last_incident_date, installers.updated_at, installers.created_at, installers.deleted_at 
FROM installers 
WHERE installers.deleted_at IS NULL 
 LIMIT $1::INTEGER OFFSET $2::INTEGER
2026-03-01 11:32:02,916 - sqlalchemy.engine.Engine - INFO - [cached since 548s ago] (100, 0)
2026-03-01 11:32:02,917 - sqlalchemy.engine.Engine - INFO - SELECT address_cache.address AS address_cache_address, address_cache.lat AS address_cache_lat, address_cache.lon AS address_cache_lon, address_cache.updated_at AS address_cache_updated_at 
FROM address_cache 
WHERE address_cache.address IN ($1::VARCHAR)
2026-03-01 11:32:02,917 - sqlalchemy.engine.Engine - INFO - [cached since 170.1s ago] ('Москва, ул. Тверская, д. 12, кв. 45',)
2026-03-01 11:32:02,918 - sqlalchemy.engine.Engine - INFO - SELECT order_items.order_id AS order_items_order_id, order_items.id AS order_items_id, order_items.item_type AS order_items_item_type, order_items.name AS order_items_name, order_items.quantity AS order_items_quantity, order_items.purchase_price AS order_items_purchase_price, order_items.sale_price AS order_items_sale_price, order_items.warranty_manufacturer AS order_items_warranty_manufacturer, order_items.warranty_master AS order_items_warranty_master, order_items.sort_order AS order_items_sort_order, order_items.created_at AS order_items_created_at, order_items.updated_at AS order_items_updated_at 
FROM order_items 
WHERE order_items.order_id IN ($1::INTEGER)
2026-03-01 11:32:02,919 - sqlalchemy.engine.Engine - INFO - [cached since 170.1s ago] (1,)
2026-03-01 11:32:02,919 - sqlalchemy.engine.Engine - INFO - SELECT order_installers.order_id AS order_installers_order_id, order_installers.id AS order_installers_id, order_installers.installer_id AS order_installers_installer_id, order_installers.role AS order_installers_role, order_installers.base_payment AS order_installers_base_payment, order_installers.is_primary AS order_installers_is_primary, order_installers.created_at AS order_installers_created_at, order_installers.updated_at AS order_installers_updated_at 
FROM order_installers 
WHERE order_installers.order_id IN ($1::INTEGER)
2026-03-01 11:32:02,920 - sqlalchemy.engine.Engine - INFO - [cached since 170.1s ago] (1,)
2026-03-01 11:32:02,920 - sqlalchemy.engine.Engine - INFO - ROLLBACK
2026-03-01 11:32:02,920 - sqlalchemy.engine.Engine - INFO - SELECT order_expenses.order_id AS order_expenses_order_id, order_expenses.id AS order_expenses_id, order_expenses.amount AS order_expenses_amount, order_expenses.description AS order_expenses_description, order_expenses.expense_date AS order_expenses_expense_date, order_expenses.category AS order_expenses_category, order_expenses.created_at AS order_expenses_created_at, order_expenses.updated_at AS order_expenses_updated_at 
FROM order_expenses 
WHERE order_expenses.order_id IN ($1::INTEGER)
2026-03-01 11:32:02,921 - sqlalchemy.engine.Engine - INFO - [cached since 170.1s ago] (1,)
2026-03-01 11:32:02,922 - sqlalchemy.engine.Engine - INFO - ROLLBACK
2026-03-01 11:32:02,923 - sqlalchemy.engine.Engine - INFO - BEGIN (implicit)
2026-03-01 11:32:02,923 - sqlalchemy.engine.Engine - INFO - SELECT orders.id, orders.client_id, orders.status, orders.warehouse, orders.service_datetime, orders.delivery_datetime, orders.promise, orders.marker_color, orders.address_id, orders.address_text, orders.created_at, orders.updated_at 
FROM orders 
WHERE orders.id = $1::INTEGER
2026-03-01 11:32:02,923 - sqlalchemy.engine.Engine - INFO - [cached since 170.2s ago] (1,)
2026-03-01 11:32:02,924 - sqlalchemy.engine.Engine - INFO - SELECT payments.order_id AS payments_order_id, payments.id AS payments_id, payments.payment_type AS payments_payment_type, payments.installer_id AS payments_installer_id, payments.amount AS payments_amount, payments.payment_date AS payments_payment_date, payments.description AS payments_description, payments.created_at AS payments_created_at, payments.updated_at AS payments_updated_at 
FROM payments 
WHERE payments.order_id IN ($1::INTEGER)
2026-03-01 11:32:02,924 - sqlalchemy.engine.Engine - INFO - [cached since 170.2s ago] (1,)
2026-03-01 11:32:02,925 - sqlalchemy.engine.Engine - INFO - SELECT finance.order_id AS finance_order_id, finance.id AS finance_id, finance.revenue AS finance_revenue, finance.cost_of_goods AS finance_cost_of_goods, finance.installer_payments AS finance_installer_payments, finance.expenses AS finance_expenses, finance.warranty_costs_oleg AS finance_warranty_costs_oleg, finance.warranty_costs_installer AS finance_warranty_costs_installer, finance.profit AS finance_profit, finance.created_at AS finance_created_at, finance.updated_at AS finance_updated_at 
FROM finance 
WHERE finance.order_id IN ($1::INTEGER)
2026-03-01 11:32:02,925 - sqlalchemy.engine.Engine - INFO - [cached since 170.2s ago] (1,)
2026-03-01 11:32:02,926 - sqlalchemy.engine.Engine - INFO - SELECT clients.id AS clients_id, clients.full_name AS clients_full_name, clients.phone AS clients_phone, clients.address AS clients_address, clients.coordinates AS clients_coordinates, clients.created_at AS clients_created_at, clients.last_contact AS clients_last_contact, clients.comments AS clients_comments, clients.updated_at AS clients_updated_at, clients.backup_phone AS clients_backup_phone, clients.deleted_at AS clients_deleted_at 
FROM clients 
WHERE clients.id IN ($1::INTEGER)
2026-03-01 11:32:02,926 - sqlalchemy.engine.Engine - INFO - [cached since 170.2s ago] (1,)
2026-03-01 11:32:02,927 - sqlalchemy.engine.Engine - INFO - SELECT address_cache.address AS address_cache_address, address_cache.lat AS address_cache_lat, address_cache.lon AS address_cache_lon, address_cache.updated_at AS address_cache_updated_at 
FROM address_cache 
WHERE address_cache.address IN ($1::VARCHAR)
2026-03-01 11:32:02,927 - sqlalchemy.engine.Engine - INFO - [cached since 170.2s ago] ('Москва, ул. Тверская, д. 12, кв. 45',)
2026-03-01 11:32:02,928 - sqlalchemy.engine.Engine - INFO - SELECT order_items.order_id AS order_items_order_id, order_items.id AS order_items_id, order_items.item_type AS order_items_item_type, order_items.name AS order_items_name, order_items.quantity AS order_items_quantity, order_items.purchase_price AS order_items_purchase_price, order_items.sale_price AS order_items_sale_price, order_items.warranty_manufacturer AS order_items_warranty_manufacturer, order_items.warranty_master AS order_items_warranty_master, order_items.sort_order AS order_items_sort_order, order_items.created_at AS order_items_created_at, order_items.updated_at AS order_items_updated_at 
FROM order_items 
WHERE order_items.order_id IN ($1::INTEGER)
2026-03-01 11:32:02,928 - sqlalchemy.engine.Engine - INFO - [cached since 170.2s ago] (1,)
2026-03-01 11:32:02,929 - sqlalchemy.engine.Engine - INFO - SELECT order_installers.order_id AS order_installers_order_id, order_installers.id AS order_installers_id, order_installers.installer_id AS order_installers_installer_id, order_installers.role AS order_installers_role, order_installers.base_payment AS order_installers_base_payment, order_installers.is_primary AS order_installers_is_primary, order_installers.created_at AS order_installers_created_at, order_installers.updated_at AS order_installers_updated_at 
FROM order_installers 
WHERE order_installers.order_id IN ($1::INTEGER)
2026-03-01 11:32:02,929 - sqlalchemy.engine.Engine - INFO - [cached since 170.1s ago] (1,)
2026-03-01 11:32:02,930 - sqlalchemy.engine.Engine - INFO - SELECT order_expenses.order_id AS order_expenses_order_id, order_expenses.id AS order_expenses_id, order_expenses.amount AS order_expenses_amount, order_expenses.description AS order_expenses_description, order_expenses.expense_date AS order_expenses_expense_date, order_expenses.category AS order_expenses_category, order_expenses.created_at AS order_expenses_created_at, order_expenses.updated_at AS order_expenses_updated_at 
FROM order_expenses 
WHERE order_expenses.order_id IN ($1::INTEGER)
2026-03-01 11:32:02,930 - sqlalchemy.engine.Engine - INFO - [cached since 170.1s ago] (1,)
2026-03-01 11:32:02,932 - sqlalchemy.engine.Engine - INFO - ROLLBACK
2026-03-01 11:32:14,291 - sqlalchemy.engine.Engine - INFO - BEGIN (implicit)
2026-03-01 11:32:14,292 - sqlalchemy.engine.Engine - INFO - SELECT admins.id, admins.username, admins.password_hash, admins.created_at 
FROM admins 
WHERE admins.username = $1::VARCHAR
2026-03-01 11:32:14,292 - sqlalchemy.engine.Engine - INFO - [cached since 559.7s ago] ('zhura2296@yandex.ru',)
2026-03-01 11:32:14,292 - sqlalchemy.engine.Engine - INFO - BEGIN (implicit)
2026-03-01 11:32:14,292 - sqlalchemy.engine.Engine - INFO - SELECT admins.id, admins.username, admins.password_hash, admins.created_at 
FROM admins 
WHERE admins.username = $1::VARCHAR
2026-03-01 11:32:14,292 - sqlalchemy.engine.Engine - INFO - [cached since 559.7s ago] ('zhura2296@yandex.ru',)
2026-03-01 11:32:14,293 - sqlalchemy.engine.Engine - INFO - SELECT installers.id, installers.full_name, installers.nickname, installers.phone, installers.backup_phone, installers.specialization, installers.rating, installers.base_price, installers.is_debtor, installers.comments, installers.is_active, installers.is_in_funnel, installers.total_orders, installers.poor_work_count, installers.warranty_visits_count, installers.last_incident_date, installers.updated_at, installers.created_at, installers.deleted_at 
FROM installers 
WHERE installers.deleted_at IS NULL 
 LIMIT $1::INTEGER OFFSET $2::INTEGER
2026-03-01 11:32:14,293 - sqlalchemy.engine.Engine - INFO - [cached since 559.4s ago] (100, 0)
2026-03-01 11:32:14,294 - sqlalchemy.engine.Engine - INFO - SELECT clients.id, clients.full_name, clients.phone, clients.address, clients.coordinates, clients.created_at, clients.last_contact, clients.comments, clients.updated_at, clients.backup_phone, clients.deleted_at 
FROM clients 
 LIMIT $1::INTEGER OFFSET $2::INTEGER
2026-03-01 11:32:14,294 - sqlalchemy.engine.Engine - INFO - [cached since 559.4s ago] (100, 0)
2026-03-01 11:32:14,295 - sqlalchemy.engine.Engine - INFO - ROLLBACK
2026-03-01 11:32:14,295 - sqlalchemy.engine.Engine - INFO - ROLLBACK
2026-03-01 11:32:14,297 - sqlalchemy.engine.Engine - INFO - BEGIN (implicit)
2026-03-01 11:32:14,298 - sqlalchemy.engine.Engine - INFO - SELECT admins.id, admins.username, admins.password_hash, admins.created_at 
FROM admins 
WHERE admins.username = $1::VARCHAR
2026-03-01 11:32:14,298 - sqlalchemy.engine.Engine - INFO - [cached since 559.7s ago] ('zhura2296@yandex.ru',)
2026-03-01 11:32:14,298 - sqlalchemy.engine.Engine - INFO - BEGIN (implicit)
2026-03-01 11:32:14,299 - sqlalchemy.engine.Engine - INFO - SELECT admins.id, admins.username, admins.password_hash, admins.created_at 
FROM admins 
WHERE admins.username = $1::VARCHAR
2026-03-01 11:32:14,299 - sqlalchemy.engine.Engine - INFO - [cached since 559.7s ago] ('zhura2296@yandex.ru',)
2026-03-01 11:32:14,300 - sqlalchemy.engine.Engine - INFO - SELECT installers.id, installers.full_name, installers.nickname, installers.phone, installers.backup_phone, installers.specialization, installers.rating, installers.base_price, installers.is_debtor, installers.comments, installers.is_active, installers.is_in_funnel, installers.total_orders, installers.poor_work_count, installers.warranty_visits_count, installers.last_incident_date, installers.updated_at, installers.created_at, installers.deleted_at 
FROM installers 
WHERE installers.deleted_at IS NULL 
 LIMIT $1::INTEGER OFFSET $2::INTEGER
2026-03-01 11:32:14,300 - sqlalchemy.engine.Engine - INFO - [cached since 559.4s ago] (100, 0)
2026-03-01 11:32:14,301 - sqlalchemy.engine.Engine - INFO - SELECT clients.id, clients.full_name, clients.phone, clients.address, clients.coordinates, clients.created_at, clients.last_contact, clients.comments, clients.updated_at, clients.backup_phone, clients.deleted_at 
FROM clients 
 LIMIT $1::INTEGER OFFSET $2::INTEGER
2026-03-01 11:32:14,301 - sqlalchemy.engine.Engine - INFO - [cached since 559.4s ago] (100, 0)
2026-03-01 11:32:14,303 - sqlalchemy.engine.Engine - INFO - ROLLBACK
2026-03-01 11:32:14,303 - sqlalchemy.engine.Engine - INFO - ROLLBACK
2026-03-01 11:37:02,586 - sqlalchemy.engine.Engine - INFO - BEGIN (implicit)
2026-03-01 11:37:02,586 - sqlalchemy.engine.Engine - INFO - SELECT admins.id, admins.username, admins.password_hash, admins.created_at 
FROM admins 
WHERE admins.username = $1::VARCHAR
2026-03-01 11:37:02,586 - sqlalchemy.engine.Engine - INFO - [cached since 848s ago] ('zhura2296@yandex.ru',)
2026-03-01 11:37:02,587 - sqlalchemy.engine.Engine - INFO - SELECT installers.id, installers.full_name, installers.nickname, installers.phone, installers.backup_phone, installers.specialization, installers.rating, installers.base_price, installers.is_debtor, installers.comments, installers.is_active, installers.is_in_funnel, installers.total_orders, installers.poor_work_count, installers.warranty_visits_count, installers.last_incident_date, installers.updated_at, installers.created_at, installers.deleted_at 
FROM installers 
WHERE installers.deleted_at IS NULL 
 LIMIT $1::INTEGER OFFSET $2::INTEGER
2026-03-01 11:37:02,587 - sqlalchemy.engine.Engine - INFO - [cached since 847.7s ago] (100, 0)
2026-03-01 11:37:02,588 - sqlalchemy.engine.Engine - INFO - BEGIN (implicit)
2026-03-01 11:37:02,588 - sqlalchemy.engine.Engine - INFO - SELECT admins.id, admins.username, admins.password_hash, admins.created_at 
FROM admins 
WHERE admins.username = $1::VARCHAR
2026-03-01 11:37:02,588 - sqlalchemy.engine.Engine - INFO - [cached since 848s ago] ('zhura2296@yandex.ru',)
2026-03-01 11:37:02,589 - sqlalchemy.engine.Engine - INFO - SELECT clients.id, clients.full_name, clients.phone, clients.address, clients.coordinates, clients.created_at, clients.last_contact, clients.comments, clients.updated_at, clients.backup_phone, clients.deleted_at 
FROM clients 
 LIMIT $1::INTEGER OFFSET $2::INTEGER
2026-03-01 11:37:02,589 - sqlalchemy.engine.Engine - INFO - [cached since 847.7s ago] (100, 0)
2026-03-01 11:37:02,589 - sqlalchemy.engine.Engine - INFO - ROLLBACK
2026-03-01 11:37:02,590 - sqlalchemy.engine.Engine - INFO - ROLLBACK
2026-03-01 11:38:01,595 - sqlalchemy.engine.Engine - INFO - BEGIN (implicit)
2026-03-01 11:38:01,595 - sqlalchemy.engine.Engine - INFO - SELECT admins.id, admins.username, admins.password_hash, admins.created_at 
FROM admins 
WHERE admins.username = $1::VARCHAR
2026-03-01 11:38:01,596 - sqlalchemy.engine.Engine - INFO - [cached since 907s ago] ('zhura2296@yandex.ru',)
2026-03-01 11:38:01,596 - sqlalchemy.engine.Engine - INFO - BEGIN (implicit)
2026-03-01 11:38:01,596 - sqlalchemy.engine.Engine - INFO - SELECT admins.id, admins.username, admins.password_hash, admins.created_at 
FROM admins 
WHERE admins.username = $1::VARCHAR
2026-03-01 11:38:01,596 - sqlalchemy.engine.Engine - INFO - [cached since 907s ago] ('zhura2296@yandex.ru',)
2026-03-01 11:38:01,597 - sqlalchemy.engine.Engine - INFO - SELECT clients.id, clients.full_name, clients.phone, clients.address, clients.coordinates, clients.created_at, clients.last_contact, clients.comments, clients.updated_at, clients.backup_phone, clients.deleted_at 
FROM clients 
 LIMIT $1::INTEGER OFFSET $2::INTEGER
2026-03-01 11:38:01,598 - sqlalchemy.engine.Engine - INFO - [cached since 906.7s ago] (100, 0)
2026-03-01 11:38:01,598 - sqlalchemy.engine.Engine - INFO - SELECT installers.id, installers.full_name, installers.nickname, installers.phone, installers.backup_phone, installers.specialization, installers.rating, installers.base_price, installers.is_debtor, installers.comments, installers.is_active, installers.is_in_funnel, installers.total_orders, installers.poor_work_count, installers.warranty_visits_count, installers.last_incident_date, installers.updated_at, installers.created_at, installers.deleted_at 
FROM installers 
WHERE installers.deleted_at IS NULL 
 LIMIT $1::INTEGER OFFSET $2::INTEGER
2026-03-01 11:38:01,598 - sqlalchemy.engine.Engine - INFO - [cached since 906.7s ago] (100, 0)
2026-03-01 11:38:01,599 - sqlalchemy.engine.Engine - INFO - ROLLBACK
2026-03-01 11:38:01,600 - sqlalchemy.engine.Engine - INFO - ROLLBACK
2026-03-01 11:38:45,241 - sqlalchemy.engine.Engine - INFO - BEGIN (implicit)
2026-03-01 11:38:45,242 - sqlalchemy.engine.Engine - INFO - SELECT admins.id, admins.username, admins.password_hash, admins.created_at 
FROM admins 
WHERE admins.username = $1::VARCHAR
2026-03-01 11:38:45,242 - sqlalchemy.engine.Engine - INFO - [cached since 950.7s ago] ('zhura2296@yandex.ru',)
2026-03-01 11:38:45,243 - sqlalchemy.engine.Engine - INFO - BEGIN (implicit)
2026-03-01 11:38:45,243 - sqlalchemy.engine.Engine - INFO - SELECT admins.id, admins.username, admins.password_hash, admins.created_at 
FROM admins 
WHERE admins.username = $1::VARCHAR
2026-03-01 11:38:45,243 - sqlalchemy.engine.Engine - INFO - [cached since 950.7s ago] ('zhura2296@yandex.ru',)
2026-03-01 11:38:45,244 - sqlalchemy.engine.Engine - INFO - SELECT clients.id, clients.full_name, clients.phone, clients.address, clients.coordinates, clients.created_at, clients.last_contact, clients.comments, clients.updated_at, clients.backup_phone, clients.deleted_at 
FROM clients 
 LIMIT $1::INTEGER OFFSET $2::INTEGER
2026-03-01 11:38:45,244 - sqlalchemy.engine.Engine - INFO - [cached since 950.3s ago] (100, 0)
2026-03-01 11:38:45,245 - sqlalchemy.engine.Engine - INFO - SELECT installers.id, installers.full_name, installers.nickname, installers.phone, installers.backup_phone, installers.specialization, installers.rating, installers.base_price, installers.is_debtor, installers.comments, installers.is_active, installers.is_in_funnel, installers.total_orders, installers.poor_work_count, installers.warranty_visits_count, installers.last_incident_date, installers.updated_at, installers.created_at, installers.deleted_at 
FROM installers 
WHERE installers.deleted_at IS NULL 
 LIMIT $1::INTEGER OFFSET $2::INTEGER
2026-03-01 11:38:45,245 - sqlalchemy.engine.Engine - INFO - [cached since 950.4s ago] (100, 0)
2026-03-01 11:38:45,246 - sqlalchemy.engine.Engine - INFO - ROLLBACK
2026-03-01 11:38:45,246 - sqlalchemy.engine.Engine - INFO - ROLLBACK
2026-03-01 11:38:45,247 - sqlalchemy.engine.Engine - INFO - BEGIN (implicit)
2026-03-01 11:38:45,247 - sqlalchemy.engine.Engine - INFO - SELECT admins.id, admins.username, admins.password_hash, admins.created_at 
FROM admins 
WHERE admins.username = $1::VARCHAR
2026-03-01 11:38:45,247 - sqlalchemy.engine.Engine - INFO - [cached since 950.7s ago] ('zhura2296@yandex.ru',)
2026-03-01 11:38:45,248 - sqlalchemy.engine.Engine - INFO - BEGIN (implicit)
2026-03-01 11:38:45,248 - sqlalchemy.engine.Engine - INFO - SELECT admins.id, admins.username, admins.password_hash, admins.created_at 
FROM admins 
WHERE admins.username = $1::VARCHAR
2026-03-01 11:38:45,249 - sqlalchemy.engine.Engine - INFO - [cached since 950.7s ago] ('zhura2296@yandex.ru',)
2026-03-01 11:38:45,249 - sqlalchemy.engine.Engine - INFO - SELECT clients.id, clients.full_name, clients.phone, clients.address, clients.coordinates, clients.created_at, clients.last_contact, clients.comments, clients.updated_at, clients.backup_phone, clients.deleted_at 
FROM clients 
 LIMIT $1::INTEGER OFFSET $2::INTEGER
2026-03-01 11:38:45,249 - sqlalchemy.engine.Engine - INFO - [cached since 950.3s ago] (100, 0)
2026-03-01 11:38:45,250 - sqlalchemy.engine.Engine - INFO - SELECT installers.id, installers.full_name, installers.nickname, installers.phone, installers.backup_phone, installers.specialization, installers.rating, installers.base_price, installers.is_debtor, installers.comments, installers.is_active, installers.is_in_funnel, installers.total_orders, installers.poor_work_count, installers.warranty_visits_count, installers.last_incident_date, installers.updated_at, installers.created_at, installers.deleted_at 
FROM installers 
WHERE installers.deleted_at IS NULL 
 LIMIT $1::INTEGER OFFSET $2::INTEGER
2026-03-01 11:38:45,250 - sqlalchemy.engine.Engine - INFO - [cached since 950.4s ago] (100, 0)
2026-03-01 11:38:45,251 - sqlalchemy.engine.Engine - INFO - ROLLBACK
2026-03-01 11:38:45,251 - sqlalchemy.engine.Engine - INFO - ROLLBACK
2026-03-01 11:52:37,830 - sqlalchemy.engine.Engine - INFO - BEGIN (implicit)
2026-03-01 11:52:37,831 - sqlalchemy.engine.Engine - INFO - SELECT orders.id, orders.client_id, orders.status, orders.warehouse, orders.service_datetime, orders.delivery_datetime, orders.promise, orders.marker_color, orders.address_id, orders.address_text, orders.created_at, orders.updated_at 
FROM orders 
 LIMIT $1::INTEGER OFFSET $2::INTEGER
2026-03-01 11:52:37,831 - sqlalchemy.engine.Engine - INFO - [cached since 1780s ago] (100, 0)
2026-03-01 11:52:37,834 - sqlalchemy.engine.Engine - INFO - SELECT finance.order_id AS finance_order_id, finance.id AS finance_id, finance.revenue AS finance_revenue, finance.cost_of_goods AS finance_cost_of_goods, finance.installer_payments AS finance_installer_payments, finance.expenses AS finance_expenses, finance.warranty_costs_oleg AS finance_warranty_costs_oleg, finance.warranty_costs_installer AS finance_warranty_costs_installer, finance.profit AS finance_profit, finance.created_at AS finance_created_at, finance.updated_at AS finance_updated_at 
FROM finance 
WHERE finance.order_id IN ($1::INTEGER, $2::INTEGER)
2026-03-01 11:52:37,834 - sqlalchemy.engine.Engine - INFO - [cached since 1780s ago] (1, 2)
2026-03-01 11:52:37,836 - sqlalchemy.engine.Engine - INFO - SELECT clients.id AS clients_id, clients.full_name AS clients_full_name, clients.phone AS clients_phone, clients.address AS clients_address, clients.coordinates AS clients_coordinates, clients.created_at AS clients_created_at, clients.last_contact AS clients_last_contact, clients.comments AS clients_comments, clients.updated_at AS clients_updated_at, clients.backup_phone AS clients_backup_phone, clients.deleted_at AS clients_deleted_at 
FROM clients 
WHERE clients.id IN ($1::INTEGER, $2::INTEGER)
2026-03-01 11:52:37,836 - sqlalchemy.engine.Engine - INFO - [cached since 1780s ago] (1, 2)
2026-03-01 11:52:37,837 - sqlalchemy.engine.Engine - INFO - SELECT address_cache.address AS address_cache_address, address_cache.lat AS address_cache_lat, address_cache.lon AS address_cache_lon, address_cache.updated_at AS address_cache_updated_at 
FROM address_cache 
WHERE address_cache.address IN ($1::VARCHAR, $2::VARCHAR)
2026-03-01 11:52:37,837 - sqlalchemy.engine.Engine - INFO - [cached since 1780s ago] ('Москва, ул. Тверская, д. 12, кв. 45', 'Россия, Московская область, Мытищи, улица Мира, 8')
2026-03-01 11:52:37,838 - sqlalchemy.engine.Engine - INFO - ROLLBACK
2026-03-01 11:52:37,839 - sqlalchemy.engine.Engine - INFO - BEGIN (implicit)
2026-03-01 11:52:37,839 - sqlalchemy.engine.Engine - INFO - SELECT orders.id, orders.client_id, orders.status, orders.warehouse, orders.service_datetime, orders.delivery_datetime, orders.promise, orders.marker_color, orders.address_id, orders.address_text, orders.created_at, orders.updated_at 
FROM orders 
 LIMIT $1::INTEGER OFFSET $2::INTEGER
2026-03-01 11:52:37,839 - sqlalchemy.engine.Engine - INFO - [cached since 1780s ago] (100, 0)
2026-03-01 11:52:37,840 - sqlalchemy.engine.Engine - INFO - SELECT finance.order_id AS finance_order_id, finance.id AS finance_id, finance.revenue AS finance_revenue, finance.cost_of_goods AS finance_cost_of_goods, finance.installer_payments AS finance_installer_payments, finance.expenses AS finance_expenses, finance.warranty_costs_oleg AS finance_warranty_costs_oleg, finance.warranty_costs_installer AS finance_warranty_costs_installer, finance.profit AS finance_profit, finance.created_at AS finance_created_at, finance.updated_at AS finance_updated_at 
FROM finance 
WHERE finance.order_id IN ($1::INTEGER, $2::INTEGER)
2026-03-01 11:52:37,840 - sqlalchemy.engine.Engine - INFO - [cached since 1780s ago] (1, 2)
2026-03-01 11:52:37,841 - sqlalchemy.engine.Engine - INFO - SELECT clients.id AS clients_id, clients.full_name AS clients_full_name, clients.phone AS clients_phone, clients.address AS clients_address, clients.coordinates AS clients_coordinates, clients.created_at AS clients_created_at, clients.last_contact AS clients_last_contact, clients.comments AS clients_comments, clients.updated_at AS clients_updated_at, clients.backup_phone AS clients_backup_phone, clients.deleted_at AS clients_deleted_at 
FROM clients 
WHERE clients.id IN ($1::INTEGER, $2::INTEGER)
2026-03-01 11:52:37,842 - sqlalchemy.engine.Engine - INFO - [cached since 1780s ago] (1, 2)
2026-03-01 11:52:37,843 - sqlalchemy.engine.Engine - INFO - SELECT address_cache.address AS address_cache_address, address_cache.lat AS address_cache_lat, address_cache.lon AS address_cache_lon, address_cache.updated_at AS address_cache_updated_at 
FROM address_cache 
WHERE address_cache.address IN ($1::VARCHAR, $2::VARCHAR)
2026-03-01 11:52:37,843 - sqlalchemy.engine.Engine - INFO - [cached since 1780s ago] ('Москва, ул. Тверская, д. 12, кв. 45', 'Россия, Московская область, Мытищи, улица Мира, 8')
2026-03-01 11:52:37,845 - sqlalchemy.engine.Engine - INFO - ROLLBACK
2026-03-01 11:52:38,846 - sqlalchemy.engine.Engine - INFO - BEGIN (implicit)
2026-03-01 11:52:38,846 - sqlalchemy.engine.Engine - INFO - SELECT orders.id, orders.client_id, orders.status, orders.warehouse, orders.service_datetime, orders.delivery_datetime, orders.promise, orders.marker_color, orders.address_id, orders.address_text, orders.created_at, orders.updated_at 
FROM orders 
WHERE orders.id = $1::INTEGER
2026-03-01 11:52:38,846 - sqlalchemy.engine.Engine - INFO - [cached since 1406s ago] (1,)
2026-03-01 11:52:38,847 - sqlalchemy.engine.Engine - INFO - BEGIN (implicit)
2026-03-01 11:52:38,847 - sqlalchemy.engine.Engine - INFO - SELECT admins.id, admins.username, admins.password_hash, admins.created_at 
FROM admins 
WHERE admins.username = $1::VARCHAR
2026-03-01 11:52:38,847 - sqlalchemy.engine.Engine - INFO - [cached since 1784s ago] ('zhura2296@yandex.ru',)
2026-03-01 11:52:38,848 - sqlalchemy.engine.Engine - INFO - SELECT payments.order_id AS payments_order_id, payments.id AS payments_id, payments.payment_type AS payments_payment_type, payments.installer_id AS payments_installer_id, payments.amount AS payments_amount, payments.payment_date AS payments_payment_date, payments.description AS payments_description, payments.created_at AS payments_created_at, payments.updated_at AS payments_updated_at 
FROM payments 
WHERE payments.order_id IN ($1::INTEGER)
2026-03-01 11:52:38,848 - sqlalchemy.engine.Engine - INFO - [cached since 1406s ago] (1,)
2026-03-01 11:52:38,849 - sqlalchemy.engine.Engine - INFO - SELECT installers.id, installers.full_name, installers.nickname, installers.phone, installers.backup_phone, installers.specialization, installers.rating, installers.base_price, installers.is_debtor, installers.comments, installers.is_active, installers.is_in_funnel, installers.total_orders, installers.poor_work_count, installers.warranty_visits_count, installers.last_incident_date, installers.updated_at, installers.created_at, installers.deleted_at 
FROM installers 
WHERE installers.deleted_at IS NULL 
 LIMIT $1::INTEGER OFFSET $2::INTEGER
2026-03-01 11:52:38,849 - sqlalchemy.engine.Engine - INFO - [cached since 1784s ago] (100, 0)
2026-03-01 11:52:38,850 - sqlalchemy.engine.Engine - INFO - SELECT finance.order_id AS finance_order_id, finance.id AS finance_id, finance.revenue AS finance_revenue, finance.cost_of_goods AS finance_cost_of_goods, finance.installer_payments AS finance_installer_payments, finance.expenses AS finance_expenses, finance.warranty_costs_oleg AS finance_warranty_costs_oleg, finance.warranty_costs_installer AS finance_warranty_costs_installer, finance.profit AS finance_profit, finance.created_at AS finance_created_at, finance.updated_at AS finance_updated_at 
FROM finance 
WHERE finance.order_id IN ($1::INTEGER)
2026-03-01 11:52:38,850 - sqlalchemy.engine.Engine - INFO - [cached since 1406s ago] (1,)
2026-03-01 11:52:38,851 - sqlalchemy.engine.Engine - INFO - SELECT clients.id AS clients_id, clients.full_name AS clients_full_name, clients.phone AS clients_phone, clients.address AS clients_address, clients.coordinates AS clients_coordinates, clients.created_at AS clients_created_at, clients.last_contact AS clients_last_contact, clients.comments AS clients_comments, clients.updated_at AS clients_updated_at, clients.backup_phone AS clients_backup_phone, clients.deleted_at AS clients_deleted_at 
FROM clients 
WHERE clients.id IN ($1::INTEGER)
2026-03-01 11:52:38,851 - sqlalchemy.engine.Engine - INFO - [cached since 1406s ago] (1,)
2026-03-01 11:52:38,852 - sqlalchemy.engine.Engine - INFO - SELECT address_cache.address AS address_cache_address, address_cache.lat AS address_cache_lat, address_cache.lon AS address_cache_lon, address_cache.updated_at AS address_cache_updated_at 
FROM address_cache 
WHERE address_cache.address IN ($1::VARCHAR)
2026-03-01 11:52:38,853 - sqlalchemy.engine.Engine - INFO - [cached since 1406s ago] ('Москва, ул. Тверская, д. 12, кв. 45',)
2026-03-01 11:52:38,853 - sqlalchemy.engine.Engine - INFO - BEGIN (implicit)
2026-03-01 11:52:38,853 - sqlalchemy.engine.Engine - INFO - SELECT admins.id, admins.username, admins.password_hash, admins.created_at 
FROM admins 
WHERE admins.username = $1::VARCHAR
2026-03-01 11:52:38,854 - sqlalchemy.engine.Engine - INFO - [cached since 1784s ago] ('zhura2296@yandex.ru',)
2026-03-01 11:52:38,854 - sqlalchemy.engine.Engine - INFO - ROLLBACK
2026-03-01 11:52:38,854 - sqlalchemy.engine.Engine - INFO - SELECT order_items.order_id AS order_items_order_id, order_items.id AS order_items_id, order_items.item_type AS order_items_item_type, order_items.name AS order_items_name, order_items.quantity AS order_items_quantity, order_items.purchase_price AS order_items_purchase_price, order_items.sale_price AS order_items_sale_price, order_items.warranty_manufacturer AS order_items_warranty_manufacturer, order_items.warranty_master AS order_items_warranty_master, order_items.sort_order AS order_items_sort_order, order_items.created_at AS order_items_created_at, order_items.updated_at AS order_items_updated_at 
FROM order_items 
WHERE order_items.order_id IN ($1::INTEGER)
2026-03-01 11:52:38,854 - sqlalchemy.engine.Engine - INFO - [cached since 1406s ago] (1,)
2026-03-01 11:52:38,855 - sqlalchemy.engine.Engine - INFO - SELECT installers.id, installers.full_name, installers.nickname, installers.phone, installers.backup_phone, installers.specialization, installers.rating, installers.base_price, installers.is_debtor, installers.comments, installers.is_active, installers.is_in_funnel, installers.total_orders, installers.poor_work_count, installers.warranty_visits_count, installers.last_incident_date, installers.updated_at, installers.created_at, installers.deleted_at 
FROM installers 
WHERE installers.deleted_at IS NULL 
 LIMIT $1::INTEGER OFFSET $2::INTEGER
2026-03-01 11:52:38,855 - sqlalchemy.engine.Engine - INFO - [cached since 1784s ago] (100, 0)
2026-03-01 11:52:38,856 - sqlalchemy.engine.Engine - INFO - SELECT order_installers.order_id AS order_installers_order_id, order_installers.id AS order_installers_id, order_installers.installer_id AS order_installers_installer_id, order_installers.role AS order_installers_role, order_installers.base_payment AS order_installers_base_payment, order_installers.is_primary AS order_installers_is_primary, order_installers.created_at AS order_installers_created_at, order_installers.updated_at AS order_installers_updated_at 
FROM order_installers 
WHERE order_installers.order_id IN ($1::INTEGER)
2026-03-01 11:52:38,856 - sqlalchemy.engine.Engine - INFO - [cached since 1406s ago] (1,)
2026-03-01 11:52:38,858 - sqlalchemy.engine.Engine - INFO - SELECT order_expenses.order_id AS order_expenses_order_id, order_expenses.id AS order_expenses_id, order_expenses.amount AS order_expenses_amount, order_expenses.description AS order_expenses_description, order_expenses.expense_date AS order_expenses_expense_date, order_expenses.category AS order_expenses_category, order_expenses.created_at AS order_expenses_created_at, order_expenses.updated_at AS order_expenses_updated_at 
FROM order_expenses 
WHERE order_expenses.order_id IN ($1::INTEGER)
2026-03-01 11:52:38,858 - sqlalchemy.engine.Engine - INFO - [cached since 1406s ago] (1,)
2026-03-01 11:52:38,859 - sqlalchemy.engine.Engine - INFO - ROLLBACK
2026-03-01 11:52:38,859 - sqlalchemy.engine.Engine - INFO - ROLLBACK
2026-03-01 11:52:38,860 - sqlalchemy.engine.Engine - INFO - BEGIN (implicit)
2026-03-01 11:52:38,861 - sqlalchemy.engine.Engine - INFO - SELECT orders.id, orders.client_id, orders.status, orders.warehouse, orders.service_datetime, orders.delivery_datetime, orders.promise, orders.marker_color, orders.address_id, orders.address_text, orders.created_at, orders.updated_at 
FROM orders 
WHERE orders.id = $1::INTEGER
2026-03-01 11:52:38,861 - sqlalchemy.engine.Engine - INFO - [cached since 1406s ago] (1,)
2026-03-01 11:52:38,862 - sqlalchemy.engine.Engine - INFO - SELECT payments.order_id AS payments_order_id, payments.id AS payments_id, payments.payment_type AS payments_payment_type, payments.installer_id AS payments_installer_id, payments.amount AS payments_amount, payments.payment_date AS payments_payment_date, payments.description AS payments_description, payments.created_at AS payments_created_at, payments.updated_at AS payments_updated_at 
FROM payments 
WHERE payments.order_id IN ($1::INTEGER)
2026-03-01 11:52:38,862 - sqlalchemy.engine.Engine - INFO - [cached since 1406s ago] (1,)
2026-03-01 11:52:38,863 - sqlalchemy.engine.Engine - INFO - SELECT finance.order_id AS finance_order_id, finance.id AS finance_id, finance.revenue AS finance_revenue, finance.cost_of_goods AS finance_cost_of_goods, finance.installer_payments AS finance_installer_payments, finance.expenses AS finance_expenses, finance.warranty_costs_oleg AS finance_warranty_costs_oleg, finance.warranty_costs_installer AS finance_warranty_costs_installer, finance.profit AS finance_profit, finance.created_at AS finance_created_at, finance.updated_at AS finance_updated_at 
FROM finance 
WHERE finance.order_id IN ($1::INTEGER)
2026-03-01 11:52:38,863 - sqlalchemy.engine.Engine - INFO - [cached since 1406s ago] (1,)
2026-03-01 11:52:38,864 - sqlalchemy.engine.Engine - INFO - SELECT clients.id AS clients_id, clients.full_name AS clients_full_name, clients.phone AS clients_phone, clients.address AS clients_address, clients.coordinates AS clients_coordinates, clients.created_at AS clients_created_at, clients.last_contact AS clients_last_contact, clients.comments AS clients_comments, clients.updated_at AS clients_updated_at, clients.backup_phone AS clients_backup_phone, clients.deleted_at AS clients_deleted_at 
FROM clients 
WHERE clients.id IN ($1::INTEGER)
2026-03-01 11:52:38,864 - sqlalchemy.engine.Engine - INFO - [cached since 1406s ago] (1,)
2026-03-01 11:52:38,865 - sqlalchemy.engine.Engine - INFO - SELECT address_cache.address AS address_cache_address, address_cache.lat AS address_cache_lat, address_cache.lon AS address_cache_lon, address_cache.updated_at AS address_cache_updated_at 
FROM address_cache 
WHERE address_cache.address IN ($1::VARCHAR)
2026-03-01 11:52:38,865 - sqlalchemy.engine.Engine - INFO - [cached since 1406s ago] ('Москва, ул. Тверская, д. 12, кв. 45',)
2026-03-01 11:52:38,866 - sqlalchemy.engine.Engine - INFO - SELECT order_items.order_id AS order_items_order_id, order_items.id AS order_items_id, order_items.item_type AS order_items_item_type, order_items.name AS order_items_name, order_items.quantity AS order_items_quantity, order_items.purchase_price AS order_items_purchase_price, order_items.sale_price AS order_items_sale_price, order_items.warranty_manufacturer AS order_items_warranty_manufacturer, order_items.warranty_master AS order_items_warranty_master, order_items.sort_order AS order_items_sort_order, order_items.created_at AS order_items_created_at, order_items.updated_at AS order_items_updated_at 
FROM order_items 
WHERE order_items.order_id IN ($1::INTEGER)
2026-03-01 11:52:38,867 - sqlalchemy.engine.Engine - INFO - [cached since 1406s ago] (1,)
2026-03-01 11:52:38,867 - sqlalchemy.engine.Engine - INFO - SELECT order_installers.order_id AS order_installers_order_id, order_installers.id AS order_installers_id, order_installers.installer_id AS order_installers_installer_id, order_installers.role AS order_installers_role, order_installers.base_payment AS order_installers_base_payment, order_installers.is_primary AS order_installers_is_primary, order_installers.created_at AS order_installers_created_at, order_installers.updated_at AS order_installers_updated_at 
FROM order_installers 
WHERE order_installers.order_id IN ($1::INTEGER)
2026-03-01 11:52:38,868 - sqlalchemy.engine.Engine - INFO - [cached since 1406s ago] (1,)
2026-03-01 11:52:38,868 - sqlalchemy.engine.Engine - INFO - SELECT order_expenses.order_id AS order_expenses_order_id, order_expenses.id AS order_expenses_id, order_expenses.amount AS order_expenses_amount, order_expenses.description AS order_expenses_description, order_expenses.expense_date AS order_expenses_expense_date, order_expenses.category AS order_expenses_category, order_expenses.created_at AS order_expenses_created_at, order_expenses.updated_at AS order_expenses_updated_at 
FROM order_expenses 
WHERE order_expenses.order_id IN ($1::INTEGER)
2026-03-01 11:52:38,868 - sqlalchemy.engine.Engine - INFO - [cached since 1406s ago] (1,)
2026-03-01 11:52:38,870 - sqlalchemy.engine.Engine - INFO - ROLLBACK
2026-03-01 11:52:44,652 - sqlalchemy.engine.Engine - INFO - BEGIN (implicit)
2026-03-01 11:52:44,652 - sqlalchemy.engine.Engine - INFO - SELECT admins.id, admins.username, admins.password_hash, admins.created_at 
FROM admins 
WHERE admins.username = $1::VARCHAR
2026-03-01 11:52:44,652 - sqlalchemy.engine.Engine - INFO - [cached since 1790s ago] ('zhura2296@yandex.ru',)
2026-03-01 11:52:44,654 - sqlalchemy.engine.Engine - INFO - SELECT installers.id, installers.full_name, installers.nickname, installers.phone, installers.backup_phone, installers.specialization, installers.rating, installers.base_price, installers.is_debtor, installers.comments, installers.is_active, installers.is_in_funnel, installers.total_orders, installers.poor_work_count, installers.warranty_visits_count, installers.last_incident_date, installers.updated_at, installers.created_at, installers.deleted_at 
FROM installers 
WHERE installers.deleted_at IS NULL 
 LIMIT $1::INTEGER OFFSET $2::INTEGER
2026-03-01 11:52:44,654 - sqlalchemy.engine.Engine - INFO - [cached since 1790s ago] (100, 0)
2026-03-01 11:52:44,654 - sqlalchemy.engine.Engine - INFO - BEGIN (implicit)
2026-03-01 11:52:44,655 - sqlalchemy.engine.Engine - INFO - SELECT admins.id, admins.username, admins.password_hash, admins.created_at 
FROM admins 
WHERE admins.username = $1::VARCHAR
2026-03-01 11:52:44,655 - sqlalchemy.engine.Engine - INFO - [cached since 1790s ago] ('zhura2296@yandex.ru',)
2026-03-01 11:52:44,656 - sqlalchemy.engine.Engine - INFO - SELECT clients.id, clients.full_name, clients.phone, clients.address, clients.coordinates, clients.created_at, clients.last_contact, clients.comments, clients.updated_at, clients.backup_phone, clients.deleted_at 
FROM clients 
 LIMIT $1::INTEGER OFFSET $2::INTEGER
2026-03-01 11:52:44,656 - sqlalchemy.engine.Engine - INFO - [cached since 1790s ago] (100, 0)
2026-03-01 11:52:44,657 - sqlalchemy.engine.Engine - INFO - BEGIN (implicit)
2026-03-01 11:52:44,657 - sqlalchemy.engine.Engine - INFO - SELECT admins.id, admins.username, admins.password_hash, admins.created_at 
FROM admins 
WHERE admins.username = $1::VARCHAR
2026-03-01 11:52:44,657 - sqlalchemy.engine.Engine - INFO - [cached since 1790s ago] ('zhura2296@yandex.ru',)
2026-03-01 11:52:44,657 - sqlalchemy.engine.Engine - INFO - ROLLBACK
2026-03-01 11:52:44,658 - sqlalchemy.engine.Engine - INFO - SELECT installers.id, installers.full_name, installers.nickname, installers.phone, installers.backup_phone, installers.specialization, installers.rating, installers.base_price, installers.is_debtor, installers.comments, installers.is_active, installers.is_in_funnel, installers.total_orders, installers.poor_work_count, installers.warranty_visits_count, installers.last_incident_date, installers.updated_at, installers.created_at, installers.deleted_at 
FROM installers 
WHERE installers.deleted_at IS NULL 
 LIMIT $1::INTEGER OFFSET $2::INTEGER
2026-03-01 11:52:44,658 - sqlalchemy.engine.Engine - INFO - [cached since 1790s ago] (100, 0)
2026-03-01 11:52:44,658 - sqlalchemy.engine.Engine - INFO - ROLLBACK
2026-03-01 11:52:44,659 - sqlalchemy.engine.Engine - INFO - BEGIN (implicit)
2026-03-01 11:52:44,659 - sqlalchemy.engine.Engine - INFO - SELECT admins.id, admins.username, admins.password_hash, admins.created_at 
FROM admins 
WHERE admins.username = $1::VARCHAR
2026-03-01 11:52:44,659 - sqlalchemy.engine.Engine - INFO - [cached since 1790s ago] ('zhura2296@yandex.ru',)
2026-03-01 11:52:44,660 - sqlalchemy.engine.Engine - INFO - ROLLBACK
2026-03-01 11:52:44,660 - sqlalchemy.engine.Engine - INFO - SELECT clients.id, clients.full_name, clients.phone, clients.address, clients.coordinates, clients.created_at, clients.last_contact, clients.comments, clients.updated_at, clients.backup_phone, clients.deleted_at 
FROM clients 
 LIMIT $1::INTEGER OFFSET $2::INTEGER
2026-03-01 11:52:44,660 - sqlalchemy.engine.Engine - INFO - [cached since 1790s ago] (100, 0)
2026-03-01 11:52:44,661 - sqlalchemy.engine.Engine - INFO - ROLLBACK
2026-03-01 11:52:46,489 - sqlalchemy.engine.Engine - INFO - BEGIN (implicit)
2026-03-01 11:52:46,490 - sqlalchemy.engine.Engine - INFO - SELECT orders.id, orders.client_id, orders.status, orders.warehouse, orders.service_datetime, orders.delivery_datetime, orders.promise, orders.marker_color, orders.address_id, orders.address_text, orders.created_at, orders.updated_at 
FROM orders 
 LIMIT $1::INTEGER OFFSET $2::INTEGER
2026-03-01 11:52:46,490 - sqlalchemy.engine.Engine - INFO - [cached since 1789s ago] (100, 0)
2026-03-01 11:52:46,491 - sqlalchemy.engine.Engine - INFO - SELECT finance.order_id AS finance_order_id, finance.id AS finance_id, finance.revenue AS finance_revenue, finance.cost_of_goods AS finance_cost_of_goods, finance.installer_payments AS finance_installer_payments, finance.expenses AS finance_expenses, finance.warranty_costs_oleg AS finance_warranty_costs_oleg, finance.warranty_costs_installer AS finance_warranty_costs_installer, finance.profit AS finance_profit, finance.created_at AS finance_created_at, finance.updated_at AS finance_updated_at 
FROM finance 
WHERE finance.order_id IN ($1::INTEGER, $2::INTEGER)
2026-03-01 11:52:46,491 - sqlalchemy.engine.Engine - INFO - [cached since 1789s ago] (1, 2)
2026-03-01 11:52:46,492 - sqlalchemy.engine.Engine - INFO - SELECT clients.id AS clients_id, clients.full_name AS clients_full_name, clients.phone AS clients_phone, clients.address AS clients_address, clients.coordinates AS clients_coordinates, clients.created_at AS clients_created_at, clients.last_contact AS clients_last_contact, clients.comments AS clients_comments, clients.updated_at AS clients_updated_at, clients.backup_phone AS clients_backup_phone, clients.deleted_at AS clients_deleted_at 
FROM clients 
WHERE clients.id IN ($1::INTEGER, $2::INTEGER)
2026-03-01 11:52:46,492 - sqlalchemy.engine.Engine - INFO - [cached since 1789s ago] (1, 2)
2026-03-01 11:52:46,492 - sqlalchemy.engine.Engine - INFO - SELECT address_cache.address AS address_cache_address, address_cache.lat AS address_cache_lat, address_cache.lon AS address_cache_lon, address_cache.updated_at AS address_cache_updated_at 
FROM address_cache 
WHERE address_cache.address IN ($1::VARCHAR, $2::VARCHAR)
2026-03-01 11:52:46,492 - sqlalchemy.engine.Engine - INFO - [cached since 1789s ago] ('Москва, ул. Тверская, д. 12, кв. 45', 'Россия, Московская область, Мытищи, улица Мира, 8')
2026-03-01 11:52:46,493 - sqlalchemy.engine.Engine - INFO - ROLLBACK
2026-03-01 11:52:46,494 - sqlalchemy.engine.Engine - INFO - BEGIN (implicit)
2026-03-01 11:52:46,494 - sqlalchemy.engine.Engine - INFO - SELECT orders.id, orders.client_id, orders.status, orders.warehouse, orders.service_datetime, orders.delivery_datetime, orders.promise, orders.marker_color, orders.address_id, orders.address_text, orders.created_at, orders.updated_at 
FROM orders 
 LIMIT $1::INTEGER OFFSET $2::INTEGER
2026-03-01 11:52:46,494 - sqlalchemy.engine.Engine - INFO - [cached since 1789s ago] (100, 0)
2026-03-01 11:52:46,495 - sqlalchemy.engine.Engine - INFO - SELECT finance.order_id AS finance_order_id, finance.id AS finance_id, finance.revenue AS finance_revenue, finance.cost_of_goods AS finance_cost_of_goods, finance.installer_payments AS finance_installer_payments, finance.expenses AS finance_expenses, finance.warranty_costs_oleg AS finance_warranty_costs_oleg, finance.warranty_costs_installer AS finance_warranty_costs_installer, finance.profit AS finance_profit, finance.created_at AS finance_created_at, finance.updated_at AS finance_updated_at 
FROM finance 
WHERE finance.order_id IN ($1::INTEGER, $2::INTEGER)
2026-03-01 11:52:46,496 - sqlalchemy.engine.Engine - INFO - [cached since 1789s ago] (1, 2)
2026-03-01 11:52:46,497 - sqlalchemy.engine.Engine - INFO - SELECT clients.id AS clients_id, clients.full_name AS clients_full_name, clients.phone AS clients_phone, clients.address AS clients_address, clients.coordinates AS clients_coordinates, clients.created_at AS clients_created_at, clients.last_contact AS clients_last_contact, clients.comments AS clients_comments, clients.updated_at AS clients_updated_at, clients.backup_phone AS clients_backup_phone, clients.deleted_at AS clients_deleted_at 
FROM clients 
WHERE clients.id IN ($1::INTEGER, $2::INTEGER)
2026-03-01 11:52:46,497 - sqlalchemy.engine.Engine - INFO - [cached since 1789s ago] (1, 2)
2026-03-01 11:52:46,498 - sqlalchemy.engine.Engine - INFO - SELECT address_cache.address AS address_cache_address, address_cache.lat AS address_cache_lat, address_cache.lon AS address_cache_lon, address_cache.updated_at AS address_cache_updated_at 
FROM address_cache 
WHERE address_cache.address IN ($1::VARCHAR, $2::VARCHAR)
2026-03-01 11:52:46,498 - sqlalchemy.engine.Engine - INFO - [cached since 1789s ago] ('Москва, ул. Тверская, д. 12, кв. 45', 'Россия, Московская область, Мытищи, улица Мира, 8')
2026-03-01 11:52:46,501 - sqlalchemy.engine.Engine - INFO - ROLLBACK
2026-03-01 11:52:47,425 - sqlalchemy.engine.Engine - INFO - BEGIN (implicit)
2026-03-01 11:52:47,426 - sqlalchemy.engine.Engine - INFO - SELECT admins.id, admins.username, admins.password_hash, admins.created_at 
FROM admins 
WHERE admins.username = $1::VARCHAR
2026-03-01 11:52:47,426 - sqlalchemy.engine.Engine - INFO - [cached since 1793s ago] ('zhura2296@yandex.ru',)
2026-03-01 11:52:47,427 - sqlalchemy.engine.Engine - INFO - SELECT installers.id, installers.full_name, installers.nickname, installers.phone, installers.backup_phone, installers.specialization, installers.rating, installers.base_price, installers.is_debtor, installers.comments, installers.is_active, installers.is_in_funnel, installers.total_orders, installers.poor_work_count, installers.warranty_visits_count, installers.last_incident_date, installers.updated_at, installers.created_at, installers.deleted_at 
FROM installers 
WHERE installers.deleted_at IS NULL 
 LIMIT $1::INTEGER OFFSET $2::INTEGER
2026-03-01 11:52:47,427 - sqlalchemy.engine.Engine - INFO - [cached since 1793s ago] (100, 0)
2026-03-01 11:52:47,428 - sqlalchemy.engine.Engine - INFO - ROLLBACK
2026-03-01 11:52:47,428 - sqlalchemy.engine.Engine - INFO - BEGIN (implicit)
2026-03-01 11:52:47,429 - sqlalchemy.engine.Engine - INFO - SELECT admins.id, admins.username, admins.password_hash, admins.created_at 
FROM admins 
WHERE admins.username = $1::VARCHAR
2026-03-01 11:52:47,429 - sqlalchemy.engine.Engine - INFO - [cached since 1793s ago] ('zhura2296@yandex.ru',)
2026-03-01 11:52:47,484 - sqlalchemy.engine.Engine - INFO - SELECT installers.id, installers.full_name, installers.nickname, installers.phone, installers.backup_phone, installers.specialization, installers.rating, installers.base_price, installers.is_debtor, installers.comments, installers.is_active, installers.is_in_funnel, installers.total_orders, installers.poor_work_count, installers.warranty_visits_count, installers.last_incident_date, installers.updated_at, installers.created_at, installers.deleted_at 
FROM installers 
WHERE installers.deleted_at IS NULL 
 LIMIT $1::INTEGER OFFSET $2::INTEGER
2026-03-01 11:52:47,484 - sqlalchemy.engine.Engine - INFO - [cached since 1793s ago] (100, 0)
2026-03-01 11:52:47,485 - sqlalchemy.engine.Engine - INFO - ROLLBACK
2026-03-01 11:52:48,942 - sqlalchemy.engine.Engine - INFO - BEGIN (implicit)
2026-03-01 11:52:48,942 - sqlalchemy.engine.Engine - INFO - SELECT orders.id, orders.client_id, orders.status, orders.warehouse, orders.service_datetime, orders.delivery_datetime, orders.promise, orders.marker_color, orders.address_id, orders.address_text, orders.created_at, orders.updated_at 
FROM orders 
 LIMIT $1::INTEGER OFFSET $2::INTEGER
2026-03-01 11:52:48,942 - sqlalchemy.engine.Engine - INFO - [cached since 1791s ago] (100, 0)
2026-03-01 11:52:48,944 - sqlalchemy.engine.Engine - INFO - SELECT finance.order_id AS finance_order_id, finance.id AS finance_id, finance.revenue AS finance_revenue, finance.cost_of_goods AS finance_cost_of_goods, finance.installer_payments AS finance_installer_payments, finance.expenses AS finance_expenses, finance.warranty_costs_oleg AS finance_warranty_costs_oleg, finance.warranty_costs_installer AS finance_warranty_costs_installer, finance.profit AS finance_profit, finance.created_at AS finance_created_at, finance.updated_at AS finance_updated_at 
FROM finance 
WHERE finance.order_id IN ($1::INTEGER, $2::INTEGER)
2026-03-01 11:52:48,944 - sqlalchemy.engine.Engine - INFO - [cached since 1791s ago] (1, 2)
2026-03-01 11:52:48,945 - sqlalchemy.engine.Engine - INFO - BEGIN (implicit)
2026-03-01 11:52:48,945 - sqlalchemy.engine.Engine - INFO - SELECT admins.id, admins.username, admins.password_hash, admins.created_at 
FROM admins 
WHERE admins.username = $1::VARCHAR
2026-03-01 11:52:48,945 - sqlalchemy.engine.Engine - INFO - [cached since 1794s ago] ('zhura2296@yandex.ru',)
2026-03-01 11:52:48,945 - sqlalchemy.engine.Engine - INFO - SELECT clients.id AS clients_id, clients.full_name AS clients_full_name, clients.phone AS clients_phone, clients.address AS clients_address, clients.coordinates AS clients_coordinates, clients.created_at AS clients_created_at, clients.last_contact AS clients_last_contact, clients.comments AS clients_comments, clients.updated_at AS clients_updated_at, clients.backup_phone AS clients_backup_phone, clients.deleted_at AS clients_deleted_at 
FROM clients 
WHERE clients.id IN ($1::INTEGER, $2::INTEGER)
2026-03-01 11:52:48,945 - sqlalchemy.engine.Engine - INFO - [cached since 1791s ago] (1, 2)
2026-03-01 11:52:48,946 - sqlalchemy.engine.Engine - INFO - SELECT address_cache.address AS address_cache_address, address_cache.lat AS address_cache_lat, address_cache.lon AS address_cache_lon, address_cache.updated_at AS address_cache_updated_at 
FROM address_cache 
WHERE address_cache.address IN ($1::VARCHAR, $2::VARCHAR)
2026-03-01 11:52:48,946 - sqlalchemy.engine.Engine - INFO - [cached since 1791s ago] ('Москва, ул. Тверская, д. 12, кв. 45', 'Россия, Московская область, Мытищи, улица Мира, 8')
2026-03-01 11:52:48,947 - sqlalchemy.engine.Engine - INFO - SELECT installers.id, installers.full_name, installers.nickname, installers.phone, installers.backup_phone, installers.specialization, installers.rating, installers.base_price, installers.is_debtor, installers.comments, installers.is_active, installers.is_in_funnel, installers.total_orders, installers.poor_work_count, installers.warranty_visits_count, installers.last_incident_date, installers.updated_at, installers.created_at, installers.deleted_at 
FROM installers 
WHERE installers.id = $1::INTEGER AND installers.deleted_at IS NULL
2026-03-01 11:52:48,947 - sqlalchemy.engine.Engine - INFO - [generated in 0.00012s] (1,)
2026-03-01 11:52:48,949 - sqlalchemy.engine.Engine - INFO - ROLLBACK
2026-03-01 11:52:48,950 - sqlalchemy.engine.Engine - INFO - BEGIN (implicit)
2026-03-01 11:52:48,950 - sqlalchemy.engine.Engine - INFO - SELECT orders.id, orders.client_id, orders.status, orders.warehouse, orders.service_datetime, orders.delivery_datetime, orders.promise, orders.marker_color, orders.address_id, orders.address_text, orders.created_at, orders.updated_at 
FROM orders 
 LIMIT $1::INTEGER OFFSET $2::INTEGER
2026-03-01 11:52:48,950 - sqlalchemy.engine.Engine - INFO - [cached since 1791s ago] (100, 0)
2026-03-01 11:52:48,952 - sqlalchemy.engine.Engine - INFO - SELECT finance.order_id AS finance_order_id, finance.id AS finance_id, finance.revenue AS finance_revenue, finance.cost_of_goods AS finance_cost_of_goods, finance.installer_payments AS finance_installer_payments, finance.expenses AS finance_expenses, finance.warranty_costs_oleg AS finance_warranty_costs_oleg, finance.warranty_costs_installer AS finance_warranty_costs_installer, finance.profit AS finance_profit, finance.created_at AS finance_created_at, finance.updated_at AS finance_updated_at 
FROM finance 
WHERE finance.order_id IN ($1::INTEGER, $2::INTEGER)
2026-03-01 11:52:48,952 - sqlalchemy.engine.Engine - INFO - [cached since 1791s ago] (1, 2)
2026-03-01 11:52:48,953 - sqlalchemy.engine.Engine - INFO - SELECT clients.id AS clients_id, clients.full_name AS clients_full_name, clients.phone AS clients_phone, clients.address AS clients_address, clients.coordinates AS clients_coordinates, clients.created_at AS clients_created_at, clients.last_contact AS clients_last_contact, clients.comments AS clients_comments, clients.updated_at AS clients_updated_at, clients.backup_phone AS clients_backup_phone, clients.deleted_at AS clients_deleted_at 
FROM clients 
WHERE clients.id IN ($1::INTEGER, $2::INTEGER)
2026-03-01 11:52:48,953 - sqlalchemy.engine.Engine - INFO - [cached since 1791s ago] (1, 2)
2026-03-01 11:52:48,954 - sqlalchemy.engine.Engine - INFO - SELECT address_cache.address AS address_cache_address, address_cache.lat AS address_cache_lat, address_cache.lon AS address_cache_lon, address_cache.updated_at AS address_cache_updated_at 
FROM address_cache 
WHERE address_cache.address IN ($1::VARCHAR, $2::VARCHAR)
2026-03-01 11:52:48,954 - sqlalchemy.engine.Engine - INFO - [cached since 1791s ago] ('Москва, ул. Тверская, д. 12, кв. 45', 'Россия, Московская область, Мытищи, улица Мира, 8')
2026-03-01 11:52:48,955 - sqlalchemy.engine.Engine - INFO - BEGIN (implicit)
2026-03-01 11:52:48,955 - sqlalchemy.engine.Engine - INFO - SELECT admins.id, admins.username, admins.password_hash, admins.created_at 
FROM admins 
WHERE admins.username = $1::VARCHAR
2026-03-01 11:52:48,955 - sqlalchemy.engine.Engine - INFO - [cached since 1794s ago] ('zhura2296@yandex.ru',)
2026-03-01 11:52:48,955 - sqlalchemy.engine.Engine - INFO - ROLLBACK
2026-03-01 11:52:48,957 - sqlalchemy.engine.Engine - INFO - SELECT installers.id, installers.full_name, installers.nickname, installers.phone, installers.backup_phone, installers.specialization, installers.rating, installers.base_price, installers.is_debtor, installers.comments, installers.is_active, installers.is_in_funnel, installers.total_orders, installers.poor_work_count, installers.warranty_visits_count, installers.last_incident_date, installers.updated_at, installers.created_at, installers.deleted_at 
FROM installers 
WHERE installers.id = $1::INTEGER AND installers.deleted_at IS NULL
2026-03-01 11:52:48,957 - sqlalchemy.engine.Engine - INFO - [cached since 0.009499s ago] (1,)
2026-03-01 11:52:48,957 - sqlalchemy.engine.Engine - INFO - ROLLBACK
2026-03-01 11:52:48,958 - sqlalchemy.engine.Engine - INFO - ROLLBACK
2026-03-01 11:52:58,279 - sqlalchemy.engine.Engine - INFO - BEGIN (implicit)
2026-03-01 11:52:58,280 - sqlalchemy.engine.Engine - INFO - SELECT sum(finance.profit) AS sum_1 
FROM finance
2026-03-01 11:52:58,280 - sqlalchemy.engine.Engine - INFO - [generated in 0.00010s] ()
2026-03-01 11:52:58,280 - sqlalchemy.engine.Engine - INFO - BEGIN (implicit)
2026-03-01 11:52:58,281 - sqlalchemy.engine.Engine - INFO - SELECT EXTRACT(year FROM finance.created_at) AS year, EXTRACT(month FROM finance.created_at) AS month, sum(finance.profit) AS profit 
FROM finance GROUP BY year, month ORDER BY year, month
2026-03-01 11:52:58,281 - sqlalchemy.engine.Engine - INFO - [generated in 0.00010s] ()
2026-03-01 11:52:58,283 - sqlalchemy.engine.Engine - INFO - SELECT sum(finance.installer_payments) AS sum_1 
FROM finance
2026-03-01 11:52:58,283 - sqlalchemy.engine.Engine - INFO - [generated in 0.00017s] ()
2026-03-01 11:52:58,285 - sqlalchemy.engine.Engine - INFO - SELECT count(orders.id) AS count_1 
FROM orders
2026-03-01 11:52:58,285 - sqlalchemy.engine.Engine - INFO - [generated in 0.00013s] ()
2026-03-01 11:52:58,287 - sqlalchemy.engine.Engine - INFO - BEGIN (implicit)
2026-03-01 11:52:58,287 - sqlalchemy.engine.Engine - INFO - SELECT EXTRACT(year FROM finance.created_at) AS year, EXTRACT(month FROM finance.created_at) AS month, sum(finance.profit) AS profit 
FROM finance GROUP BY year, month ORDER BY year, month
2026-03-01 11:52:58,287 - sqlalchemy.engine.Engine - INFO - [cached since 0.006213s ago] ()
2026-03-01 11:52:58,288 - sqlalchemy.engine.Engine - INFO - ROLLBACK
2026-03-01 11:52:58,288 - sqlalchemy.engine.Engine - INFO - ROLLBACK
2026-03-01 11:52:58,289 - sqlalchemy.engine.Engine - INFO - BEGIN (implicit)
2026-03-01 11:52:58,289 - sqlalchemy.engine.Engine - INFO - SELECT sum(finance.profit) AS sum_1 
FROM finance
2026-03-01 11:52:58,289 - sqlalchemy.engine.Engine - INFO - [cached since 0.009776s ago] ()
2026-03-01 11:52:58,291 - sqlalchemy.engine.Engine - INFO - SELECT sum(finance.installer_payments) AS sum_1 
FROM finance
2026-03-01 11:52:58,291 - sqlalchemy.engine.Engine - INFO - [cached since 0.00775s ago] ()
2026-03-01 11:52:58,292 - sqlalchemy.engine.Engine - INFO - ROLLBACK
2026-03-01 11:52:58,292 - sqlalchemy.engine.Engine - INFO - SELECT count(orders.id) AS count_1 
FROM orders
2026-03-01 11:52:58,292 - sqlalchemy.engine.Engine - INFO - [cached since 0.007249s ago] ()
2026-03-01 11:52:58,293 - sqlalchemy.engine.Engine - INFO - ROLLBACK
2026-03-01 11:52:59,263 - sqlalchemy.engine.Engine - INFO - BEGIN (implicit)
2026-03-01 11:52:59,264 - sqlalchemy.engine.Engine - INFO - SELECT orders.id, orders.client_id, orders.status, orders.warehouse, orders.service_datetime, orders.delivery_datetime, orders.promise, orders.marker_color, orders.address_id, orders.address_text, orders.created_at, orders.updated_at 
FROM orders 
 LIMIT $1::INTEGER OFFSET $2::INTEGER
2026-03-01 11:52:59,264 - sqlalchemy.engine.Engine - INFO - [cached since 1802s ago] (100, 0)
2026-03-01 11:52:59,266 - sqlalchemy.engine.Engine - INFO - SELECT finance.order_id AS finance_order_id, finance.id AS finance_id, finance.revenue AS finance_revenue, finance.cost_of_goods AS finance_cost_of_goods, finance.installer_payments AS finance_installer_payments, finance.expenses AS finance_expenses, finance.warranty_costs_oleg AS finance_warranty_costs_oleg, finance.warranty_costs_installer AS finance_warranty_costs_installer, finance.profit AS finance_profit, finance.created_at AS finance_created_at, finance.updated_at AS finance_updated_at 
FROM finance 
WHERE finance.order_id IN ($1::INTEGER, $2::INTEGER)
2026-03-01 11:52:59,266 - sqlalchemy.engine.Engine - INFO - [cached since 1802s ago] (1, 2)
2026-03-01 11:52:59,267 - sqlalchemy.engine.Engine - INFO - SELECT clients.id AS clients_id, clients.full_name AS clients_full_name, clients.phone AS clients_phone, clients.address AS clients_address, clients.coordinates AS clients_coordinates, clients.created_at AS clients_created_at, clients.last_contact AS clients_last_contact, clients.comments AS clients_comments, clients.updated_at AS clients_updated_at, clients.backup_phone AS clients_backup_phone, clients.deleted_at AS clients_deleted_at 
FROM clients 
WHERE clients.id IN ($1::INTEGER, $2::INTEGER)
2026-03-01 11:52:59,267 - sqlalchemy.engine.Engine - INFO - [cached since 1802s ago] (1, 2)
2026-03-01 11:52:59,268 - sqlalchemy.engine.Engine - INFO - SELECT address_cache.address AS address_cache_address, address_cache.lat AS address_cache_lat, address_cache.lon AS address_cache_lon, address_cache.updated_at AS address_cache_updated_at 
FROM address_cache 
WHERE address_cache.address IN ($1::VARCHAR, $2::VARCHAR)
2026-03-01 11:52:59,268 - sqlalchemy.engine.Engine - INFO - [cached since 1802s ago] ('Москва, ул. Тверская, д. 12, кв. 45', 'Россия, Московская область, Мытищи, улица Мира, 8')
2026-03-01 11:52:59,269 - sqlalchemy.engine.Engine - INFO - ROLLBACK
2026-03-01 11:52:59,270 - sqlalchemy.engine.Engine - INFO - BEGIN (implicit)
2026-03-01 11:52:59,270 - sqlalchemy.engine.Engine - INFO - SELECT orders.id, orders.client_id, orders.status, orders.warehouse, orders.service_datetime, orders.delivery_datetime, orders.promise, orders.marker_color, orders.address_id, orders.address_text, orders.created_at, orders.updated_at 
FROM orders 
 LIMIT $1::INTEGER OFFSET $2::INTEGER
2026-03-01 11:52:59,270 - sqlalchemy.engine.Engine - INFO - [cached since 1802s ago] (100, 0)
2026-03-01 11:52:59,272 - sqlalchemy.engine.Engine - INFO - SELECT finance.order_id AS finance_order_id, finance.id AS finance_id, finance.revenue AS finance_revenue, finance.cost_of_goods AS finance_cost_of_goods, finance.installer_payments AS finance_installer_payments, finance.expenses AS finance_expenses, finance.warranty_costs_oleg AS finance_warranty_costs_oleg, finance.warranty_costs_installer AS finance_warranty_costs_installer, finance.profit AS finance_profit, finance.created_at AS finance_created_at, finance.updated_at AS finance_updated_at 
FROM finance 
WHERE finance.order_id IN ($1::INTEGER, $2::INTEGER)
2026-03-01 11:52:59,272 - sqlalchemy.engine.Engine - INFO - [cached since 1802s ago] (1, 2)
2026-03-01 11:52:59,273 - sqlalchemy.engine.Engine - INFO - SELECT clients.id AS clients_id, clients.full_name AS clients_full_name, clients.phone AS clients_phone, clients.address AS clients_address, clients.coordinates AS clients_coordinates, clients.created_at AS clients_created_at, clients.last_contact AS clients_last_contact, clients.comments AS clients_comments, clients.updated_at AS clients_updated_at, clients.backup_phone AS clients_backup_phone, clients.deleted_at AS clients_deleted_at 
FROM clients 
WHERE clients.id IN ($1::INTEGER, $2::INTEGER)
2026-03-01 11:52:59,273 - sqlalchemy.engine.Engine - INFO - [cached since 1802s ago] (1, 2)
2026-03-01 11:52:59,274 - sqlalchemy.engine.Engine - INFO - SELECT address_cache.address AS address_cache_address, address_cache.lat AS address_cache_lat, address_cache.lon AS address_cache_lon, address_cache.updated_at AS address_cache_updated_at 
FROM address_cache 
WHERE address_cache.address IN ($1::VARCHAR, $2::VARCHAR)
2026-03-01 11:52:59,274 - sqlalchemy.engine.Engine - INFO - [cached since 1802s ago] ('Москва, ул. Тверская, д. 12, кв. 45', 'Россия, Московская область, Мытищи, улица Мира, 8')
2026-03-01 11:52:59,275 - sqlalchemy.engine.Engine - INFO - ROLLBACK
2026-03-01 11:54:16,923 - sqlalchemy.engine.Engine - INFO - BEGIN (implicit)
2026-03-01 11:54:16,924 - sqlalchemy.engine.Engine - INFO - SELECT admins.id, admins.username, admins.password_hash, admins.created_at 
FROM admins 
WHERE admins.username = $1::VARCHAR
2026-03-01 11:54:16,924 - sqlalchemy.engine.Engine - INFO - [cached since 1882s ago] ('zhura2296@yandex.ru',)
2026-03-01 11:54:16,925 - sqlalchemy.engine.Engine - INFO - BEGIN (implicit)
2026-03-01 11:54:16,925 - sqlalchemy.engine.Engine - INFO - SELECT admins.id, admins.username, admins.password_hash, admins.created_at 
FROM admins 
WHERE admins.username = $1::VARCHAR
2026-03-01 11:54:16,925 - sqlalchemy.engine.Engine - INFO - [cached since 1882s ago] ('zhura2296@yandex.ru',)
2026-03-01 11:54:16,926 - sqlalchemy.engine.Engine - INFO - SELECT clients.id, clients.full_name, clients.phone, clients.address, clients.coordinates, clients.created_at, clients.last_contact, clients.comments, clients.updated_at, clients.backup_phone, clients.deleted_at 
FROM clients 
 LIMIT $1::INTEGER OFFSET $2::INTEGER
2026-03-01 11:54:16,926 - sqlalchemy.engine.Engine - INFO - [cached since 1882s ago] (100, 0)
2026-03-01 11:54:16,927 - sqlalchemy.engine.Engine - INFO - SELECT installers.id, installers.full_name, installers.nickname, installers.phone, installers.backup_phone, installers.specialization, installers.rating, installers.base_price, installers.is_debtor, installers.comments, installers.is_active, installers.is_in_funnel, installers.total_orders, installers.poor_work_count, installers.warranty_visits_count, installers.last_incident_date, installers.updated_at, installers.created_at, installers.deleted_at 
FROM installers 
WHERE installers.deleted_at IS NULL 
 LIMIT $1::INTEGER OFFSET $2::INTEGER
2026-03-01 11:54:16,927 - sqlalchemy.engine.Engine - INFO - [cached since 1882s ago] (100, 0)
2026-03-01 11:54:16,929 - sqlalchemy.engine.Engine - INFO - ROLLBACK
2026-03-01 11:54:16,929 - sqlalchemy.engine.Engine - INFO - ROLLBACK
2026-03-01 11:54:16,930 - sqlalchemy.engine.Engine - INFO - BEGIN (implicit)
2026-03-01 11:54:16,930 - sqlalchemy.engine.Engine - INFO - SELECT admins.id, admins.username, admins.password_hash, admins.created_at 
FROM admins 
WHERE admins.username = $1::VARCHAR
2026-03-01 11:54:16,930 - sqlalchemy.engine.Engine - INFO - [cached since 1882s ago] ('zhura2296@yandex.ru',)
2026-03-01 11:54:16,931 - sqlalchemy.engine.Engine - INFO - BEGIN (implicit)
2026-03-01 11:54:16,931 - sqlalchemy.engine.Engine - INFO - SELECT admins.id, admins.username, admins.password_hash, admins.created_at 
FROM admins 
WHERE admins.username = $1::VARCHAR
2026-03-01 11:54:16,931 - sqlalchemy.engine.Engine - INFO - [cached since 1882s ago] ('zhura2296@yandex.ru',)
2026-03-01 11:54:16,933 - sqlalchemy.engine.Engine - INFO - SELECT clients.id, clients.full_name, clients.phone, clients.address, clients.coordinates, clients.created_at, clients.last_contact, clients.comments, clients.updated_at, clients.backup_phone, clients.deleted_at 
FROM clients 
 LIMIT $1::INTEGER OFFSET $2::INTEGER
2026-03-01 11:54:16,933 - sqlalchemy.engine.Engine - INFO - [cached since 1882s ago] (100, 0)
2026-03-01 11:54:16,934 - sqlalchemy.engine.Engine - INFO - SELECT installers.id, installers.full_name, installers.nickname, installers.phone, installers.backup_phone, installers.specialization, installers.rating, installers.base_price, installers.is_debtor, installers.comments, installers.is_active, installers.is_in_funnel, installers.total_orders, installers.poor_work_count, installers.warranty_visits_count, installers.last_incident_date, installers.updated_at, installers.created_at, installers.deleted_at 
FROM installers 
WHERE installers.deleted_at IS NULL 
 LIMIT $1::INTEGER OFFSET $2::INTEGER
2026-03-01 11:54:16,934 - sqlalchemy.engine.Engine - INFO - [cached since 1882s ago] (100, 0)
2026-03-01 11:54:16,936 - sqlalchemy.engine.Engine - INFO - ROLLBACK
2026-03-01 11:54:16,936 - sqlalchemy.engine.Engine - INFO - ROLLBACK
2026-03-01 11:54:18,312 - sqlalchemy.engine.Engine - INFO - BEGIN (implicit)
2026-03-01 11:54:18,312 - sqlalchemy.engine.Engine - INFO - SELECT orders.id, orders.client_id, orders.status, orders.warehouse, orders.service_datetime, orders.delivery_datetime, orders.promise, orders.marker_color, orders.address_id, orders.address_text, orders.created_at, orders.updated_at 
FROM orders 
 LIMIT $1::INTEGER OFFSET $2::INTEGER
2026-03-01 11:54:18,312 - sqlalchemy.engine.Engine - INFO - [cached since 1881s ago] (100, 0)
2026-03-01 11:54:18,313 - sqlalchemy.engine.Engine - INFO - SELECT finance.order_id AS finance_order_id, finance.id AS finance_id, finance.revenue AS finance_revenue, finance.cost_of_goods AS finance_cost_of_goods, finance.installer_payments AS finance_installer_payments, finance.expenses AS finance_expenses, finance.warranty_costs_oleg AS finance_warranty_costs_oleg, finance.warranty_costs_installer AS finance_warranty_costs_installer, finance.profit AS finance_profit, finance.created_at AS finance_created_at, finance.updated_at AS finance_updated_at 
FROM finance 
WHERE finance.order_id IN ($1::INTEGER, $2::INTEGER)
2026-03-01 11:54:18,313 - sqlalchemy.engine.Engine - INFO - [cached since 1881s ago] (1, 2)
2026-03-01 11:54:18,314 - sqlalchemy.engine.Engine - INFO - SELECT clients.id AS clients_id, clients.full_name AS clients_full_name, clients.phone AS clients_phone, clients.address AS clients_address, clients.coordinates AS clients_coordinates, clients.created_at AS clients_created_at, clients.last_contact AS clients_last_contact, clients.comments AS clients_comments, clients.updated_at AS clients_updated_at, clients.backup_phone AS clients_backup_phone, clients.deleted_at AS clients_deleted_at 
FROM clients 
WHERE clients.id IN ($1::INTEGER, $2::INTEGER)
2026-03-01 11:54:18,314 - sqlalchemy.engine.Engine - INFO - [cached since 1881s ago] (1, 2)
2026-03-01 11:54:18,314 - sqlalchemy.engine.Engine - INFO - SELECT address_cache.address AS address_cache_address, address_cache.lat AS address_cache_lat, address_cache.lon AS address_cache_lon, address_cache.updated_at AS address_cache_updated_at 
FROM address_cache 
WHERE address_cache.address IN ($1::VARCHAR, $2::VARCHAR)
2026-03-01 11:54:18,314 - sqlalchemy.engine.Engine - INFO - [cached since 1881s ago] ('Москва, ул. Тверская, д. 12, кв. 45', 'Россия, Московская область, Мытищи, улица Мира, 8')
2026-03-01 11:54:18,315 - sqlalchemy.engine.Engine - INFO - ROLLBACK
2026-03-01 11:54:18,316 - sqlalchemy.engine.Engine - INFO - BEGIN (implicit)
2026-03-01 11:54:18,316 - sqlalchemy.engine.Engine - INFO - SELECT orders.id, orders.client_id, orders.status, orders.warehouse, orders.service_datetime, orders.delivery_datetime, orders.promise, orders.marker_color, orders.address_id, orders.address_text, orders.created_at, orders.updated_at 
FROM orders 
 LIMIT $1::INTEGER OFFSET $2::INTEGER
2026-03-01 11:54:18,316 - sqlalchemy.engine.Engine - INFO - [cached since 1881s ago] (100, 0)
2026-03-01 11:54:18,317 - sqlalchemy.engine.Engine - INFO - SELECT finance.order_id AS finance_order_id, finance.id AS finance_id, finance.revenue AS finance_revenue, finance.cost_of_goods AS finance_cost_of_goods, finance.installer_payments AS finance_installer_payments, finance.expenses AS finance_expenses, finance.warranty_costs_oleg AS finance_warranty_costs_oleg, finance.warranty_costs_installer AS finance_warranty_costs_installer, finance.profit AS finance_profit, finance.created_at AS finance_created_at, finance.updated_at AS finance_updated_at 
FROM finance 
WHERE finance.order_id IN ($1::INTEGER, $2::INTEGER)
2026-03-01 11:54:18,317 - sqlalchemy.engine.Engine - INFO - [cached since 1881s ago] (1, 2)
2026-03-01 11:54:18,319 - sqlalchemy.engine.Engine - INFO - SELECT clients.id AS clients_id, clients.full_name AS clients_full_name, clients.phone AS clients_phone, clients.address AS clients_address, clients.coordinates AS clients_coordinates, clients.created_at AS clients_created_at, clients.last_contact AS clients_last_contact, clients.comments AS clients_comments, clients.updated_at AS clients_updated_at, clients.backup_phone AS clients_backup_phone, clients.deleted_at AS clients_deleted_at 
FROM clients 
WHERE clients.id IN ($1::INTEGER, $2::INTEGER)
2026-03-01 11:54:18,319 - sqlalchemy.engine.Engine - INFO - [cached since 1881s ago] (1, 2)
2026-03-01 11:54:18,320 - sqlalchemy.engine.Engine - INFO - SELECT address_cache.address AS address_cache_address, address_cache.lat AS address_cache_lat, address_cache.lon AS address_cache_lon, address_cache.updated_at AS address_cache_updated_at 
FROM address_cache 
WHERE address_cache.address IN ($1::VARCHAR, $2::VARCHAR)
2026-03-01 11:54:18,320 - sqlalchemy.engine.Engine - INFO - [cached since 1881s ago] ('Москва, ул. Тверская, д. 12, кв. 45', 'Россия, Московская область, Мытищи, улица Мира, 8')
2026-03-01 11:54:18,321 - sqlalchemy.engine.Engine - INFO - ROLLBACK
2026-03-01 11:54:19,429 - sqlalchemy.engine.Engine - INFO - BEGIN (implicit)
2026-03-01 11:54:19,429 - sqlalchemy.engine.Engine - INFO - SELECT admins.id, admins.username, admins.password_hash, admins.created_at 
FROM admins 
WHERE admins.username = $1::VARCHAR
2026-03-01 11:54:19,429 - sqlalchemy.engine.Engine - INFO - [cached since 1885s ago] ('zhura2296@yandex.ru',)
2026-03-01 11:54:19,430 - sqlalchemy.engine.Engine - INFO - SELECT installers.id, installers.full_name, installers.nickname, installers.phone, installers.backup_phone, installers.specialization, installers.rating, installers.base_price, installers.is_debtor, installers.comments, installers.is_active, installers.is_in_funnel, installers.total_orders, installers.poor_work_count, installers.warranty_visits_count, installers.last_incident_date, installers.updated_at, installers.created_at, installers.deleted_at 
FROM installers 
WHERE installers.deleted_at IS NULL 
 LIMIT $1::INTEGER OFFSET $2::INTEGER
2026-03-01 11:54:19,430 - sqlalchemy.engine.Engine - INFO - [cached since 1885s ago] (100, 0)
2026-03-01 11:54:19,431 - sqlalchemy.engine.Engine - INFO - ROLLBACK
2026-03-01 11:54:19,432 - sqlalchemy.engine.Engine - INFO - BEGIN (implicit)
2026-03-01 11:54:19,432 - sqlalchemy.engine.Engine - INFO - SELECT admins.id, admins.username, admins.password_hash, admins.created_at 
FROM admins 
WHERE admins.username = $1::VARCHAR
2026-03-01 11:54:19,432 - sqlalchemy.engine.Engine - INFO - [cached since 1885s ago] ('zhura2296@yandex.ru',)
2026-03-01 11:54:19,433 - sqlalchemy.engine.Engine - INFO - SELECT installers.id, installers.full_name, installers.nickname, installers.phone, installers.backup_phone, installers.specialization, installers.rating, installers.base_price, installers.is_debtor, installers.comments, installers.is_active, installers.is_in_funnel, installers.total_orders, installers.poor_work_count, installers.warranty_visits_count, installers.last_incident_date, installers.updated_at, installers.created_at, installers.deleted_at 
FROM installers 
WHERE installers.deleted_at IS NULL 
 LIMIT $1::INTEGER OFFSET $2::INTEGER
2026-03-01 11:54:19,433 - sqlalchemy.engine.Engine - INFO - [cached since 1885s ago] (100, 0)
2026-03-01 11:54:19,434 - sqlalchemy.engine.Engine - INFO - ROLLBACK
2026-03-01 11:54:21,357 - sqlalchemy.engine.Engine - INFO - BEGIN (implicit)
2026-03-01 11:54:21,358 - sqlalchemy.engine.Engine - INFO - SELECT orders.id, orders.client_id, orders.status, orders.warehouse, orders.service_datetime, orders.delivery_datetime, orders.promise, orders.marker_color, orders.address_id, orders.address_text, orders.created_at, orders.updated_at 
FROM orders 
 LIMIT $1::INTEGER OFFSET $2::INTEGER
2026-03-01 11:54:21,358 - sqlalchemy.engine.Engine - INFO - [cached since 1884s ago] (100, 0)
2026-03-01 11:54:21,359 - sqlalchemy.engine.Engine - INFO - SELECT finance.order_id AS finance_order_id, finance.id AS finance_id, finance.revenue AS finance_revenue, finance.cost_of_goods AS finance_cost_of_goods, finance.installer_payments AS finance_installer_payments, finance.expenses AS finance_expenses, finance.warranty_costs_oleg AS finance_warranty_costs_oleg, finance.warranty_costs_installer AS finance_warranty_costs_installer, finance.profit AS finance_profit, finance.created_at AS finance_created_at, finance.updated_at AS finance_updated_at 
FROM finance 
WHERE finance.order_id IN ($1::INTEGER, $2::INTEGER)
2026-03-01 11:54:21,359 - sqlalchemy.engine.Engine - INFO - [cached since 1884s ago] (1, 2)
2026-03-01 11:54:21,359 - sqlalchemy.engine.Engine - INFO - SELECT clients.id AS clients_id, clients.full_name AS clients_full_name, clients.phone AS clients_phone, clients.address AS clients_address, clients.coordinates AS clients_coordinates, clients.created_at AS clients_created_at, clients.last_contact AS clients_last_contact, clients.comments AS clients_comments, clients.updated_at AS clients_updated_at, clients.backup_phone AS clients_backup_phone, clients.deleted_at AS clients_deleted_at 
FROM clients 
WHERE clients.id IN ($1::INTEGER, $2::INTEGER)
2026-03-01 11:54:21,360 - sqlalchemy.engine.Engine - INFO - [cached since 1884s ago] (1, 2)
2026-03-01 11:54:21,360 - sqlalchemy.engine.Engine - INFO - SELECT address_cache.address AS address_cache_address, address_cache.lat AS address_cache_lat, address_cache.lon AS address_cache_lon, address_cache.updated_at AS address_cache_updated_at 
FROM address_cache 
WHERE address_cache.address IN ($1::VARCHAR, $2::VARCHAR)
2026-03-01 11:54:21,360 - sqlalchemy.engine.Engine - INFO - [cached since 1884s ago] ('Москва, ул. Тверская, д. 12, кв. 45', 'Россия, Московская область, Мытищи, улица Мира, 8')
2026-03-01 11:54:21,361 - sqlalchemy.engine.Engine - INFO - ROLLBACK
2026-03-01 11:54:21,362 - sqlalchemy.engine.Engine - INFO - BEGIN (implicit)
2026-03-01 11:54:21,362 - sqlalchemy.engine.Engine - INFO - SELECT orders.id, orders.client_id, orders.status, orders.warehouse, orders.service_datetime, orders.delivery_datetime, orders.promise, orders.marker_color, orders.address_id, orders.address_text, orders.created_at, orders.updated_at 
FROM orders 
 LIMIT $1::INTEGER OFFSET $2::INTEGER
2026-03-01 11:54:21,362 - sqlalchemy.engine.Engine - INFO - [cached since 1884s ago] (100, 0)
2026-03-01 11:54:21,363 - sqlalchemy.engine.Engine - INFO - SELECT finance.order_id AS finance_order_id, finance.id AS finance_id, finance.revenue AS finance_revenue, finance.cost_of_goods AS finance_cost_of_goods, finance.installer_payments AS finance_installer_payments, finance.expenses AS finance_expenses, finance.warranty_costs_oleg AS finance_warranty_costs_oleg, finance.warranty_costs_installer AS finance_warranty_costs_installer, finance.profit AS finance_profit, finance.created_at AS finance_created_at, finance.updated_at AS finance_updated_at 
FROM finance 
WHERE finance.order_id IN ($1::INTEGER, $2::INTEGER)
2026-03-01 11:54:21,363 - sqlalchemy.engine.Engine - INFO - [cached since 1884s ago] (1, 2)
2026-03-01 11:54:21,363 - sqlalchemy.engine.Engine - INFO - SELECT clients.id AS clients_id, clients.full_name AS clients_full_name, clients.phone AS clients_phone, clients.address AS clients_address, clients.coordinates AS clients_coordinates, clients.created_at AS clients_created_at, clients.last_contact AS clients_last_contact, clients.comments AS clients_comments, clients.updated_at AS clients_updated_at, clients.backup_phone AS clients_backup_phone, clients.deleted_at AS clients_deleted_at 
FROM clients 
WHERE clients.id IN ($1::INTEGER, $2::INTEGER)
2026-03-01 11:54:21,364 - sqlalchemy.engine.Engine - INFO - [cached since 1884s ago] (1, 2)
2026-03-01 11:54:21,364 - sqlalchemy.engine.Engine - INFO - SELECT address_cache.address AS address_cache_address, address_cache.lat AS address_cache_lat, address_cache.lon AS address_cache_lon, address_cache.updated_at AS address_cache_updated_at 
FROM address_cache 
WHERE address_cache.address IN ($1::VARCHAR, $2::VARCHAR)
2026-03-01 11:54:21,364 - sqlalchemy.engine.Engine - INFO - [cached since 1884s ago] ('Москва, ул. Тверская, д. 12, кв. 45', 'Россия, Московская область, Мытищи, улица Мира, 8')
2026-03-01 11:54:21,365 - sqlalchemy.engine.Engine - INFO - ROLLBACK
2026-03-01 11:54:29,860 - sqlalchemy.engine.Engine - INFO - BEGIN (implicit)
2026-03-01 11:54:29,860 - sqlalchemy.engine.Engine - INFO - SELECT admins.id, admins.username, admins.password_hash, admins.created_at 
FROM admins 
WHERE admins.username = $1::VARCHAR
2026-03-01 11:54:29,860 - sqlalchemy.engine.Engine - INFO - [cached since 1895s ago] ('zhura2296@yandex.ru',)
2026-03-01 11:54:29,860 - sqlalchemy.engine.Engine - INFO - BEGIN (implicit)
2026-03-01 11:54:29,861 - sqlalchemy.engine.Engine - INFO - SELECT admins.id, admins.username, admins.password_hash, admins.created_at 
FROM admins 
WHERE admins.username = $1::VARCHAR
2026-03-01 11:54:29,861 - sqlalchemy.engine.Engine - INFO - [cached since 1895s ago] ('zhura2296@yandex.ru',)
2026-03-01 11:54:29,861 - sqlalchemy.engine.Engine - INFO - SELECT clients.id, clients.full_name, clients.phone, clients.address, clients.coordinates, clients.created_at, clients.last_contact, clients.comments, clients.updated_at, clients.backup_phone, clients.deleted_at 
FROM clients 
 LIMIT $1::INTEGER OFFSET $2::INTEGER
2026-03-01 11:54:29,861 - sqlalchemy.engine.Engine - INFO - [cached since 1895s ago] (100, 0)
2026-03-01 11:54:29,862 - sqlalchemy.engine.Engine - INFO - SELECT installers.id, installers.full_name, installers.nickname, installers.phone, installers.backup_phone, installers.specialization, installers.rating, installers.base_price, installers.is_debtor, installers.comments, installers.is_active, installers.is_in_funnel, installers.total_orders, installers.poor_work_count, installers.warranty_visits_count, installers.last_incident_date, installers.updated_at, installers.created_at, installers.deleted_at 
FROM installers 
WHERE installers.deleted_at IS NULL 
 LIMIT $1::INTEGER OFFSET $2::INTEGER
2026-03-01 11:54:29,862 - sqlalchemy.engine.Engine - INFO - [cached since 1895s ago] (100, 0)
2026-03-01 11:54:29,863 - sqlalchemy.engine.Engine - INFO - ROLLBACK
2026-03-01 11:54:29,863 - sqlalchemy.engine.Engine - INFO - ROLLBACK
2026-03-01 11:54:29,863 - sqlalchemy.engine.Engine - INFO - BEGIN (implicit)
2026-03-01 11:54:29,864 - sqlalchemy.engine.Engine - INFO - SELECT admins.id, admins.username, admins.password_hash, admins.created_at 
FROM admins 
WHERE admins.username = $1::VARCHAR
2026-03-01 11:54:29,864 - sqlalchemy.engine.Engine - INFO - [cached since 1895s ago] ('zhura2296@yandex.ru',)
2026-03-01 11:54:29,864 - sqlalchemy.engine.Engine - INFO - BEGIN (implicit)
2026-03-01 11:54:29,864 - sqlalchemy.engine.Engine - INFO - SELECT admins.id, admins.username, admins.password_hash, admins.created_at 
FROM admins 
WHERE admins.username = $1::VARCHAR
2026-03-01 11:54:29,864 - sqlalchemy.engine.Engine - INFO - [cached since 1895s ago] ('zhura2296@yandex.ru',)
2026-03-01 11:54:29,865 - sqlalchemy.engine.Engine - INFO - SELECT clients.id, clients.full_name, clients.phone, clients.address, clients.coordinates, clients.created_at, clients.last_contact, clients.comments, clients.updated_at, clients.backup_phone, clients.deleted_at 
FROM clients 
 LIMIT $1::INTEGER OFFSET $2::INTEGER
2026-03-01 11:54:29,865 - sqlalchemy.engine.Engine - INFO - [cached since 1895s ago] (100, 0)
2026-03-01 11:54:29,865 - sqlalchemy.engine.Engine - INFO - SELECT installers.id, installers.full_name, installers.nickname, installers.phone, installers.backup_phone, installers.specialization, installers.rating, installers.base_price, installers.is_debtor, installers.comments, installers.is_active, installers.is_in_funnel, installers.total_orders, installers.poor_work_count, installers.warranty_visits_count, installers.last_incident_date, installers.updated_at, installers.created_at, installers.deleted_at 
FROM installers 
WHERE installers.deleted_at IS NULL 
 LIMIT $1::INTEGER OFFSET $2::INTEGER
2026-03-01 11:54:29,865 - sqlalchemy.engine.Engine - INFO - [cached since 1895s ago] (100, 0)
2026-03-01 11:54:29,866 - sqlalchemy.engine.Engine - INFO - ROLLBACK
2026-03-01 11:54:29,866 - sqlalchemy.engine.Engine - INFO - ROLLBACK
2026-03-01 11:57:16,180 - sqlalchemy.engine.Engine - INFO - BEGIN (implicit)
2026-03-01 11:57:16,181 - sqlalchemy.engine.Engine - INFO - SELECT orders.id, orders.client_id, orders.status, orders.warehouse, orders.service_datetime, orders.delivery_datetime, orders.promise, orders.marker_color, orders.address_id, orders.address_text, orders.created_at, orders.updated_at 
FROM orders 
 LIMIT $1::INTEGER OFFSET $2::INTEGER
2026-03-01 11:57:16,181 - sqlalchemy.engine.Engine - INFO - [cached since 2059s ago] (100, 0)
2026-03-01 11:57:16,182 - sqlalchemy.engine.Engine - INFO - SELECT finance.order_id AS finance_order_id, finance.id AS finance_id, finance.revenue AS finance_revenue, finance.cost_of_goods AS finance_cost_of_goods, finance.installer_payments AS finance_installer_payments, finance.expenses AS finance_expenses, finance.warranty_costs_oleg AS finance_warranty_costs_oleg, finance.warranty_costs_installer AS finance_warranty_costs_installer, finance.profit AS finance_profit, finance.created_at AS finance_created_at, finance.updated_at AS finance_updated_at 
FROM finance 
WHERE finance.order_id IN ($1::INTEGER, $2::INTEGER)
2026-03-01 11:57:16,182 - sqlalchemy.engine.Engine - INFO - [cached since 2059s ago] (1, 2)
2026-03-01 11:57:16,183 - sqlalchemy.engine.Engine - INFO - SELECT clients.id AS clients_id, clients.full_name AS clients_full_name, clients.phone AS clients_phone, clients.address AS clients_address, clients.coordinates AS clients_coordinates, clients.created_at AS clients_created_at, clients.last_contact AS clients_last_contact, clients.comments AS clients_comments, clients.updated_at AS clients_updated_at, clients.backup_phone AS clients_backup_phone, clients.deleted_at AS clients_deleted_at 
FROM clients 
WHERE clients.id IN ($1::INTEGER, $2::INTEGER)
2026-03-01 11:57:16,183 - sqlalchemy.engine.Engine - INFO - [cached since 2059s ago] (1, 2)
2026-03-01 11:57:16,184 - sqlalchemy.engine.Engine - INFO - SELECT address_cache.address AS address_cache_address, address_cache.lat AS address_cache_lat, address_cache.lon AS address_cache_lon, address_cache.updated_at AS address_cache_updated_at 
FROM address_cache 
WHERE address_cache.address IN ($1::VARCHAR, $2::VARCHAR)
2026-03-01 11:57:16,185 - sqlalchemy.engine.Engine - INFO - [cached since 2059s ago] ('Москва, ул. Тверская, д. 12, кв. 45', 'Россия, Московская область, Мытищи, улица Мира, 8')
2026-03-01 11:57:16,186 - sqlalchemy.engine.Engine - INFO - ROLLBACK
2026-03-01 11:57:16,187 - sqlalchemy.engine.Engine - INFO - BEGIN (implicit)
2026-03-01 11:57:16,187 - sqlalchemy.engine.Engine - INFO - SELECT orders.id, orders.client_id, orders.status, orders.warehouse, orders.service_datetime, orders.delivery_datetime, orders.promise, orders.marker_color, orders.address_id, orders.address_text, orders.created_at, orders.updated_at 
FROM orders 
 LIMIT $1::INTEGER OFFSET $2::INTEGER
2026-03-01 11:57:16,188 - sqlalchemy.engine.Engine - INFO - [cached since 2059s ago] (100, 0)
2026-03-01 11:57:16,189 - sqlalchemy.engine.Engine - INFO - SELECT finance.order_id AS finance_order_id, finance.id AS finance_id, finance.revenue AS finance_revenue, finance.cost_of_goods AS finance_cost_of_goods, finance.installer_payments AS finance_installer_payments, finance.expenses AS finance_expenses, finance.warranty_costs_oleg AS finance_warranty_costs_oleg, finance.warranty_costs_installer AS finance_warranty_costs_installer, finance.profit AS finance_profit, finance.created_at AS finance_created_at, finance.updated_at AS finance_updated_at 
FROM finance 
WHERE finance.order_id IN ($1::INTEGER, $2::INTEGER)
2026-03-01 11:57:16,189 - sqlalchemy.engine.Engine - INFO - [cached since 2059s ago] (1, 2)
2026-03-01 11:57:16,190 - sqlalchemy.engine.Engine - INFO - SELECT clients.id AS clients_id, clients.full_name AS clients_full_name, clients.phone AS clients_phone, clients.address AS clients_address, clients.coordinates AS clients_coordinates, clients.created_at AS clients_created_at, clients.last_contact AS clients_last_contact, clients.comments AS clients_comments, clients.updated_at AS clients_updated_at, clients.backup_phone AS clients_backup_phone, clients.deleted_at AS clients_deleted_at 
FROM clients 
WHERE clients.id IN ($1::INTEGER, $2::INTEGER)
2026-03-01 11:57:16,190 - sqlalchemy.engine.Engine - INFO - [cached since 2059s ago] (1, 2)
2026-03-01 11:57:16,191 - sqlalchemy.engine.Engine - INFO - SELECT address_cache.address AS address_cache_address, address_cache.lat AS address_cache_lat, address_cache.lon AS address_cache_lon, address_cache.updated_at AS address_cache_updated_at 
FROM address_cache 
WHERE address_cache.address IN ($1::VARCHAR, $2::VARCHAR)
2026-03-01 11:57:16,191 - sqlalchemy.engine.Engine - INFO - [cached since 2059s ago] ('Москва, ул. Тверская, д. 12, кв. 45', 'Россия, Московская область, Мытищи, улица Мира, 8')
2026-03-01 11:57:16,192 - sqlalchemy.engine.Engine - INFO - ROLLBACK
2026-03-01 11:57:17,707 - sqlalchemy.engine.Engine - INFO - BEGIN (implicit)
2026-03-01 11:57:17,707 - sqlalchemy.engine.Engine - INFO - SELECT admins.id, admins.username, admins.password_hash, admins.created_at 
FROM admins 
WHERE admins.username = $1::VARCHAR
2026-03-01 11:57:17,707 - sqlalchemy.engine.Engine - INFO - [cached since 2063s ago] ('zhura2296@yandex.ru',)
2026-03-01 11:57:17,708 - sqlalchemy.engine.Engine - INFO - SELECT installers.id, installers.full_name, installers.nickname, installers.phone, installers.backup_phone, installers.specialization, installers.rating, installers.base_price, installers.is_debtor, installers.comments, installers.is_active, installers.is_in_funnel, installers.total_orders, installers.poor_work_count, installers.warranty_visits_count, installers.last_incident_date, installers.updated_at, installers.created_at, installers.deleted_at 
FROM installers 
WHERE installers.deleted_at IS NULL 
 LIMIT $1::INTEGER OFFSET $2::INTEGER
2026-03-01 11:57:17,708 - sqlalchemy.engine.Engine - INFO - [cached since 2063s ago] (100, 0)
2026-03-01 11:57:17,710 - sqlalchemy.engine.Engine - INFO - BEGIN (implicit)
2026-03-01 11:57:17,710 - sqlalchemy.engine.Engine - INFO - SELECT orders.id, orders.client_id, orders.status, orders.warehouse, orders.service_datetime, orders.delivery_datetime, orders.promise, orders.marker_color, orders.address_id, orders.address_text, orders.created_at, orders.updated_at 
FROM orders 
WHERE orders.id = $1::INTEGER
2026-03-01 11:57:17,710 - sqlalchemy.engine.Engine - INFO - [cached since 1685s ago] (2,)
2026-03-01 11:57:17,710 - sqlalchemy.engine.Engine - INFO - ROLLBACK
2026-03-01 11:57:17,711 - sqlalchemy.engine.Engine - INFO - SELECT payments.order_id AS payments_order_id, payments.id AS payments_id, payments.payment_type AS payments_payment_type, payments.installer_id AS payments_installer_id, payments.amount AS payments_amount, payments.payment_date AS payments_payment_date, payments.description AS payments_description, payments.created_at AS payments_created_at, payments.updated_at AS payments_updated_at 
FROM payments 
WHERE payments.order_id IN ($1::INTEGER)
2026-03-01 11:57:17,711 - sqlalchemy.engine.Engine - INFO - [cached since 1685s ago] (2,)
2026-03-01 11:57:17,712 - sqlalchemy.engine.Engine - INFO - BEGIN (implicit)
2026-03-01 11:57:17,712 - sqlalchemy.engine.Engine - INFO - SELECT admins.id, admins.username, admins.password_hash, admins.created_at 
FROM admins 
WHERE admins.username = $1::VARCHAR
2026-03-01 11:57:17,712 - sqlalchemy.engine.Engine - INFO - [cached since 2063s ago] ('zhura2296@yandex.ru',)
2026-03-01 11:57:17,713 - sqlalchemy.engine.Engine - INFO - SELECT finance.order_id AS finance_order_id, finance.id AS finance_id, finance.revenue AS finance_revenue, finance.cost_of_goods AS finance_cost_of_goods, finance.installer_payments AS finance_installer_payments, finance.expenses AS finance_expenses, finance.warranty_costs_oleg AS finance_warranty_costs_oleg, finance.warranty_costs_installer AS finance_warranty_costs_installer, finance.profit AS finance_profit, finance.created_at AS finance_created_at, finance.updated_at AS finance_updated_at 
FROM finance 
WHERE finance.order_id IN ($1::INTEGER)
2026-03-01 11:57:17,713 - sqlalchemy.engine.Engine - INFO - [cached since 1685s ago] (2,)
2026-03-01 11:57:17,713 - sqlalchemy.engine.Engine - INFO - SELECT clients.id AS clients_id, clients.full_name AS clients_full_name, clients.phone AS clients_phone, clients.address AS clients_address, clients.coordinates AS clients_coordinates, clients.created_at AS clients_created_at, clients.last_contact AS clients_last_contact, clients.comments AS clients_comments, clients.updated_at AS clients_updated_at, clients.backup_phone AS clients_backup_phone, clients.deleted_at AS clients_deleted_at 
FROM clients 
WHERE clients.id IN ($1::INTEGER)
2026-03-01 11:57:17,713 - sqlalchemy.engine.Engine - INFO - [cached since 1685s ago] (2,)
2026-03-01 11:57:17,714 - sqlalchemy.engine.Engine - INFO - SELECT installers.id, installers.full_name, installers.nickname, installers.phone, installers.backup_phone, installers.specialization, installers.rating, installers.base_price, installers.is_debtor, installers.comments, installers.is_active, installers.is_in_funnel, installers.total_orders, installers.poor_work_count, installers.warranty_visits_count, installers.last_incident_date, installers.updated_at, installers.created_at, installers.deleted_at 
FROM installers 
WHERE installers.deleted_at IS NULL 
 LIMIT $1::INTEGER OFFSET $2::INTEGER
2026-03-01 11:57:17,714 - sqlalchemy.engine.Engine - INFO - [cached since 2063s ago] (100, 0)
2026-03-01 11:57:17,714 - sqlalchemy.engine.Engine - INFO - SELECT address_cache.address AS address_cache_address, address_cache.lat AS address_cache_lat, address_cache.lon AS address_cache_lon, address_cache.updated_at AS address_cache_updated_at 
FROM address_cache 
WHERE address_cache.address IN ($1::VARCHAR)
2026-03-01 11:57:17,714 - sqlalchemy.engine.Engine - INFO - [cached since 1685s ago] ('Россия, Московская область, Мытищи, улица Мира, 8',)
2026-03-01 11:57:17,715 - sqlalchemy.engine.Engine - INFO - SELECT order_items.order_id AS order_items_order_id, order_items.id AS order_items_id, order_items.item_type AS order_items_item_type, order_items.name AS order_items_name, order_items.quantity AS order_items_quantity, order_items.purchase_price AS order_items_purchase_price, order_items.sale_price AS order_items_sale_price, order_items.warranty_manufacturer AS order_items_warranty_manufacturer, order_items.warranty_master AS order_items_warranty_master, order_items.sort_order AS order_items_sort_order, order_items.created_at AS order_items_created_at, order_items.updated_at AS order_items_updated_at 
FROM order_items 
WHERE order_items.order_id IN ($1::INTEGER)
2026-03-01 11:57:17,715 - sqlalchemy.engine.Engine - INFO - [cached since 1685s ago] (2,)
2026-03-01 11:57:17,716 - sqlalchemy.engine.Engine - INFO - SELECT order_installers.order_id AS order_installers_order_id, order_installers.id AS order_installers_id, order_installers.installer_id AS order_installers_installer_id, order_installers.role AS order_installers_role, order_installers.base_payment AS order_installers_base_payment, order_installers.is_primary AS order_installers_is_primary, order_installers.created_at AS order_installers_created_at, order_installers.updated_at AS order_installers_updated_at 
FROM order_installers 
WHERE order_installers.order_id IN ($1::INTEGER)
2026-03-01 11:57:17,716 - sqlalchemy.engine.Engine - INFO - [cached since 1685s ago] (2,)
2026-03-01 11:57:17,716 - sqlalchemy.engine.Engine - INFO - ROLLBACK
2026-03-01 11:57:17,717 - sqlalchemy.engine.Engine - INFO - SELECT order_expenses.order_id AS order_expenses_order_id, order_expenses.id AS order_expenses_id, order_expenses.amount AS order_expenses_amount, order_expenses.description AS order_expenses_description, order_expenses.expense_date AS order_expenses_expense_date, order_expenses.category AS order_expenses_category, order_expenses.created_at AS order_expenses_created_at, order_expenses.updated_at AS order_expenses_updated_at 
FROM order_expenses 
WHERE order_expenses.order_id IN ($1::INTEGER)
2026-03-01 11:57:17,717 - sqlalchemy.engine.Engine - INFO - [cached since 1685s ago] (2,)
2026-03-01 11:57:17,718 - sqlalchemy.engine.Engine - INFO - ROLLBACK
2026-03-01 11:57:17,718 - sqlalchemy.engine.Engine - INFO - BEGIN (implicit)
2026-03-01 11:57:17,719 - sqlalchemy.engine.Engine - INFO - SELECT orders.id, orders.client_id, orders.status, orders.warehouse, orders.service_datetime, orders.delivery_datetime, orders.promise, orders.marker_color, orders.address_id, orders.address_text, orders.created_at, orders.updated_at 
FROM orders 
WHERE orders.id = $1::INTEGER
2026-03-01 11:57:17,719 - sqlalchemy.engine.Engine - INFO - [cached since 1685s ago] (2,)
2026-03-01 11:57:17,720 - sqlalchemy.engine.Engine - INFO - SELECT payments.order_id AS payments_order_id, payments.id AS payments_id, payments.payment_type AS payments_payment_type, payments.installer_id AS payments_installer_id, payments.amount AS payments_amount, payments.payment_date AS payments_payment_date, payments.description AS payments_description, payments.created_at AS payments_created_at, payments.updated_at AS payments_updated_at 
FROM payments 
WHERE payments.order_id IN ($1::INTEGER)
2026-03-01 11:57:17,720 - sqlalchemy.engine.Engine - INFO - [cached since 1685s ago] (2,)
2026-03-01 11:57:17,721 - sqlalchemy.engine.Engine - INFO - SELECT finance.order_id AS finance_order_id, finance.id AS finance_id, finance.revenue AS finance_revenue, finance.cost_of_goods AS finance_cost_of_goods, finance.installer_payments AS finance_installer_payments, finance.expenses AS finance_expenses, finance.warranty_costs_oleg AS finance_warranty_costs_oleg, finance.warranty_costs_installer AS finance_warranty_costs_installer, finance.profit AS finance_profit, finance.created_at AS finance_created_at, finance.updated_at AS finance_updated_at 
FROM finance 
WHERE finance.order_id IN ($1::INTEGER)
2026-03-01 11:57:17,721 - sqlalchemy.engine.Engine - INFO - [cached since 1685s ago] (2,)
2026-03-01 11:57:17,721 - sqlalchemy.engine.Engine - INFO - SELECT clients.id AS clients_id, clients.full_name AS clients_full_name, clients.phone AS clients_phone, clients.address AS clients_address, clients.coordinates AS clients_coordinates, clients.created_at AS clients_created_at, clients.last_contact AS clients_last_contact, clients.comments AS clients_comments, clients.updated_at AS clients_updated_at, clients.backup_phone AS clients_backup_phone, clients.deleted_at AS clients_deleted_at 
FROM clients 
WHERE clients.id IN ($1::INTEGER)
2026-03-01 11:57:17,721 - sqlalchemy.engine.Engine - INFO - [cached since 1685s ago] (2,)
2026-03-01 11:57:17,722 - sqlalchemy.engine.Engine - INFO - SELECT address_cache.address AS address_cache_address, address_cache.lat AS address_cache_lat, address_cache.lon AS address_cache_lon, address_cache.updated_at AS address_cache_updated_at 
FROM address_cache 
WHERE address_cache.address IN ($1::VARCHAR)
2026-03-01 11:57:17,722 - sqlalchemy.engine.Engine - INFO - [cached since 1685s ago] ('Россия, Московская область, Мытищи, улица Мира, 8',)
2026-03-01 11:57:17,723 - sqlalchemy.engine.Engine - INFO - SELECT order_items.order_id AS order_items_order_id, order_items.id AS order_items_id, order_items.item_type AS order_items_item_type, order_items.name AS order_items_name, order_items.quantity AS order_items_quantity, order_items.purchase_price AS order_items_purchase_price, order_items.sale_price AS order_items_sale_price, order_items.warranty_manufacturer AS order_items_warranty_manufacturer, order_items.warranty_master AS order_items_warranty_master, order_items.sort_order AS order_items_sort_order, order_items.created_at AS order_items_created_at, order_items.updated_at AS order_items_updated_at 
FROM order_items 
WHERE order_items.order_id IN ($1::INTEGER)
2026-03-01 11:57:17,723 - sqlalchemy.engine.Engine - INFO - [cached since 1685s ago] (2,)
2026-03-01 11:57:17,724 - sqlalchemy.engine.Engine - INFO - SELECT order_installers.order_id AS order_installers_order_id, order_installers.id AS order_installers_id, order_installers.installer_id AS order_installers_installer_id, order_installers.role AS order_installers_role, order_installers.base_payment AS order_installers_base_payment, order_installers.is_primary AS order_installers_is_primary, order_installers.created_at AS order_installers_created_at, order_installers.updated_at AS order_installers_updated_at 
FROM order_installers 
WHERE order_installers.order_id IN ($1::INTEGER)
2026-03-01 11:57:17,724 - sqlalchemy.engine.Engine - INFO - [cached since 1685s ago] (2,)
2026-03-01 11:57:17,725 - sqlalchemy.engine.Engine - INFO - SELECT order_expenses.order_id AS order_expenses_order_id, order_expenses.id AS order_expenses_id, order_expenses.amount AS order_expenses_amount, order_expenses.description AS order_expenses_description, order_expenses.expense_date AS order_expenses_expense_date, order_expenses.category AS order_expenses_category, order_expenses.created_at AS order_expenses_created_at, order_expenses.updated_at AS order_expenses_updated_at 
FROM order_expenses 
WHERE order_expenses.order_id IN ($1::INTEGER)
2026-03-01 11:57:17,725 - sqlalchemy.engine.Engine - INFO - [cached since 1685s ago] (2,)
2026-03-01 11:57:17,726 - sqlalchemy.engine.Engine - INFO - ROLLBACK
2026-03-01 11:57:34,500 - sqlalchemy.engine.Engine - INFO - BEGIN (implicit)
2026-03-01 11:57:34,500 - sqlalchemy.engine.Engine - INFO - SELECT admins.id, admins.username, admins.password_hash, admins.created_at 
FROM admins 
WHERE admins.username = $1::VARCHAR
2026-03-01 11:57:34,500 - sqlalchemy.engine.Engine - INFO - [cached since 2080s ago] ('zhura2296@yandex.ru',)
2026-03-01 11:57:34,501 - sqlalchemy.engine.Engine - INFO - SELECT installers.id, installers.full_name, installers.nickname, installers.phone, installers.backup_phone, installers.specialization, installers.rating, installers.base_price, installers.is_debtor, installers.comments, installers.is_active, installers.is_in_funnel, installers.total_orders, installers.poor_work_count, installers.warranty_visits_count, installers.last_incident_date, installers.updated_at, installers.created_at, installers.deleted_at 
FROM installers 
WHERE installers.deleted_at IS NULL 
 LIMIT $1::INTEGER OFFSET $2::INTEGER
2026-03-01 11:57:34,501 - sqlalchemy.engine.Engine - INFO - [cached since 2080s ago] (100, 0)
2026-03-01 11:57:34,502 - sqlalchemy.engine.Engine - INFO - ROLLBACK
2026-03-01 11:57:34,503 - sqlalchemy.engine.Engine - INFO - BEGIN (implicit)
2026-03-01 11:57:34,503 - sqlalchemy.engine.Engine - INFO - SELECT admins.id, admins.username, admins.password_hash, admins.created_at 
FROM admins 
WHERE admins.username = $1::VARCHAR
2026-03-01 11:57:34,503 - sqlalchemy.engine.Engine - INFO - [cached since 2080s ago] ('zhura2296@yandex.ru',)
2026-03-01 11:57:34,504 - sqlalchemy.engine.Engine - INFO - SELECT installers.id, installers.full_name, installers.nickname, installers.phone, installers.backup_phone, installers.specialization, installers.rating, installers.base_price, installers.is_debtor, installers.comments, installers.is_active, installers.is_in_funnel, installers.total_orders, installers.poor_work_count, installers.warranty_visits_count, installers.last_incident_date, installers.updated_at, installers.created_at, installers.deleted_at 
FROM installers 
WHERE installers.deleted_at IS NULL 
 LIMIT $1::INTEGER OFFSET $2::INTEGER
2026-03-01 11:57:34,505 - sqlalchemy.engine.Engine - INFO - [cached since 2080s ago] (100, 0)
2026-03-01 11:57:34,506 - sqlalchemy.engine.Engine - INFO - ROLLBACK
2026-03-01 11:57:38,773 - sqlalchemy.engine.Engine - INFO - BEGIN (implicit)
2026-03-01 11:57:38,773 - sqlalchemy.engine.Engine - INFO - SELECT sum(finance.profit) AS sum_1 
FROM finance
2026-03-01 11:57:38,773 - sqlalchemy.engine.Engine - INFO - [cached since 280.5s ago] ()
2026-03-01 11:57:38,774 - sqlalchemy.engine.Engine - INFO - BEGIN (implicit)
2026-03-01 11:57:38,774 - sqlalchemy.engine.Engine - INFO - SELECT EXTRACT(year FROM finance.created_at) AS year, EXTRACT(month FROM finance.created_at) AS month, sum(finance.profit) AS profit 
FROM finance GROUP BY year, month ORDER BY year, month
2026-03-01 11:57:38,774 - sqlalchemy.engine.Engine - INFO - [cached since 280.5s ago] ()
2026-03-01 11:57:38,775 - sqlalchemy.engine.Engine - INFO - SELECT sum(finance.installer_payments) AS sum_1 
FROM finance
2026-03-01 11:57:38,775 - sqlalchemy.engine.Engine - INFO - [cached since 280.5s ago] ()
2026-03-01 11:57:38,775 - sqlalchemy.engine.Engine - INFO - SELECT count(orders.id) AS count_1 
FROM orders
2026-03-01 11:57:38,775 - sqlalchemy.engine.Engine - INFO - [cached since 280.5s ago] ()
2026-03-01 11:57:38,776 - sqlalchemy.engine.Engine - INFO - ROLLBACK
2026-03-01 11:57:38,776 - sqlalchemy.engine.Engine - INFO - ROLLBACK
2026-03-01 11:57:38,777 - sqlalchemy.engine.Engine - INFO - BEGIN (implicit)
2026-03-01 11:57:38,777 - sqlalchemy.engine.Engine - INFO - SELECT EXTRACT(year FROM finance.created_at) AS year, EXTRACT(month FROM finance.created_at) AS month, sum(finance.profit) AS profit 
FROM finance GROUP BY year, month ORDER BY year, month
2026-03-01 11:57:38,777 - sqlalchemy.engine.Engine - INFO - [cached since 280.5s ago] ()
2026-03-01 11:57:38,778 - sqlalchemy.engine.Engine - INFO - BEGIN (implicit)
2026-03-01 11:57:38,778 - sqlalchemy.engine.Engine - INFO - SELECT sum(finance.profit) AS sum_1 
FROM finance
2026-03-01 11:57:38,778 - sqlalchemy.engine.Engine - INFO - [cached since 280.5s ago] ()
2026-03-01 11:57:38,779 - sqlalchemy.engine.Engine - INFO - SELECT sum(finance.installer_payments) AS sum_1 
FROM finance
2026-03-01 11:57:38,779 - sqlalchemy.engine.Engine - INFO - [cached since 280.5s ago] ()
2026-03-01 11:57:38,780 - sqlalchemy.engine.Engine - INFO - SELECT count(orders.id) AS count_1 
FROM orders
2026-03-01 11:57:38,780 - sqlalchemy.engine.Engine - INFO - [cached since 280.5s ago] ()
2026-03-01 11:57:38,780 - sqlalchemy.engine.Engine - INFO - ROLLBACK
2026-03-01 11:57:38,780 - sqlalchemy.engine.Engine - INFO - ROLLBACK
2026-03-01 11:57:42,485 - sqlalchemy.engine.Engine - INFO - BEGIN (implicit)
2026-03-01 11:57:42,485 - sqlalchemy.engine.Engine - INFO - SELECT admins.id, admins.username, admins.password_hash, admins.created_at 
FROM admins 
WHERE admins.username = $1::VARCHAR
2026-03-01 11:57:42,485 - sqlalchemy.engine.Engine - INFO - [cached since 2088s ago] ('zhura2296@yandex.ru',)
2026-03-01 11:57:42,486 - sqlalchemy.engine.Engine - INFO - SELECT installers.id, installers.full_name, installers.nickname, installers.phone, installers.backup_phone, installers.specialization, installers.rating, installers.base_price, installers.is_debtor, installers.comments, installers.is_active, installers.is_in_funnel, installers.total_orders, installers.poor_work_count, installers.warranty_visits_count, installers.last_incident_date, installers.updated_at, installers.created_at, installers.deleted_at 
FROM installers 
WHERE installers.deleted_at IS NULL 
 LIMIT $1::INTEGER OFFSET $2::INTEGER
2026-03-01 11:57:42,486 - sqlalchemy.engine.Engine - INFO - [cached since 2088s ago] (100, 0)
2026-03-01 11:57:42,487 - sqlalchemy.engine.Engine - INFO - ROLLBACK
2026-03-01 11:57:42,488 - sqlalchemy.engine.Engine - INFO - BEGIN (implicit)
2026-03-01 11:57:42,488 - sqlalchemy.engine.Engine - INFO - SELECT admins.id, admins.username, admins.password_hash, admins.created_at 
FROM admins 
WHERE admins.username = $1::VARCHAR
2026-03-01 11:57:42,488 - sqlalchemy.engine.Engine - INFO - [cached since 2088s ago] ('zhura2296@yandex.ru',)
2026-03-01 11:57:42,489 - sqlalchemy.engine.Engine - INFO - SELECT installers.id, installers.full_name, installers.nickname, installers.phone, installers.backup_phone, installers.specialization, installers.rating, installers.base_price, installers.is_debtor, installers.comments, installers.is_active, installers.is_in_funnel, installers.total_orders, installers.poor_work_count, installers.warranty_visits_count, installers.last_incident_date, installers.updated_at, installers.created_at, installers.deleted_at 
FROM installers 
WHERE installers.deleted_at IS NULL 
 LIMIT $1::INTEGER OFFSET $2::INTEGER
2026-03-01 11:57:42,489 - sqlalchemy.engine.Engine - INFO - [cached since 2088s ago] (100, 0)
2026-03-01 11:57:42,489 - sqlalchemy.engine.Engine - INFO - ROLLBACK
2026-03-01 11:57:44,040 - sqlalchemy.engine.Engine - INFO - BEGIN (implicit)
2026-03-01 11:57:44,041 - sqlalchemy.engine.Engine - INFO - SELECT orders.id, orders.client_id, orders.status, orders.warehouse, orders.service_datetime, orders.delivery_datetime, orders.promise, orders.marker_color, orders.address_id, orders.address_text, orders.created_at, orders.updated_at 
FROM orders 
 LIMIT $1::INTEGER OFFSET $2::INTEGER
2026-03-01 11:57:44,041 - sqlalchemy.engine.Engine - INFO - [cached since 2087s ago] (100, 0)
2026-03-01 11:57:44,043 - sqlalchemy.engine.Engine - INFO - SELECT finance.order_id AS finance_order_id, finance.id AS finance_id, finance.revenue AS finance_revenue, finance.cost_of_goods AS finance_cost_of_goods, finance.installer_payments AS finance_installer_payments, finance.expenses AS finance_expenses, finance.warranty_costs_oleg AS finance_warranty_costs_oleg, finance.warranty_costs_installer AS finance_warranty_costs_installer, finance.profit AS finance_profit, finance.created_at AS finance_created_at, finance.updated_at AS finance_updated_at 
FROM finance 
WHERE finance.order_id IN ($1::INTEGER, $2::INTEGER)
2026-03-01 11:57:44,043 - sqlalchemy.engine.Engine - INFO - [cached since 2087s ago] (1, 2)
2026-03-01 11:57:44,044 - sqlalchemy.engine.Engine - INFO - SELECT clients.id AS clients_id, clients.full_name AS clients_full_name, clients.phone AS clients_phone, clients.address AS clients_address, clients.coordinates AS clients_coordinates, clients.created_at AS clients_created_at, clients.last_contact AS clients_last_contact, clients.comments AS clients_comments, clients.updated_at AS clients_updated_at, clients.backup_phone AS clients_backup_phone, clients.deleted_at AS clients_deleted_at 
FROM clients 
WHERE clients.id IN ($1::INTEGER, $2::INTEGER)
2026-03-01 11:57:44,045 - sqlalchemy.engine.Engine - INFO - [cached since 2087s ago] (1, 2)
2026-03-01 11:57:44,046 - sqlalchemy.engine.Engine - INFO - SELECT address_cache.address AS address_cache_address, address_cache.lat AS address_cache_lat, address_cache.lon AS address_cache_lon, address_cache.updated_at AS address_cache_updated_at 
FROM address_cache 
WHERE address_cache.address IN ($1::VARCHAR, $2::VARCHAR)
2026-03-01 11:57:44,046 - sqlalchemy.engine.Engine - INFO - [cached since 2087s ago] ('Москва, ул. Тверская, д. 12, кв. 45', 'Россия, Московская область, Мытищи, улица Мира, 8')
2026-03-01 11:57:44,047 - sqlalchemy.engine.Engine - INFO - ROLLBACK
2026-03-01 11:57:44,049 - sqlalchemy.engine.Engine - INFO - BEGIN (implicit)
2026-03-01 11:57:44,049 - sqlalchemy.engine.Engine - INFO - SELECT orders.id, orders.client_id, orders.status, orders.warehouse, orders.service_datetime, orders.delivery_datetime, orders.promise, orders.marker_color, orders.address_id, orders.address_text, orders.created_at, orders.updated_at 
FROM orders 
 LIMIT $1::INTEGER OFFSET $2::INTEGER
2026-03-01 11:57:44,050 - sqlalchemy.engine.Engine - INFO - [cached since 2087s ago] (100, 0)
2026-03-01 11:57:44,052 - sqlalchemy.engine.Engine - INFO - SELECT finance.order_id AS finance_order_id, finance.id AS finance_id, finance.revenue AS finance_revenue, finance.cost_of_goods AS finance_cost_of_goods, finance.installer_payments AS finance_installer_payments, finance.expenses AS finance_expenses, finance.warranty_costs_oleg AS finance_warranty_costs_oleg, finance.warranty_costs_installer AS finance_warranty_costs_installer, finance.profit AS finance_profit, finance.created_at AS finance_created_at, finance.updated_at AS finance_updated_at 
FROM finance 
WHERE finance.order_id IN ($1::INTEGER, $2::INTEGER)
2026-03-01 11:57:44,052 - sqlalchemy.engine.Engine - INFO - [cached since 2087s ago] (1, 2)
2026-03-01 11:57:44,053 - sqlalchemy.engine.Engine - INFO - SELECT clients.id AS clients_id, clients.full_name AS clients_full_name, clients.phone AS clients_phone, clients.address AS clients_address, clients.coordinates AS clients_coordinates, clients.created_at AS clients_created_at, clients.last_contact AS clients_last_contact, clients.comments AS clients_comments, clients.updated_at AS clients_updated_at, clients.backup_phone AS clients_backup_phone, clients.deleted_at AS clients_deleted_at 
FROM clients 
WHERE clients.id IN ($1::INTEGER, $2::INTEGER)
2026-03-01 11:57:44,053 - sqlalchemy.engine.Engine - INFO - [cached since 2087s ago] (1, 2)
2026-03-01 11:57:44,053 - sqlalchemy.engine.Engine - INFO - SELECT address_cache.address AS address_cache_address, address_cache.lat AS address_cache_lat, address_cache.lon AS address_cache_lon, address_cache.updated_at AS address_cache_updated_at 
FROM address_cache 
WHERE address_cache.address IN ($1::VARCHAR, $2::VARCHAR)
2026-03-01 11:57:44,054 - sqlalchemy.engine.Engine - INFO - [cached since 2087s ago] ('Москва, ул. Тверская, д. 12, кв. 45', 'Россия, Московская область, Мытищи, улица Мира, 8')
2026-03-01 11:57:44,054 - sqlalchemy.engine.Engine - INFO - ROLLBACK
2026-03-01 11:57:45,222 - sqlalchemy.engine.Engine - INFO - BEGIN (implicit)
2026-03-01 11:57:45,222 - sqlalchemy.engine.Engine - INFO - SELECT admins.id, admins.username, admins.password_hash, admins.created_at 
FROM admins 
WHERE admins.username = $1::VARCHAR
2026-03-01 11:57:45,222 - sqlalchemy.engine.Engine - INFO - [cached since 2091s ago] ('zhura2296@yandex.ru',)
2026-03-01 11:57:45,223 - sqlalchemy.engine.Engine - INFO - BEGIN (implicit)
2026-03-01 11:57:45,223 - sqlalchemy.engine.Engine - INFO - SELECT admins.id, admins.username, admins.password_hash, admins.created_at 
FROM admins 
WHERE admins.username = $1::VARCHAR
2026-03-01 11:57:45,223 - sqlalchemy.engine.Engine - INFO - [cached since 2091s ago] ('zhura2296@yandex.ru',)
2026-03-01 11:57:45,224 - sqlalchemy.engine.Engine - INFO - SELECT clients.id, clients.full_name, clients.phone, clients.address, clients.coordinates, clients.created_at, clients.last_contact, clients.comments, clients.updated_at, clients.backup_phone, clients.deleted_at 
FROM clients 
 LIMIT $1::INTEGER OFFSET $2::INTEGER
2026-03-01 11:57:45,224 - sqlalchemy.engine.Engine - INFO - [cached since 2090s ago] (100, 0)
2026-03-01 11:57:45,224 - sqlalchemy.engine.Engine - INFO - SELECT installers.id, installers.full_name, installers.nickname, installers.phone, installers.backup_phone, installers.specialization, installers.rating, installers.base_price, installers.is_debtor, installers.comments, installers.is_active, installers.is_in_funnel, installers.total_orders, installers.poor_work_count, installers.warranty_visits_count, installers.last_incident_date, installers.updated_at, installers.created_at, installers.deleted_at 
FROM installers 
WHERE installers.deleted_at IS NULL 
 LIMIT $1::INTEGER OFFSET $2::INTEGER
2026-03-01 11:57:45,224 - sqlalchemy.engine.Engine - INFO - [cached since 2090s ago] (100, 0)
2026-03-01 11:57:45,226 - sqlalchemy.engine.Engine - INFO - ROLLBACK
2026-03-01 11:57:45,226 - sqlalchemy.engine.Engine - INFO - ROLLBACK
2026-03-01 11:57:45,227 - sqlalchemy.engine.Engine - INFO - BEGIN (implicit)
2026-03-01 11:57:45,228 - sqlalchemy.engine.Engine - INFO - SELECT admins.id, admins.username, admins.password_hash, admins.created_at 
FROM admins 
WHERE admins.username = $1::VARCHAR
2026-03-01 11:57:45,228 - sqlalchemy.engine.Engine - INFO - [cached since 2091s ago] ('zhura2296@yandex.ru',)
2026-03-01 11:57:45,228 - sqlalchemy.engine.Engine - INFO - BEGIN (implicit)
2026-03-01 11:57:45,228 - sqlalchemy.engine.Engine - INFO - SELECT admins.id, admins.username, admins.password_hash, admins.created_at 
FROM admins 
WHERE admins.username = $1::VARCHAR
2026-03-01 11:57:45,229 - sqlalchemy.engine.Engine - INFO - [cached since 2091s ago] ('zhura2296@yandex.ru',)
2026-03-01 11:57:45,229 - sqlalchemy.engine.Engine - INFO - SELECT clients.id, clients.full_name, clients.phone, clients.address, clients.coordinates, clients.created_at, clients.last_contact, clients.comments, clients.updated_at, clients.backup_phone, clients.deleted_at 
FROM clients 
 LIMIT $1::INTEGER OFFSET $2::INTEGER
2026-03-01 11:57:45,229 - sqlalchemy.engine.Engine - INFO - [cached since 2090s ago] (100, 0)
2026-03-01 11:57:45,230 - sqlalchemy.engine.Engine - INFO - SELECT installers.id, installers.full_name, installers.nickname, installers.phone, installers.backup_phone, installers.specialization, installers.rating, installers.base_price, installers.is_debtor, installers.comments, installers.is_active, installers.is_in_funnel, installers.total_orders, installers.poor_work_count, installers.warranty_visits_count, installers.last_incident_date, installers.updated_at, installers.created_at, installers.deleted_at 
FROM installers 
WHERE installers.deleted_at IS NULL 
 LIMIT $1::INTEGER OFFSET $2::INTEGER
2026-03-01 11:57:45,230 - sqlalchemy.engine.Engine - INFO - [cached since 2090s ago] (100, 0)
2026-03-01 11:57:45,231 - sqlalchemy.engine.Engine - INFO - ROLLBACK
2026-03-01 11:57:45,232 - sqlalchemy.engine.Engine - INFO - ROLLBACK
2026-03-01 12:02:10,474 - sqlalchemy.engine.Engine - INFO - BEGIN (implicit)
2026-03-01 12:02:10,474 - sqlalchemy.engine.Engine - INFO - SELECT orders.id, orders.client_id, orders.status, orders.warehouse, orders.service_datetime, orders.delivery_datetime, orders.promise, orders.marker_color, orders.address_id, orders.address_text, orders.created_at, orders.updated_at 
FROM orders 
 LIMIT $1::INTEGER OFFSET $2::INTEGER
2026-03-01 12:02:10,475 - sqlalchemy.engine.Engine - INFO - [cached since 2353s ago] (100, 0)
2026-03-01 12:02:10,476 - sqlalchemy.engine.Engine - INFO - SELECT finance.order_id AS finance_order_id, finance.id AS finance_id, finance.revenue AS finance_revenue, finance.cost_of_goods AS finance_cost_of_goods, finance.installer_payments AS finance_installer_payments, finance.expenses AS finance_expenses, finance.warranty_costs_oleg AS finance_warranty_costs_oleg, finance.warranty_costs_installer AS finance_warranty_costs_installer, finance.profit AS finance_profit, finance.created_at AS finance_created_at, finance.updated_at AS finance_updated_at 
FROM finance 
WHERE finance.order_id IN ($1::INTEGER, $2::INTEGER)
2026-03-01 12:02:10,476 - sqlalchemy.engine.Engine - INFO - [cached since 2353s ago] (1, 2)
2026-03-01 12:02:10,477 - sqlalchemy.engine.Engine - INFO - SELECT clients.id AS clients_id, clients.full_name AS clients_full_name, clients.phone AS clients_phone, clients.address AS clients_address, clients.coordinates AS clients_coordinates, clients.created_at AS clients_created_at, clients.last_contact AS clients_last_contact, clients.comments AS clients_comments, clients.updated_at AS clients_updated_at, clients.backup_phone AS clients_backup_phone, clients.deleted_at AS clients_deleted_at 
FROM clients 
WHERE clients.id IN ($1::INTEGER, $2::INTEGER)
2026-03-01 12:02:10,477 - sqlalchemy.engine.Engine - INFO - [cached since 2353s ago] (1, 2)
2026-03-01 12:02:10,478 - sqlalchemy.engine.Engine - INFO - SELECT address_cache.address AS address_cache_address, address_cache.lat AS address_cache_lat, address_cache.lon AS address_cache_lon, address_cache.updated_at AS address_cache_updated_at 
FROM address_cache 
WHERE address_cache.address IN ($1::VARCHAR, $2::VARCHAR)
2026-03-01 12:02:10,478 - sqlalchemy.engine.Engine - INFO - [cached since 2353s ago] ('Москва, ул. Тверская, д. 12, кв. 45', 'Россия, Московская область, Мытищи, улица Мира, 8')
2026-03-01 12:02:10,479 - sqlalchemy.engine.Engine - INFO - ROLLBACK
2026-03-01 12:02:10,480 - sqlalchemy.engine.Engine - INFO - BEGIN (implicit)
2026-03-01 12:02:10,480 - sqlalchemy.engine.Engine - INFO - SELECT orders.id, orders.client_id, orders.status, orders.warehouse, orders.service_datetime, orders.delivery_datetime, orders.promise, orders.marker_color, orders.address_id, orders.address_text, orders.created_at, orders.updated_at 
FROM orders 
 LIMIT $1::INTEGER OFFSET $2::INTEGER
2026-03-01 12:02:10,480 - sqlalchemy.engine.Engine - INFO - [cached since 2353s ago] (100, 0)
2026-03-01 12:02:10,481 - sqlalchemy.engine.Engine - INFO - SELECT finance.order_id AS finance_order_id, finance.id AS finance_id, finance.revenue AS finance_revenue, finance.cost_of_goods AS finance_cost_of_goods, finance.installer_payments AS finance_installer_payments, finance.expenses AS finance_expenses, finance.warranty_costs_oleg AS finance_warranty_costs_oleg, finance.warranty_costs_installer AS finance_warranty_costs_installer, finance.profit AS finance_profit, finance.created_at AS finance_created_at, finance.updated_at AS finance_updated_at 
FROM finance 
WHERE finance.order_id IN ($1::INTEGER, $2::INTEGER)
2026-03-01 12:02:10,481 - sqlalchemy.engine.Engine - INFO - [cached since 2353s ago] (1, 2)
2026-03-01 12:02:10,482 - sqlalchemy.engine.Engine - INFO - SELECT clients.id AS clients_id, clients.full_name AS clients_full_name, clients.phone AS clients_phone, clients.address AS clients_address, clients.coordinates AS clients_coordinates, clients.created_at AS clients_created_at, clients.last_contact AS clients_last_contact, clients.comments AS clients_comments, clients.updated_at AS clients_updated_at, clients.backup_phone AS clients_backup_phone, clients.deleted_at AS clients_deleted_at 
FROM clients 
WHERE clients.id IN ($1::INTEGER, $2::INTEGER)
2026-03-01 12:02:10,482 - sqlalchemy.engine.Engine - INFO - [cached since 2353s ago] (1, 2)
2026-03-01 12:02:10,483 - sqlalchemy.engine.Engine - INFO - SELECT address_cache.address AS address_cache_address, address_cache.lat AS address_cache_lat, address_cache.lon AS address_cache_lon, address_cache.updated_at AS address_cache_updated_at 
FROM address_cache 
WHERE address_cache.address IN ($1::VARCHAR, $2::VARCHAR)
2026-03-01 12:02:10,483 - sqlalchemy.engine.Engine - INFO - [cached since 2353s ago] ('Москва, ул. Тверская, д. 12, кв. 45', 'Россия, Московская область, Мытищи, улица Мира, 8')
2026-03-01 12:02:10,484 - sqlalchemy.engine.Engine - INFO - ROLLBACK
2026-03-01 12:03:03,803 - sqlalchemy.engine.Engine - INFO - BEGIN (implicit)
2026-03-01 12:03:03,804 - sqlalchemy.engine.Engine - INFO - SELECT orders.id, orders.client_id, orders.status, orders.warehouse, orders.service_datetime, orders.delivery_datetime, orders.promise, orders.marker_color, orders.address_id, orders.address_text, orders.created_at, orders.updated_at 
FROM orders 
WHERE orders.id = $1::INTEGER
2026-03-01 12:03:03,804 - sqlalchemy.engine.Engine - INFO - [cached since 2031s ago] (1,)
2026-03-01 12:03:03,807 - sqlalchemy.engine.Engine - INFO - SELECT payments.order_id AS payments_order_id, payments.id AS payments_id, payments.payment_type AS payments_payment_type, payments.installer_id AS payments_installer_id, payments.amount AS payments_amount, payments.payment_date AS payments_payment_date, payments.description AS payments_description, payments.created_at AS payments_created_at, payments.updated_at AS payments_updated_at 
FROM payments 
WHERE payments.order_id IN ($1::INTEGER)
2026-03-01 12:03:03,807 - sqlalchemy.engine.Engine - INFO - [cached since 2031s ago] (1,)
2026-03-01 12:03:03,808 - sqlalchemy.engine.Engine - INFO - SELECT finance.order_id AS finance_order_id, finance.id AS finance_id, finance.revenue AS finance_revenue, finance.cost_of_goods AS finance_cost_of_goods, finance.installer_payments AS finance_installer_payments, finance.expenses AS finance_expenses, finance.warranty_costs_oleg AS finance_warranty_costs_oleg, finance.warranty_costs_installer AS finance_warranty_costs_installer, finance.profit AS finance_profit, finance.created_at AS finance_created_at, finance.updated_at AS finance_updated_at 
FROM finance 
WHERE finance.order_id IN ($1::INTEGER)
2026-03-01 12:03:03,808 - sqlalchemy.engine.Engine - INFO - [cached since 2031s ago] (1,)
2026-03-01 12:03:03,810 - sqlalchemy.engine.Engine - INFO - SELECT clients.id AS clients_id, clients.full_name AS clients_full_name, clients.phone AS clients_phone, clients.address AS clients_address, clients.coordinates AS clients_coordinates, clients.created_at AS clients_created_at, clients.last_contact AS clients_last_contact, clients.comments AS clients_comments, clients.updated_at AS clients_updated_at, clients.backup_phone AS clients_backup_phone, clients.deleted_at AS clients_deleted_at 
FROM clients 
WHERE clients.id IN ($1::INTEGER)
2026-03-01 12:03:03,810 - sqlalchemy.engine.Engine - INFO - [cached since 2031s ago] (1,)
2026-03-01 12:03:03,812 - sqlalchemy.engine.Engine - INFO - SELECT address_cache.address AS address_cache_address, address_cache.lat AS address_cache_lat, address_cache.lon AS address_cache_lon, address_cache.updated_at AS address_cache_updated_at 
FROM address_cache 
WHERE address_cache.address IN ($1::VARCHAR)
2026-03-01 12:03:03,812 - sqlalchemy.engine.Engine - INFO - [cached since 2031s ago] ('Москва, ул. Тверская, д. 12, кв. 45',)
2026-03-01 12:03:03,813 - sqlalchemy.engine.Engine - INFO - SELECT order_items.order_id AS order_items_order_id, order_items.id AS order_items_id, order_items.item_type AS order_items_item_type, order_items.name AS order_items_name, order_items.quantity AS order_items_quantity, order_items.purchase_price AS order_items_purchase_price, order_items.sale_price AS order_items_sale_price, order_items.warranty_manufacturer AS order_items_warranty_manufacturer, order_items.warranty_master AS order_items_warranty_master, order_items.sort_order AS order_items_sort_order, order_items.created_at AS order_items_created_at, order_items.updated_at AS order_items_updated_at 
FROM order_items 
WHERE order_items.order_id IN ($1::INTEGER)
2026-03-01 12:03:03,813 - sqlalchemy.engine.Engine - INFO - [cached since 2031s ago] (1,)
2026-03-01 12:03:03,815 - sqlalchemy.engine.Engine - INFO - SELECT order_installers.order_id AS order_installers_order_id, order_installers.id AS order_installers_id, order_installers.installer_id AS order_installers_installer_id, order_installers.role AS order_installers_role, order_installers.base_payment AS order_installers_base_payment, order_installers.is_primary AS order_installers_is_primary, order_installers.created_at AS order_installers_created_at, order_installers.updated_at AS order_installers_updated_at 
FROM order_installers 
WHERE order_installers.order_id IN ($1::INTEGER)
2026-03-01 12:03:03,815 - sqlalchemy.engine.Engine - INFO - [cached since 2031s ago] (1,)
2026-03-01 12:03:03,816 - sqlalchemy.engine.Engine - INFO - SELECT order_expenses.order_id AS order_expenses_order_id, order_expenses.id AS order_expenses_id, order_expenses.amount AS order_expenses_amount, order_expenses.description AS order_expenses_description, order_expenses.expense_date AS order_expenses_expense_date, order_expenses.category AS order_expenses_category, order_expenses.created_at AS order_expenses_created_at, order_expenses.updated_at AS order_expenses_updated_at 
FROM order_expenses 
WHERE order_expenses.order_id IN ($1::INTEGER)
2026-03-01 12:03:03,816 - sqlalchemy.engine.Engine - INFO - [cached since 2031s ago] (1,)
2026-03-01 12:03:03,818 - sqlalchemy.engine.Engine - INFO - ROLLBACK
2026-03-01 12:03:03,819 - sqlalchemy.engine.Engine - INFO - BEGIN (implicit)
2026-03-01 12:03:03,819 - sqlalchemy.engine.Engine - INFO - SELECT orders.id, orders.client_id, orders.status, orders.warehouse, orders.service_datetime, orders.delivery_datetime, orders.promise, orders.marker_color, orders.address_id, orders.address_text, orders.created_at, orders.updated_at 
FROM orders 
WHERE orders.id = $1::INTEGER
2026-03-01 12:03:03,819 - sqlalchemy.engine.Engine - INFO - [cached since 2031s ago] (1,)
2026-03-01 12:03:03,821 - sqlalchemy.engine.Engine - INFO - SELECT payments.order_id AS payments_order_id, payments.id AS payments_id, payments.payment_type AS payments_payment_type, payments.installer_id AS payments_installer_id, payments.amount AS payments_amount, payments.payment_date AS payments_payment_date, payments.description AS payments_description, payments.created_at AS payments_created_at, payments.updated_at AS payments_updated_at 
FROM payments 
WHERE payments.order_id IN ($1::INTEGER)
2026-03-01 12:03:03,821 - sqlalchemy.engine.Engine - INFO - [cached since 2031s ago] (1,)
2026-03-01 12:03:03,822 - sqlalchemy.engine.Engine - INFO - SELECT finance.order_id AS finance_order_id, finance.id AS finance_id, finance.revenue AS finance_revenue, finance.cost_of_goods AS finance_cost_of_goods, finance.installer_payments AS finance_installer_payments, finance.expenses AS finance_expenses, finance.warranty_costs_oleg AS finance_warranty_costs_oleg, finance.warranty_costs_installer AS finance_warranty_costs_installer, finance.profit AS finance_profit, finance.created_at AS finance_created_at, finance.updated_at AS finance_updated_at 
FROM finance 
WHERE finance.order_id IN ($1::INTEGER)
2026-03-01 12:03:03,822 - sqlalchemy.engine.Engine - INFO - [cached since 2031s ago] (1,)
2026-03-01 12:03:03,823 - sqlalchemy.engine.Engine - INFO - SELECT clients.id AS clients_id, clients.full_name AS clients_full_name, clients.phone AS clients_phone, clients.address AS clients_address, clients.coordinates AS clients_coordinates, clients.created_at AS clients_created_at, clients.last_contact AS clients_last_contact, clients.comments AS clients_comments, clients.updated_at AS clients_updated_at, clients.backup_phone AS clients_backup_phone, clients.deleted_at AS clients_deleted_at 
FROM clients 
WHERE clients.id IN ($1::INTEGER)
2026-03-01 12:03:03,823 - sqlalchemy.engine.Engine - INFO - [cached since 2031s ago] (1,)
2026-03-01 12:03:03,824 - sqlalchemy.engine.Engine - INFO - SELECT address_cache.address AS address_cache_address, address_cache.lat AS address_cache_lat, address_cache.lon AS address_cache_lon, address_cache.updated_at AS address_cache_updated_at 
FROM address_cache 
WHERE address_cache.address IN ($1::VARCHAR)
2026-03-01 12:03:03,824 - sqlalchemy.engine.Engine - INFO - [cached since 2031s ago] ('Москва, ул. Тверская, д. 12, кв. 45',)
2026-03-01 12:03:03,825 - sqlalchemy.engine.Engine - INFO - SELECT order_items.order_id AS order_items_order_id, order_items.id AS order_items_id, order_items.item_type AS order_items_item_type, order_items.name AS order_items_name, order_items.quantity AS order_items_quantity, order_items.purchase_price AS order_items_purchase_price, order_items.sale_price AS order_items_sale_price, order_items.warranty_manufacturer AS order_items_warranty_manufacturer, order_items.warranty_master AS order_items_warranty_master, order_items.sort_order AS order_items_sort_order, order_items.created_at AS order_items_created_at, order_items.updated_at AS order_items_updated_at 
FROM order_items 
WHERE order_items.order_id IN ($1::INTEGER)
2026-03-01 12:03:03,825 - sqlalchemy.engine.Engine - INFO - [cached since 2031s ago] (1,)
2026-03-01 12:03:03,826 - sqlalchemy.engine.Engine - INFO - SELECT order_installers.order_id AS order_installers_order_id, order_installers.id AS order_installers_id, order_installers.installer_id AS order_installers_installer_id, order_installers.role AS order_installers_role, order_installers.base_payment AS order_installers_base_payment, order_installers.is_primary AS order_installers_is_primary, order_installers.created_at AS order_installers_created_at, order_installers.updated_at AS order_installers_updated_at 
FROM order_installers 
WHERE order_installers.order_id IN ($1::INTEGER)
2026-03-01 12:03:03,826 - sqlalchemy.engine.Engine - INFO - [cached since 2031s ago] (1,)
2026-03-01 12:03:03,826 - sqlalchemy.engine.Engine - INFO - SELECT order_expenses.order_id AS order_expenses_order_id, order_expenses.id AS order_expenses_id, order_expenses.amount AS order_expenses_amount, order_expenses.description AS order_expenses_description, order_expenses.expense_date AS order_expenses_expense_date, order_expenses.category AS order_expenses_category, order_expenses.created_at AS order_expenses_created_at, order_expenses.updated_at AS order_expenses_updated_at 
FROM order_expenses 
WHERE order_expenses.order_id IN ($1::INTEGER)
2026-03-01 12:03:03,826 - sqlalchemy.engine.Engine - INFO - [cached since 2031s ago] (1,)
2026-03-01 12:03:03,827 - sqlalchemy.engine.Engine - INFO - ROLLBACK
2026-03-01 12:03:06,403 - sqlalchemy.engine.Engine - INFO - BEGIN (implicit)
2026-03-01 12:03:06,404 - sqlalchemy.engine.Engine - INFO - SELECT orders.id, orders.client_id, orders.status, orders.warehouse, orders.service_datetime, orders.delivery_datetime, orders.promise, orders.marker_color, orders.address_id, orders.address_text, orders.created_at, orders.updated_at 
FROM orders 
 LIMIT $1::INTEGER OFFSET $2::INTEGER
2026-03-01 12:03:06,404 - sqlalchemy.engine.Engine - INFO - [cached since 2409s ago] (100, 0)
2026-03-01 12:03:06,405 - sqlalchemy.engine.Engine - INFO - SELECT finance.order_id AS finance_order_id, finance.id AS finance_id, finance.revenue AS finance_revenue, finance.cost_of_goods AS finance_cost_of_goods, finance.installer_payments AS finance_installer_payments, finance.expenses AS finance_expenses, finance.warranty_costs_oleg AS finance_warranty_costs_oleg, finance.warranty_costs_installer AS finance_warranty_costs_installer, finance.profit AS finance_profit, finance.created_at AS finance_created_at, finance.updated_at AS finance_updated_at 
FROM finance 
WHERE finance.order_id IN ($1::INTEGER, $2::INTEGER)
2026-03-01 12:03:06,405 - sqlalchemy.engine.Engine - INFO - [cached since 2409s ago] (1, 2)
2026-03-01 12:03:06,406 - sqlalchemy.engine.Engine - INFO - SELECT clients.id AS clients_id, clients.full_name AS clients_full_name, clients.phone AS clients_phone, clients.address AS clients_address, clients.coordinates AS clients_coordinates, clients.created_at AS clients_created_at, clients.last_contact AS clients_last_contact, clients.comments AS clients_comments, clients.updated_at AS clients_updated_at, clients.backup_phone AS clients_backup_phone, clients.deleted_at AS clients_deleted_at 
FROM clients 
WHERE clients.id IN ($1::INTEGER, $2::INTEGER)
2026-03-01 12:03:06,406 - sqlalchemy.engine.Engine - INFO - [cached since 2409s ago] (1, 2)
2026-03-01 12:03:06,408 - sqlalchemy.engine.Engine - INFO - SELECT address_cache.address AS address_cache_address, address_cache.lat AS address_cache_lat, address_cache.lon AS address_cache_lon, address_cache.updated_at AS address_cache_updated_at 
FROM address_cache 
WHERE address_cache.address IN ($1::VARCHAR, $2::VARCHAR)
2026-03-01 12:03:06,408 - sqlalchemy.engine.Engine - INFO - [cached since 2409s ago] ('Москва, ул. Тверская, д. 12, кв. 45', 'Россия, Московская область, Мытищи, улица Мира, 8')
2026-03-01 12:03:06,409 - sqlalchemy.engine.Engine - INFO - ROLLBACK
2026-03-01 12:03:06,410 - sqlalchemy.engine.Engine - INFO - BEGIN (implicit)
2026-03-01 12:03:06,410 - sqlalchemy.engine.Engine - INFO - SELECT orders.id, orders.client_id, orders.status, orders.warehouse, orders.service_datetime, orders.delivery_datetime, orders.promise, orders.marker_color, orders.address_id, orders.address_text, orders.created_at, orders.updated_at 
FROM orders 
 LIMIT $1::INTEGER OFFSET $2::INTEGER
2026-03-01 12:03:06,410 - sqlalchemy.engine.Engine - INFO - [cached since 2409s ago] (100, 0)
2026-03-01 12:03:06,412 - sqlalchemy.engine.Engine - INFO - SELECT finance.order_id AS finance_order_id, finance.id AS finance_id, finance.revenue AS finance_revenue, finance.cost_of_goods AS finance_cost_of_goods, finance.installer_payments AS finance_installer_payments, finance.expenses AS finance_expenses, finance.warranty_costs_oleg AS finance_warranty_costs_oleg, finance.warranty_costs_installer AS finance_warranty_costs_installer, finance.profit AS finance_profit, finance.created_at AS finance_created_at, finance.updated_at AS finance_updated_at 
FROM finance 
WHERE finance.order_id IN ($1::INTEGER, $2::INTEGER)
2026-03-01 12:03:06,412 - sqlalchemy.engine.Engine - INFO - [cached since 2409s ago] (1, 2)
2026-03-01 12:03:06,412 - sqlalchemy.engine.Engine - INFO - SELECT clients.id AS clients_id, clients.full_name AS clients_full_name, clients.phone AS clients_phone, clients.address AS clients_address, clients.coordinates AS clients_coordinates, clients.created_at AS clients_created_at, clients.last_contact AS clients_last_contact, clients.comments AS clients_comments, clients.updated_at AS clients_updated_at, clients.backup_phone AS clients_backup_phone, clients.deleted_at AS clients_deleted_at 
FROM clients 
WHERE clients.id IN ($1::INTEGER, $2::INTEGER)
2026-03-01 12:03:06,413 - sqlalchemy.engine.Engine - INFO - [cached since 2409s ago] (1, 2)
2026-03-01 12:03:06,413 - sqlalchemy.engine.Engine - INFO - SELECT address_cache.address AS address_cache_address, address_cache.lat AS address_cache_lat, address_cache.lon AS address_cache_lon, address_cache.updated_at AS address_cache_updated_at 
FROM address_cache 
WHERE address_cache.address IN ($1::VARCHAR, $2::VARCHAR)
2026-03-01 12:03:06,413 - sqlalchemy.engine.Engine - INFO - [cached since 2409s ago] ('Москва, ул. Тверская, д. 12, кв. 45', 'Россия, Московская область, Мытищи, улица Мира, 8')
2026-03-01 12:03:06,414 - sqlalchemy.engine.Engine - INFO - ROLLBACK
2026-03-01 12:03:07,450 - sqlalchemy.engine.Engine - INFO - BEGIN (implicit)
2026-03-01 12:03:07,451 - sqlalchemy.engine.Engine - INFO - SELECT orders.id, orders.client_id, orders.status, orders.warehouse, orders.service_datetime, orders.delivery_datetime, orders.promise, orders.marker_color, orders.address_id, orders.address_text, orders.created_at, orders.updated_at 
FROM orders 
WHERE orders.id = $1::INTEGER
2026-03-01 12:03:07,451 - sqlalchemy.engine.Engine - INFO - [cached since 2035s ago] (2,)
2026-03-01 12:03:07,454 - sqlalchemy.engine.Engine - INFO - SELECT payments.order_id AS payments_order_id, payments.id AS payments_id, payments.payment_type AS payments_payment_type, payments.installer_id AS payments_installer_id, payments.amount AS payments_amount, payments.payment_date AS payments_payment_date, payments.description AS payments_description, payments.created_at AS payments_created_at, payments.updated_at AS payments_updated_at 
FROM payments 
WHERE payments.order_id IN ($1::INTEGER)
2026-03-01 12:03:07,454 - sqlalchemy.engine.Engine - INFO - [cached since 2035s ago] (2,)
2026-03-01 12:03:07,456 - sqlalchemy.engine.Engine - INFO - SELECT finance.order_id AS finance_order_id, finance.id AS finance_id, finance.revenue AS finance_revenue, finance.cost_of_goods AS finance_cost_of_goods, finance.installer_payments AS finance_installer_payments, finance.expenses AS finance_expenses, finance.warranty_costs_oleg AS finance_warranty_costs_oleg, finance.warranty_costs_installer AS finance_warranty_costs_installer, finance.profit AS finance_profit, finance.created_at AS finance_created_at, finance.updated_at AS finance_updated_at 
FROM finance 
WHERE finance.order_id IN ($1::INTEGER)
2026-03-01 12:03:07,456 - sqlalchemy.engine.Engine - INFO - [cached since 2035s ago] (2,)
2026-03-01 12:03:07,457 - sqlalchemy.engine.Engine - INFO - SELECT clients.id AS clients_id, clients.full_name AS clients_full_name, clients.phone AS clients_phone, clients.address AS clients_address, clients.coordinates AS clients_coordinates, clients.created_at AS clients_created_at, clients.last_contact AS clients_last_contact, clients.comments AS clients_comments, clients.updated_at AS clients_updated_at, clients.backup_phone AS clients_backup_phone, clients.deleted_at AS clients_deleted_at 
FROM clients 
WHERE clients.id IN ($1::INTEGER)
2026-03-01 12:03:07,457 - sqlalchemy.engine.Engine - INFO - [cached since 2035s ago] (2,)
2026-03-01 12:03:07,458 - sqlalchemy.engine.Engine - INFO - SELECT address_cache.address AS address_cache_address, address_cache.lat AS address_cache_lat, address_cache.lon AS address_cache_lon, address_cache.updated_at AS address_cache_updated_at 
FROM address_cache 
WHERE address_cache.address IN ($1::VARCHAR)
2026-03-01 12:03:07,458 - sqlalchemy.engine.Engine - INFO - [cached since 2035s ago] ('Россия, Московская область, Мытищи, улица Мира, 8',)
2026-03-01 12:03:07,459 - sqlalchemy.engine.Engine - INFO - SELECT order_items.order_id AS order_items_order_id, order_items.id AS order_items_id, order_items.item_type AS order_items_item_type, order_items.name AS order_items_name, order_items.quantity AS order_items_quantity, order_items.purchase_price AS order_items_purchase_price, order_items.sale_price AS order_items_sale_price, order_items.warranty_manufacturer AS order_items_warranty_manufacturer, order_items.warranty_master AS order_items_warranty_master, order_items.sort_order AS order_items_sort_order, order_items.created_at AS order_items_created_at, order_items.updated_at AS order_items_updated_at 
FROM order_items 
WHERE order_items.order_id IN ($1::INTEGER)
2026-03-01 12:03:07,459 - sqlalchemy.engine.Engine - INFO - [cached since 2035s ago] (2,)
2026-03-01 12:03:07,460 - sqlalchemy.engine.Engine - INFO - SELECT order_installers.order_id AS order_installers_order_id, order_installers.id AS order_installers_id, order_installers.installer_id AS order_installers_installer_id, order_installers.role AS order_installers_role, order_installers.base_payment AS order_installers_base_payment, order_installers.is_primary AS order_installers_is_primary, order_installers.created_at AS order_installers_created_at, order_installers.updated_at AS order_installers_updated_at 
FROM order_installers 
WHERE order_installers.order_id IN ($1::INTEGER)
2026-03-01 12:03:07,460 - sqlalchemy.engine.Engine - INFO - [cached since 2035s ago] (2,)
2026-03-01 12:03:07,461 - sqlalchemy.engine.Engine - INFO - SELECT order_expenses.order_id AS order_expenses_order_id, order_expenses.id AS order_expenses_id, order_expenses.amount AS order_expenses_amount, order_expenses.description AS order_expenses_description, order_expenses.expense_date AS order_expenses_expense_date, order_expenses.category AS order_expenses_category, order_expenses.created_at AS order_expenses_created_at, order_expenses.updated_at AS order_expenses_updated_at 
FROM order_expenses 
WHERE order_expenses.order_id IN ($1::INTEGER)
2026-03-01 12:03:07,461 - sqlalchemy.engine.Engine - INFO - [cached since 2035s ago] (2,)
2026-03-01 12:03:07,462 - sqlalchemy.engine.Engine - INFO - ROLLBACK
2026-03-01 12:03:07,463 - sqlalchemy.engine.Engine - INFO - BEGIN (implicit)
2026-03-01 12:03:07,463 - sqlalchemy.engine.Engine - INFO - SELECT orders.id, orders.client_id, orders.status, orders.warehouse, orders.service_datetime, orders.delivery_datetime, orders.promise, orders.marker_color, orders.address_id, orders.address_text, orders.created_at, orders.updated_at 
FROM orders 
WHERE orders.id = $1::INTEGER
2026-03-01 12:03:07,463 - sqlalchemy.engine.Engine - INFO - [cached since 2035s ago] (2,)
2026-03-01 12:03:07,465 - sqlalchemy.engine.Engine - INFO - SELECT payments.order_id AS payments_order_id, payments.id AS payments_id, payments.payment_type AS payments_payment_type, payments.installer_id AS payments_installer_id, payments.amount AS payments_amount, payments.payment_date AS payments_payment_date, payments.description AS payments_description, payments.created_at AS payments_created_at, payments.updated_at AS payments_updated_at 
FROM payments 
WHERE payments.order_id IN ($1::INTEGER)
2026-03-01 12:03:07,465 - sqlalchemy.engine.Engine - INFO - [cached since 2035s ago] (2,)
2026-03-01 12:03:07,466 - sqlalchemy.engine.Engine - INFO - SELECT finance.order_id AS finance_order_id, finance.id AS finance_id, finance.revenue AS finance_revenue, finance.cost_of_goods AS finance_cost_of_goods, finance.installer_payments AS finance_installer_payments, finance.expenses AS finance_expenses, finance.warranty_costs_oleg AS finance_warranty_costs_oleg, finance.warranty_costs_installer AS finance_warranty_costs_installer, finance.profit AS finance_profit, finance.created_at AS finance_created_at, finance.updated_at AS finance_updated_at 
FROM finance 
WHERE finance.order_id IN ($1::INTEGER)
2026-03-01 12:03:07,466 - sqlalchemy.engine.Engine - INFO - [cached since 2035s ago] (2,)
2026-03-01 12:03:07,466 - sqlalchemy.engine.Engine - INFO - SELECT clients.id AS clients_id, clients.full_name AS clients_full_name, clients.phone AS clients_phone, clients.address AS clients_address, clients.coordinates AS clients_coordinates, clients.created_at AS clients_created_at, clients.last_contact AS clients_last_contact, clients.comments AS clients_comments, clients.updated_at AS clients_updated_at, clients.backup_phone AS clients_backup_phone, clients.deleted_at AS clients_deleted_at 
FROM clients 
WHERE clients.id IN ($1::INTEGER)
2026-03-01 12:03:07,466 - sqlalchemy.engine.Engine - INFO - [cached since 2035s ago] (2,)
2026-03-01 12:03:07,467 - sqlalchemy.engine.Engine - INFO - SELECT address_cache.address AS address_cache_address, address_cache.lat AS address_cache_lat, address_cache.lon AS address_cache_lon, address_cache.updated_at AS address_cache_updated_at 
FROM address_cache 
WHERE address_cache.address IN ($1::VARCHAR)
2026-03-01 12:03:07,467 - sqlalchemy.engine.Engine - INFO - [cached since 2035s ago] ('Россия, Московская область, Мытищи, улица Мира, 8',)
2026-03-01 12:03:07,468 - sqlalchemy.engine.Engine - INFO - SELECT order_items.order_id AS order_items_order_id, order_items.id AS order_items_id, order_items.item_type AS order_items_item_type, order_items.name AS order_items_name, order_items.quantity AS order_items_quantity, order_items.purchase_price AS order_items_purchase_price, order_items.sale_price AS order_items_sale_price, order_items.warranty_manufacturer AS order_items_warranty_manufacturer, order_items.warranty_master AS order_items_warranty_master, order_items.sort_order AS order_items_sort_order, order_items.created_at AS order_items_created_at, order_items.updated_at AS order_items_updated_at 
FROM order_items 
WHERE order_items.order_id IN ($1::INTEGER)
2026-03-01 12:03:07,468 - sqlalchemy.engine.Engine - INFO - [cached since 2035s ago] (2,)
2026-03-01 12:03:07,469 - sqlalchemy.engine.Engine - INFO - SELECT order_installers.order_id AS order_installers_order_id, order_installers.id AS order_installers_id, order_installers.installer_id AS order_installers_installer_id, order_installers.role AS order_installers_role, order_installers.base_payment AS order_installers_base_payment, order_installers.is_primary AS order_installers_is_primary, order_installers.created_at AS order_installers_created_at, order_installers.updated_at AS order_installers_updated_at 
FROM order_installers 
WHERE order_installers.order_id IN ($1::INTEGER)
2026-03-01 12:03:07,469 - sqlalchemy.engine.Engine - INFO - [cached since 2035s ago] (2,)
2026-03-01 12:03:07,470 - sqlalchemy.engine.Engine - INFO - SELECT order_expenses.order_id AS order_expenses_order_id, order_expenses.id AS order_expenses_id, order_expenses.amount AS order_expenses_amount, order_expenses.description AS order_expenses_description, order_expenses.expense_date AS order_expenses_expense_date, order_expenses.category AS order_expenses_category, order_expenses.created_at AS order_expenses_created_at, order_expenses.updated_at AS order_expenses_updated_at 
FROM order_expenses 
WHERE order_expenses.order_id IN ($1::INTEGER)
2026-03-01 12:03:07,470 - sqlalchemy.engine.Engine - INFO - [cached since 2035s ago] (2,)
2026-03-01 12:03:07,471 - sqlalchemy.engine.Engine - INFO - ROLLBACK
2026-03-01 12:03:08,958 - sqlalchemy.engine.Engine - INFO - BEGIN (implicit)
2026-03-01 12:03:08,958 - sqlalchemy.engine.Engine - INFO - SELECT orders.id, orders.client_id, orders.status, orders.warehouse, orders.service_datetime, orders.delivery_datetime, orders.promise, orders.marker_color, orders.address_id, orders.address_text, orders.created_at, orders.updated_at 
FROM orders 
 LIMIT $1::INTEGER OFFSET $2::INTEGER
2026-03-01 12:03:08,958 - sqlalchemy.engine.Engine - INFO - [cached since 2411s ago] (100, 0)
2026-03-01 12:03:08,959 - sqlalchemy.engine.Engine - INFO - SELECT finance.order_id AS finance_order_id, finance.id AS finance_id, finance.revenue AS finance_revenue, finance.cost_of_goods AS finance_cost_of_goods, finance.installer_payments AS finance_installer_payments, finance.expenses AS finance_expenses, finance.warranty_costs_oleg AS finance_warranty_costs_oleg, finance.warranty_costs_installer AS finance_warranty_costs_installer, finance.profit AS finance_profit, finance.created_at AS finance_created_at, finance.updated_at AS finance_updated_at 
FROM finance 
WHERE finance.order_id IN ($1::INTEGER, $2::INTEGER)
2026-03-01 12:03:08,959 - sqlalchemy.engine.Engine - INFO - [cached since 2411s ago] (1, 2)
2026-03-01 12:03:08,960 - sqlalchemy.engine.Engine - INFO - SELECT clients.id AS clients_id, clients.full_name AS clients_full_name, clients.phone AS clients_phone, clients.address AS clients_address, clients.coordinates AS clients_coordinates, clients.created_at AS clients_created_at, clients.last_contact AS clients_last_contact, clients.comments AS clients_comments, clients.updated_at AS clients_updated_at, clients.backup_phone AS clients_backup_phone, clients.deleted_at AS clients_deleted_at 
FROM clients 
WHERE clients.id IN ($1::INTEGER, $2::INTEGER)
2026-03-01 12:03:08,960 - sqlalchemy.engine.Engine - INFO - [cached since 2411s ago] (1, 2)
2026-03-01 12:03:08,961 - sqlalchemy.engine.Engine - INFO - SELECT address_cache.address AS address_cache_address, address_cache.lat AS address_cache_lat, address_cache.lon AS address_cache_lon, address_cache.updated_at AS address_cache_updated_at 
FROM address_cache 
WHERE address_cache.address IN ($1::VARCHAR, $2::VARCHAR)
2026-03-01 12:03:08,961 - sqlalchemy.engine.Engine - INFO - [cached since 2411s ago] ('Москва, ул. Тверская, д. 12, кв. 45', 'Россия, Московская область, Мытищи, улица Мира, 8')
2026-03-01 12:03:08,962 - sqlalchemy.engine.Engine - INFO - ROLLBACK
2026-03-01 12:03:08,962 - sqlalchemy.engine.Engine - INFO - BEGIN (implicit)
2026-03-01 12:03:08,963 - sqlalchemy.engine.Engine - INFO - SELECT orders.id, orders.client_id, orders.status, orders.warehouse, orders.service_datetime, orders.delivery_datetime, orders.promise, orders.marker_color, orders.address_id, orders.address_text, orders.created_at, orders.updated_at 
FROM orders 
 LIMIT $1::INTEGER OFFSET $2::INTEGER
2026-03-01 12:03:08,963 - sqlalchemy.engine.Engine - INFO - [cached since 2411s ago] (100, 0)
2026-03-01 12:03:08,964 - sqlalchemy.engine.Engine - INFO - SELECT finance.order_id AS finance_order_id, finance.id AS finance_id, finance.revenue AS finance_revenue, finance.cost_of_goods AS finance_cost_of_goods, finance.installer_payments AS finance_installer_payments, finance.expenses AS finance_expenses, finance.warranty_costs_oleg AS finance_warranty_costs_oleg, finance.warranty_costs_installer AS finance_warranty_costs_installer, finance.profit AS finance_profit, finance.created_at AS finance_created_at, finance.updated_at AS finance_updated_at 
FROM finance 
WHERE finance.order_id IN ($1::INTEGER, $2::INTEGER)
2026-03-01 12:03:08,965 - sqlalchemy.engine.Engine - INFO - [cached since 2411s ago] (1, 2)
2026-03-01 12:03:08,966 - sqlalchemy.engine.Engine - INFO - SELECT clients.id AS clients_id, clients.full_name AS clients_full_name, clients.phone AS clients_phone, clients.address AS clients_address, clients.coordinates AS clients_coordinates, clients.created_at AS clients_created_at, clients.last_contact AS clients_last_contact, clients.comments AS clients_comments, clients.updated_at AS clients_updated_at, clients.backup_phone AS clients_backup_phone, clients.deleted_at AS clients_deleted_at 
FROM clients 
WHERE clients.id IN ($1::INTEGER, $2::INTEGER)
2026-03-01 12:03:08,966 - sqlalchemy.engine.Engine - INFO - [cached since 2411s ago] (1, 2)
2026-03-01 12:03:08,966 - sqlalchemy.engine.Engine - INFO - SELECT address_cache.address AS address_cache_address, address_cache.lat AS address_cache_lat, address_cache.lon AS address_cache_lon, address_cache.updated_at AS address_cache_updated_at 
FROM address_cache 
WHERE address_cache.address IN ($1::VARCHAR, $2::VARCHAR)
2026-03-01 12:03:08,966 - sqlalchemy.engine.Engine - INFO - [cached since 2411s ago] ('Москва, ул. Тверская, д. 12, кв. 45', 'Россия, Московская область, Мытищи, улица Мира, 8')
2026-03-01 12:03:08,967 - sqlalchemy.engine.Engine - INFO - ROLLBACK
2026-03-01 12:03:18,036 - sqlalchemy.engine.Engine - INFO - BEGIN (implicit)
2026-03-01 12:03:18,037 - sqlalchemy.engine.Engine - INFO - SELECT orders.id, orders.client_id, orders.status, orders.warehouse, orders.service_datetime, orders.delivery_datetime, orders.promise, orders.marker_color, orders.address_id, orders.address_text, orders.created_at, orders.updated_at 
FROM orders 
 LIMIT $1::INTEGER OFFSET $2::INTEGER
2026-03-01 12:03:18,037 - sqlalchemy.engine.Engine - INFO - [cached since 2421s ago] (100, 0)
2026-03-01 12:03:18,038 - sqlalchemy.engine.Engine - INFO - SELECT finance.order_id AS finance_order_id, finance.id AS finance_id, finance.revenue AS finance_revenue, finance.cost_of_goods AS finance_cost_of_goods, finance.installer_payments AS finance_installer_payments, finance.expenses AS finance_expenses, finance.warranty_costs_oleg AS finance_warranty_costs_oleg, finance.warranty_costs_installer AS finance_warranty_costs_installer, finance.profit AS finance_profit, finance.created_at AS finance_created_at, finance.updated_at AS finance_updated_at 
FROM finance 
WHERE finance.order_id IN ($1::INTEGER, $2::INTEGER)
2026-03-01 12:03:18,038 - sqlalchemy.engine.Engine - INFO - [cached since 2421s ago] (1, 2)
2026-03-01 12:03:18,039 - sqlalchemy.engine.Engine - INFO - SELECT clients.id AS clients_id, clients.full_name AS clients_full_name, clients.phone AS clients_phone, clients.address AS clients_address, clients.coordinates AS clients_coordinates, clients.created_at AS clients_created_at, clients.last_contact AS clients_last_contact, clients.comments AS clients_comments, clients.updated_at AS clients_updated_at, clients.backup_phone AS clients_backup_phone, clients.deleted_at AS clients_deleted_at 
FROM clients 
WHERE clients.id IN ($1::INTEGER, $2::INTEGER)
2026-03-01 12:03:18,039 - sqlalchemy.engine.Engine - INFO - [cached since 2421s ago] (1, 2)
2026-03-01 12:03:18,040 - sqlalchemy.engine.Engine - INFO - SELECT address_cache.address AS address_cache_address, address_cache.lat AS address_cache_lat, address_cache.lon AS address_cache_lon, address_cache.updated_at AS address_cache_updated_at 
FROM address_cache 
WHERE address_cache.address IN ($1::VARCHAR, $2::VARCHAR)
2026-03-01 12:03:18,040 - sqlalchemy.engine.Engine - INFO - [cached since 2421s ago] ('Москва, ул. Тверская, д. 12, кв. 45', 'Россия, Московская область, Мытищи, улица Мира, 8')
2026-03-01 12:03:18,041 - sqlalchemy.engine.Engine - INFO - ROLLBACK
2026-03-01 12:03:18,042 - sqlalchemy.engine.Engine - INFO - BEGIN (implicit)
2026-03-01 12:03:18,042 - sqlalchemy.engine.Engine - INFO - SELECT orders.id, orders.client_id, orders.status, orders.warehouse, orders.service_datetime, orders.delivery_datetime, orders.promise, orders.marker_color, orders.address_id, orders.address_text, orders.created_at, orders.updated_at 
FROM orders 
 LIMIT $1::INTEGER OFFSET $2::INTEGER
2026-03-01 12:03:18,042 - sqlalchemy.engine.Engine - INFO - [cached since 2421s ago] (100, 0)
2026-03-01 12:03:18,043 - sqlalchemy.engine.Engine - INFO - SELECT finance.order_id AS finance_order_id, finance.id AS finance_id, finance.revenue AS finance_revenue, finance.cost_of_goods AS finance_cost_of_goods, finance.installer_payments AS finance_installer_payments, finance.expenses AS finance_expenses, finance.warranty_costs_oleg AS finance_warranty_costs_oleg, finance.warranty_costs_installer AS finance_warranty_costs_installer, finance.profit AS finance_profit, finance.created_at AS finance_created_at, finance.updated_at AS finance_updated_at 
FROM finance 
WHERE finance.order_id IN ($1::INTEGER, $2::INTEGER)
2026-03-01 12:03:18,043 - sqlalchemy.engine.Engine - INFO - [cached since 2421s ago] (1, 2)
2026-03-01 12:03:18,044 - sqlalchemy.engine.Engine - INFO - SELECT clients.id AS clients_id, clients.full_name AS clients_full_name, clients.phone AS clients_phone, clients.address AS clients_address, clients.coordinates AS clients_coordinates, clients.created_at AS clients_created_at, clients.last_contact AS clients_last_contact, clients.comments AS clients_comments, clients.updated_at AS clients_updated_at, clients.backup_phone AS clients_backup_phone, clients.deleted_at AS clients_deleted_at 
FROM clients 
WHERE clients.id IN ($1::INTEGER, $2::INTEGER)
2026-03-01 12:03:18,044 - sqlalchemy.engine.Engine - INFO - [cached since 2421s ago] (1, 2)
2026-03-01 12:03:18,045 - sqlalchemy.engine.Engine - INFO - SELECT address_cache.address AS address_cache_address, address_cache.lat AS address_cache_lat, address_cache.lon AS address_cache_lon, address_cache.updated_at AS address_cache_updated_at 
FROM address_cache 
WHERE address_cache.address IN ($1::VARCHAR, $2::VARCHAR)
2026-03-01 12:03:18,045 - sqlalchemy.engine.Engine - INFO - [cached since 2421s ago] ('Москва, ул. Тверская, д. 12, кв. 45', 'Россия, Московская область, Мытищи, улица Мира, 8')
2026-03-01 12:03:18,045 - sqlalchemy.engine.Engine - INFO - ROLLBACK
2026-03-01 12:04:01,555 - sqlalchemy.engine.Engine - INFO - BEGIN (implicit)
2026-03-01 12:04:01,555 - sqlalchemy.engine.Engine - INFO - SELECT admins.id, admins.username, admins.password_hash, admins.created_at 
FROM admins 
WHERE admins.username = $1::VARCHAR
2026-03-01 12:04:01,555 - sqlalchemy.engine.Engine - INFO - [cached since 2467s ago] ('zhura2296@yandex.ru',)
2026-03-01 12:04:01,761 - sqlalchemy.engine.Engine - INFO - ROLLBACK
2026-03-01 12:04:01,995 - sqlalchemy.engine.Engine - INFO - BEGIN (implicit)
2026-03-01 12:04:01,996 - sqlalchemy.engine.Engine - INFO - SELECT admins.id, admins.username, admins.password_hash, admins.created_at 
FROM admins 
WHERE admins.username = $1::VARCHAR
2026-03-01 12:04:01,996 - sqlalchemy.engine.Engine - INFO - [cached since 2467s ago] ('zhura2296@yandex.ru',)
2026-03-01 12:04:01,997 - sqlalchemy.engine.Engine - INFO - BEGIN (implicit)
2026-03-01 12:04:01,998 - sqlalchemy.engine.Engine - INFO - SELECT admins.id, admins.username, admins.password_hash, admins.created_at 
FROM admins 
WHERE admins.username = $1::VARCHAR
2026-03-01 12:04:01,998 - sqlalchemy.engine.Engine - INFO - [cached since 2467s ago] ('zhura2296@yandex.ru',)
2026-03-01 12:04:01,998 - sqlalchemy.engine.Engine - INFO - SELECT installers.id, installers.full_name, installers.nickname, installers.phone, installers.backup_phone, installers.specialization, installers.rating, installers.base_price, installers.is_debtor, installers.comments, installers.is_active, installers.is_in_funnel, installers.total_orders, installers.poor_work_count, installers.warranty_visits_count, installers.last_incident_date, installers.updated_at, installers.created_at, installers.deleted_at 
FROM installers 
WHERE installers.deleted_at IS NULL 
 LIMIT $1::INTEGER OFFSET $2::INTEGER
2026-03-01 12:04:01,998 - sqlalchemy.engine.Engine - INFO - [cached since 2467s ago] (100, 0)
2026-03-01 12:04:02,000 - sqlalchemy.engine.Engine - INFO - SELECT clients.id, clients.full_name, clients.phone, clients.address, clients.coordinates, clients.created_at, clients.last_contact, clients.comments, clients.updated_at, clients.backup_phone, clients.deleted_at 
FROM clients 
 LIMIT $1::INTEGER OFFSET $2::INTEGER
2026-03-01 12:04:02,000 - sqlalchemy.engine.Engine - INFO - [cached since 2467s ago] (100, 0)
2026-03-01 12:04:02,001 - sqlalchemy.engine.Engine - INFO - ROLLBACK
2026-03-01 12:04:02,002 - sqlalchemy.engine.Engine - INFO - BEGIN (implicit)
2026-03-01 12:04:02,002 - sqlalchemy.engine.Engine - INFO - SELECT admins.id, admins.username, admins.password_hash, admins.created_at 
FROM admins 
WHERE admins.username = $1::VARCHAR
2026-03-01 12:04:02,002 - sqlalchemy.engine.Engine - INFO - [cached since 2467s ago] ('zhura2296@yandex.ru',)
2026-03-01 12:04:02,003 - sqlalchemy.engine.Engine - INFO - ROLLBACK
2026-03-01 12:04:02,003 - sqlalchemy.engine.Engine - INFO - SELECT installers.id, installers.full_name, installers.nickname, installers.phone, installers.backup_phone, installers.specialization, installers.rating, installers.base_price, installers.is_debtor, installers.comments, installers.is_active, installers.is_in_funnel, installers.total_orders, installers.poor_work_count, installers.warranty_visits_count, installers.last_incident_date, installers.updated_at, installers.created_at, installers.deleted_at 
FROM installers 
WHERE installers.deleted_at IS NULL 
 LIMIT $1::INTEGER OFFSET $2::INTEGER
2026-03-01 12:04:02,003 - sqlalchemy.engine.Engine - INFO - [cached since 2467s ago] (100, 0)
2026-03-01 12:04:02,004 - sqlalchemy.engine.Engine - INFO - ROLLBACK
2026-03-01 12:04:02,008 - sqlalchemy.engine.Engine - INFO - BEGIN (implicit)
2026-03-01 12:04:02,008 - sqlalchemy.engine.Engine - INFO - SELECT admins.id, admins.username, admins.password_hash, admins.created_at 
FROM admins 
WHERE admins.username = $1::VARCHAR
2026-03-01 12:04:02,008 - sqlalchemy.engine.Engine - INFO - [cached since 2467s ago] ('zhura2296@yandex.ru',)
2026-03-01 12:04:02,010 - sqlalchemy.engine.Engine - INFO - SELECT clients.id, clients.full_name, clients.phone, clients.address, clients.coordinates, clients.created_at, clients.last_contact, clients.comments, clients.updated_at, clients.backup_phone, clients.deleted_at 
FROM clients 
 LIMIT $1::INTEGER OFFSET $2::INTEGER
2026-03-01 12:04:02,010 - sqlalchemy.engine.Engine - INFO - [cached since 2467s ago] (100, 0)
2026-03-01 12:04:02,012 - sqlalchemy.engine.Engine - INFO - ROLLBACK
2026-03-01 12:04:12,595 - sqlalchemy.engine.Engine - INFO - BEGIN (implicit)
2026-03-01 12:04:12,596 - sqlalchemy.engine.Engine - INFO - SELECT orders.id, orders.client_id, orders.status, orders.warehouse, orders.service_datetime, orders.delivery_datetime, orders.promise, orders.marker_color, orders.address_id, orders.address_text, orders.created_at, orders.updated_at 
FROM orders 
 LIMIT $1::INTEGER OFFSET $2::INTEGER
2026-03-01 12:04:12,596 - sqlalchemy.engine.Engine - INFO - [cached since 2475s ago] (100, 0)
2026-03-01 12:04:12,597 - sqlalchemy.engine.Engine - INFO - SELECT finance.order_id AS finance_order_id, finance.id AS finance_id, finance.revenue AS finance_revenue, finance.cost_of_goods AS finance_cost_of_goods, finance.installer_payments AS finance_installer_payments, finance.expenses AS finance_expenses, finance.warranty_costs_oleg AS finance_warranty_costs_oleg, finance.warranty_costs_installer AS finance_warranty_costs_installer, finance.profit AS finance_profit, finance.created_at AS finance_created_at, finance.updated_at AS finance_updated_at 
FROM finance 
WHERE finance.order_id IN ($1::INTEGER, $2::INTEGER)
2026-03-01 12:04:12,597 - sqlalchemy.engine.Engine - INFO - [cached since 2475s ago] (1, 2)
2026-03-01 12:04:12,598 - sqlalchemy.engine.Engine - INFO - SELECT clients.id AS clients_id, clients.full_name AS clients_full_name, clients.phone AS clients_phone, clients.address AS clients_address, clients.coordinates AS clients_coordinates, clients.created_at AS clients_created_at, clients.last_contact AS clients_last_contact, clients.comments AS clients_comments, clients.updated_at AS clients_updated_at, clients.backup_phone AS clients_backup_phone, clients.deleted_at AS clients_deleted_at 
FROM clients 
WHERE clients.id IN ($1::INTEGER, $2::INTEGER)
2026-03-01 12:04:12,598 - sqlalchemy.engine.Engine - INFO - [cached since 2475s ago] (1, 2)
2026-03-01 12:04:12,598 - sqlalchemy.engine.Engine - INFO - SELECT address_cache.address AS address_cache_address, address_cache.lat AS address_cache_lat, address_cache.lon AS address_cache_lon, address_cache.updated_at AS address_cache_updated_at 
FROM address_cache 
WHERE address_cache.address IN ($1::VARCHAR, $2::VARCHAR)
2026-03-01 12:04:12,598 - sqlalchemy.engine.Engine - INFO - [cached since 2475s ago] ('Москва, ул. Тверская, д. 12, кв. 45', 'Россия, Московская область, Мытищи, улица Мира, 8')
2026-03-01 12:04:12,599 - sqlalchemy.engine.Engine - INFO - ROLLBACK
2026-03-01 12:04:12,600 - sqlalchemy.engine.Engine - INFO - BEGIN (implicit)
2026-03-01 12:04:12,600 - sqlalchemy.engine.Engine - INFO - SELECT orders.id, orders.client_id, orders.status, orders.warehouse, orders.service_datetime, orders.delivery_datetime, orders.promise, orders.marker_color, orders.address_id, orders.address_text, orders.created_at, orders.updated_at 
FROM orders 
 LIMIT $1::INTEGER OFFSET $2::INTEGER
2026-03-01 12:04:12,600 - sqlalchemy.engine.Engine - INFO - [cached since 2475s ago] (100, 0)
2026-03-01 12:04:12,602 - sqlalchemy.engine.Engine - INFO - SELECT finance.order_id AS finance_order_id, finance.id AS finance_id, finance.revenue AS finance_revenue, finance.cost_of_goods AS finance_cost_of_goods, finance.installer_payments AS finance_installer_payments, finance.expenses AS finance_expenses, finance.warranty_costs_oleg AS finance_warranty_costs_oleg, finance.warranty_costs_installer AS finance_warranty_costs_installer, finance.profit AS finance_profit, finance.created_at AS finance_created_at, finance.updated_at AS finance_updated_at 
FROM finance 
WHERE finance.order_id IN ($1::INTEGER, $2::INTEGER)
2026-03-01 12:04:12,602 - sqlalchemy.engine.Engine - INFO - [cached since 2475s ago] (1, 2)
2026-03-01 12:04:12,603 - sqlalchemy.engine.Engine - INFO - SELECT clients.id AS clients_id, clients.full_name AS clients_full_name, clients.phone AS clients_phone, clients.address AS clients_address, clients.coordinates AS clients_coordinates, clients.created_at AS clients_created_at, clients.last_contact AS clients_last_contact, clients.comments AS clients_comments, clients.updated_at AS clients_updated_at, clients.backup_phone AS clients_backup_phone, clients.deleted_at AS clients_deleted_at 
FROM clients 
WHERE clients.id IN ($1::INTEGER, $2::INTEGER)
2026-03-01 12:04:12,603 - sqlalchemy.engine.Engine - INFO - [cached since 2475s ago] (1, 2)
2026-03-01 12:04:12,605 - sqlalchemy.engine.Engine - INFO - SELECT address_cache.address AS address_cache_address, address_cache.lat AS address_cache_lat, address_cache.lon AS address_cache_lon, address_cache.updated_at AS address_cache_updated_at 
FROM address_cache 
WHERE address_cache.address IN ($1::VARCHAR, $2::VARCHAR)
2026-03-01 12:04:12,605 - sqlalchemy.engine.Engine - INFO - [cached since 2475s ago] ('Москва, ул. Тверская, д. 12, кв. 45', 'Россия, Московская область, Мытищи, улица Мира, 8')
2026-03-01 12:04:12,606 - sqlalchemy.engine.Engine - INFO - ROLLBACK
2026-03-01 12:04:14,039 - sqlalchemy.engine.Engine - INFO - BEGIN (implicit)
2026-03-01 12:04:14,039 - sqlalchemy.engine.Engine - INFO - SELECT orders.id, orders.client_id, orders.status, orders.warehouse, orders.service_datetime, orders.delivery_datetime, orders.promise, orders.marker_color, orders.address_id, orders.address_text, orders.created_at, orders.updated_at 
FROM orders 
WHERE orders.id = $1::INTEGER
2026-03-01 12:04:14,039 - sqlalchemy.engine.Engine - INFO - [cached since 2101s ago] (1,)
2026-03-01 12:04:14,040 - sqlalchemy.engine.Engine - INFO - BEGIN (implicit)
2026-03-01 12:04:14,040 - sqlalchemy.engine.Engine - INFO - SELECT admins.id, admins.username, admins.password_hash, admins.created_at 
FROM admins 
WHERE admins.username = $1::VARCHAR
2026-03-01 12:04:14,041 - sqlalchemy.engine.Engine - INFO - [cached since 2479s ago] ('zhura2296@yandex.ru',)
2026-03-01 12:04:14,042 - sqlalchemy.engine.Engine - INFO - SELECT payments.order_id AS payments_order_id, payments.id AS payments_id, payments.payment_type AS payments_payment_type, payments.installer_id AS payments_installer_id, payments.amount AS payments_amount, payments.payment_date AS payments_payment_date, payments.description AS payments_description, payments.created_at AS payments_created_at, payments.updated_at AS payments_updated_at 
FROM payments 
WHERE payments.order_id IN ($1::INTEGER)
2026-03-01 12:04:14,042 - sqlalchemy.engine.Engine - INFO - [cached since 2101s ago] (1,)
2026-03-01 12:04:14,043 - sqlalchemy.engine.Engine - INFO - SELECT installers.id, installers.full_name, installers.nickname, installers.phone, installers.backup_phone, installers.specialization, installers.rating, installers.base_price, installers.is_debtor, installers.comments, installers.is_active, installers.is_in_funnel, installers.total_orders, installers.poor_work_count, installers.warranty_visits_count, installers.last_incident_date, installers.updated_at, installers.created_at, installers.deleted_at 
FROM installers 
WHERE installers.deleted_at IS NULL 
 LIMIT $1::INTEGER OFFSET $2::INTEGER
2026-03-01 12:04:14,043 - sqlalchemy.engine.Engine - INFO - [cached since 2479s ago] (100, 0)
2026-03-01 12:04:14,044 - sqlalchemy.engine.Engine - INFO - SELECT finance.order_id AS finance_order_id, finance.id AS finance_id, finance.revenue AS finance_revenue, finance.cost_of_goods AS finance_cost_of_goods, finance.installer_payments AS finance_installer_payments, finance.expenses AS finance_expenses, finance.warranty_costs_oleg AS finance_warranty_costs_oleg, finance.warranty_costs_installer AS finance_warranty_costs_installer, finance.profit AS finance_profit, finance.created_at AS finance_created_at, finance.updated_at AS finance_updated_at 
FROM finance 
WHERE finance.order_id IN ($1::INTEGER)
2026-03-01 12:04:14,044 - sqlalchemy.engine.Engine - INFO - [cached since 2101s ago] (1,)
2026-03-01 12:04:14,045 - sqlalchemy.engine.Engine - INFO - SELECT clients.id AS clients_id, clients.full_name AS clients_full_name, clients.phone AS clients_phone, clients.address AS clients_address, clients.coordinates AS clients_coordinates, clients.created_at AS clients_created_at, clients.last_contact AS clients_last_contact, clients.comments AS clients_comments, clients.updated_at AS clients_updated_at, clients.backup_phone AS clients_backup_phone, clients.deleted_at AS clients_deleted_at 
FROM clients 
WHERE clients.id IN ($1::INTEGER)
2026-03-01 12:04:14,045 - sqlalchemy.engine.Engine - INFO - [cached since 2101s ago] (1,)
2026-03-01 12:04:14,045 - sqlalchemy.engine.Engine - INFO - SELECT address_cache.address AS address_cache_address, address_cache.lat AS address_cache_lat, address_cache.lon AS address_cache_lon, address_cache.updated_at AS address_cache_updated_at 
FROM address_cache 
WHERE address_cache.address IN ($1::VARCHAR)
2026-03-01 12:04:14,045 - sqlalchemy.engine.Engine - INFO - [cached since 2101s ago] ('Москва, ул. Тверская, д. 12, кв. 45',)
2026-03-01 12:04:14,046 - sqlalchemy.engine.Engine - INFO - ROLLBACK
2026-03-01 12:04:14,046 - sqlalchemy.engine.Engine - INFO - BEGIN (implicit)
2026-03-01 12:04:14,046 - sqlalchemy.engine.Engine - INFO - SELECT admins.id, admins.username, admins.password_hash, admins.created_at 
FROM admins 
WHERE admins.username = $1::VARCHAR
2026-03-01 12:04:14,046 - sqlalchemy.engine.Engine - INFO - [cached since 2479s ago] ('zhura2296@yandex.ru',)
2026-03-01 12:04:14,047 - sqlalchemy.engine.Engine - INFO - SELECT order_items.order_id AS order_items_order_id, order_items.id AS order_items_id, order_items.item_type AS order_items_item_type, order_items.name AS order_items_name, order_items.quantity AS order_items_quantity, order_items.purchase_price AS order_items_purchase_price, order_items.sale_price AS order_items_sale_price, order_items.warranty_manufacturer AS order_items_warranty_manufacturer, order_items.warranty_master AS order_items_warranty_master, order_items.sort_order AS order_items_sort_order, order_items.created_at AS order_items_created_at, order_items.updated_at AS order_items_updated_at 
FROM order_items 
WHERE order_items.order_id IN ($1::INTEGER)
2026-03-01 12:04:14,047 - sqlalchemy.engine.Engine - INFO - [cached since 2101s ago] (1,)
2026-03-01 12:04:14,048 - sqlalchemy.engine.Engine - INFO - SELECT order_installers.order_id AS order_installers_order_id, order_installers.id AS order_installers_id, order_installers.installer_id AS order_installers_installer_id, order_installers.role AS order_installers_role, order_installers.base_payment AS order_installers_base_payment, order_installers.is_primary AS order_installers_is_primary, order_installers.created_at AS order_installers_created_at, order_installers.updated_at AS order_installers_updated_at 
FROM order_installers 
WHERE order_installers.order_id IN ($1::INTEGER)
2026-03-01 12:04:14,048 - sqlalchemy.engine.Engine - INFO - [cached since 2101s ago] (1,)
2026-03-01 12:04:14,048 - sqlalchemy.engine.Engine - INFO - SELECT installers.id, installers.full_name, installers.nickname, installers.phone, installers.backup_phone, installers.specialization, installers.rating, installers.base_price, installers.is_debtor, installers.comments, installers.is_active, installers.is_in_funnel, installers.total_orders, installers.poor_work_count, installers.warranty_visits_count, installers.last_incident_date, installers.updated_at, installers.created_at, installers.deleted_at 
FROM installers 
WHERE installers.deleted_at IS NULL 
 LIMIT $1::INTEGER OFFSET $2::INTEGER
2026-03-01 12:04:14,048 - sqlalchemy.engine.Engine - INFO - [cached since 2479s ago] (100, 0)
2026-03-01 12:04:14,049 - sqlalchemy.engine.Engine - INFO - SELECT order_expenses.order_id AS order_expenses_order_id, order_expenses.id AS order_expenses_id, order_expenses.amount AS order_expenses_amount, order_expenses.description AS order_expenses_description, order_expenses.expense_date AS order_expenses_expense_date, order_expenses.category AS order_expenses_category, order_expenses.created_at AS order_expenses_created_at, order_expenses.updated_at AS order_expenses_updated_at 
FROM order_expenses 
WHERE order_expenses.order_id IN ($1::INTEGER)
2026-03-01 12:04:14,049 - sqlalchemy.engine.Engine - INFO - [cached since 2101s ago] (1,)
2026-03-01 12:04:14,050 - sqlalchemy.engine.Engine - INFO - ROLLBACK
2026-03-01 12:04:14,050 - sqlalchemy.engine.Engine - INFO - ROLLBACK
2026-03-01 12:04:14,051 - sqlalchemy.engine.Engine - INFO - BEGIN (implicit)
2026-03-01 12:04:14,051 - sqlalchemy.engine.Engine - INFO - SELECT orders.id, orders.client_id, orders.status, orders.warehouse, orders.service_datetime, orders.delivery_datetime, orders.promise, orders.marker_color, orders.address_id, orders.address_text, orders.created_at, orders.updated_at 
FROM orders 
WHERE orders.id = $1::INTEGER
2026-03-01 12:04:14,051 - sqlalchemy.engine.Engine - INFO - [cached since 2101s ago] (1,)
2026-03-01 12:04:14,053 - sqlalchemy.engine.Engine - INFO - SELECT payments.order_id AS payments_order_id, payments.id AS payments_id, payments.payment_type AS payments_payment_type, payments.installer_id AS payments_installer_id, payments.amount AS payments_amount, payments.payment_date AS payments_payment_date, payments.description AS payments_description, payments.created_at AS payments_created_at, payments.updated_at AS payments_updated_at 
FROM payments 
WHERE payments.order_id IN ($1::INTEGER)
2026-03-01 12:04:14,053 - sqlalchemy.engine.Engine - INFO - [cached since 2101s ago] (1,)
2026-03-01 12:04:14,054 - sqlalchemy.engine.Engine - INFO - SELECT finance.order_id AS finance_order_id, finance.id AS finance_id, finance.revenue AS finance_revenue, finance.cost_of_goods AS finance_cost_of_goods, finance.installer_payments AS finance_installer_payments, finance.expenses AS finance_expenses, finance.warranty_costs_oleg AS finance_warranty_costs_oleg, finance.warranty_costs_installer AS finance_warranty_costs_installer, finance.profit AS finance_profit, finance.created_at AS finance_created_at, finance.updated_at AS finance_updated_at 
FROM finance 
WHERE finance.order_id IN ($1::INTEGER)
2026-03-01 12:04:14,054 - sqlalchemy.engine.Engine - INFO - [cached since 2101s ago] (1,)
2026-03-01 12:04:14,055 - sqlalchemy.engine.Engine - INFO - SELECT clients.id AS clients_id, clients.full_name AS clients_full_name, clients.phone AS clients_phone, clients.address AS clients_address, clients.coordinates AS clients_coordinates, clients.created_at AS clients_created_at, clients.last_contact AS clients_last_contact, clients.comments AS clients_comments, clients.updated_at AS clients_updated_at, clients.backup_phone AS clients_backup_phone, clients.deleted_at AS clients_deleted_at 
FROM clients 
WHERE clients.id IN ($1::INTEGER)
2026-03-01 12:04:14,055 - sqlalchemy.engine.Engine - INFO - [cached since 2101s ago] (1,)
2026-03-01 12:04:14,055 - sqlalchemy.engine.Engine - INFO - SELECT address_cache.address AS address_cache_address, address_cache.lat AS address_cache_lat, address_cache.lon AS address_cache_lon, address_cache.updated_at AS address_cache_updated_at 
FROM address_cache 
WHERE address_cache.address IN ($1::VARCHAR)
2026-03-01 12:04:14,055 - sqlalchemy.engine.Engine - INFO - [cached since 2101s ago] ('Москва, ул. Тверская, д. 12, кв. 45',)
2026-03-01 12:04:14,056 - sqlalchemy.engine.Engine - INFO - SELECT order_items.order_id AS order_items_order_id, order_items.id AS order_items_id, order_items.item_type AS order_items_item_type, order_items.name AS order_items_name, order_items.quantity AS order_items_quantity, order_items.purchase_price AS order_items_purchase_price, order_items.sale_price AS order_items_sale_price, order_items.warranty_manufacturer AS order_items_warranty_manufacturer, order_items.warranty_master AS order_items_warranty_master, order_items.sort_order AS order_items_sort_order, order_items.created_at AS order_items_created_at, order_items.updated_at AS order_items_updated_at 
FROM order_items 
WHERE order_items.order_id IN ($1::INTEGER)
2026-03-01 12:04:14,056 - sqlalchemy.engine.Engine - INFO - [cached since 2101s ago] (1,)
2026-03-01 12:04:14,057 - sqlalchemy.engine.Engine - INFO - SELECT order_installers.order_id AS order_installers_order_id, order_installers.id AS order_installers_id, order_installers.installer_id AS order_installers_installer_id, order_installers.role AS order_installers_role, order_installers.base_payment AS order_installers_base_payment, order_installers.is_primary AS order_installers_is_primary, order_installers.created_at AS order_installers_created_at, order_installers.updated_at AS order_installers_updated_at 
FROM order_installers 
WHERE order_installers.order_id IN ($1::INTEGER)
2026-03-01 12:04:14,057 - sqlalchemy.engine.Engine - INFO - [cached since 2101s ago] (1,)
2026-03-01 12:04:14,057 - sqlalchemy.engine.Engine - INFO - SELECT order_expenses.order_id AS order_expenses_order_id, order_expenses.id AS order_expenses_id, order_expenses.amount AS order_expenses_amount, order_expenses.description AS order_expenses_description, order_expenses.expense_date AS order_expenses_expense_date, order_expenses.category AS order_expenses_category, order_expenses.created_at AS order_expenses_created_at, order_expenses.updated_at AS order_expenses_updated_at 
FROM order_expenses 
WHERE order_expenses.order_id IN ($1::INTEGER)
2026-03-01 12:04:14,057 - sqlalchemy.engine.Engine - INFO - [cached since 2101s ago] (1,)
2026-03-01 12:04:14,058 - sqlalchemy.engine.Engine - INFO - ROLLBACK
2026-03-01 12:04:23,300 - sqlalchemy.engine.Engine - INFO - BEGIN (implicit)
2026-03-01 12:04:23,300 - sqlalchemy.engine.Engine - INFO - SELECT sum(finance.profit) AS sum_1 
FROM finance
2026-03-01 12:04:23,300 - sqlalchemy.engine.Engine - INFO - [cached since 685s ago] ()
2026-03-01 12:04:23,301 - sqlalchemy.engine.Engine - INFO - BEGIN (implicit)
2026-03-01 12:04:23,302 - sqlalchemy.engine.Engine - INFO - SELECT EXTRACT(year FROM finance.created_at) AS year, EXTRACT(month FROM finance.created_at) AS month, sum(finance.profit) AS profit 
FROM finance GROUP BY year, month ORDER BY year, month
2026-03-01 12:04:23,302 - sqlalchemy.engine.Engine - INFO - [cached since 685s ago] ()
2026-03-01 12:04:23,302 - sqlalchemy.engine.Engine - INFO - SELECT sum(finance.installer_payments) AS sum_1 
FROM finance
2026-03-01 12:04:23,302 - sqlalchemy.engine.Engine - INFO - [cached since 685s ago] ()
2026-03-01 12:04:23,303 - sqlalchemy.engine.Engine - INFO - SELECT count(orders.id) AS count_1 
FROM orders
2026-03-01 12:04:23,303 - sqlalchemy.engine.Engine - INFO - [cached since 685s ago] ()
2026-03-01 12:04:23,304 - sqlalchemy.engine.Engine - INFO - ROLLBACK
2026-03-01 12:04:23,304 - sqlalchemy.engine.Engine - INFO - ROLLBACK
2026-03-01 12:04:23,305 - sqlalchemy.engine.Engine - INFO - BEGIN (implicit)
2026-03-01 12:04:23,305 - sqlalchemy.engine.Engine - INFO - SELECT sum(finance.profit) AS sum_1 
FROM finance
2026-03-01 12:04:23,305 - sqlalchemy.engine.Engine - INFO - [cached since 685s ago] ()
2026-03-01 12:04:23,306 - sqlalchemy.engine.Engine - INFO - BEGIN (implicit)
2026-03-01 12:04:23,306 - sqlalchemy.engine.Engine - INFO - SELECT EXTRACT(year FROM finance.created_at) AS year, EXTRACT(month FROM finance.created_at) AS month, sum(finance.profit) AS profit 
FROM finance GROUP BY year, month ORDER BY year, month
2026-03-01 12:04:23,307 - sqlalchemy.engine.Engine - INFO - [cached since 685s ago] ()
2026-03-01 12:04:23,307 - sqlalchemy.engine.Engine - INFO - SELECT sum(finance.installer_payments) AS sum_1 
FROM finance
2026-03-01 12:04:23,307 - sqlalchemy.engine.Engine - INFO - [cached since 685s ago] ()
2026-03-01 12:04:23,308 - sqlalchemy.engine.Engine - INFO - SELECT count(orders.id) AS count_1 
FROM orders
2026-03-01 12:04:23,308 - sqlalchemy.engine.Engine - INFO - [cached since 685s ago] ()
2026-03-01 12:04:23,308 - sqlalchemy.engine.Engine - INFO - ROLLBACK
2026-03-01 12:04:23,310 - sqlalchemy.engine.Engine - INFO - ROLLBACK
2026-03-01 12:04:26,614 - sqlalchemy.engine.Engine - INFO - BEGIN (implicit)
2026-03-01 12:04:26,614 - sqlalchemy.engine.Engine - INFO - SELECT orders.id, orders.client_id, orders.status, orders.warehouse, orders.service_datetime, orders.delivery_datetime, orders.promise, orders.marker_color, orders.address_id, orders.address_text, orders.created_at, orders.updated_at 
FROM orders 
 LIMIT $1::INTEGER OFFSET $2::INTEGER
2026-03-01 12:04:26,615 - sqlalchemy.engine.Engine - INFO - [cached since 2489s ago] (100, 0)
2026-03-01 12:04:26,617 - sqlalchemy.engine.Engine - INFO - SELECT finance.order_id AS finance_order_id, finance.id AS finance_id, finance.revenue AS finance_revenue, finance.cost_of_goods AS finance_cost_of_goods, finance.installer_payments AS finance_installer_payments, finance.expenses AS finance_expenses, finance.warranty_costs_oleg AS finance_warranty_costs_oleg, finance.warranty_costs_installer AS finance_warranty_costs_installer, finance.profit AS finance_profit, finance.created_at AS finance_created_at, finance.updated_at AS finance_updated_at 
FROM finance 
WHERE finance.order_id IN ($1::INTEGER, $2::INTEGER)
2026-03-01 12:04:26,617 - sqlalchemy.engine.Engine - INFO - [cached since 2489s ago] (1, 2)
2026-03-01 12:04:26,619 - sqlalchemy.engine.Engine - INFO - SELECT clients.id AS clients_id, clients.full_name AS clients_full_name, clients.phone AS clients_phone, clients.address AS clients_address, clients.coordinates AS clients_coordinates, clients.created_at AS clients_created_at, clients.last_contact AS clients_last_contact, clients.comments AS clients_comments, clients.updated_at AS clients_updated_at, clients.backup_phone AS clients_backup_phone, clients.deleted_at AS clients_deleted_at 
FROM clients 
WHERE clients.id IN ($1::INTEGER, $2::INTEGER)
2026-03-01 12:04:26,619 - sqlalchemy.engine.Engine - INFO - [cached since 2489s ago] (1, 2)
2026-03-01 12:04:26,621 - sqlalchemy.engine.Engine - INFO - SELECT address_cache.address AS address_cache_address, address_cache.lat AS address_cache_lat, address_cache.lon AS address_cache_lon, address_cache.updated_at AS address_cache_updated_at 
FROM address_cache 
WHERE address_cache.address IN ($1::VARCHAR, $2::VARCHAR)
2026-03-01 12:04:26,621 - sqlalchemy.engine.Engine - INFO - [cached since 2489s ago] ('Москва, ул. Тверская, д. 12, кв. 45', 'Россия, Московская область, Мытищи, улица Мира, 8')
2026-03-01 12:04:26,622 - sqlalchemy.engine.Engine - INFO - ROLLBACK
2026-03-01 12:04:26,623 - sqlalchemy.engine.Engine - INFO - BEGIN (implicit)
2026-03-01 12:04:26,623 - sqlalchemy.engine.Engine - INFO - SELECT orders.id, orders.client_id, orders.status, orders.warehouse, orders.service_datetime, orders.delivery_datetime, orders.promise, orders.marker_color, orders.address_id, orders.address_text, orders.created_at, orders.updated_at 
FROM orders 
 LIMIT $1::INTEGER OFFSET $2::INTEGER
2026-03-01 12:04:26,623 - sqlalchemy.engine.Engine - INFO - [cached since 2489s ago] (100, 0)
2026-03-01 12:04:26,625 - sqlalchemy.engine.Engine - INFO - SELECT finance.order_id AS finance_order_id, finance.id AS finance_id, finance.revenue AS finance_revenue, finance.cost_of_goods AS finance_cost_of_goods, finance.installer_payments AS finance_installer_payments, finance.expenses AS finance_expenses, finance.warranty_costs_oleg AS finance_warranty_costs_oleg, finance.warranty_costs_installer AS finance_warranty_costs_installer, finance.profit AS finance_profit, finance.created_at AS finance_created_at, finance.updated_at AS finance_updated_at 
FROM finance 
WHERE finance.order_id IN ($1::INTEGER, $2::INTEGER)
2026-03-01 12:04:26,625 - sqlalchemy.engine.Engine - INFO - [cached since 2489s ago] (1, 2)
2026-03-01 12:04:26,626 - sqlalchemy.engine.Engine - INFO - SELECT clients.id AS clients_id, clients.full_name AS clients_full_name, clients.phone AS clients_phone, clients.address AS clients_address, clients.coordinates AS clients_coordinates, clients.created_at AS clients_created_at, clients.last_contact AS clients_last_contact, clients.comments AS clients_comments, clients.updated_at AS clients_updated_at, clients.backup_phone AS clients_backup_phone, clients.deleted_at AS clients_deleted_at 
FROM clients 
WHERE clients.id IN ($1::INTEGER, $2::INTEGER)
2026-03-01 12:04:26,626 - sqlalchemy.engine.Engine - INFO - [cached since 2489s ago] (1, 2)
2026-03-01 12:04:26,627 - sqlalchemy.engine.Engine - INFO - SELECT address_cache.address AS address_cache_address, address_cache.lat AS address_cache_lat, address_cache.lon AS address_cache_lon, address_cache.updated_at AS address_cache_updated_at 
FROM address_cache 
WHERE address_cache.address IN ($1::VARCHAR, $2::VARCHAR)
2026-03-01 12:04:26,627 - sqlalchemy.engine.Engine - INFO - [cached since 2489s ago] ('Москва, ул. Тверская, д. 12, кв. 45', 'Россия, Московская область, Мытищи, улица Мира, 8')
2026-03-01 12:04:26,628 - sqlalchemy.engine.Engine - INFO - ROLLBACK
2026-03-01 12:04:30,104 - sqlalchemy.engine.Engine - INFO - BEGIN (implicit)
2026-03-01 12:04:30,104 - sqlalchemy.engine.Engine - INFO - SELECT admins.id, admins.username, admins.password_hash, admins.created_at 
FROM admins 
WHERE admins.username = $1::VARCHAR
2026-03-01 12:04:30,104 - sqlalchemy.engine.Engine - INFO - [cached since 2496s ago] ('zhura2296@yandex.ru',)
2026-03-01 12:04:30,105 - sqlalchemy.engine.Engine - INFO - BEGIN (implicit)
2026-03-01 12:04:30,105 - sqlalchemy.engine.Engine - INFO - SELECT admins.id, admins.username, admins.password_hash, admins.created_at 
FROM admins 
WHERE admins.username = $1::VARCHAR
2026-03-01 12:04:30,105 - sqlalchemy.engine.Engine - INFO - [cached since 2496s ago] ('zhura2296@yandex.ru',)
2026-03-01 12:04:30,106 - sqlalchemy.engine.Engine - INFO - SELECT clients.id, clients.full_name, clients.phone, clients.address, clients.coordinates, clients.created_at, clients.last_contact, clients.comments, clients.updated_at, clients.backup_phone, clients.deleted_at 
FROM clients 
 LIMIT $1::INTEGER OFFSET $2::INTEGER
2026-03-01 12:04:30,106 - sqlalchemy.engine.Engine - INFO - [cached since 2495s ago] (100, 0)
2026-03-01 12:04:30,106 - sqlalchemy.engine.Engine - INFO - SELECT installers.id, installers.full_name, installers.nickname, installers.phone, installers.backup_phone, installers.specialization, installers.rating, installers.base_price, installers.is_debtor, installers.comments, installers.is_active, installers.is_in_funnel, installers.total_orders, installers.poor_work_count, installers.warranty_visits_count, installers.last_incident_date, installers.updated_at, installers.created_at, installers.deleted_at 
FROM installers 
WHERE installers.deleted_at IS NULL 
 LIMIT $1::INTEGER OFFSET $2::INTEGER
2026-03-01 12:04:30,107 - sqlalchemy.engine.Engine - INFO - [cached since 2495s ago] (100, 0)
2026-03-01 12:04:30,108 - sqlalchemy.engine.Engine - INFO - ROLLBACK
2026-03-01 12:04:30,108 - sqlalchemy.engine.Engine - INFO - ROLLBACK
2026-03-01 12:04:30,110 - sqlalchemy.engine.Engine - INFO - BEGIN (implicit)
2026-03-01 12:04:30,110 - sqlalchemy.engine.Engine - INFO - SELECT admins.id, admins.username, admins.password_hash, admins.created_at 
FROM admins 
WHERE admins.username = $1::VARCHAR
2026-03-01 12:04:30,110 - sqlalchemy.engine.Engine - INFO - [cached since 2496s ago] ('zhura2296@yandex.ru',)
2026-03-01 12:04:30,111 - sqlalchemy.engine.Engine - INFO - BEGIN (implicit)
2026-03-01 12:04:30,111 - sqlalchemy.engine.Engine - INFO - SELECT admins.id, admins.username, admins.password_hash, admins.created_at 
FROM admins 
WHERE admins.username = $1::VARCHAR
2026-03-01 12:04:30,111 - sqlalchemy.engine.Engine - INFO - [cached since 2496s ago] ('zhura2296@yandex.ru',)
2026-03-01 12:04:30,112 - sqlalchemy.engine.Engine - INFO - SELECT clients.id, clients.full_name, clients.phone, clients.address, clients.coordinates, clients.created_at, clients.last_contact, clients.comments, clients.updated_at, clients.backup_phone, clients.deleted_at 
FROM clients 
 LIMIT $1::INTEGER OFFSET $2::INTEGER
2026-03-01 12:04:30,112 - sqlalchemy.engine.Engine - INFO - [cached since 2495s ago] (100, 0)
2026-03-01 12:04:30,113 - sqlalchemy.engine.Engine - INFO - SELECT installers.id, installers.full_name, installers.nickname, installers.phone, installers.backup_phone, installers.specialization, installers.rating, installers.base_price, installers.is_debtor, installers.comments, installers.is_active, installers.is_in_funnel, installers.total_orders, installers.poor_work_count, installers.warranty_visits_count, installers.last_incident_date, installers.updated_at, installers.created_at, installers.deleted_at 
FROM installers 
WHERE installers.deleted_at IS NULL 
 LIMIT $1::INTEGER OFFSET $2::INTEGER
2026-03-01 12:04:30,113 - sqlalchemy.engine.Engine - INFO - [cached since 2495s ago] (100, 0)
2026-03-01 12:04:30,115 - sqlalchemy.engine.Engine - INFO - ROLLBACK
2026-03-01 12:04:30,115 - sqlalchemy.engine.Engine - INFO - ROLLBACK
2026-03-01 12:04:31,241 - sqlalchemy.engine.Engine - INFO - BEGIN (implicit)
2026-03-01 12:04:31,241 - sqlalchemy.engine.Engine - INFO - SELECT orders.id, orders.client_id, orders.status, orders.warehouse, orders.service_datetime, orders.delivery_datetime, orders.promise, orders.marker_color, orders.address_id, orders.address_text, orders.created_at, orders.updated_at 
FROM orders 
 LIMIT $1::INTEGER OFFSET $2::INTEGER
2026-03-01 12:04:31,241 - sqlalchemy.engine.Engine - INFO - [cached since 2494s ago] (100, 0)
2026-03-01 12:04:31,242 - sqlalchemy.engine.Engine - INFO - SELECT finance.order_id AS finance_order_id, finance.id AS finance_id, finance.revenue AS finance_revenue, finance.cost_of_goods AS finance_cost_of_goods, finance.installer_payments AS finance_installer_payments, finance.expenses AS finance_expenses, finance.warranty_costs_oleg AS finance_warranty_costs_oleg, finance.warranty_costs_installer AS finance_warranty_costs_installer, finance.profit AS finance_profit, finance.created_at AS finance_created_at, finance.updated_at AS finance_updated_at 
FROM finance 
WHERE finance.order_id IN ($1::INTEGER, $2::INTEGER)
2026-03-01 12:04:31,242 - sqlalchemy.engine.Engine - INFO - [cached since 2494s ago] (1, 2)
2026-03-01 12:04:31,243 - sqlalchemy.engine.Engine - INFO - SELECT clients.id AS clients_id, clients.full_name AS clients_full_name, clients.phone AS clients_phone, clients.address AS clients_address, clients.coordinates AS clients_coordinates, clients.created_at AS clients_created_at, clients.last_contact AS clients_last_contact, clients.comments AS clients_comments, clients.updated_at AS clients_updated_at, clients.backup_phone AS clients_backup_phone, clients.deleted_at AS clients_deleted_at 
FROM clients 
WHERE clients.id IN ($1::INTEGER, $2::INTEGER)
2026-03-01 12:04:31,243 - sqlalchemy.engine.Engine - INFO - [cached since 2494s ago] (1, 2)
2026-03-01 12:04:31,243 - sqlalchemy.engine.Engine - INFO - SELECT address_cache.address AS address_cache_address, address_cache.lat AS address_cache_lat, address_cache.lon AS address_cache_lon, address_cache.updated_at AS address_cache_updated_at 
FROM address_cache 
WHERE address_cache.address IN ($1::VARCHAR, $2::VARCHAR)
2026-03-01 12:04:31,244 - sqlalchemy.engine.Engine - INFO - [cached since 2494s ago] ('Москва, ул. Тверская, д. 12, кв. 45', 'Россия, Московская область, Мытищи, улица Мира, 8')
2026-03-01 12:04:31,244 - sqlalchemy.engine.Engine - INFO - ROLLBACK
2026-03-01 12:04:31,245 - sqlalchemy.engine.Engine - INFO - BEGIN (implicit)
2026-03-01 12:04:31,245 - sqlalchemy.engine.Engine - INFO - SELECT orders.id, orders.client_id, orders.status, orders.warehouse, orders.service_datetime, orders.delivery_datetime, orders.promise, orders.marker_color, orders.address_id, orders.address_text, orders.created_at, orders.updated_at 
FROM orders 
 LIMIT $1::INTEGER OFFSET $2::INTEGER
2026-03-01 12:04:31,245 - sqlalchemy.engine.Engine - INFO - [cached since 2494s ago] (100, 0)
2026-03-01 12:04:31,246 - sqlalchemy.engine.Engine - INFO - SELECT finance.order_id AS finance_order_id, finance.id AS finance_id, finance.revenue AS finance_revenue, finance.cost_of_goods AS finance_cost_of_goods, finance.installer_payments AS finance_installer_payments, finance.expenses AS finance_expenses, finance.warranty_costs_oleg AS finance_warranty_costs_oleg, finance.warranty_costs_installer AS finance_warranty_costs_installer, finance.profit AS finance_profit, finance.created_at AS finance_created_at, finance.updated_at AS finance_updated_at 
FROM finance 
WHERE finance.order_id IN ($1::INTEGER, $2::INTEGER)
2026-03-01 12:04:31,246 - sqlalchemy.engine.Engine - INFO - [cached since 2494s ago] (1, 2)
2026-03-01 12:04:31,246 - sqlalchemy.engine.Engine - INFO - SELECT clients.id AS clients_id, clients.full_name AS clients_full_name, clients.phone AS clients_phone, clients.address AS clients_address, clients.coordinates AS clients_coordinates, clients.created_at AS clients_created_at, clients.last_contact AS clients_last_contact, clients.comments AS clients_comments, clients.updated_at AS clients_updated_at, clients.backup_phone AS clients_backup_phone, clients.deleted_at AS clients_deleted_at 
FROM clients 
WHERE clients.id IN ($1::INTEGER, $2::INTEGER)
2026-03-01 12:04:31,247 - sqlalchemy.engine.Engine - INFO - [cached since 2494s ago] (1, 2)
2026-03-01 12:04:31,247 - sqlalchemy.engine.Engine - INFO - SELECT address_cache.address AS address_cache_address, address_cache.lat AS address_cache_lat, address_cache.lon AS address_cache_lon, address_cache.updated_at AS address_cache_updated_at 
FROM address_cache 
WHERE address_cache.address IN ($1::VARCHAR, $2::VARCHAR)
2026-03-01 12:04:31,247 - sqlalchemy.engine.Engine - INFO - [cached since 2494s ago] ('Москва, ул. Тверская, д. 12, кв. 45', 'Россия, Московская область, Мытищи, улица Мира, 8')
2026-03-01 12:04:31,248 - sqlalchemy.engine.Engine - INFO - ROLLBACK
2026-03-01 12:04:32,768 - sqlalchemy.engine.Engine - INFO - BEGIN (implicit)
2026-03-01 12:04:32,769 - sqlalchemy.engine.Engine - INFO - SELECT orders.id, orders.client_id, orders.status, orders.warehouse, orders.service_datetime, orders.delivery_datetime, orders.promise, orders.marker_color, orders.address_id, orders.address_text, orders.created_at, orders.updated_at 
FROM orders 
WHERE orders.id = $1::INTEGER
2026-03-01 12:04:32,770 - sqlalchemy.engine.Engine - INFO - [cached since 2120s ago] (2,)
2026-03-01 12:04:32,772 - sqlalchemy.engine.Engine - INFO - BEGIN (implicit)
2026-03-01 12:04:32,772 - sqlalchemy.engine.Engine - INFO - SELECT admins.id, admins.username, admins.password_hash, admins.created_at 
FROM admins 
WHERE admins.username = $1::VARCHAR
2026-03-01 12:04:32,772 - sqlalchemy.engine.Engine - INFO - [cached since 2498s ago] ('zhura2296@yandex.ru',)
2026-03-01 12:04:32,774 - sqlalchemy.engine.Engine - INFO - SELECT payments.order_id AS payments_order_id, payments.id AS payments_id, payments.payment_type AS payments_payment_type, payments.installer_id AS payments_installer_id, payments.amount AS payments_amount, payments.payment_date AS payments_payment_date, payments.description AS payments_description, payments.created_at AS payments_created_at, payments.updated_at AS payments_updated_at 
FROM payments 
WHERE payments.order_id IN ($1::INTEGER)
2026-03-01 12:04:32,774 - sqlalchemy.engine.Engine - INFO - [cached since 2120s ago] (2,)
2026-03-01 12:04:32,776 - sqlalchemy.engine.Engine - INFO - SELECT installers.id, installers.full_name, installers.nickname, installers.phone, installers.backup_phone, installers.specialization, installers.rating, installers.base_price, installers.is_debtor, installers.comments, installers.is_active, installers.is_in_funnel, installers.total_orders, installers.poor_work_count, installers.warranty_visits_count, installers.last_incident_date, installers.updated_at, installers.created_at, installers.deleted_at 
FROM installers 
WHERE installers.deleted_at IS NULL 
 LIMIT $1::INTEGER OFFSET $2::INTEGER
2026-03-01 12:04:32,776 - sqlalchemy.engine.Engine - INFO - [cached since 2498s ago] (100, 0)
2026-03-01 12:04:32,778 - sqlalchemy.engine.Engine - INFO - SELECT finance.order_id AS finance_order_id, finance.id AS finance_id, finance.revenue AS finance_revenue, finance.cost_of_goods AS finance_cost_of_goods, finance.installer_payments AS finance_installer_payments, finance.expenses AS finance_expenses, finance.warranty_costs_oleg AS finance_warranty_costs_oleg, finance.warranty_costs_installer AS finance_warranty_costs_installer, finance.profit AS finance_profit, finance.created_at AS finance_created_at, finance.updated_at AS finance_updated_at 
FROM finance 
WHERE finance.order_id IN ($1::INTEGER)
2026-03-01 12:04:32,778 - sqlalchemy.engine.Engine - INFO - [cached since 2120s ago] (2,)
2026-03-01 12:04:32,779 - sqlalchemy.engine.Engine - INFO - SELECT clients.id AS clients_id, clients.full_name AS clients_full_name, clients.phone AS clients_phone, clients.address AS clients_address, clients.coordinates AS clients_coordinates, clients.created_at AS clients_created_at, clients.last_contact AS clients_last_contact, clients.comments AS clients_comments, clients.updated_at AS clients_updated_at, clients.backup_phone AS clients_backup_phone, clients.deleted_at AS clients_deleted_at 
FROM clients 
WHERE clients.id IN ($1::INTEGER)
2026-03-01 12:04:32,779 - sqlalchemy.engine.Engine - INFO - [cached since 2120s ago] (2,)
2026-03-01 12:04:32,780 - sqlalchemy.engine.Engine - INFO - SELECT address_cache.address AS address_cache_address, address_cache.lat AS address_cache_lat, address_cache.lon AS address_cache_lon, address_cache.updated_at AS address_cache_updated_at 
FROM address_cache 
WHERE address_cache.address IN ($1::VARCHAR)
2026-03-01 12:04:32,780 - sqlalchemy.engine.Engine - INFO - [cached since 2120s ago] ('Россия, Московская область, Мытищи, улица Мира, 8',)
2026-03-01 12:04:32,781 - sqlalchemy.engine.Engine - INFO - SELECT order_items.order_id AS order_items_order_id, order_items.id AS order_items_id, order_items.item_type AS order_items_item_type, order_items.name AS order_items_name, order_items.quantity AS order_items_quantity, order_items.purchase_price AS order_items_purchase_price, order_items.sale_price AS order_items_sale_price, order_items.warranty_manufacturer AS order_items_warranty_manufacturer, order_items.warranty_master AS order_items_warranty_master, order_items.sort_order AS order_items_sort_order, order_items.created_at AS order_items_created_at, order_items.updated_at AS order_items_updated_at 
FROM order_items 
WHERE order_items.order_id IN ($1::INTEGER)
2026-03-01 12:04:32,781 - sqlalchemy.engine.Engine - INFO - [cached since 2120s ago] (2,)
2026-03-01 12:04:32,781 - sqlalchemy.engine.Engine - INFO - ROLLBACK
2026-03-01 12:04:32,782 - sqlalchemy.engine.Engine - INFO - BEGIN (implicit)
2026-03-01 12:04:32,782 - sqlalchemy.engine.Engine - INFO - SELECT admins.id, admins.username, admins.password_hash, admins.created_at 
FROM admins 
WHERE admins.username = $1::VARCHAR
2026-03-01 12:04:32,782 - sqlalchemy.engine.Engine - INFO - [cached since 2498s ago] ('zhura2296@yandex.ru',)
2026-03-01 12:04:32,783 - sqlalchemy.engine.Engine - INFO - SELECT order_installers.order_id AS order_installers_order_id, order_installers.id AS order_installers_id, order_installers.installer_id AS order_installers_installer_id, order_installers.role AS order_installers_role, order_installers.base_payment AS order_installers_base_payment, order_installers.is_primary AS order_installers_is_primary, order_installers.created_at AS order_installers_created_at, order_installers.updated_at AS order_installers_updated_at 
FROM order_installers 
WHERE order_installers.order_id IN ($1::INTEGER)
2026-03-01 12:04:32,783 - sqlalchemy.engine.Engine - INFO - [cached since 2120s ago] (2,)
2026-03-01 12:04:32,783 - sqlalchemy.engine.Engine - INFO - SELECT order_expenses.order_id AS order_expenses_order_id, order_expenses.id AS order_expenses_id, order_expenses.amount AS order_expenses_amount, order_expenses.description AS order_expenses_description, order_expenses.expense_date AS order_expenses_expense_date, order_expenses.category AS order_expenses_category, order_expenses.created_at AS order_expenses_created_at, order_expenses.updated_at AS order_expenses_updated_at 
FROM order_expenses 
WHERE order_expenses.order_id IN ($1::INTEGER)
2026-03-01 12:04:32,783 - sqlalchemy.engine.Engine - INFO - [cached since 2120s ago] (2,)
2026-03-01 12:04:32,784 - sqlalchemy.engine.Engine - INFO - SELECT installers.id, installers.full_name, installers.nickname, installers.phone, installers.backup_phone, installers.specialization, installers.rating, installers.base_price, installers.is_debtor, installers.comments, installers.is_active, installers.is_in_funnel, installers.total_orders, installers.poor_work_count, installers.warranty_visits_count, installers.last_incident_date, installers.updated_at, installers.created_at, installers.deleted_at 
FROM installers 
WHERE installers.deleted_at IS NULL 
 LIMIT $1::INTEGER OFFSET $2::INTEGER
2026-03-01 12:04:32,784 - sqlalchemy.engine.Engine - INFO - [cached since 2498s ago] (100, 0)
2026-03-01 12:04:32,785 - sqlalchemy.engine.Engine - INFO - ROLLBACK
2026-03-01 12:04:32,786 - sqlalchemy.engine.Engine - INFO - ROLLBACK
2026-03-01 12:04:32,787 - sqlalchemy.engine.Engine - INFO - BEGIN (implicit)
2026-03-01 12:04:32,787 - sqlalchemy.engine.Engine - INFO - SELECT orders.id, orders.client_id, orders.status, orders.warehouse, orders.service_datetime, orders.delivery_datetime, orders.promise, orders.marker_color, orders.address_id, orders.address_text, orders.created_at, orders.updated_at 
FROM orders 
WHERE orders.id = $1::INTEGER
2026-03-01 12:04:32,787 - sqlalchemy.engine.Engine - INFO - [cached since 2120s ago] (2,)
2026-03-01 12:04:32,789 - sqlalchemy.engine.Engine - INFO - SELECT payments.order_id AS payments_order_id, payments.id AS payments_id, payments.payment_type AS payments_payment_type, payments.installer_id AS payments_installer_id, payments.amount AS payments_amount, payments.payment_date AS payments_payment_date, payments.description AS payments_description, payments.created_at AS payments_created_at, payments.updated_at AS payments_updated_at 
FROM payments 
WHERE payments.order_id IN ($1::INTEGER)
2026-03-01 12:04:32,789 - sqlalchemy.engine.Engine - INFO - [cached since 2120s ago] (2,)
2026-03-01 12:04:32,790 - sqlalchemy.engine.Engine - INFO - SELECT finance.order_id AS finance_order_id, finance.id AS finance_id, finance.revenue AS finance_revenue, finance.cost_of_goods AS finance_cost_of_goods, finance.installer_payments AS finance_installer_payments, finance.expenses AS finance_expenses, finance.warranty_costs_oleg AS finance_warranty_costs_oleg, finance.warranty_costs_installer AS finance_warranty_costs_installer, finance.profit AS finance_profit, finance.created_at AS finance_created_at, finance.updated_at AS finance_updated_at 
FROM finance 
WHERE finance.order_id IN ($1::INTEGER)
2026-03-01 12:04:32,790 - sqlalchemy.engine.Engine - INFO - [cached since 2120s ago] (2,)
2026-03-01 12:04:32,790 - sqlalchemy.engine.Engine - INFO - SELECT clients.id AS clients_id, clients.full_name AS clients_full_name, clients.phone AS clients_phone, clients.address AS clients_address, clients.coordinates AS clients_coordinates, clients.created_at AS clients_created_at, clients.last_contact AS clients_last_contact, clients.comments AS clients_comments, clients.updated_at AS clients_updated_at, clients.backup_phone AS clients_backup_phone, clients.deleted_at AS clients_deleted_at 
FROM clients 
WHERE clients.id IN ($1::INTEGER)
2026-03-01 12:04:32,790 - sqlalchemy.engine.Engine - INFO - [cached since 2120s ago] (2,)
2026-03-01 12:04:32,791 - sqlalchemy.engine.Engine - INFO - SELECT address_cache.address AS address_cache_address, address_cache.lat AS address_cache_lat, address_cache.lon AS address_cache_lon, address_cache.updated_at AS address_cache_updated_at 
FROM address_cache 
WHERE address_cache.address IN ($1::VARCHAR)
2026-03-01 12:04:32,791 - sqlalchemy.engine.Engine - INFO - [cached since 2120s ago] ('Россия, Московская область, Мытищи, улица Мира, 8',)
2026-03-01 12:04:32,792 - sqlalchemy.engine.Engine - INFO - SELECT order_items.order_id AS order_items_order_id, order_items.id AS order_items_id, order_items.item_type AS order_items_item_type, order_items.name AS order_items_name, order_items.quantity AS order_items_quantity, order_items.purchase_price AS order_items_purchase_price, order_items.sale_price AS order_items_sale_price, order_items.warranty_manufacturer AS order_items_warranty_manufacturer, order_items.warranty_master AS order_items_warranty_master, order_items.sort_order AS order_items_sort_order, order_items.created_at AS order_items_created_at, order_items.updated_at AS order_items_updated_at 
FROM order_items 
WHERE order_items.order_id IN ($1::INTEGER)
2026-03-01 12:04:32,792 - sqlalchemy.engine.Engine - INFO - [cached since 2120s ago] (2,)
2026-03-01 12:04:32,792 - sqlalchemy.engine.Engine - INFO - SELECT order_installers.order_id AS order_installers_order_id, order_installers.id AS order_installers_id, order_installers.installer_id AS order_installers_installer_id, order_installers.role AS order_installers_role, order_installers.base_payment AS order_installers_base_payment, order_installers.is_primary AS order_installers_is_primary, order_installers.created_at AS order_installers_created_at, order_installers.updated_at AS order_installers_updated_at 
FROM order_installers 
WHERE order_installers.order_id IN ($1::INTEGER)
2026-03-01 12:04:32,792 - sqlalchemy.engine.Engine - INFO - [cached since 2120s ago] (2,)
2026-03-01 12:04:32,793 - sqlalchemy.engine.Engine - INFO - SELECT order_expenses.order_id AS order_expenses_order_id, order_expenses.id AS order_expenses_id, order_expenses.amount AS order_expenses_amount, order_expenses.description AS order_expenses_description, order_expenses.expense_date AS order_expenses_expense_date, order_expenses.category AS order_expenses_category, order_expenses.created_at AS order_expenses_created_at, order_expenses.updated_at AS order_expenses_updated_at 
FROM order_expenses 
WHERE order_expenses.order_id IN ($1::INTEGER)
2026-03-01 12:04:32,793 - sqlalchemy.engine.Engine - INFO - [cached since 2120s ago] (2,)
2026-03-01 12:04:32,794 - sqlalchemy.engine.Engine - INFO - ROLLBACK
2026-03-01 12:04:42,512 - sqlalchemy.engine.Engine - INFO - BEGIN (implicit)
2026-03-01 12:04:42,512 - sqlalchemy.engine.Engine - INFO - SELECT orders.id, orders.client_id, orders.status, orders.warehouse, orders.service_datetime, orders.delivery_datetime, orders.promise, orders.marker_color, orders.address_id, orders.address_text, orders.created_at, orders.updated_at 
FROM orders 
 LIMIT $1::INTEGER OFFSET $2::INTEGER
2026-03-01 12:04:42,512 - sqlalchemy.engine.Engine - INFO - [cached since 2505s ago] (100, 0)
2026-03-01 12:04:42,514 - sqlalchemy.engine.Engine - INFO - SELECT finance.order_id AS finance_order_id, finance.id AS finance_id, finance.revenue AS finance_revenue, finance.cost_of_goods AS finance_cost_of_goods, finance.installer_payments AS finance_installer_payments, finance.expenses AS finance_expenses, finance.warranty_costs_oleg AS finance_warranty_costs_oleg, finance.warranty_costs_installer AS finance_warranty_costs_installer, finance.profit AS finance_profit, finance.created_at AS finance_created_at, finance.updated_at AS finance_updated_at 
FROM finance 
WHERE finance.order_id IN ($1::INTEGER, $2::INTEGER)
2026-03-01 12:04:42,514 - sqlalchemy.engine.Engine - INFO - [cached since 2505s ago] (1, 2)
2026-03-01 12:04:42,515 - sqlalchemy.engine.Engine - INFO - SELECT clients.id AS clients_id, clients.full_name AS clients_full_name, clients.phone AS clients_phone, clients.address AS clients_address, clients.coordinates AS clients_coordinates, clients.created_at AS clients_created_at, clients.last_contact AS clients_last_contact, clients.comments AS clients_comments, clients.updated_at AS clients_updated_at, clients.backup_phone AS clients_backup_phone, clients.deleted_at AS clients_deleted_at 
FROM clients 
WHERE clients.id IN ($1::INTEGER, $2::INTEGER)
2026-03-01 12:04:42,515 - sqlalchemy.engine.Engine - INFO - [cached since 2505s ago] (1, 2)
2026-03-01 12:04:42,516 - sqlalchemy.engine.Engine - INFO - SELECT address_cache.address AS address_cache_address, address_cache.lat AS address_cache_lat, address_cache.lon AS address_cache_lon, address_cache.updated_at AS address_cache_updated_at 
FROM address_cache 
WHERE address_cache.address IN ($1::VARCHAR, $2::VARCHAR)
2026-03-01 12:04:42,516 - sqlalchemy.engine.Engine - INFO - [cached since 2505s ago] ('Москва, ул. Тверская, д. 12, кв. 45', 'Россия, Московская область, Мытищи, улица Мира, 8')
2026-03-01 12:04:42,517 - sqlalchemy.engine.Engine - INFO - ROLLBACK
2026-03-01 12:04:42,518 - sqlalchemy.engine.Engine - INFO - BEGIN (implicit)
2026-03-01 12:04:42,518 - sqlalchemy.engine.Engine - INFO - SELECT orders.id, orders.client_id, orders.status, orders.warehouse, orders.service_datetime, orders.delivery_datetime, orders.promise, orders.marker_color, orders.address_id, orders.address_text, orders.created_at, orders.updated_at 
FROM orders 
 LIMIT $1::INTEGER OFFSET $2::INTEGER
2026-03-01 12:04:42,519 - sqlalchemy.engine.Engine - INFO - [cached since 2505s ago] (100, 0)
2026-03-01 12:04:42,520 - sqlalchemy.engine.Engine - INFO - SELECT finance.order_id AS finance_order_id, finance.id AS finance_id, finance.revenue AS finance_revenue, finance.cost_of_goods AS finance_cost_of_goods, finance.installer_payments AS finance_installer_payments, finance.expenses AS finance_expenses, finance.warranty_costs_oleg AS finance_warranty_costs_oleg, finance.warranty_costs_installer AS finance_warranty_costs_installer, finance.profit AS finance_profit, finance.created_at AS finance_created_at, finance.updated_at AS finance_updated_at 
FROM finance 
WHERE finance.order_id IN ($1::INTEGER, $2::INTEGER)
2026-03-01 12:04:42,521 - sqlalchemy.engine.Engine - INFO - [cached since 2505s ago] (1, 2)
2026-03-01 12:04:42,522 - sqlalchemy.engine.Engine - INFO - SELECT clients.id AS clients_id, clients.full_name AS clients_full_name, clients.phone AS clients_phone, clients.address AS clients_address, clients.coordinates AS clients_coordinates, clients.created_at AS clients_created_at, clients.last_contact AS clients_last_contact, clients.comments AS clients_comments, clients.updated_at AS clients_updated_at, clients.backup_phone AS clients_backup_phone, clients.deleted_at AS clients_deleted_at 
FROM clients 
WHERE clients.id IN ($1::INTEGER, $2::INTEGER)
2026-03-01 12:04:42,522 - sqlalchemy.engine.Engine - INFO - [cached since 2505s ago] (1, 2)
2026-03-01 12:04:42,523 - sqlalchemy.engine.Engine - INFO - SELECT address_cache.address AS address_cache_address, address_cache.lat AS address_cache_lat, address_cache.lon AS address_cache_lon, address_cache.updated_at AS address_cache_updated_at 
FROM address_cache 
WHERE address_cache.address IN ($1::VARCHAR, $2::VARCHAR)
2026-03-01 12:04:42,523 - sqlalchemy.engine.Engine - INFO - [cached since 2505s ago] ('Москва, ул. Тверская, д. 12, кв. 45', 'Россия, Московская область, Мытищи, улица Мира, 8')
2026-03-01 12:04:42,524 - sqlalchemy.engine.Engine - INFO - ROLLBACK
2026-03-01 12:10:41,166 - sqlalchemy.engine.Engine - INFO - BEGIN (implicit)
2026-03-01 12:10:41,167 - sqlalchemy.engine.Engine - INFO - SELECT admins.id, admins.username, admins.password_hash, admins.created_at 
FROM admins 
WHERE admins.username = $1::VARCHAR
2026-03-01 12:10:41,167 - sqlalchemy.engine.Engine - INFO - [cached since 2867s ago] ('zhura2296@yandex.ru',)
2026-03-01 12:10:41,168 - sqlalchemy.engine.Engine - INFO - SELECT installers.id, installers.full_name, installers.nickname, installers.phone, installers.backup_phone, installers.specialization, installers.rating, installers.base_price, installers.is_debtor, installers.comments, installers.is_active, installers.is_in_funnel, installers.total_orders, installers.poor_work_count, installers.warranty_visits_count, installers.last_incident_date, installers.updated_at, installers.created_at, installers.deleted_at 
FROM installers 
WHERE installers.deleted_at IS NULL 
 LIMIT $1::INTEGER OFFSET $2::INTEGER
2026-03-01 12:10:41,169 - sqlalchemy.engine.Engine - INFO - [cached since 2866s ago] (100, 0)
2026-03-01 12:10:41,170 - sqlalchemy.engine.Engine - INFO - ROLLBACK
2026-03-01 12:10:41,172 - sqlalchemy.engine.Engine - INFO - BEGIN (implicit)
2026-03-01 12:10:41,172 - sqlalchemy.engine.Engine - INFO - SELECT admins.id, admins.username, admins.password_hash, admins.created_at 
FROM admins 
WHERE admins.username = $1::VARCHAR
2026-03-01 12:10:41,172 - sqlalchemy.engine.Engine - INFO - [cached since 2867s ago] ('zhura2296@yandex.ru',)
2026-03-01 12:10:41,174 - sqlalchemy.engine.Engine - INFO - SELECT installers.id, installers.full_name, installers.nickname, installers.phone, installers.backup_phone, installers.specialization, installers.rating, installers.base_price, installers.is_debtor, installers.comments, installers.is_active, installers.is_in_funnel, installers.total_orders, installers.poor_work_count, installers.warranty_visits_count, installers.last_incident_date, installers.updated_at, installers.created_at, installers.deleted_at 
FROM installers 
WHERE installers.deleted_at IS NULL 
 LIMIT $1::INTEGER OFFSET $2::INTEGER
2026-03-01 12:10:41,174 - sqlalchemy.engine.Engine - INFO - [cached since 2866s ago] (100, 0)
2026-03-01 12:10:41,175 - sqlalchemy.engine.Engine - INFO - ROLLBACK
2026-03-01 12:11:18,095 - sqlalchemy.engine.Engine - INFO - BEGIN (implicit)
2026-03-01 12:11:18,096 - sqlalchemy.engine.Engine - INFO - SELECT admins.id, admins.username, admins.password_hash, admins.created_at 
FROM admins 
WHERE admins.username = $1::VARCHAR
2026-03-01 12:11:18,096 - sqlalchemy.engine.Engine - INFO - [cached since 2904s ago] ('zhura2296@yandex.ru',)
2026-03-01 12:11:18,097 - sqlalchemy.engine.Engine - INFO - BEGIN (implicit)
2026-03-01 12:11:18,097 - sqlalchemy.engine.Engine - INFO - SELECT admins.id, admins.username, admins.password_hash, admins.created_at 
FROM admins 
WHERE admins.username = $1::VARCHAR
2026-03-01 12:11:18,097 - sqlalchemy.engine.Engine - INFO - [cached since 2904s ago] ('zhura2296@yandex.ru',)
2026-03-01 12:11:18,099 - sqlalchemy.engine.Engine - INFO - SELECT clients.id, clients.full_name, clients.phone, clients.address, clients.coordinates, clients.created_at, clients.last_contact, clients.comments, clients.updated_at, clients.backup_phone, clients.deleted_at 
FROM clients 
 LIMIT $1::INTEGER OFFSET $2::INTEGER
2026-03-01 12:11:18,100 - sqlalchemy.engine.Engine - INFO - [cached since 2903s ago] (100, 0)
2026-03-01 12:11:18,101 - sqlalchemy.engine.Engine - INFO - SELECT installers.id, installers.full_name, installers.nickname, installers.phone, installers.backup_phone, installers.specialization, installers.rating, installers.base_price, installers.is_debtor, installers.comments, installers.is_active, installers.is_in_funnel, installers.total_orders, installers.poor_work_count, installers.warranty_visits_count, installers.last_incident_date, installers.updated_at, installers.created_at, installers.deleted_at 
FROM installers 
WHERE installers.deleted_at IS NULL 
 LIMIT $1::INTEGER OFFSET $2::INTEGER
2026-03-01 12:11:18,101 - sqlalchemy.engine.Engine - INFO - [cached since 2903s ago] (100, 0)
2026-03-01 12:11:18,103 - sqlalchemy.engine.Engine - INFO - ROLLBACK
2026-03-01 12:11:18,103 - sqlalchemy.engine.Engine - INFO - ROLLBACK
2026-03-01 12:11:18,104 - sqlalchemy.engine.Engine - INFO - BEGIN (implicit)
2026-03-01 12:11:18,104 - sqlalchemy.engine.Engine - INFO - SELECT admins.id, admins.username, admins.password_hash, admins.created_at 
FROM admins 
WHERE admins.username = $1::VARCHAR
2026-03-01 12:11:18,104 - sqlalchemy.engine.Engine - INFO - [cached since 2904s ago] ('zhura2296@yandex.ru',)
2026-03-01 12:11:18,106 - sqlalchemy.engine.Engine - INFO - BEGIN (implicit)
2026-03-01 12:11:18,106 - sqlalchemy.engine.Engine - INFO - SELECT admins.id, admins.username, admins.password_hash, admins.created_at 
FROM admins 
WHERE admins.username = $1::VARCHAR
2026-03-01 12:11:18,106 - sqlalchemy.engine.Engine - INFO - [cached since 2904s ago] ('zhura2296@yandex.ru',)
2026-03-01 12:11:18,107 - sqlalchemy.engine.Engine - INFO - SELECT clients.id, clients.full_name, clients.phone, clients.address, clients.coordinates, clients.created_at, clients.last_contact, clients.comments, clients.updated_at, clients.backup_phone, clients.deleted_at 
FROM clients 
 LIMIT $1::INTEGER OFFSET $2::INTEGER
2026-03-01 12:11:18,107 - sqlalchemy.engine.Engine - INFO - [cached since 2903s ago] (100, 0)
2026-03-01 12:11:18,107 - sqlalchemy.engine.Engine - INFO - SELECT installers.id, installers.full_name, installers.nickname, installers.phone, installers.backup_phone, installers.specialization, installers.rating, installers.base_price, installers.is_debtor, installers.comments, installers.is_active, installers.is_in_funnel, installers.total_orders, installers.poor_work_count, installers.warranty_visits_count, installers.last_incident_date, installers.updated_at, installers.created_at, installers.deleted_at 
FROM installers 
WHERE installers.deleted_at IS NULL 
 LIMIT $1::INTEGER OFFSET $2::INTEGER
2026-03-01 12:11:18,107 - sqlalchemy.engine.Engine - INFO - [cached since 2903s ago] (100, 0)
2026-03-01 12:11:18,108 - sqlalchemy.engine.Engine - INFO - ROLLBACK
2026-03-01 12:11:18,109 - sqlalchemy.engine.Engine - INFO - ROLLBACK
2026-03-01 12:11:19,573 - sqlalchemy.engine.Engine - INFO - BEGIN (implicit)
2026-03-01 12:11:19,573 - sqlalchemy.engine.Engine - INFO - SELECT admins.id, admins.username, admins.password_hash, admins.created_at 
FROM admins 
WHERE admins.username = $1::VARCHAR
2026-03-01 12:11:19,573 - sqlalchemy.engine.Engine - INFO - [cached since 2905s ago] ('zhura2296@yandex.ru',)
2026-03-01 12:11:19,574 - sqlalchemy.engine.Engine - INFO - SELECT installers.id, installers.full_name, installers.nickname, installers.phone, installers.backup_phone, installers.specialization, installers.rating, installers.base_price, installers.is_debtor, installers.comments, installers.is_active, installers.is_in_funnel, installers.total_orders, installers.poor_work_count, installers.warranty_visits_count, installers.last_incident_date, installers.updated_at, installers.created_at, installers.deleted_at 
FROM installers 
WHERE installers.deleted_at IS NULL 
 LIMIT $1::INTEGER OFFSET $2::INTEGER
2026-03-01 12:11:19,574 - sqlalchemy.engine.Engine - INFO - [cached since 2905s ago] (100, 0)
2026-03-01 12:11:19,575 - sqlalchemy.engine.Engine - INFO - ROLLBACK
2026-03-01 12:11:19,576 - sqlalchemy.engine.Engine - INFO - BEGIN (implicit)
2026-03-01 12:11:19,576 - sqlalchemy.engine.Engine - INFO - SELECT admins.id, admins.username, admins.password_hash, admins.created_at 
FROM admins 
WHERE admins.username = $1::VARCHAR
2026-03-01 12:11:19,577 - sqlalchemy.engine.Engine - INFO - [cached since 2905s ago] ('zhura2296@yandex.ru',)
2026-03-01 12:11:19,578 - sqlalchemy.engine.Engine - INFO - SELECT installers.id, installers.full_name, installers.nickname, installers.phone, installers.backup_phone, installers.specialization, installers.rating, installers.base_price, installers.is_debtor, installers.comments, installers.is_active, installers.is_in_funnel, installers.total_orders, installers.poor_work_count, installers.warranty_visits_count, installers.last_incident_date, installers.updated_at, installers.created_at, installers.deleted_at 
FROM installers 
WHERE installers.deleted_at IS NULL 
 LIMIT $1::INTEGER OFFSET $2::INTEGER
2026-03-01 12:11:19,578 - sqlalchemy.engine.Engine - INFO - [cached since 2905s ago] (100, 0)
2026-03-01 12:11:19,579 - sqlalchemy.engine.Engine - INFO - ROLLBACK
2026-03-01 12:11:20,312 - sqlalchemy.engine.Engine - INFO - BEGIN (implicit)
2026-03-01 12:11:20,312 - sqlalchemy.engine.Engine - INFO - SELECT orders.id, orders.client_id, orders.status, orders.warehouse, orders.service_datetime, orders.delivery_datetime, orders.promise, orders.marker_color, orders.address_id, orders.address_text, orders.created_at, orders.updated_at 
FROM orders 
 LIMIT $1::INTEGER OFFSET $2::INTEGER
2026-03-01 12:11:20,312 - sqlalchemy.engine.Engine - INFO - [cached since 2903s ago] (100, 0)
2026-03-01 12:11:20,313 - sqlalchemy.engine.Engine - INFO - SELECT finance.order_id AS finance_order_id, finance.id AS finance_id, finance.revenue AS finance_revenue, finance.cost_of_goods AS finance_cost_of_goods, finance.installer_payments AS finance_installer_payments, finance.expenses AS finance_expenses, finance.warranty_costs_oleg AS finance_warranty_costs_oleg, finance.warranty_costs_installer AS finance_warranty_costs_installer, finance.profit AS finance_profit, finance.created_at AS finance_created_at, finance.updated_at AS finance_updated_at 
FROM finance 
WHERE finance.order_id IN ($1::INTEGER, $2::INTEGER)
2026-03-01 12:11:20,314 - sqlalchemy.engine.Engine - INFO - [cached since 2903s ago] (1, 2)
2026-03-01 12:11:20,314 - sqlalchemy.engine.Engine - INFO - SELECT clients.id AS clients_id, clients.full_name AS clients_full_name, clients.phone AS clients_phone, clients.address AS clients_address, clients.coordinates AS clients_coordinates, clients.created_at AS clients_created_at, clients.last_contact AS clients_last_contact, clients.comments AS clients_comments, clients.updated_at AS clients_updated_at, clients.backup_phone AS clients_backup_phone, clients.deleted_at AS clients_deleted_at 
FROM clients 
WHERE clients.id IN ($1::INTEGER, $2::INTEGER)
2026-03-01 12:11:20,314 - sqlalchemy.engine.Engine - INFO - [cached since 2903s ago] (1, 2)
2026-03-01 12:11:20,315 - sqlalchemy.engine.Engine - INFO - SELECT address_cache.address AS address_cache_address, address_cache.lat AS address_cache_lat, address_cache.lon AS address_cache_lon, address_cache.updated_at AS address_cache_updated_at 
FROM address_cache 
WHERE address_cache.address IN ($1::VARCHAR, $2::VARCHAR)
2026-03-01 12:11:20,315 - sqlalchemy.engine.Engine - INFO - [cached since 2903s ago] ('Москва, ул. Тверская, д. 12, кв. 45', 'Россия, Московская область, Мытищи, улица Мира, 8')
2026-03-01 12:11:20,316 - sqlalchemy.engine.Engine - INFO - ROLLBACK
2026-03-01 12:11:20,317 - sqlalchemy.engine.Engine - INFO - BEGIN (implicit)
2026-03-01 12:11:20,317 - sqlalchemy.engine.Engine - INFO - SELECT orders.id, orders.client_id, orders.status, orders.warehouse, orders.service_datetime, orders.delivery_datetime, orders.promise, orders.marker_color, orders.address_id, orders.address_text, orders.created_at, orders.updated_at 
FROM orders 
 LIMIT $1::INTEGER OFFSET $2::INTEGER
2026-03-01 12:11:20,317 - sqlalchemy.engine.Engine - INFO - [cached since 2903s ago] (100, 0)
2026-03-01 12:11:20,319 - sqlalchemy.engine.Engine - INFO - SELECT finance.order_id AS finance_order_id, finance.id AS finance_id, finance.revenue AS finance_revenue, finance.cost_of_goods AS finance_cost_of_goods, finance.installer_payments AS finance_installer_payments, finance.expenses AS finance_expenses, finance.warranty_costs_oleg AS finance_warranty_costs_oleg, finance.warranty_costs_installer AS finance_warranty_costs_installer, finance.profit AS finance_profit, finance.created_at AS finance_created_at, finance.updated_at AS finance_updated_at 
FROM finance 
WHERE finance.order_id IN ($1::INTEGER, $2::INTEGER)
2026-03-01 12:11:20,319 - sqlalchemy.engine.Engine - INFO - [cached since 2903s ago] (1, 2)
2026-03-01 12:11:20,320 - sqlalchemy.engine.Engine - INFO - SELECT clients.id AS clients_id, clients.full_name AS clients_full_name, clients.phone AS clients_phone, clients.address AS clients_address, clients.coordinates AS clients_coordinates, clients.created_at AS clients_created_at, clients.last_contact AS clients_last_contact, clients.comments AS clients_comments, clients.updated_at AS clients_updated_at, clients.backup_phone AS clients_backup_phone, clients.deleted_at AS clients_deleted_at 
FROM clients 
WHERE clients.id IN ($1::INTEGER, $2::INTEGER)
2026-03-01 12:11:20,320 - sqlalchemy.engine.Engine - INFO - [cached since 2903s ago] (1, 2)
2026-03-01 12:11:20,321 - sqlalchemy.engine.Engine - INFO - SELECT address_cache.address AS address_cache_address, address_cache.lat AS address_cache_lat, address_cache.lon AS address_cache_lon, address_cache.updated_at AS address_cache_updated_at 
FROM address_cache 
WHERE address_cache.address IN ($1::VARCHAR, $2::VARCHAR)
2026-03-01 12:11:20,321 - sqlalchemy.engine.Engine - INFO - [cached since 2903s ago] ('Москва, ул. Тверская, д. 12, кв. 45', 'Россия, Московская область, Мытищи, улица Мира, 8')
2026-03-01 12:11:20,322 - sqlalchemy.engine.Engine - INFO - ROLLBACK
2026-03-01 12:11:21,225 - sqlalchemy.engine.Engine - INFO - BEGIN (implicit)
2026-03-01 12:11:21,225 - sqlalchemy.engine.Engine - INFO - SELECT admins.id, admins.username, admins.password_hash, admins.created_at 
FROM admins 
WHERE admins.username = $1::VARCHAR
2026-03-01 12:11:21,225 - sqlalchemy.engine.Engine - INFO - [cached since 2907s ago] ('zhura2296@yandex.ru',)
2026-03-01 12:11:21,226 - sqlalchemy.engine.Engine - INFO - SELECT installers.id, installers.full_name, installers.nickname, installers.phone, installers.backup_phone, installers.specialization, installers.rating, installers.base_price, installers.is_debtor, installers.comments, installers.is_active, installers.is_in_funnel, installers.total_orders, installers.poor_work_count, installers.warranty_visits_count, installers.last_incident_date, installers.updated_at, installers.created_at, installers.deleted_at 
FROM installers 
WHERE installers.deleted_at IS NULL 
 LIMIT $1::INTEGER OFFSET $2::INTEGER
2026-03-01 12:11:21,226 - sqlalchemy.engine.Engine - INFO - [cached since 2906s ago] (100, 0)
2026-03-01 12:11:21,228 - sqlalchemy.engine.Engine - INFO - ROLLBACK
2026-03-01 12:11:21,228 - sqlalchemy.engine.Engine - INFO - BEGIN (implicit)
2026-03-01 12:11:21,229 - sqlalchemy.engine.Engine - INFO - SELECT admins.id, admins.username, admins.password_hash, admins.created_at 
FROM admins 
WHERE admins.username = $1::VARCHAR
2026-03-01 12:11:21,229 - sqlalchemy.engine.Engine - INFO - [cached since 2907s ago] ('zhura2296@yandex.ru',)
2026-03-01 12:11:21,230 - sqlalchemy.engine.Engine - INFO - SELECT installers.id, installers.full_name, installers.nickname, installers.phone, installers.backup_phone, installers.specialization, installers.rating, installers.base_price, installers.is_debtor, installers.comments, installers.is_active, installers.is_in_funnel, installers.total_orders, installers.poor_work_count, installers.warranty_visits_count, installers.last_incident_date, installers.updated_at, installers.created_at, installers.deleted_at 
FROM installers 
WHERE installers.deleted_at IS NULL 
 LIMIT $1::INTEGER OFFSET $2::INTEGER
2026-03-01 12:11:21,230 - sqlalchemy.engine.Engine - INFO - [cached since 2906s ago] (100, 0)
2026-03-01 12:11:21,231 - sqlalchemy.engine.Engine - INFO - ROLLBACK
2026-03-01 12:11:27,258 - sqlalchemy.engine.Engine - INFO - BEGIN (implicit)
2026-03-01 12:11:27,258 - sqlalchemy.engine.Engine - INFO - SELECT sum(finance.profit) AS sum_1 
FROM finance
2026-03-01 12:11:27,258 - sqlalchemy.engine.Engine - INFO - [cached since 1109s ago] ()
2026-03-01 12:11:27,259 - sqlalchemy.engine.Engine - INFO - BEGIN (implicit)
2026-03-01 12:11:27,259 - sqlalchemy.engine.Engine - INFO - SELECT EXTRACT(year FROM finance.created_at) AS year, EXTRACT(month FROM finance.created_at) AS month, sum(finance.profit) AS profit 
FROM finance GROUP BY year, month ORDER BY year, month
2026-03-01 12:11:27,259 - sqlalchemy.engine.Engine - INFO - [cached since 1109s ago] ()
2026-03-01 12:11:27,260 - sqlalchemy.engine.Engine - INFO - SELECT sum(finance.installer_payments) AS sum_1 
FROM finance
2026-03-01 12:11:27,260 - sqlalchemy.engine.Engine - INFO - [cached since 1109s ago] ()
2026-03-01 12:11:27,261 - sqlalchemy.engine.Engine - INFO - SELECT count(orders.id) AS count_1 
FROM orders
2026-03-01 12:11:27,261 - sqlalchemy.engine.Engine - INFO - [cached since 1109s ago] ()
2026-03-01 12:11:27,262 - sqlalchemy.engine.Engine - INFO - ROLLBACK
2026-03-01 12:11:27,262 - sqlalchemy.engine.Engine - INFO - ROLLBACK
2026-03-01 12:11:27,263 - sqlalchemy.engine.Engine - INFO - BEGIN (implicit)
2026-03-01 12:11:27,263 - sqlalchemy.engine.Engine - INFO - SELECT EXTRACT(year FROM finance.created_at) AS year, EXTRACT(month FROM finance.created_at) AS month, sum(finance.profit) AS profit 
FROM finance GROUP BY year, month ORDER BY year, month
2026-03-01 12:11:27,263 - sqlalchemy.engine.Engine - INFO - [cached since 1109s ago] ()
2026-03-01 12:11:27,264 - sqlalchemy.engine.Engine - INFO - BEGIN (implicit)
2026-03-01 12:11:27,264 - sqlalchemy.engine.Engine - INFO - SELECT sum(finance.profit) AS sum_1 
FROM finance
2026-03-01 12:11:27,264 - sqlalchemy.engine.Engine - INFO - [cached since 1109s ago] ()
2026-03-01 12:11:27,265 - sqlalchemy.engine.Engine - INFO - SELECT sum(finance.installer_payments) AS sum_1 
FROM finance
2026-03-01 12:11:27,265 - sqlalchemy.engine.Engine - INFO - [cached since 1109s ago] ()
2026-03-01 12:11:27,266 - sqlalchemy.engine.Engine - INFO - SELECT count(orders.id) AS count_1 
FROM orders
2026-03-01 12:11:27,266 - sqlalchemy.engine.Engine - INFO - [cached since 1109s ago] ()
2026-03-01 12:11:27,266 - sqlalchemy.engine.Engine - INFO - ROLLBACK
2026-03-01 12:11:27,267 - sqlalchemy.engine.Engine - INFO - ROLLBACK
2026-03-01 12:11:28,727 - sqlalchemy.engine.Engine - INFO - BEGIN (implicit)
2026-03-01 12:11:28,727 - sqlalchemy.engine.Engine - INFO - SELECT orders.id, orders.client_id, orders.status, orders.warehouse, orders.service_datetime, orders.delivery_datetime, orders.promise, orders.marker_color, orders.address_id, orders.address_text, orders.created_at, orders.updated_at 
FROM orders 
 LIMIT $1::INTEGER OFFSET $2::INTEGER
2026-03-01 12:11:28,727 - sqlalchemy.engine.Engine - INFO - [cached since 2911s ago] (100, 0)
2026-03-01 12:11:28,728 - sqlalchemy.engine.Engine - INFO - SELECT finance.order_id AS finance_order_id, finance.id AS finance_id, finance.revenue AS finance_revenue, finance.cost_of_goods AS finance_cost_of_goods, finance.installer_payments AS finance_installer_payments, finance.expenses AS finance_expenses, finance.warranty_costs_oleg AS finance_warranty_costs_oleg, finance.warranty_costs_installer AS finance_warranty_costs_installer, finance.profit AS finance_profit, finance.created_at AS finance_created_at, finance.updated_at AS finance_updated_at 
FROM finance 
WHERE finance.order_id IN ($1::INTEGER, $2::INTEGER)
2026-03-01 12:11:28,728 - sqlalchemy.engine.Engine - INFO - [cached since 2911s ago] (1, 2)
2026-03-01 12:11:28,729 - sqlalchemy.engine.Engine - INFO - SELECT clients.id AS clients_id, clients.full_name AS clients_full_name, clients.phone AS clients_phone, clients.address AS clients_address, clients.coordinates AS clients_coordinates, clients.created_at AS clients_created_at, clients.last_contact AS clients_last_contact, clients.comments AS clients_comments, clients.updated_at AS clients_updated_at, clients.backup_phone AS clients_backup_phone, clients.deleted_at AS clients_deleted_at 
FROM clients 
WHERE clients.id IN ($1::INTEGER, $2::INTEGER)
2026-03-01 12:11:28,729 - sqlalchemy.engine.Engine - INFO - [cached since 2911s ago] (1, 2)
2026-03-01 12:11:28,729 - sqlalchemy.engine.Engine - INFO - SELECT address_cache.address AS address_cache_address, address_cache.lat AS address_cache_lat, address_cache.lon AS address_cache_lon, address_cache.updated_at AS address_cache_updated_at 
FROM address_cache 
WHERE address_cache.address IN ($1::VARCHAR, $2::VARCHAR)
2026-03-01 12:11:28,729 - sqlalchemy.engine.Engine - INFO - [cached since 2911s ago] ('Москва, ул. Тверская, д. 12, кв. 45', 'Россия, Московская область, Мытищи, улица Мира, 8')
2026-03-01 12:11:28,730 - sqlalchemy.engine.Engine - INFO - ROLLBACK
2026-03-01 12:11:28,731 - sqlalchemy.engine.Engine - INFO - BEGIN (implicit)
2026-03-01 12:11:28,731 - sqlalchemy.engine.Engine - INFO - SELECT orders.id, orders.client_id, orders.status, orders.warehouse, orders.service_datetime, orders.delivery_datetime, orders.promise, orders.marker_color, orders.address_id, orders.address_text, orders.created_at, orders.updated_at 
FROM orders 
 LIMIT $1::INTEGER OFFSET $2::INTEGER
2026-03-01 12:11:28,731 - sqlalchemy.engine.Engine - INFO - [cached since 2911s ago] (100, 0)
2026-03-01 12:11:28,732 - sqlalchemy.engine.Engine - INFO - SELECT finance.order_id AS finance_order_id, finance.id AS finance_id, finance.revenue AS finance_revenue, finance.cost_of_goods AS finance_cost_of_goods, finance.installer_payments AS finance_installer_payments, finance.expenses AS finance_expenses, finance.warranty_costs_oleg AS finance_warranty_costs_oleg, finance.warranty_costs_installer AS finance_warranty_costs_installer, finance.profit AS finance_profit, finance.created_at AS finance_created_at, finance.updated_at AS finance_updated_at 
FROM finance 
WHERE finance.order_id IN ($1::INTEGER, $2::INTEGER)
2026-03-01 12:11:28,732 - sqlalchemy.engine.Engine - INFO - [cached since 2911s ago] (1, 2)
2026-03-01 12:11:28,733 - sqlalchemy.engine.Engine - INFO - SELECT clients.id AS clients_id, clients.full_name AS clients_full_name, clients.phone AS clients_phone, clients.address AS clients_address, clients.coordinates AS clients_coordinates, clients.created_at AS clients_created_at, clients.last_contact AS clients_last_contact, clients.comments AS clients_comments, clients.updated_at AS clients_updated_at, clients.backup_phone AS clients_backup_phone, clients.deleted_at AS clients_deleted_at 
FROM clients 
WHERE clients.id IN ($1::INTEGER, $2::INTEGER)
2026-03-01 12:11:28,733 - sqlalchemy.engine.Engine - INFO - [cached since 2911s ago] (1, 2)
2026-03-01 12:11:28,734 - sqlalchemy.engine.Engine - INFO - SELECT address_cache.address AS address_cache_address, address_cache.lat AS address_cache_lat, address_cache.lon AS address_cache_lon, address_cache.updated_at AS address_cache_updated_at 
FROM address_cache 
WHERE address_cache.address IN ($1::VARCHAR, $2::VARCHAR)
2026-03-01 12:11:28,734 - sqlalchemy.engine.Engine - INFO - [cached since 2911s ago] ('Москва, ул. Тверская, д. 12, кв. 45', 'Россия, Московская область, Мытищи, улица Мира, 8')
2026-03-01 12:11:28,737 - sqlalchemy.engine.Engine - INFO - ROLLBACK
2026-03-01 12:13:35,193 - sqlalchemy.engine.Engine - INFO - BEGIN (implicit)
2026-03-01 12:13:35,193 - sqlalchemy.engine.Engine - INFO - SELECT orders.id, orders.client_id, orders.status, orders.warehouse, orders.service_datetime, orders.delivery_datetime, orders.promise, orders.marker_color, orders.address_id, orders.address_text, orders.created_at, orders.updated_at 
FROM orders 
 LIMIT $1::INTEGER OFFSET $2::INTEGER
2026-03-01 12:13:35,193 - sqlalchemy.engine.Engine - INFO - [cached since 3038s ago] (100, 0)
2026-03-01 12:13:35,195 - sqlalchemy.engine.Engine - INFO - SELECT finance.order_id AS finance_order_id, finance.id AS finance_id, finance.revenue AS finance_revenue, finance.cost_of_goods AS finance_cost_of_goods, finance.installer_payments AS finance_installer_payments, finance.expenses AS finance_expenses, finance.warranty_costs_oleg AS finance_warranty_costs_oleg, finance.warranty_costs_installer AS finance_warranty_costs_installer, finance.profit AS finance_profit, finance.created_at AS finance_created_at, finance.updated_at AS finance_updated_at 
FROM finance 
WHERE finance.order_id IN ($1::INTEGER, $2::INTEGER)
2026-03-01 12:13:35,195 - sqlalchemy.engine.Engine - INFO - [cached since 3038s ago] (1, 2)
2026-03-01 12:13:35,196 - sqlalchemy.engine.Engine - INFO - SELECT clients.id AS clients_id, clients.full_name AS clients_full_name, clients.phone AS clients_phone, clients.address AS clients_address, clients.coordinates AS clients_coordinates, clients.created_at AS clients_created_at, clients.last_contact AS clients_last_contact, clients.comments AS clients_comments, clients.updated_at AS clients_updated_at, clients.backup_phone AS clients_backup_phone, clients.deleted_at AS clients_deleted_at 
FROM clients 
WHERE clients.id IN ($1::INTEGER, $2::INTEGER)
2026-03-01 12:13:35,196 - sqlalchemy.engine.Engine - INFO - [cached since 3038s ago] (1, 2)
2026-03-01 12:13:35,197 - sqlalchemy.engine.Engine - INFO - SELECT address_cache.address AS address_cache_address, address_cache.lat AS address_cache_lat, address_cache.lon AS address_cache_lon, address_cache.updated_at AS address_cache_updated_at 
FROM address_cache 
WHERE address_cache.address IN ($1::VARCHAR, $2::VARCHAR)
2026-03-01 12:13:35,197 - sqlalchemy.engine.Engine - INFO - [cached since 3038s ago] ('Москва, ул. Тверская, д. 12, кв. 45', 'Россия, Московская область, Мытищи, улица Мира, 8')
2026-03-01 12:13:35,199 - sqlalchemy.engine.Engine - INFO - ROLLBACK
2026-03-01 12:13:35,200 - sqlalchemy.engine.Engine - INFO - BEGIN (implicit)
2026-03-01 12:13:35,200 - sqlalchemy.engine.Engine - INFO - SELECT orders.id, orders.client_id, orders.status, orders.warehouse, orders.service_datetime, orders.delivery_datetime, orders.promise, orders.marker_color, orders.address_id, orders.address_text, orders.created_at, orders.updated_at 
FROM orders 
 LIMIT $1::INTEGER OFFSET $2::INTEGER
2026-03-01 12:13:35,200 - sqlalchemy.engine.Engine - INFO - [cached since 3038s ago] (100, 0)
2026-03-01 12:13:35,202 - sqlalchemy.engine.Engine - INFO - SELECT finance.order_id AS finance_order_id, finance.id AS finance_id, finance.revenue AS finance_revenue, finance.cost_of_goods AS finance_cost_of_goods, finance.installer_payments AS finance_installer_payments, finance.expenses AS finance_expenses, finance.warranty_costs_oleg AS finance_warranty_costs_oleg, finance.warranty_costs_installer AS finance_warranty_costs_installer, finance.profit AS finance_profit, finance.created_at AS finance_created_at, finance.updated_at AS finance_updated_at 
FROM finance 
WHERE finance.order_id IN ($1::INTEGER, $2::INTEGER)
2026-03-01 12:13:35,202 - sqlalchemy.engine.Engine - INFO - [cached since 3038s ago] (1, 2)
2026-03-01 12:13:35,203 - sqlalchemy.engine.Engine - INFO - SELECT clients.id AS clients_id, clients.full_name AS clients_full_name, clients.phone AS clients_phone, clients.address AS clients_address, clients.coordinates AS clients_coordinates, clients.created_at AS clients_created_at, clients.last_contact AS clients_last_contact, clients.comments AS clients_comments, clients.updated_at AS clients_updated_at, clients.backup_phone AS clients_backup_phone, clients.deleted_at AS clients_deleted_at 
FROM clients 
WHERE clients.id IN ($1::INTEGER, $2::INTEGER)
2026-03-01 12:13:35,203 - sqlalchemy.engine.Engine - INFO - [cached since 3038s ago] (1, 2)
2026-03-01 12:13:35,204 - sqlalchemy.engine.Engine - INFO - SELECT address_cache.address AS address_cache_address, address_cache.lat AS address_cache_lat, address_cache.lon AS address_cache_lon, address_cache.updated_at AS address_cache_updated_at 
FROM address_cache 
WHERE address_cache.address IN ($1::VARCHAR, $2::VARCHAR)
2026-03-01 12:13:35,205 - sqlalchemy.engine.Engine - INFO - [cached since 3038s ago] ('Москва, ул. Тверская, д. 12, кв. 45', 'Россия, Московская область, Мытищи, улица Мира, 8')
2026-03-01 12:13:35,206 - sqlalchemy.engine.Engine - INFO - ROLLBACK
2026-03-01 12:13:36,098 - sqlalchemy.engine.Engine - INFO - BEGIN (implicit)
2026-03-01 12:13:36,098 - sqlalchemy.engine.Engine - INFO - SELECT admins.id, admins.username, admins.password_hash, admins.created_at 
FROM admins 
WHERE admins.username = $1::VARCHAR
2026-03-01 12:13:36,099 - sqlalchemy.engine.Engine - INFO - [cached since 3042s ago] ('zhura2296@yandex.ru',)
2026-03-01 12:13:36,101 - sqlalchemy.engine.Engine - INFO - SELECT clients.id, clients.full_name, clients.phone, clients.address, clients.coordinates, clients.created_at, clients.last_contact, clients.comments, clients.updated_at, clients.backup_phone, clients.deleted_at 
FROM clients 
 LIMIT $1::INTEGER OFFSET $2::INTEGER
2026-03-01 12:13:36,101 - sqlalchemy.engine.Engine - INFO - [cached since 3041s ago] (100, 0)
2026-03-01 12:13:36,103 - sqlalchemy.engine.Engine - INFO - BEGIN (implicit)
2026-03-01 12:13:36,104 - sqlalchemy.engine.Engine - INFO - SELECT admins.id, admins.username, admins.password_hash, admins.created_at 
FROM admins 
WHERE admins.username = $1::VARCHAR
2026-03-01 12:13:36,104 - sqlalchemy.engine.Engine - INFO - [cached since 3042s ago] ('zhura2296@yandex.ru',)
2026-03-01 12:13:36,106 - sqlalchemy.engine.Engine - INFO - SELECT installers.id, installers.full_name, installers.nickname, installers.phone, installers.backup_phone, installers.specialization, installers.rating, installers.base_price, installers.is_debtor, installers.comments, installers.is_active, installers.is_in_funnel, installers.total_orders, installers.poor_work_count, installers.warranty_visits_count, installers.last_incident_date, installers.updated_at, installers.created_at, installers.deleted_at 
FROM installers 
WHERE installers.deleted_at IS NULL 
 LIMIT $1::INTEGER OFFSET $2::INTEGER
2026-03-01 12:13:36,106 - sqlalchemy.engine.Engine - INFO - [cached since 3041s ago] (100, 0)
2026-03-01 12:13:36,107 - sqlalchemy.engine.Engine - INFO - BEGIN (implicit)
2026-03-01 12:13:36,108 - sqlalchemy.engine.Engine - INFO - SELECT admins.id, admins.username, admins.password_hash, admins.created_at 
FROM admins 
WHERE admins.username = $1::VARCHAR
2026-03-01 12:13:36,108 - sqlalchemy.engine.Engine - INFO - [cached since 3042s ago] ('zhura2296@yandex.ru',)
2026-03-01 12:13:36,108 - sqlalchemy.engine.Engine - INFO - ROLLBACK
2026-03-01 12:13:36,109 - sqlalchemy.engine.Engine - INFO - SELECT clients.id, clients.full_name, clients.phone, clients.address, clients.coordinates, clients.created_at, clients.last_contact, clients.comments, clients.updated_at, clients.backup_phone, clients.deleted_at 
FROM clients 
 LIMIT $1::INTEGER OFFSET $2::INTEGER
2026-03-01 12:13:36,109 - sqlalchemy.engine.Engine - INFO - [cached since 3041s ago] (100, 0)
2026-03-01 12:13:36,109 - sqlalchemy.engine.Engine - INFO - ROLLBACK
2026-03-01 12:13:36,111 - sqlalchemy.engine.Engine - INFO - BEGIN (implicit)
2026-03-01 12:13:36,111 - sqlalchemy.engine.Engine - INFO - SELECT admins.id, admins.username, admins.password_hash, admins.created_at 
FROM admins 
WHERE admins.username = $1::VARCHAR
2026-03-01 12:13:36,111 - sqlalchemy.engine.Engine - INFO - [cached since 3042s ago] ('zhura2296@yandex.ru',)
2026-03-01 12:13:36,112 - sqlalchemy.engine.Engine - INFO - ROLLBACK
2026-03-01 12:13:36,112 - sqlalchemy.engine.Engine - INFO - SELECT installers.id, installers.full_name, installers.nickname, installers.phone, installers.backup_phone, installers.specialization, installers.rating, installers.base_price, installers.is_debtor, installers.comments, installers.is_active, installers.is_in_funnel, installers.total_orders, installers.poor_work_count, installers.warranty_visits_count, installers.last_incident_date, installers.updated_at, installers.created_at, installers.deleted_at 
FROM installers 
WHERE installers.deleted_at IS NULL 
 LIMIT $1::INTEGER OFFSET $2::INTEGER
2026-03-01 12:13:36,112 - sqlalchemy.engine.Engine - INFO - [cached since 3041s ago] (100, 0)
2026-03-01 12:13:36,113 - sqlalchemy.engine.Engine - INFO - ROLLBACK
2026-03-01 12:13:38,643 - sqlalchemy.engine.Engine - INFO - BEGIN (implicit)
2026-03-01 12:13:38,643 - sqlalchemy.engine.Engine - INFO - SELECT orders.id, orders.client_id, orders.status, orders.warehouse, orders.service_datetime, orders.delivery_datetime, orders.promise, orders.marker_color, orders.address_id, orders.address_text, orders.created_at, orders.updated_at 
FROM orders 
 LIMIT $1::INTEGER OFFSET $2::INTEGER
2026-03-01 12:13:38,643 - sqlalchemy.engine.Engine - INFO - [cached since 3041s ago] (100, 0)
2026-03-01 12:13:38,645 - sqlalchemy.engine.Engine - INFO - SELECT finance.order_id AS finance_order_id, finance.id AS finance_id, finance.revenue AS finance_revenue, finance.cost_of_goods AS finance_cost_of_goods, finance.installer_payments AS finance_installer_payments, finance.expenses AS finance_expenses, finance.warranty_costs_oleg AS finance_warranty_costs_oleg, finance.warranty_costs_installer AS finance_warranty_costs_installer, finance.profit AS finance_profit, finance.created_at AS finance_created_at, finance.updated_at AS finance_updated_at 
FROM finance 
WHERE finance.order_id IN ($1::INTEGER, $2::INTEGER)
2026-03-01 12:13:38,645 - sqlalchemy.engine.Engine - INFO - [cached since 3041s ago] (1, 2)
2026-03-01 12:13:38,646 - sqlalchemy.engine.Engine - INFO - SELECT clients.id AS clients_id, clients.full_name AS clients_full_name, clients.phone AS clients_phone, clients.address AS clients_address, clients.coordinates AS clients_coordinates, clients.created_at AS clients_created_at, clients.last_contact AS clients_last_contact, clients.comments AS clients_comments, clients.updated_at AS clients_updated_at, clients.backup_phone AS clients_backup_phone, clients.deleted_at AS clients_deleted_at 
FROM clients 
WHERE clients.id IN ($1::INTEGER, $2::INTEGER)
2026-03-01 12:13:38,646 - sqlalchemy.engine.Engine - INFO - [cached since 3041s ago] (1, 2)
2026-03-01 12:13:38,647 - sqlalchemy.engine.Engine - INFO - SELECT address_cache.address AS address_cache_address, address_cache.lat AS address_cache_lat, address_cache.lon AS address_cache_lon, address_cache.updated_at AS address_cache_updated_at 
FROM address_cache 
WHERE address_cache.address IN ($1::VARCHAR, $2::VARCHAR)
2026-03-01 12:13:38,647 - sqlalchemy.engine.Engine - INFO - [cached since 3041s ago] ('Москва, ул. Тверская, д. 12, кв. 45', 'Россия, Московская область, Мытищи, улица Мира, 8')
2026-03-01 12:13:38,648 - sqlalchemy.engine.Engine - INFO - ROLLBACK
2026-03-01 12:13:38,649 - sqlalchemy.engine.Engine - INFO - BEGIN (implicit)
2026-03-01 12:13:38,649 - sqlalchemy.engine.Engine - INFO - SELECT orders.id, orders.client_id, orders.status, orders.warehouse, orders.service_datetime, orders.delivery_datetime, orders.promise, orders.marker_color, orders.address_id, orders.address_text, orders.created_at, orders.updated_at 
FROM orders 
 LIMIT $1::INTEGER OFFSET $2::INTEGER
2026-03-01 12:13:38,649 - sqlalchemy.engine.Engine - INFO - [cached since 3041s ago] (100, 0)
2026-03-01 12:13:38,651 - sqlalchemy.engine.Engine - INFO - SELECT finance.order_id AS finance_order_id, finance.id AS finance_id, finance.revenue AS finance_revenue, finance.cost_of_goods AS finance_cost_of_goods, finance.installer_payments AS finance_installer_payments, finance.expenses AS finance_expenses, finance.warranty_costs_oleg AS finance_warranty_costs_oleg, finance.warranty_costs_installer AS finance_warranty_costs_installer, finance.profit AS finance_profit, finance.created_at AS finance_created_at, finance.updated_at AS finance_updated_at 
FROM finance 
WHERE finance.order_id IN ($1::INTEGER, $2::INTEGER)
2026-03-01 12:13:38,651 - sqlalchemy.engine.Engine - INFO - [cached since 3041s ago] (1, 2)
2026-03-01 12:13:38,651 - sqlalchemy.engine.Engine - INFO - SELECT clients.id AS clients_id, clients.full_name AS clients_full_name, clients.phone AS clients_phone, clients.address AS clients_address, clients.coordinates AS clients_coordinates, clients.created_at AS clients_created_at, clients.last_contact AS clients_last_contact, clients.comments AS clients_comments, clients.updated_at AS clients_updated_at, clients.backup_phone AS clients_backup_phone, clients.deleted_at AS clients_deleted_at 
FROM clients 
WHERE clients.id IN ($1::INTEGER, $2::INTEGER)
2026-03-01 12:13:38,651 - sqlalchemy.engine.Engine - INFO - [cached since 3041s ago] (1, 2)
2026-03-01 12:13:38,652 - sqlalchemy.engine.Engine - INFO - SELECT address_cache.address AS address_cache_address, address_cache.lat AS address_cache_lat, address_cache.lon AS address_cache_lon, address_cache.updated_at AS address_cache_updated_at 
FROM address_cache 
WHERE address_cache.address IN ($1::VARCHAR, $2::VARCHAR)
2026-03-01 12:13:38,652 - sqlalchemy.engine.Engine - INFO - [cached since 3041s ago] ('Москва, ул. Тверская, д. 12, кв. 45', 'Россия, Московская область, Мытищи, улица Мира, 8')
2026-03-01 12:13:38,653 - sqlalchemy.engine.Engine - INFO - ROLLBACK
2026-03-01 12:13:40,124 - sqlalchemy.engine.Engine - INFO - BEGIN (implicit)
2026-03-01 12:13:40,125 - sqlalchemy.engine.Engine - INFO - SELECT admins.id, admins.username, admins.password_hash, admins.created_at 
FROM admins 
WHERE admins.username = $1::VARCHAR
2026-03-01 12:13:40,125 - sqlalchemy.engine.Engine - INFO - [cached since 3046s ago] ('zhura2296@yandex.ru',)
2026-03-01 12:13:40,127 - sqlalchemy.engine.Engine - INFO - SELECT installers.id, installers.full_name, installers.nickname, installers.phone, installers.backup_phone, installers.specialization, installers.rating, installers.base_price, installers.is_debtor, installers.comments, installers.is_active, installers.is_in_funnel, installers.total_orders, installers.poor_work_count, installers.warranty_visits_count, installers.last_incident_date, installers.updated_at, installers.created_at, installers.deleted_at 
FROM installers 
WHERE installers.deleted_at IS NULL 
 LIMIT $1::INTEGER OFFSET $2::INTEGER
2026-03-01 12:13:40,128 - sqlalchemy.engine.Engine - INFO - [cached since 3045s ago] (100, 0)
2026-03-01 12:13:40,131 - sqlalchemy.engine.Engine - INFO - BEGIN (implicit)
2026-03-01 12:13:40,131 - sqlalchemy.engine.Engine - INFO - SELECT orders.id, orders.client_id, orders.status, orders.warehouse, orders.service_datetime, orders.delivery_datetime, orders.promise, orders.marker_color, orders.address_id, orders.address_text, orders.created_at, orders.updated_at 
FROM orders 
WHERE orders.id = $1::INTEGER
2026-03-01 12:13:40,131 - sqlalchemy.engine.Engine - INFO - [cached since 2667s ago] (1,)
2026-03-01 12:13:40,134 - sqlalchemy.engine.Engine - INFO - SELECT payments.order_id AS payments_order_id, payments.id AS payments_id, payments.payment_type AS payments_payment_type, payments.installer_id AS payments_installer_id, payments.amount AS payments_amount, payments.payment_date AS payments_payment_date, payments.description AS payments_description, payments.created_at AS payments_created_at, payments.updated_at AS payments_updated_at 
FROM payments 
WHERE payments.order_id IN ($1::INTEGER)
2026-03-01 12:13:40,134 - sqlalchemy.engine.Engine - INFO - [cached since 2667s ago] (1,)
2026-03-01 12:13:40,135 - sqlalchemy.engine.Engine - INFO - SELECT finance.order_id AS finance_order_id, finance.id AS finance_id, finance.revenue AS finance_revenue, finance.cost_of_goods AS finance_cost_of_goods, finance.installer_payments AS finance_installer_payments, finance.expenses AS finance_expenses, finance.warranty_costs_oleg AS finance_warranty_costs_oleg, finance.warranty_costs_installer AS finance_warranty_costs_installer, finance.profit AS finance_profit, finance.created_at AS finance_created_at, finance.updated_at AS finance_updated_at 
FROM finance 
WHERE finance.order_id IN ($1::INTEGER)
2026-03-01 12:13:40,135 - sqlalchemy.engine.Engine - INFO - [cached since 2667s ago] (1,)
2026-03-01 12:13:40,136 - sqlalchemy.engine.Engine - INFO - ROLLBACK
2026-03-01 12:13:40,137 - sqlalchemy.engine.Engine - INFO - BEGIN (implicit)
2026-03-01 12:13:40,137 - sqlalchemy.engine.Engine - INFO - SELECT admins.id, admins.username, admins.password_hash, admins.created_at 
FROM admins 
WHERE admins.username = $1::VARCHAR
2026-03-01 12:13:40,137 - sqlalchemy.engine.Engine - INFO - [cached since 3046s ago] ('zhura2296@yandex.ru',)
2026-03-01 12:13:40,138 - sqlalchemy.engine.Engine - INFO - SELECT clients.id AS clients_id, clients.full_name AS clients_full_name, clients.phone AS clients_phone, clients.address AS clients_address, clients.coordinates AS clients_coordinates, clients.created_at AS clients_created_at, clients.last_contact AS clients_last_contact, clients.comments AS clients_comments, clients.updated_at AS clients_updated_at, clients.backup_phone AS clients_backup_phone, clients.deleted_at AS clients_deleted_at 
FROM clients 
WHERE clients.id IN ($1::INTEGER)
2026-03-01 12:13:40,138 - sqlalchemy.engine.Engine - INFO - [cached since 2667s ago] (1,)
2026-03-01 12:13:40,139 - sqlalchemy.engine.Engine - INFO - SELECT address_cache.address AS address_cache_address, address_cache.lat AS address_cache_lat, address_cache.lon AS address_cache_lon, address_cache.updated_at AS address_cache_updated_at 
FROM address_cache 
WHERE address_cache.address IN ($1::VARCHAR)
2026-03-01 12:13:40,139 - sqlalchemy.engine.Engine - INFO - [cached since 2667s ago] ('Москва, ул. Тверская, д. 12, кв. 45',)
2026-03-01 12:13:40,139 - sqlalchemy.engine.Engine - INFO - SELECT installers.id, installers.full_name, installers.nickname, installers.phone, installers.backup_phone, installers.specialization, installers.rating, installers.base_price, installers.is_debtor, installers.comments, installers.is_active, installers.is_in_funnel, installers.total_orders, installers.poor_work_count, installers.warranty_visits_count, installers.last_incident_date, installers.updated_at, installers.created_at, installers.deleted_at 
FROM installers 
WHERE installers.deleted_at IS NULL 
 LIMIT $1::INTEGER OFFSET $2::INTEGER
2026-03-01 12:13:40,139 - sqlalchemy.engine.Engine - INFO - [cached since 3045s ago] (100, 0)
2026-03-01 12:13:40,140 - sqlalchemy.engine.Engine - INFO - SELECT order_items.order_id AS order_items_order_id, order_items.id AS order_items_id, order_items.item_type AS order_items_item_type, order_items.name AS order_items_name, order_items.quantity AS order_items_quantity, order_items.purchase_price AS order_items_purchase_price, order_items.sale_price AS order_items_sale_price, order_items.warranty_manufacturer AS order_items_warranty_manufacturer, order_items.warranty_master AS order_items_warranty_master, order_items.sort_order AS order_items_sort_order, order_items.created_at AS order_items_created_at, order_items.updated_at AS order_items_updated_at 
FROM order_items 
WHERE order_items.order_id IN ($1::INTEGER)
2026-03-01 12:13:40,140 - sqlalchemy.engine.Engine - INFO - [cached since 2667s ago] (1,)
2026-03-01 12:13:40,141 - sqlalchemy.engine.Engine - INFO - SELECT order_installers.order_id AS order_installers_order_id, order_installers.id AS order_installers_id, order_installers.installer_id AS order_installers_installer_id, order_installers.role AS order_installers_role, order_installers.base_payment AS order_installers_base_payment, order_installers.is_primary AS order_installers_is_primary, order_installers.created_at AS order_installers_created_at, order_installers.updated_at AS order_installers_updated_at 
FROM order_installers 
WHERE order_installers.order_id IN ($1::INTEGER)
2026-03-01 12:13:40,141 - sqlalchemy.engine.Engine - INFO - [cached since 2667s ago] (1,)
2026-03-01 12:13:40,141 - sqlalchemy.engine.Engine - INFO - SELECT order_expenses.order_id AS order_expenses_order_id, order_expenses.id AS order_expenses_id, order_expenses.amount AS order_expenses_amount, order_expenses.description AS order_expenses_description, order_expenses.expense_date AS order_expenses_expense_date, order_expenses.category AS order_expenses_category, order_expenses.created_at AS order_expenses_created_at, order_expenses.updated_at AS order_expenses_updated_at 
FROM order_expenses 
WHERE order_expenses.order_id IN ($1::INTEGER)
2026-03-01 12:13:40,141 - sqlalchemy.engine.Engine - INFO - [cached since 2667s ago] (1,)
2026-03-01 12:13:40,142 - sqlalchemy.engine.Engine - INFO - ROLLBACK
2026-03-01 12:13:40,143 - sqlalchemy.engine.Engine - INFO - ROLLBACK
2026-03-01 12:13:40,143 - sqlalchemy.engine.Engine - INFO - BEGIN (implicit)
2026-03-01 12:13:40,143 - sqlalchemy.engine.Engine - INFO - SELECT orders.id, orders.client_id, orders.status, orders.warehouse, orders.service_datetime, orders.delivery_datetime, orders.promise, orders.marker_color, orders.address_id, orders.address_text, orders.created_at, orders.updated_at 
FROM orders 
WHERE orders.id = $1::INTEGER
2026-03-01 12:13:40,143 - sqlalchemy.engine.Engine - INFO - [cached since 2667s ago] (1,)
2026-03-01 12:13:40,145 - sqlalchemy.engine.Engine - INFO - SELECT payments.order_id AS payments_order_id, payments.id AS payments_id, payments.payment_type AS payments_payment_type, payments.installer_id AS payments_installer_id, payments.amount AS payments_amount, payments.payment_date AS payments_payment_date, payments.description AS payments_description, payments.created_at AS payments_created_at, payments.updated_at AS payments_updated_at 
FROM payments 
WHERE payments.order_id IN ($1::INTEGER)
2026-03-01 12:13:40,145 - sqlalchemy.engine.Engine - INFO - [cached since 2667s ago] (1,)
2026-03-01 12:13:40,145 - sqlalchemy.engine.Engine - INFO - SELECT finance.order_id AS finance_order_id, finance.id AS finance_id, finance.revenue AS finance_revenue, finance.cost_of_goods AS finance_cost_of_goods, finance.installer_payments AS finance_installer_payments, finance.expenses AS finance_expenses, finance.warranty_costs_oleg AS finance_warranty_costs_oleg, finance.warranty_costs_installer AS finance_warranty_costs_installer, finance.profit AS finance_profit, finance.created_at AS finance_created_at, finance.updated_at AS finance_updated_at 
FROM finance 
WHERE finance.order_id IN ($1::INTEGER)
2026-03-01 12:13:40,145 - sqlalchemy.engine.Engine - INFO - [cached since 2667s ago] (1,)
2026-03-01 12:13:40,146 - sqlalchemy.engine.Engine - INFO - SELECT clients.id AS clients_id, clients.full_name AS clients_full_name, clients.phone AS clients_phone, clients.address AS clients_address, clients.coordinates AS clients_coordinates, clients.created_at AS clients_created_at, clients.last_contact AS clients_last_contact, clients.comments AS clients_comments, clients.updated_at AS clients_updated_at, clients.backup_phone AS clients_backup_phone, clients.deleted_at AS clients_deleted_at 
FROM clients 
WHERE clients.id IN ($1::INTEGER)
2026-03-01 12:13:40,146 - sqlalchemy.engine.Engine - INFO - [cached since 2667s ago] (1,)
2026-03-01 12:13:40,147 - sqlalchemy.engine.Engine - INFO - SELECT address_cache.address AS address_cache_address, address_cache.lat AS address_cache_lat, address_cache.lon AS address_cache_lon, address_cache.updated_at AS address_cache_updated_at 
FROM address_cache 
WHERE address_cache.address IN ($1::VARCHAR)
2026-03-01 12:13:40,147 - sqlalchemy.engine.Engine - INFO - [cached since 2667s ago] ('Москва, ул. Тверская, д. 12, кв. 45',)
2026-03-01 12:13:40,148 - sqlalchemy.engine.Engine - INFO - SELECT order_items.order_id AS order_items_order_id, order_items.id AS order_items_id, order_items.item_type AS order_items_item_type, order_items.name AS order_items_name, order_items.quantity AS order_items_quantity, order_items.purchase_price AS order_items_purchase_price, order_items.sale_price AS order_items_sale_price, order_items.warranty_manufacturer AS order_items_warranty_manufacturer, order_items.warranty_master AS order_items_warranty_master, order_items.sort_order AS order_items_sort_order, order_items.created_at AS order_items_created_at, order_items.updated_at AS order_items_updated_at 
FROM order_items 
WHERE order_items.order_id IN ($1::INTEGER)
2026-03-01 12:13:40,148 - sqlalchemy.engine.Engine - INFO - [cached since 2667s ago] (1,)
2026-03-01 12:13:40,149 - sqlalchemy.engine.Engine - INFO - SELECT order_installers.order_id AS order_installers_order_id, order_installers.id AS order_installers_id, order_installers.installer_id AS order_installers_installer_id, order_installers.role AS order_installers_role, order_installers.base_payment AS order_installers_base_payment, order_installers.is_primary AS order_installers_is_primary, order_installers.created_at AS order_installers_created_at, order_installers.updated_at AS order_installers_updated_at 
FROM order_installers 
WHERE order_installers.order_id IN ($1::INTEGER)
2026-03-01 12:13:40,149 - sqlalchemy.engine.Engine - INFO - [cached since 2667s ago] (1,)
2026-03-01 12:13:40,150 - sqlalchemy.engine.Engine - INFO - SELECT order_expenses.order_id AS order_expenses_order_id, order_expenses.id AS order_expenses_id, order_expenses.amount AS order_expenses_amount, order_expenses.description AS order_expenses_description, order_expenses.expense_date AS order_expenses_expense_date, order_expenses.category AS order_expenses_category, order_expenses.created_at AS order_expenses_created_at, order_expenses.updated_at AS order_expenses_updated_at 
FROM order_expenses 
WHERE order_expenses.order_id IN ($1::INTEGER)
2026-03-01 12:13:40,150 - sqlalchemy.engine.Engine - INFO - [cached since 2667s ago] (1,)
2026-03-01 12:13:40,151 - sqlalchemy.engine.Engine - INFO - ROLLBACK
2026-03-01 12:23:40,540 - sqlalchemy.engine.Engine - INFO - BEGIN (implicit)
2026-03-01 12:23:40,541 - sqlalchemy.engine.Engine - INFO - SELECT orders.id, orders.client_id, orders.status, orders.warehouse, orders.service_datetime, orders.delivery_datetime, orders.promise, orders.marker_color, orders.address_id, orders.address_text, orders.created_at, orders.updated_at 
FROM orders 
 LIMIT $1::INTEGER OFFSET $2::INTEGER
2026-03-01 12:23:40,541 - sqlalchemy.engine.Engine - INFO - [cached since 3643s ago] (100, 0)
2026-03-01 12:23:40,542 - sqlalchemy.engine.Engine - INFO - SELECT finance.order_id AS finance_order_id, finance.id AS finance_id, finance.revenue AS finance_revenue, finance.cost_of_goods AS finance_cost_of_goods, finance.installer_payments AS finance_installer_payments, finance.expenses AS finance_expenses, finance.warranty_costs_oleg AS finance_warranty_costs_oleg, finance.warranty_costs_installer AS finance_warranty_costs_installer, finance.profit AS finance_profit, finance.created_at AS finance_created_at, finance.updated_at AS finance_updated_at 
FROM finance 
WHERE finance.order_id IN ($1::INTEGER, $2::INTEGER)
2026-03-01 12:23:40,542 - sqlalchemy.engine.Engine - INFO - [cached since 3643s ago] (1, 2)
2026-03-01 12:23:40,544 - sqlalchemy.engine.Engine - INFO - SELECT clients.id AS clients_id, clients.full_name AS clients_full_name, clients.phone AS clients_phone, clients.address AS clients_address, clients.coordinates AS clients_coordinates, clients.created_at AS clients_created_at, clients.last_contact AS clients_last_contact, clients.comments AS clients_comments, clients.updated_at AS clients_updated_at, clients.backup_phone AS clients_backup_phone, clients.deleted_at AS clients_deleted_at 
FROM clients 
WHERE clients.id IN ($1::INTEGER, $2::INTEGER)
2026-03-01 12:23:40,544 - sqlalchemy.engine.Engine - INFO - [cached since 3643s ago] (1, 2)
2026-03-01 12:23:40,545 - sqlalchemy.engine.Engine - INFO - SELECT address_cache.address AS address_cache_address, address_cache.lat AS address_cache_lat, address_cache.lon AS address_cache_lon, address_cache.updated_at AS address_cache_updated_at 
FROM address_cache 
WHERE address_cache.address IN ($1::VARCHAR, $2::VARCHAR)
2026-03-01 12:23:40,545 - sqlalchemy.engine.Engine - INFO - [cached since 3643s ago] ('Москва, ул. Тверская, д. 12, кв. 45', 'Россия, Московская область, Мытищи, улица Мира, 8')
2026-03-01 12:23:40,547 - sqlalchemy.engine.Engine - INFO - ROLLBACK
2026-03-01 12:23:40,548 - sqlalchemy.engine.Engine - INFO - BEGIN (implicit)
2026-03-01 12:23:40,548 - sqlalchemy.engine.Engine - INFO - SELECT orders.id, orders.client_id, orders.status, orders.warehouse, orders.service_datetime, orders.delivery_datetime, orders.promise, orders.marker_color, orders.address_id, orders.address_text, orders.created_at, orders.updated_at 
FROM orders 
 LIMIT $1::INTEGER OFFSET $2::INTEGER
2026-03-01 12:23:40,548 - sqlalchemy.engine.Engine - INFO - [cached since 3643s ago] (100, 0)
2026-03-01 12:23:40,550 - sqlalchemy.engine.Engine - INFO - SELECT finance.order_id AS finance_order_id, finance.id AS finance_id, finance.revenue AS finance_revenue, finance.cost_of_goods AS finance_cost_of_goods, finance.installer_payments AS finance_installer_payments, finance.expenses AS finance_expenses, finance.warranty_costs_oleg AS finance_warranty_costs_oleg, finance.warranty_costs_installer AS finance_warranty_costs_installer, finance.profit AS finance_profit, finance.created_at AS finance_created_at, finance.updated_at AS finance_updated_at 
FROM finance 
WHERE finance.order_id IN ($1::INTEGER, $2::INTEGER)
2026-03-01 12:23:40,550 - sqlalchemy.engine.Engine - INFO - [cached since 3643s ago] (1, 2)
2026-03-01 12:23:40,551 - sqlalchemy.engine.Engine - INFO - SELECT clients.id AS clients_id, clients.full_name AS clients_full_name, clients.phone AS clients_phone, clients.address AS clients_address, clients.coordinates AS clients_coordinates, clients.created_at AS clients_created_at, clients.last_contact AS clients_last_contact, clients.comments AS clients_comments, clients.updated_at AS clients_updated_at, clients.backup_phone AS clients_backup_phone, clients.deleted_at AS clients_deleted_at 
FROM clients 
WHERE clients.id IN ($1::INTEGER, $2::INTEGER)
2026-03-01 12:23:40,551 - sqlalchemy.engine.Engine - INFO - [cached since 3643s ago] (1, 2)
2026-03-01 12:23:40,552 - sqlalchemy.engine.Engine - INFO - SELECT address_cache.address AS address_cache_address, address_cache.lat AS address_cache_lat, address_cache.lon AS address_cache_lon, address_cache.updated_at AS address_cache_updated_at 
FROM address_cache 
WHERE address_cache.address IN ($1::VARCHAR, $2::VARCHAR)
2026-03-01 12:23:40,552 - sqlalchemy.engine.Engine - INFO - [cached since 3643s ago] ('Москва, ул. Тверская, д. 12, кв. 45', 'Россия, Московская область, Мытищи, улица Мира, 8')
2026-03-01 12:23:40,554 - sqlalchemy.engine.Engine - INFO - ROLLBACK
2026-03-01 12:23:43,043 - sqlalchemy.engine.Engine - INFO - BEGIN (implicit)
2026-03-01 12:23:43,043 - sqlalchemy.engine.Engine - INFO - SELECT admins.id, admins.username, admins.password_hash, admins.created_at 
FROM admins 
WHERE admins.username = $1::VARCHAR
2026-03-01 12:23:43,044 - sqlalchemy.engine.Engine - INFO - [cached since 3648s ago] ('zhura2296@yandex.ru',)
2026-03-01 12:23:43,047 - sqlalchemy.engine.Engine - INFO - SELECT installers.id, installers.full_name, installers.nickname, installers.phone, installers.backup_phone, installers.specialization, installers.rating, installers.base_price, installers.is_debtor, installers.comments, installers.is_active, installers.is_in_funnel, installers.total_orders, installers.poor_work_count, installers.warranty_visits_count, installers.last_incident_date, installers.updated_at, installers.created_at, installers.deleted_at 
FROM installers 
WHERE installers.deleted_at IS NULL 
 LIMIT $1::INTEGER OFFSET $2::INTEGER
2026-03-01 12:23:43,047 - sqlalchemy.engine.Engine - INFO - [cached since 3648s ago] (100, 0)
2026-03-01 12:23:43,050 - sqlalchemy.engine.Engine - INFO - ROLLBACK
2026-03-01 12:23:43,052 - sqlalchemy.engine.Engine - INFO - BEGIN (implicit)
2026-03-01 12:23:43,053 - sqlalchemy.engine.Engine - INFO - SELECT admins.id, admins.username, admins.password_hash, admins.created_at 
FROM admins 
WHERE admins.username = $1::VARCHAR
2026-03-01 12:23:43,053 - sqlalchemy.engine.Engine - INFO - [cached since 3649s ago] ('zhura2296@yandex.ru',)
2026-03-01 12:23:43,055 - sqlalchemy.engine.Engine - INFO - SELECT installers.id, installers.full_name, installers.nickname, installers.phone, installers.backup_phone, installers.specialization, installers.rating, installers.base_price, installers.is_debtor, installers.comments, installers.is_active, installers.is_in_funnel, installers.total_orders, installers.poor_work_count, installers.warranty_visits_count, installers.last_incident_date, installers.updated_at, installers.created_at, installers.deleted_at 
FROM installers 
WHERE installers.deleted_at IS NULL 
 LIMIT $1::INTEGER OFFSET $2::INTEGER
2026-03-01 12:23:43,055 - sqlalchemy.engine.Engine - INFO - [cached since 3648s ago] (100, 0)
2026-03-01 12:23:43,056 - sqlalchemy.engine.Engine - INFO - ROLLBACK
2026-03-01 12:30:53,809 - sqlalchemy.engine.Engine - INFO - BEGIN (implicit)
2026-03-01 12:30:53,810 - sqlalchemy.engine.Engine - INFO - SELECT admins.id, admins.username, admins.password_hash, admins.created_at 
FROM admins 
WHERE admins.username = $1::VARCHAR
2026-03-01 12:30:53,810 - sqlalchemy.engine.Engine - INFO - [cached since 4079s ago] ('zhura2296@yandex.ru',)
2026-03-01 12:30:54,038 - sqlalchemy.engine.Engine - INFO - ROLLBACK
2026-03-01 12:30:54,142 - sqlalchemy.engine.Engine - INFO - BEGIN (implicit)
2026-03-01 12:30:54,142 - sqlalchemy.engine.Engine - INFO - SELECT admins.id, admins.username, admins.password_hash, admins.created_at 
FROM admins 
WHERE admins.username = $1::VARCHAR
2026-03-01 12:30:54,143 - sqlalchemy.engine.Engine - INFO - [cached since 4080s ago] ('zhura2296@yandex.ru',)
2026-03-01 12:30:54,143 - sqlalchemy.engine.Engine - INFO - BEGIN (implicit)
2026-03-01 12:30:54,143 - sqlalchemy.engine.Engine - INFO - SELECT admins.id, admins.username, admins.password_hash, admins.created_at 
FROM admins 
WHERE admins.username = $1::VARCHAR
2026-03-01 12:30:54,143 - sqlalchemy.engine.Engine - INFO - [cached since 4080s ago] ('zhura2296@yandex.ru',)
2026-03-01 12:30:54,144 - sqlalchemy.engine.Engine - INFO - SELECT installers.id, installers.full_name, installers.nickname, installers.phone, installers.backup_phone, installers.specialization, installers.rating, installers.base_price, installers.is_debtor, installers.comments, installers.is_active, installers.is_in_funnel, installers.total_orders, installers.poor_work_count, installers.warranty_visits_count, installers.last_incident_date, installers.updated_at, installers.created_at, installers.deleted_at 
FROM installers 
WHERE installers.deleted_at IS NULL 
 LIMIT $1::INTEGER OFFSET $2::INTEGER
2026-03-01 12:30:54,144 - sqlalchemy.engine.Engine - INFO - [cached since 4079s ago] (100, 0)
2026-03-01 12:30:54,145 - sqlalchemy.engine.Engine - INFO - SELECT clients.id, clients.full_name, clients.phone, clients.address, clients.coordinates, clients.created_at, clients.last_contact, clients.comments, clients.updated_at, clients.backup_phone, clients.deleted_at 
FROM clients 
 LIMIT $1::INTEGER OFFSET $2::INTEGER
2026-03-01 12:30:54,145 - sqlalchemy.engine.Engine - INFO - [cached since 4079s ago] (100, 0)
2026-03-01 12:30:54,146 - sqlalchemy.engine.Engine - INFO - ROLLBACK
2026-03-01 12:30:54,146 - sqlalchemy.engine.Engine - INFO - ROLLBACK
2026-03-01 12:30:54,147 - sqlalchemy.engine.Engine - INFO - BEGIN (implicit)
2026-03-01 12:30:54,147 - sqlalchemy.engine.Engine - INFO - SELECT admins.id, admins.username, admins.password_hash, admins.created_at 
FROM admins 
WHERE admins.username = $1::VARCHAR
2026-03-01 12:30:54,147 - sqlalchemy.engine.Engine - INFO - [cached since 4080s ago] ('zhura2296@yandex.ru',)
2026-03-01 12:30:54,148 - sqlalchemy.engine.Engine - INFO - BEGIN (implicit)
2026-03-01 12:30:54,148 - sqlalchemy.engine.Engine - INFO - SELECT admins.id, admins.username, admins.password_hash, admins.created_at 
FROM admins 
WHERE admins.username = $1::VARCHAR
2026-03-01 12:30:54,148 - sqlalchemy.engine.Engine - INFO - [cached since 4080s ago] ('zhura2296@yandex.ru',)
2026-03-01 12:30:54,149 - sqlalchemy.engine.Engine - INFO - SELECT installers.id, installers.full_name, installers.nickname, installers.phone, installers.backup_phone, installers.specialization, installers.rating, installers.base_price, installers.is_debtor, installers.comments, installers.is_active, installers.is_in_funnel, installers.total_orders, installers.poor_work_count, installers.warranty_visits_count, installers.last_incident_date, installers.updated_at, installers.created_at, installers.deleted_at 
FROM installers 
WHERE installers.deleted_at IS NULL 
 LIMIT $1::INTEGER OFFSET $2::INTEGER
2026-03-01 12:30:54,149 - sqlalchemy.engine.Engine - INFO - [cached since 4079s ago] (100, 0)
2026-03-01 12:30:54,150 - sqlalchemy.engine.Engine - INFO - SELECT clients.id, clients.full_name, clients.phone, clients.address, clients.coordinates, clients.created_at, clients.last_contact, clients.comments, clients.updated_at, clients.backup_phone, clients.deleted_at 
FROM clients 
 LIMIT $1::INTEGER OFFSET $2::INTEGER
2026-03-01 12:30:54,150 - sqlalchemy.engine.Engine - INFO - [cached since 4079s ago] (100, 0)
2026-03-01 12:30:54,151 - sqlalchemy.engine.Engine - INFO - ROLLBACK
2026-03-01 12:30:54,151 - sqlalchemy.engine.Engine - INFO - ROLLBACK
2026-03-01 12:30:55,477 - sqlalchemy.engine.Engine - INFO - BEGIN (implicit)
2026-03-01 12:30:55,478 - sqlalchemy.engine.Engine - INFO - SELECT admins.id, admins.username, admins.password_hash, admins.created_at 
FROM admins 
WHERE admins.username = $1::VARCHAR
2026-03-01 12:30:55,478 - sqlalchemy.engine.Engine - INFO - [cached since 4081s ago] ('zhura2296@yandex.ru',)
2026-03-01 12:30:55,479 - sqlalchemy.engine.Engine - INFO - SELECT installers.id, installers.full_name, installers.nickname, installers.phone, installers.backup_phone, installers.specialization, installers.rating, installers.base_price, installers.is_debtor, installers.comments, installers.is_active, installers.is_in_funnel, installers.total_orders, installers.poor_work_count, installers.warranty_visits_count, installers.last_incident_date, installers.updated_at, installers.created_at, installers.deleted_at 
FROM installers 
WHERE installers.deleted_at IS NULL 
 LIMIT $1::INTEGER OFFSET $2::INTEGER
2026-03-01 12:30:55,480 - sqlalchemy.engine.Engine - INFO - [cached since 4081s ago] (100, 0)
2026-03-01 12:30:55,481 - sqlalchemy.engine.Engine - INFO - ROLLBACK
2026-03-01 12:30:55,481 - sqlalchemy.engine.Engine - INFO - BEGIN (implicit)
2026-03-01 12:30:55,482 - sqlalchemy.engine.Engine - INFO - SELECT admins.id, admins.username, admins.password_hash, admins.created_at 
FROM admins 
WHERE admins.username = $1::VARCHAR
2026-03-01 12:30:55,482 - sqlalchemy.engine.Engine - INFO - [cached since 4081s ago] ('zhura2296@yandex.ru',)
2026-03-01 12:30:55,483 - sqlalchemy.engine.Engine - INFO - SELECT installers.id, installers.full_name, installers.nickname, installers.phone, installers.backup_phone, installers.specialization, installers.rating, installers.base_price, installers.is_debtor, installers.comments, installers.is_active, installers.is_in_funnel, installers.total_orders, installers.poor_work_count, installers.warranty_visits_count, installers.last_incident_date, installers.updated_at, installers.created_at, installers.deleted_at 
FROM installers 
WHERE installers.deleted_at IS NULL 
 LIMIT $1::INTEGER OFFSET $2::INTEGER
2026-03-01 12:30:55,483 - sqlalchemy.engine.Engine - INFO - [cached since 4081s ago] (100, 0)
2026-03-01 12:30:55,485 - sqlalchemy.engine.Engine - INFO - ROLLBACK
2026-03-01 12:32:29,020 - sqlalchemy.engine.Engine - INFO - BEGIN (implicit)
2026-03-01 12:32:29,020 - sqlalchemy.engine.Engine - INFO - SELECT sum(finance.profit) AS sum_1 
FROM finance
2026-03-01 12:32:29,020 - sqlalchemy.engine.Engine - INFO - [cached since 2371s ago] ()
2026-03-01 12:32:29,021 - sqlalchemy.engine.Engine - INFO - BEGIN (implicit)
2026-03-01 12:32:29,021 - sqlalchemy.engine.Engine - INFO - SELECT EXTRACT(year FROM finance.created_at) AS year, EXTRACT(month FROM finance.created_at) AS month, sum(finance.profit) AS profit 
FROM finance GROUP BY year, month ORDER BY year, month
2026-03-01 12:32:29,021 - sqlalchemy.engine.Engine - INFO - [cached since 2371s ago] ()
2026-03-01 12:32:29,022 - sqlalchemy.engine.Engine - INFO - SELECT sum(finance.installer_payments) AS sum_1 
FROM finance
2026-03-01 12:32:29,022 - sqlalchemy.engine.Engine - INFO - [cached since 2371s ago] ()
2026-03-01 12:32:29,023 - sqlalchemy.engine.Engine - INFO - SELECT count(orders.id) AS count_1 
FROM orders
2026-03-01 12:32:29,023 - sqlalchemy.engine.Engine - INFO - [cached since 2371s ago] ()
2026-03-01 12:32:29,025 - sqlalchemy.engine.Engine - INFO - ROLLBACK
2026-03-01 12:32:29,026 - sqlalchemy.engine.Engine - INFO - BEGIN (implicit)
2026-03-01 12:32:29,026 - sqlalchemy.engine.Engine - INFO - SELECT EXTRACT(year FROM finance.created_at) AS year, EXTRACT(month FROM finance.created_at) AS month, sum(finance.profit) AS profit 
FROM finance GROUP BY year, month ORDER BY year, month
2026-03-01 12:32:29,026 - sqlalchemy.engine.Engine - INFO - [cached since 2371s ago] ()
2026-03-01 12:32:29,027 - sqlalchemy.engine.Engine - INFO - ROLLBACK
2026-03-01 12:32:29,030 - sqlalchemy.engine.Engine - INFO - ROLLBACK
2026-03-01 12:32:29,048 - sqlalchemy.engine.Engine - INFO - BEGIN (implicit)
2026-03-01 12:32:29,049 - sqlalchemy.engine.Engine - INFO - SELECT sum(finance.profit) AS sum_1 
FROM finance
2026-03-01 12:32:29,049 - sqlalchemy.engine.Engine - INFO - [cached since 2371s ago] ()
2026-03-01 12:32:29,051 - sqlalchemy.engine.Engine - INFO - SELECT sum(finance.installer_payments) AS sum_1 
FROM finance
2026-03-01 12:32:29,051 - sqlalchemy.engine.Engine - INFO - [cached since 2371s ago] ()
2026-03-01 12:32:29,052 - sqlalchemy.engine.Engine - INFO - SELECT count(orders.id) AS count_1 
FROM orders
2026-03-01 12:32:29,052 - sqlalchemy.engine.Engine - INFO - [cached since 2371s ago] ()
2026-03-01 12:32:29,054 - sqlalchemy.engine.Engine - INFO - ROLLBACK
2026-03-01 12:34:57,341 - sqlalchemy.engine.Engine - INFO - BEGIN (implicit)
2026-03-01 12:34:57,341 - sqlalchemy.engine.Engine - INFO - SELECT sum(finance.profit) AS sum_1 
FROM finance
2026-03-01 12:34:57,341 - sqlalchemy.engine.Engine - INFO - [cached since 2519s ago] ()
2026-03-01 12:34:57,342 - sqlalchemy.engine.Engine - INFO - BEGIN (implicit)
2026-03-01 12:34:57,342 - sqlalchemy.engine.Engine - INFO - SELECT EXTRACT(year FROM finance.created_at) AS year, EXTRACT(month FROM finance.created_at) AS month, sum(finance.profit) AS profit 
FROM finance GROUP BY year, month ORDER BY year, month
2026-03-01 12:34:57,342 - sqlalchemy.engine.Engine - INFO - [cached since 2519s ago] ()
2026-03-01 12:34:57,344 - sqlalchemy.engine.Engine - INFO - SELECT sum(finance.installer_payments) AS sum_1 
FROM finance
2026-03-01 12:34:57,344 - sqlalchemy.engine.Engine - INFO - [cached since 2519s ago] ()
2026-03-01 12:34:57,345 - sqlalchemy.engine.Engine - INFO - SELECT count(orders.id) AS count_1 
FROM orders
2026-03-01 12:34:57,345 - sqlalchemy.engine.Engine - INFO - [cached since 2519s ago] ()
2026-03-01 12:34:57,346 - sqlalchemy.engine.Engine - INFO - ROLLBACK
2026-03-01 12:34:57,347 - sqlalchemy.engine.Engine - INFO - BEGIN (implicit)
2026-03-01 12:34:57,348 - sqlalchemy.engine.Engine - INFO - SELECT EXTRACT(year FROM finance.created_at) AS year, EXTRACT(month FROM finance.created_at) AS month, sum(finance.profit) AS profit 
FROM finance GROUP BY year, month ORDER BY year, month
2026-03-01 12:34:57,348 - sqlalchemy.engine.Engine - INFO - [cached since 2519s ago] ()
2026-03-01 12:34:57,348 - sqlalchemy.engine.Engine - INFO - ROLLBACK
2026-03-01 12:34:57,349 - sqlalchemy.engine.Engine - INFO - BEGIN (implicit)
2026-03-01 12:34:57,349 - sqlalchemy.engine.Engine - INFO - SELECT sum(finance.profit) AS sum_1 
FROM finance
2026-03-01 12:34:57,349 - sqlalchemy.engine.Engine - INFO - [cached since 2519s ago] ()
2026-03-01 12:34:57,351 - sqlalchemy.engine.Engine - INFO - SELECT sum(finance.installer_payments) AS sum_1 
FROM finance
2026-03-01 12:34:57,351 - sqlalchemy.engine.Engine - INFO - [cached since 2519s ago] ()
2026-03-01 12:34:57,351 - sqlalchemy.engine.Engine - INFO - ROLLBACK
2026-03-01 12:34:57,352 - sqlalchemy.engine.Engine - INFO - SELECT count(orders.id) AS count_1 
FROM orders
2026-03-01 12:34:57,352 - sqlalchemy.engine.Engine - INFO - [cached since 2519s ago] ()
2026-03-01 12:34:57,353 - sqlalchemy.engine.Engine - INFO - ROLLBACK
2026-03-01 12:37:28,352 - sqlalchemy.engine.Engine - INFO - BEGIN (implicit)
2026-03-01 12:37:28,352 - sqlalchemy.engine.Engine - INFO - SELECT admins.id, admins.username, admins.password_hash, admins.created_at 
FROM admins 
WHERE admins.username = $1::VARCHAR
2026-03-01 12:37:28,352 - sqlalchemy.engine.Engine - INFO - [cached since 4474s ago] ('zhura2296@yandex.ru',)
2026-03-01 12:37:28,553 - sqlalchemy.engine.Engine - INFO - ROLLBACK
2026-03-01 12:37:28,799 - sqlalchemy.engine.Engine - INFO - BEGIN (implicit)
2026-03-01 12:37:28,800 - sqlalchemy.engine.Engine - INFO - SELECT admins.id, admins.username, admins.password_hash, admins.created_at 
FROM admins 
WHERE admins.username = $1::VARCHAR
2026-03-01 12:37:28,800 - sqlalchemy.engine.Engine - INFO - [cached since 4474s ago] ('zhura2296@yandex.ru',)
2026-03-01 12:37:28,801 - sqlalchemy.engine.Engine - INFO - SELECT clients.id, clients.full_name, clients.phone, clients.address, clients.coordinates, clients.created_at, clients.last_contact, clients.comments, clients.updated_at, clients.backup_phone, clients.deleted_at 
FROM clients 
 LIMIT $1::INTEGER OFFSET $2::INTEGER
2026-03-01 12:37:28,801 - sqlalchemy.engine.Engine - INFO - [cached since 4474s ago] (100, 0)
2026-03-01 12:37:28,804 - sqlalchemy.engine.Engine - INFO - BEGIN (implicit)
2026-03-01 12:37:28,804 - sqlalchemy.engine.Engine - INFO - SELECT admins.id, admins.username, admins.password_hash, admins.created_at 
FROM admins 
WHERE admins.username = $1::VARCHAR
2026-03-01 12:37:28,804 - sqlalchemy.engine.Engine - INFO - [cached since 4474s ago] ('zhura2296@yandex.ru',)
2026-03-01 12:37:28,805 - sqlalchemy.engine.Engine - INFO - ROLLBACK
2026-03-01 12:37:28,806 - sqlalchemy.engine.Engine - INFO - BEGIN (implicit)
2026-03-01 12:37:28,806 - sqlalchemy.engine.Engine - INFO - SELECT admins.id, admins.username, admins.password_hash, admins.created_at 
FROM admins 
WHERE admins.username = $1::VARCHAR
2026-03-01 12:37:28,806 - sqlalchemy.engine.Engine - INFO - [cached since 4474s ago] ('zhura2296@yandex.ru',)
2026-03-01 12:37:28,807 - sqlalchemy.engine.Engine - INFO - SELECT installers.id, installers.full_name, installers.nickname, installers.phone, installers.backup_phone, installers.specialization, installers.rating, installers.base_price, installers.is_debtor, installers.comments, installers.is_active, installers.is_in_funnel, installers.total_orders, installers.poor_work_count, installers.warranty_visits_count, installers.last_incident_date, installers.updated_at, installers.created_at, installers.deleted_at 
FROM installers 
WHERE installers.deleted_at IS NULL 
 LIMIT $1::INTEGER OFFSET $2::INTEGER
2026-03-01 12:37:28,808 - sqlalchemy.engine.Engine - INFO - [cached since 4474s ago] (100, 0)
2026-03-01 12:37:28,809 - sqlalchemy.engine.Engine - INFO - ROLLBACK
2026-03-01 12:37:28,810 - sqlalchemy.engine.Engine - INFO - BEGIN (implicit)
2026-03-01 12:37:28,810 - sqlalchemy.engine.Engine - INFO - SELECT admins.id, admins.username, admins.password_hash, admins.created_at 
FROM admins 
WHERE admins.username = $1::VARCHAR
2026-03-01 12:37:28,810 - sqlalchemy.engine.Engine - INFO - [cached since 4474s ago] ('zhura2296@yandex.ru',)
2026-03-01 12:37:28,811 - sqlalchemy.engine.Engine - INFO - SELECT installers.id, installers.full_name, installers.nickname, installers.phone, installers.backup_phone, installers.specialization, installers.rating, installers.base_price, installers.is_debtor, installers.comments, installers.is_active, installers.is_in_funnel, installers.total_orders, installers.poor_work_count, installers.warranty_visits_count, installers.last_incident_date, installers.updated_at, installers.created_at, installers.deleted_at 
FROM installers 
WHERE installers.deleted_at IS NULL 
 LIMIT $1::INTEGER OFFSET $2::INTEGER
2026-03-01 12:37:28,811 - sqlalchemy.engine.Engine - INFO - [cached since 4474s ago] (100, 0)
2026-03-01 12:37:28,812 - sqlalchemy.engine.Engine - INFO - SELECT clients.id, clients.full_name, clients.phone, clients.address, clients.coordinates, clients.created_at, clients.last_contact, clients.comments, clients.updated_at, clients.backup_phone, clients.deleted_at 
FROM clients 
 LIMIT $1::INTEGER OFFSET $2::INTEGER
2026-03-01 12:37:28,812 - sqlalchemy.engine.Engine - INFO - [cached since 4474s ago] (100, 0)
2026-03-01 12:37:28,813 - sqlalchemy.engine.Engine - INFO - ROLLBACK
2026-03-01 12:37:28,814 - sqlalchemy.engine.Engine - INFO - ROLLBACK
2026-03-01 12:37:30,649 - sqlalchemy.engine.Engine - INFO - BEGIN (implicit)
2026-03-01 12:37:30,650 - sqlalchemy.engine.Engine - INFO - SELECT sum(finance.profit) AS sum_1 
FROM finance
2026-03-01 12:37:30,650 - sqlalchemy.engine.Engine - INFO - [cached since 2672s ago] ()
2026-03-01 12:37:30,650 - sqlalchemy.engine.Engine - INFO - BEGIN (implicit)
2026-03-01 12:37:30,650 - sqlalchemy.engine.Engine - INFO - SELECT EXTRACT(year FROM finance.created_at) AS year, EXTRACT(month FROM finance.created_at) AS month, sum(finance.profit) AS profit 
FROM finance GROUP BY year, month ORDER BY year, month
2026-03-01 12:37:30,650 - sqlalchemy.engine.Engine - INFO - [cached since 2672s ago] ()
2026-03-01 12:37:30,651 - sqlalchemy.engine.Engine - INFO - SELECT sum(finance.installer_payments) AS sum_1 
FROM finance
2026-03-01 12:37:30,651 - sqlalchemy.engine.Engine - INFO - [cached since 2672s ago] ()
2026-03-01 12:37:30,651 - sqlalchemy.engine.Engine - INFO - SELECT count(orders.id) AS count_1 
FROM orders
2026-03-01 12:37:30,652 - sqlalchemy.engine.Engine - INFO - [cached since 2672s ago] ()
2026-03-01 12:37:30,652 - sqlalchemy.engine.Engine - INFO - ROLLBACK
2026-03-01 12:37:30,653 - sqlalchemy.engine.Engine - INFO - BEGIN (implicit)
2026-03-01 12:37:30,653 - sqlalchemy.engine.Engine - INFO - SELECT EXTRACT(year FROM finance.created_at) AS year, EXTRACT(month FROM finance.created_at) AS month, sum(finance.profit) AS profit 
FROM finance GROUP BY year, month ORDER BY year, month
2026-03-01 12:37:30,653 - sqlalchemy.engine.Engine - INFO - [cached since 2672s ago] ()
2026-03-01 12:37:30,654 - sqlalchemy.engine.Engine - INFO - ROLLBACK
2026-03-01 12:37:30,655 - sqlalchemy.engine.Engine - INFO - BEGIN (implicit)
2026-03-01 12:37:30,655 - sqlalchemy.engine.Engine - INFO - SELECT sum(finance.profit) AS sum_1 
FROM finance
2026-03-01 12:37:30,655 - sqlalchemy.engine.Engine - INFO - [cached since 2672s ago] ()
2026-03-01 12:37:30,657 - sqlalchemy.engine.Engine - INFO - SELECT sum(finance.installer_payments) AS sum_1 
FROM finance
2026-03-01 12:37:30,657 - sqlalchemy.engine.Engine - INFO - [cached since 2672s ago] ()
2026-03-01 12:37:30,659 - sqlalchemy.engine.Engine - INFO - SELECT count(orders.id) AS count_1 
FROM orders
2026-03-01 12:37:30,659 - sqlalchemy.engine.Engine - INFO - [cached since 2672s ago] ()
2026-03-01 12:37:30,659 - sqlalchemy.engine.Engine - INFO - ROLLBACK
2026-03-01 12:37:30,660 - sqlalchemy.engine.Engine - INFO - ROLLBACK
2026-03-01 12:37:49,884 - sqlalchemy.engine.Engine - INFO - BEGIN (implicit)
2026-03-01 12:37:49,885 - sqlalchemy.engine.Engine - INFO - SELECT orders.id, orders.client_id, orders.status, orders.warehouse, orders.service_datetime, orders.delivery_datetime, orders.promise, orders.marker_color, orders.address_id, orders.address_text, orders.created_at, orders.updated_at 
FROM orders 
 LIMIT $1::INTEGER OFFSET $2::INTEGER
2026-03-01 12:37:49,885 - sqlalchemy.engine.Engine - INFO - [cached since 4492s ago] (100, 0)
2026-03-01 12:37:49,886 - sqlalchemy.engine.Engine - INFO - SELECT finance.order_id AS finance_order_id, finance.id AS finance_id, finance.revenue AS finance_revenue, finance.cost_of_goods AS finance_cost_of_goods, finance.installer_payments AS finance_installer_payments, finance.expenses AS finance_expenses, finance.warranty_costs_oleg AS finance_warranty_costs_oleg, finance.warranty_costs_installer AS finance_warranty_costs_installer, finance.profit AS finance_profit, finance.created_at AS finance_created_at, finance.updated_at AS finance_updated_at 
FROM finance 
WHERE finance.order_id IN ($1::INTEGER, $2::INTEGER)
2026-03-01 12:37:49,886 - sqlalchemy.engine.Engine - INFO - [cached since 4492s ago] (1, 2)
2026-03-01 12:37:49,887 - sqlalchemy.engine.Engine - INFO - SELECT clients.id AS clients_id, clients.full_name AS clients_full_name, clients.phone AS clients_phone, clients.address AS clients_address, clients.coordinates AS clients_coordinates, clients.created_at AS clients_created_at, clients.last_contact AS clients_last_contact, clients.comments AS clients_comments, clients.updated_at AS clients_updated_at, clients.backup_phone AS clients_backup_phone, clients.deleted_at AS clients_deleted_at 
FROM clients 
WHERE clients.id IN ($1::INTEGER, $2::INTEGER)
2026-03-01 12:37:49,887 - sqlalchemy.engine.Engine - INFO - [cached since 4492s ago] (1, 2)
2026-03-01 12:37:49,889 - sqlalchemy.engine.Engine - INFO - SELECT address_cache.address AS address_cache_address, address_cache.lat AS address_cache_lat, address_cache.lon AS address_cache_lon, address_cache.updated_at AS address_cache_updated_at 
FROM address_cache 
WHERE address_cache.address IN ($1::VARCHAR, $2::VARCHAR)
2026-03-01 12:37:49,889 - sqlalchemy.engine.Engine - INFO - [cached since 4492s ago] ('Москва, ул. Тверская, д. 12, кв. 45', 'Россия, Московская область, Мытищи, улица Мира, 8')
2026-03-01 12:37:49,891 - sqlalchemy.engine.Engine - INFO - ROLLBACK
2026-03-01 12:37:49,892 - sqlalchemy.engine.Engine - INFO - BEGIN (implicit)
2026-03-01 12:37:49,892 - sqlalchemy.engine.Engine - INFO - SELECT orders.id, orders.client_id, orders.status, orders.warehouse, orders.service_datetime, orders.delivery_datetime, orders.promise, orders.marker_color, orders.address_id, orders.address_text, orders.created_at, orders.updated_at 
FROM orders 
 LIMIT $1::INTEGER OFFSET $2::INTEGER
2026-03-01 12:37:49,893 - sqlalchemy.engine.Engine - INFO - [cached since 4492s ago] (100, 0)
2026-03-01 12:37:49,894 - sqlalchemy.engine.Engine - INFO - SELECT finance.order_id AS finance_order_id, finance.id AS finance_id, finance.revenue AS finance_revenue, finance.cost_of_goods AS finance_cost_of_goods, finance.installer_payments AS finance_installer_payments, finance.expenses AS finance_expenses, finance.warranty_costs_oleg AS finance_warranty_costs_oleg, finance.warranty_costs_installer AS finance_warranty_costs_installer, finance.profit AS finance_profit, finance.created_at AS finance_created_at, finance.updated_at AS finance_updated_at 
FROM finance 
WHERE finance.order_id IN ($1::INTEGER, $2::INTEGER)
2026-03-01 12:37:49,894 - sqlalchemy.engine.Engine - INFO - [cached since 4492s ago] (1, 2)
2026-03-01 12:37:49,895 - sqlalchemy.engine.Engine - INFO - SELECT clients.id AS clients_id, clients.full_name AS clients_full_name, clients.phone AS clients_phone, clients.address AS clients_address, clients.coordinates AS clients_coordinates, clients.created_at AS clients_created_at, clients.last_contact AS clients_last_contact, clients.comments AS clients_comments, clients.updated_at AS clients_updated_at, clients.backup_phone AS clients_backup_phone, clients.deleted_at AS clients_deleted_at 
FROM clients 
WHERE clients.id IN ($1::INTEGER, $2::INTEGER)
2026-03-01 12:37:49,895 - sqlalchemy.engine.Engine - INFO - [cached since 4492s ago] (1, 2)
2026-03-01 12:37:49,896 - sqlalchemy.engine.Engine - INFO - SELECT address_cache.address AS address_cache_address, address_cache.lat AS address_cache_lat, address_cache.lon AS address_cache_lon, address_cache.updated_at AS address_cache_updated_at 
FROM address_cache 
WHERE address_cache.address IN ($1::VARCHAR, $2::VARCHAR)
2026-03-01 12:37:49,896 - sqlalchemy.engine.Engine - INFO - [cached since 4492s ago] ('Москва, ул. Тверская, д. 12, кв. 45', 'Россия, Московская область, Мытищи, улица Мира, 8')
2026-03-01 12:37:49,897 - sqlalchemy.engine.Engine - INFO - ROLLBACK
2026-03-01 12:37:55,004 - sqlalchemy.engine.Engine - INFO - BEGIN (implicit)
2026-03-01 12:37:55,005 - sqlalchemy.engine.Engine - INFO - SELECT admins.id, admins.username, admins.password_hash, admins.created_at 
FROM admins 
WHERE admins.username = $1::VARCHAR
2026-03-01 12:37:55,005 - sqlalchemy.engine.Engine - INFO - [cached since 4500s ago] ('zhura2296@yandex.ru',)
2026-03-01 12:37:55,005 - sqlalchemy.engine.Engine - INFO - BEGIN (implicit)
2026-03-01 12:37:55,006 - sqlalchemy.engine.Engine - INFO - SELECT admins.id, admins.username, admins.password_hash, admins.created_at 
FROM admins 
WHERE admins.username = $1::VARCHAR
2026-03-01 12:37:55,006 - sqlalchemy.engine.Engine - INFO - [cached since 4500s ago] ('zhura2296@yandex.ru',)
2026-03-01 12:37:55,008 - sqlalchemy.engine.Engine - INFO - SELECT clients.id, clients.full_name, clients.phone, clients.address, clients.coordinates, clients.created_at, clients.last_contact, clients.comments, clients.updated_at, clients.backup_phone, clients.deleted_at 
FROM clients 
 LIMIT $1::INTEGER OFFSET $2::INTEGER
2026-03-01 12:37:55,008 - sqlalchemy.engine.Engine - INFO - [cached since 4500s ago] (100, 0)
2026-03-01 12:37:55,008 - sqlalchemy.engine.Engine - INFO - SELECT installers.id, installers.full_name, installers.nickname, installers.phone, installers.backup_phone, installers.specialization, installers.rating, installers.base_price, installers.is_debtor, installers.comments, installers.is_active, installers.is_in_funnel, installers.total_orders, installers.poor_work_count, installers.warranty_visits_count, installers.last_incident_date, installers.updated_at, installers.created_at, installers.deleted_at 
FROM installers 
WHERE installers.deleted_at IS NULL 
 LIMIT $1::INTEGER OFFSET $2::INTEGER
2026-03-01 12:37:55,008 - sqlalchemy.engine.Engine - INFO - [cached since 4500s ago] (100, 0)
2026-03-01 12:37:55,009 - sqlalchemy.engine.Engine - INFO - ROLLBACK
2026-03-01 12:37:55,011 - sqlalchemy.engine.Engine - INFO - BEGIN (implicit)
2026-03-01 12:37:55,012 - sqlalchemy.engine.Engine - INFO - SELECT admins.id, admins.username, admins.password_hash, admins.created_at 
FROM admins 
WHERE admins.username = $1::VARCHAR
2026-03-01 12:37:55,012 - sqlalchemy.engine.Engine - INFO - [cached since 4500s ago] ('zhura2296@yandex.ru',)
2026-03-01 12:37:55,013 - sqlalchemy.engine.Engine - INFO - ROLLBACK
2026-03-01 12:37:55,013 - sqlalchemy.engine.Engine - INFO - BEGIN (implicit)
2026-03-01 12:37:55,013 - sqlalchemy.engine.Engine - INFO - SELECT admins.id, admins.username, admins.password_hash, admins.created_at 
FROM admins 
WHERE admins.username = $1::VARCHAR
2026-03-01 12:37:55,013 - sqlalchemy.engine.Engine - INFO - [cached since 4500s ago] ('zhura2296@yandex.ru',)
2026-03-01 12:37:55,014 - sqlalchemy.engine.Engine - INFO - SELECT clients.id, clients.full_name, clients.phone, clients.address, clients.coordinates, clients.created_at, clients.last_contact, clients.comments, clients.updated_at, clients.backup_phone, clients.deleted_at 
FROM clients 
 LIMIT $1::INTEGER OFFSET $2::INTEGER
2026-03-01 12:37:55,014 - sqlalchemy.engine.Engine - INFO - [cached since 4500s ago] (100, 0)
2026-03-01 12:37:55,015 - sqlalchemy.engine.Engine - INFO - SELECT installers.id, installers.full_name, installers.nickname, installers.phone, installers.backup_phone, installers.specialization, installers.rating, installers.base_price, installers.is_debtor, installers.comments, installers.is_active, installers.is_in_funnel, installers.total_orders, installers.poor_work_count, installers.warranty_visits_count, installers.last_incident_date, installers.updated_at, installers.created_at, installers.deleted_at 
FROM installers 
WHERE installers.deleted_at IS NULL 
 LIMIT $1::INTEGER OFFSET $2::INTEGER
2026-03-01 12:37:55,015 - sqlalchemy.engine.Engine - INFO - [cached since 4500s ago] (100, 0)
2026-03-01 12:37:55,016 - sqlalchemy.engine.Engine - INFO - ROLLBACK
2026-03-01 12:37:55,016 - sqlalchemy.engine.Engine - INFO - ROLLBACK
2026-03-01 12:37:58,374 - sqlalchemy.engine.Engine - INFO - BEGIN (implicit)
2026-03-01 12:37:58,374 - sqlalchemy.engine.Engine - INFO - SELECT orders.id, orders.client_id, orders.status, orders.warehouse, orders.service_datetime, orders.delivery_datetime, orders.promise, orders.marker_color, orders.address_id, orders.address_text, orders.created_at, orders.updated_at 
FROM orders 
 LIMIT $1::INTEGER OFFSET $2::INTEGER
2026-03-01 12:37:58,374 - sqlalchemy.engine.Engine - INFO - [cached since 4501s ago] (100, 0)
2026-03-01 12:37:58,375 - sqlalchemy.engine.Engine - INFO - SELECT finance.order_id AS finance_order_id, finance.id AS finance_id, finance.revenue AS finance_revenue, finance.cost_of_goods AS finance_cost_of_goods, finance.installer_payments AS finance_installer_payments, finance.expenses AS finance_expenses, finance.warranty_costs_oleg AS finance_warranty_costs_oleg, finance.warranty_costs_installer AS finance_warranty_costs_installer, finance.profit AS finance_profit, finance.created_at AS finance_created_at, finance.updated_at AS finance_updated_at 
FROM finance 
WHERE finance.order_id IN ($1::INTEGER, $2::INTEGER)
2026-03-01 12:37:58,375 - sqlalchemy.engine.Engine - INFO - [cached since 4501s ago] (1, 2)
2026-03-01 12:37:58,376 - sqlalchemy.engine.Engine - INFO - SELECT clients.id AS clients_id, clients.full_name AS clients_full_name, clients.phone AS clients_phone, clients.address AS clients_address, clients.coordinates AS clients_coordinates, clients.created_at AS clients_created_at, clients.last_contact AS clients_last_contact, clients.comments AS clients_comments, clients.updated_at AS clients_updated_at, clients.backup_phone AS clients_backup_phone, clients.deleted_at AS clients_deleted_at 
FROM clients 
WHERE clients.id IN ($1::INTEGER, $2::INTEGER)
2026-03-01 12:37:58,376 - sqlalchemy.engine.Engine - INFO - [cached since 4501s ago] (1, 2)
2026-03-01 12:37:58,377 - sqlalchemy.engine.Engine - INFO - SELECT address_cache.address AS address_cache_address, address_cache.lat AS address_cache_lat, address_cache.lon AS address_cache_lon, address_cache.updated_at AS address_cache_updated_at 
FROM address_cache 
WHERE address_cache.address IN ($1::VARCHAR, $2::VARCHAR)
2026-03-01 12:37:58,377 - sqlalchemy.engine.Engine - INFO - [cached since 4501s ago] ('Москва, ул. Тверская, д. 12, кв. 45', 'Россия, Московская область, Мытищи, улица Мира, 8')
2026-03-01 12:37:58,378 - sqlalchemy.engine.Engine - INFO - ROLLBACK
2026-03-01 12:37:58,378 - sqlalchemy.engine.Engine - INFO - BEGIN (implicit)
2026-03-01 12:37:58,378 - sqlalchemy.engine.Engine - INFO - SELECT orders.id, orders.client_id, orders.status, orders.warehouse, orders.service_datetime, orders.delivery_datetime, orders.promise, orders.marker_color, orders.address_id, orders.address_text, orders.created_at, orders.updated_at 
FROM orders 
 LIMIT $1::INTEGER OFFSET $2::INTEGER
2026-03-01 12:37:58,378 - sqlalchemy.engine.Engine - INFO - [cached since 4501s ago] (100, 0)
2026-03-01 12:37:58,387 - sqlalchemy.engine.Engine - INFO - SELECT finance.order_id AS finance_order_id, finance.id AS finance_id, finance.revenue AS finance_revenue, finance.cost_of_goods AS finance_cost_of_goods, finance.installer_payments AS finance_installer_payments, finance.expenses AS finance_expenses, finance.warranty_costs_oleg AS finance_warranty_costs_oleg, finance.warranty_costs_installer AS finance_warranty_costs_installer, finance.profit AS finance_profit, finance.created_at AS finance_created_at, finance.updated_at AS finance_updated_at 
FROM finance 
WHERE finance.order_id IN ($1::INTEGER, $2::INTEGER)
2026-03-01 12:37:58,387 - sqlalchemy.engine.Engine - INFO - [cached since 4501s ago] (1, 2)
2026-03-01 12:37:58,389 - sqlalchemy.engine.Engine - INFO - SELECT clients.id AS clients_id, clients.full_name AS clients_full_name, clients.phone AS clients_phone, clients.address AS clients_address, clients.coordinates AS clients_coordinates, clients.created_at AS clients_created_at, clients.last_contact AS clients_last_contact, clients.comments AS clients_comments, clients.updated_at AS clients_updated_at, clients.backup_phone AS clients_backup_phone, clients.deleted_at AS clients_deleted_at 
FROM clients 
WHERE clients.id IN ($1::INTEGER, $2::INTEGER)
2026-03-01 12:37:58,389 - sqlalchemy.engine.Engine - INFO - [cached since 4501s ago] (1, 2)
2026-03-01 12:37:58,390 - sqlalchemy.engine.Engine - INFO - SELECT address_cache.address AS address_cache_address, address_cache.lat AS address_cache_lat, address_cache.lon AS address_cache_lon, address_cache.updated_at AS address_cache_updated_at 
FROM address_cache 
WHERE address_cache.address IN ($1::VARCHAR, $2::VARCHAR)
2026-03-01 12:37:58,390 - sqlalchemy.engine.Engine - INFO - [cached since 4501s ago] ('Москва, ул. Тверская, д. 12, кв. 45', 'Россия, Московская область, Мытищи, улица Мира, 8')
2026-03-01 12:37:58,391 - sqlalchemy.engine.Engine - INFO - ROLLBACK
2026-03-01 12:37:59,955 - sqlalchemy.engine.Engine - INFO - BEGIN (implicit)
2026-03-01 12:37:59,955 - sqlalchemy.engine.Engine - INFO - SELECT admins.id, admins.username, admins.password_hash, admins.created_at 
FROM admins 
WHERE admins.username = $1::VARCHAR
2026-03-01 12:37:59,956 - sqlalchemy.engine.Engine - INFO - [cached since 4505s ago] ('zhura2296@yandex.ru',)
2026-03-01 12:37:59,957 - sqlalchemy.engine.Engine - INFO - SELECT installers.id, installers.full_name, installers.nickname, installers.phone, installers.backup_phone, installers.specialization, installers.rating, installers.base_price, installers.is_debtor, installers.comments, installers.is_active, installers.is_in_funnel, installers.total_orders, installers.poor_work_count, installers.warranty_visits_count, installers.last_incident_date, installers.updated_at, installers.created_at, installers.deleted_at 
FROM installers 
WHERE installers.deleted_at IS NULL 
 LIMIT $1::INTEGER OFFSET $2::INTEGER
2026-03-01 12:37:59,957 - sqlalchemy.engine.Engine - INFO - [cached since 4505s ago] (100, 0)
2026-03-01 12:37:59,959 - sqlalchemy.engine.Engine - INFO - BEGIN (implicit)
2026-03-01 12:37:59,959 - sqlalchemy.engine.Engine - INFO - SELECT orders.id, orders.client_id, orders.status, orders.warehouse, orders.service_datetime, orders.delivery_datetime, orders.promise, orders.marker_color, orders.address_id, orders.address_text, orders.created_at, orders.updated_at 
FROM orders 
WHERE orders.id = $1::INTEGER
2026-03-01 12:37:59,959 - sqlalchemy.engine.Engine - INFO - [cached since 4127s ago] (1,)
2026-03-01 12:37:59,960 - sqlalchemy.engine.Engine - INFO - ROLLBACK
2026-03-01 12:37:59,961 - sqlalchemy.engine.Engine - INFO - SELECT payments.order_id AS payments_order_id, payments.id AS payments_id, payments.payment_type AS payments_payment_type, payments.installer_id AS payments_installer_id, payments.amount AS payments_amount, payments.payment_date AS payments_payment_date, payments.description AS payments_description, payments.created_at AS payments_created_at, payments.updated_at AS payments_updated_at 
FROM payments 
WHERE payments.order_id IN ($1::INTEGER)
2026-03-01 12:37:59,961 - sqlalchemy.engine.Engine - INFO - [cached since 4127s ago] (1,)
2026-03-01 12:37:59,962 - sqlalchemy.engine.Engine - INFO - BEGIN (implicit)
2026-03-01 12:37:59,962 - sqlalchemy.engine.Engine - INFO - SELECT admins.id, admins.username, admins.password_hash, admins.created_at 
FROM admins 
WHERE admins.username = $1::VARCHAR
2026-03-01 12:37:59,962 - sqlalchemy.engine.Engine - INFO - [cached since 4505s ago] ('zhura2296@yandex.ru',)
2026-03-01 12:37:59,963 - sqlalchemy.engine.Engine - INFO - SELECT finance.order_id AS finance_order_id, finance.id AS finance_id, finance.revenue AS finance_revenue, finance.cost_of_goods AS finance_cost_of_goods, finance.installer_payments AS finance_installer_payments, finance.expenses AS finance_expenses, finance.warranty_costs_oleg AS finance_warranty_costs_oleg, finance.warranty_costs_installer AS finance_warranty_costs_installer, finance.profit AS finance_profit, finance.created_at AS finance_created_at, finance.updated_at AS finance_updated_at 
FROM finance 
WHERE finance.order_id IN ($1::INTEGER)
2026-03-01 12:37:59,963 - sqlalchemy.engine.Engine - INFO - [cached since 4127s ago] (1,)
2026-03-01 12:37:59,963 - sqlalchemy.engine.Engine - INFO - SELECT clients.id AS clients_id, clients.full_name AS clients_full_name, clients.phone AS clients_phone, clients.address AS clients_address, clients.coordinates AS clients_coordinates, clients.created_at AS clients_created_at, clients.last_contact AS clients_last_contact, clients.comments AS clients_comments, clients.updated_at AS clients_updated_at, clients.backup_phone AS clients_backup_phone, clients.deleted_at AS clients_deleted_at 
FROM clients 
WHERE clients.id IN ($1::INTEGER)
2026-03-01 12:37:59,964 - sqlalchemy.engine.Engine - INFO - [cached since 4127s ago] (1,)
2026-03-01 12:37:59,964 - sqlalchemy.engine.Engine - INFO - SELECT installers.id, installers.full_name, installers.nickname, installers.phone, installers.backup_phone, installers.specialization, installers.rating, installers.base_price, installers.is_debtor, installers.comments, installers.is_active, installers.is_in_funnel, installers.total_orders, installers.poor_work_count, installers.warranty_visits_count, installers.last_incident_date, installers.updated_at, installers.created_at, installers.deleted_at 
FROM installers 
WHERE installers.deleted_at IS NULL 
 LIMIT $1::INTEGER OFFSET $2::INTEGER
2026-03-01 12:37:59,964 - sqlalchemy.engine.Engine - INFO - [cached since 4505s ago] (100, 0)
2026-03-01 12:37:59,965 - sqlalchemy.engine.Engine - INFO - SELECT address_cache.address AS address_cache_address, address_cache.lat AS address_cache_lat, address_cache.lon AS address_cache_lon, address_cache.updated_at AS address_cache_updated_at 
FROM address_cache 
WHERE address_cache.address IN ($1::VARCHAR)
2026-03-01 12:37:59,965 - sqlalchemy.engine.Engine - INFO - [cached since 4127s ago] ('Москва, ул. Тверская, д. 12, кв. 45',)
2026-03-01 12:37:59,966 - sqlalchemy.engine.Engine - INFO - SELECT order_items.order_id AS order_items_order_id, order_items.id AS order_items_id, order_items.item_type AS order_items_item_type, order_items.name AS order_items_name, order_items.quantity AS order_items_quantity, order_items.purchase_price AS order_items_purchase_price, order_items.sale_price AS order_items_sale_price, order_items.warranty_manufacturer AS order_items_warranty_manufacturer, order_items.warranty_master AS order_items_warranty_master, order_items.sort_order AS order_items_sort_order, order_items.created_at AS order_items_created_at, order_items.updated_at AS order_items_updated_at 
FROM order_items 
WHERE order_items.order_id IN ($1::INTEGER)
2026-03-01 12:37:59,966 - sqlalchemy.engine.Engine - INFO - [cached since 4127s ago] (1,)
2026-03-01 12:37:59,966 - sqlalchemy.engine.Engine - INFO - ROLLBACK
2026-03-01 12:37:59,966 - sqlalchemy.engine.Engine - INFO - SELECT order_installers.order_id AS order_installers_order_id, order_installers.id AS order_installers_id, order_installers.installer_id AS order_installers_installer_id, order_installers.role AS order_installers_role, order_installers.base_payment AS order_installers_base_payment, order_installers.is_primary AS order_installers_is_primary, order_installers.created_at AS order_installers_created_at, order_installers.updated_at AS order_installers_updated_at 
FROM order_installers 
WHERE order_installers.order_id IN ($1::INTEGER)
2026-03-01 12:37:59,966 - sqlalchemy.engine.Engine - INFO - [cached since 4127s ago] (1,)
2026-03-01 12:37:59,967 - sqlalchemy.engine.Engine - INFO - SELECT order_expenses.order_id AS order_expenses_order_id, order_expenses.id AS order_expenses_id, order_expenses.amount AS order_expenses_amount, order_expenses.description AS order_expenses_description, order_expenses.expense_date AS order_expenses_expense_date, order_expenses.category AS order_expenses_category, order_expenses.created_at AS order_expenses_created_at, order_expenses.updated_at AS order_expenses_updated_at 
FROM order_expenses 
WHERE order_expenses.order_id IN ($1::INTEGER)
2026-03-01 12:37:59,967 - sqlalchemy.engine.Engine - INFO - [cached since 4127s ago] (1,)
2026-03-01 12:37:59,968 - sqlalchemy.engine.Engine - INFO - ROLLBACK
2026-03-01 12:37:59,969 - sqlalchemy.engine.Engine - INFO - BEGIN (implicit)
2026-03-01 12:37:59,969 - sqlalchemy.engine.Engine - INFO - SELECT orders.id, orders.client_id, orders.status, orders.warehouse, orders.service_datetime, orders.delivery_datetime, orders.promise, orders.marker_color, orders.address_id, orders.address_text, orders.created_at, orders.updated_at 
FROM orders 
WHERE orders.id = $1::INTEGER
2026-03-01 12:37:59,969 - sqlalchemy.engine.Engine - INFO - [cached since 4127s ago] (1,)
2026-03-01 12:37:59,970 - sqlalchemy.engine.Engine - INFO - SELECT payments.order_id AS payments_order_id, payments.id AS payments_id, payments.payment_type AS payments_payment_type, payments.installer_id AS payments_installer_id, payments.amount AS payments_amount, payments.payment_date AS payments_payment_date, payments.description AS payments_description, payments.created_at AS payments_created_at, payments.updated_at AS payments_updated_at 
FROM payments 
WHERE payments.order_id IN ($1::INTEGER)
2026-03-01 12:37:59,970 - sqlalchemy.engine.Engine - INFO - [cached since 4127s ago] (1,)
2026-03-01 12:37:59,971 - sqlalchemy.engine.Engine - INFO - SELECT finance.order_id AS finance_order_id, finance.id AS finance_id, finance.revenue AS finance_revenue, finance.cost_of_goods AS finance_cost_of_goods, finance.installer_payments AS finance_installer_payments, finance.expenses AS finance_expenses, finance.warranty_costs_oleg AS finance_warranty_costs_oleg, finance.warranty_costs_installer AS finance_warranty_costs_installer, finance.profit AS finance_profit, finance.created_at AS finance_created_at, finance.updated_at AS finance_updated_at 
FROM finance 
WHERE finance.order_id IN ($1::INTEGER)
2026-03-01 12:37:59,971 - sqlalchemy.engine.Engine - INFO - [cached since 4127s ago] (1,)
2026-03-01 12:37:59,972 - sqlalchemy.engine.Engine - INFO - SELECT clients.id AS clients_id, clients.full_name AS clients_full_name, clients.phone AS clients_phone, clients.address AS clients_address, clients.coordinates AS clients_coordinates, clients.created_at AS clients_created_at, clients.last_contact AS clients_last_contact, clients.comments AS clients_comments, clients.updated_at AS clients_updated_at, clients.backup_phone AS clients_backup_phone, clients.deleted_at AS clients_deleted_at 
FROM clients 
WHERE clients.id IN ($1::INTEGER)
2026-03-01 12:37:59,972 - sqlalchemy.engine.Engine - INFO - [cached since 4127s ago] (1,)
2026-03-01 12:37:59,973 - sqlalchemy.engine.Engine - INFO - SELECT address_cache.address AS address_cache_address, address_cache.lat AS address_cache_lat, address_cache.lon AS address_cache_lon, address_cache.updated_at AS address_cache_updated_at 
FROM address_cache 
WHERE address_cache.address IN ($1::VARCHAR)
2026-03-01 12:37:59,973 - sqlalchemy.engine.Engine - INFO - [cached since 4127s ago] ('Москва, ул. Тверская, д. 12, кв. 45',)
2026-03-01 12:37:59,974 - sqlalchemy.engine.Engine - INFO - SELECT order_items.order_id AS order_items_order_id, order_items.id AS order_items_id, order_items.item_type AS order_items_item_type, order_items.name AS order_items_name, order_items.quantity AS order_items_quantity, order_items.purchase_price AS order_items_purchase_price, order_items.sale_price AS order_items_sale_price, order_items.warranty_manufacturer AS order_items_warranty_manufacturer, order_items.warranty_master AS order_items_warranty_master, order_items.sort_order AS order_items_sort_order, order_items.created_at AS order_items_created_at, order_items.updated_at AS order_items_updated_at 
FROM order_items 
WHERE order_items.order_id IN ($1::INTEGER)
2026-03-01 12:37:59,974 - sqlalchemy.engine.Engine - INFO - [cached since 4127s ago] (1,)
2026-03-01 12:37:59,978 - sqlalchemy.engine.Engine - INFO - SELECT order_installers.order_id AS order_installers_order_id, order_installers.id AS order_installers_id, order_installers.installer_id AS order_installers_installer_id, order_installers.role AS order_installers_role, order_installers.base_payment AS order_installers_base_payment, order_installers.is_primary AS order_installers_is_primary, order_installers.created_at AS order_installers_created_at, order_installers.updated_at AS order_installers_updated_at 
FROM order_installers 
WHERE order_installers.order_id IN ($1::INTEGER)
2026-03-01 12:37:59,979 - sqlalchemy.engine.Engine - INFO - [cached since 4127s ago] (1,)
2026-03-01 12:37:59,980 - sqlalchemy.engine.Engine - INFO - SELECT order_expenses.order_id AS order_expenses_order_id, order_expenses.id AS order_expenses_id, order_expenses.amount AS order_expenses_amount, order_expenses.description AS order_expenses_description, order_expenses.expense_date AS order_expenses_expense_date, order_expenses.category AS order_expenses_category, order_expenses.created_at AS order_expenses_created_at, order_expenses.updated_at AS order_expenses_updated_at 
FROM order_expenses 
WHERE order_expenses.order_id IN ($1::INTEGER)
2026-03-01 12:37:59,980 - sqlalchemy.engine.Engine - INFO - [cached since 4127s ago] (1,)
2026-03-01 12:37:59,981 - sqlalchemy.engine.Engine - INFO - ROLLBACK
2026-03-01 16:52:19,427 - src.core.logging - INFO - Starting CRM application
2026-03-01 16:52:19,428 - apscheduler.scheduler - INFO - Adding job tentatively -- it will be properly scheduled when the scheduler starts
2026-03-01 16:52:19,428 - apscheduler.scheduler - INFO - Adding job tentatively -- it will be properly scheduled when the scheduler starts
2026-03-01 16:52:19,428 - apscheduler.scheduler - INFO - Adding job tentatively -- it will be properly scheduled when the scheduler starts
2026-03-01 16:52:19,428 - apscheduler.scheduler - INFO - Adding job tentatively -- it will be properly scheduled when the scheduler starts
2026-03-01 16:52:19,429 - apscheduler.scheduler - INFO - Added job "send_daily_reminder" to job store "default"
2026-03-01 16:52:19,429 - apscheduler.scheduler - INFO - Added job "daily_weather_collection" to job store "default"
2026-03-01 16:52:19,429 - apscheduler.scheduler - INFO - Added job "run_training" to job store "default"
2026-03-01 16:52:19,429 - apscheduler.scheduler - INFO - Added job "daily_backup_and_report" to job store "default"
2026-03-01 16:52:19,429 - apscheduler.scheduler - INFO - Scheduler started
2026-03-01 16:52:19,429 - src.core.logging - INFO - Scheduler started
2026-03-01 16:57:03,409 - sqlalchemy.engine.Engine - INFO - select pg_catalog.version()
2026-03-01 16:57:03,410 - sqlalchemy.engine.Engine - INFO - [raw sql] ()
2026-03-01 16:57:03,412 - sqlalchemy.engine.Engine - INFO - select current_schema()
2026-03-01 16:57:03,412 - sqlalchemy.engine.Engine - INFO - [raw sql] ()
2026-03-01 16:57:03,413 - sqlalchemy.engine.Engine - INFO - show standard_conforming_strings
2026-03-01 16:57:03,413 - sqlalchemy.engine.Engine - INFO - [raw sql] ()
2026-03-01 16:57:03,414 - sqlalchemy.engine.Engine - INFO - BEGIN (implicit)
2026-03-01 16:57:03,434 - sqlalchemy.engine.Engine - INFO - SELECT admins.id, admins.username, admins.password_hash, admins.created_at 
FROM admins 
WHERE admins.username = $1::VARCHAR
2026-03-01 16:57:03,434 - sqlalchemy.engine.Engine - INFO - [generated in 0.00017s] ('zhura2296@yandex.ru',)
2026-03-01 16:57:03,702 - sqlalchemy.engine.Engine - INFO - ROLLBACK
2026-03-01 16:57:03,856 - sqlalchemy.engine.Engine - INFO - BEGIN (implicit)
2026-03-01 16:57:03,857 - sqlalchemy.engine.Engine - INFO - SELECT admins.id, admins.username, admins.password_hash, admins.created_at 
FROM admins 
WHERE admins.username = $1::VARCHAR
2026-03-01 16:57:03,857 - sqlalchemy.engine.Engine - INFO - [cached since 0.4223s ago] ('zhura2296@yandex.ru',)
2026-03-01 16:57:03,860 - sqlalchemy.engine.Engine - INFO - SELECT clients.id, clients.full_name, clients.phone, clients.address, clients.coordinates, clients.created_at, clients.last_contact, clients.comments, clients.updated_at, clients.backup_phone, clients.deleted_at 
FROM clients 
 LIMIT $1::INTEGER OFFSET $2::INTEGER
2026-03-01 16:57:03,860 - sqlalchemy.engine.Engine - INFO - [generated in 0.00020s] (100, 0)
2026-03-01 16:57:03,880 - sqlalchemy.engine.Engine - INFO - ROLLBACK
2026-03-01 16:57:03,883 - sqlalchemy.engine.Engine - INFO - BEGIN (implicit)
2026-03-01 16:57:03,883 - sqlalchemy.engine.Engine - INFO - SELECT admins.id, admins.username, admins.password_hash, admins.created_at 
FROM admins 
WHERE admins.username = $1::VARCHAR
2026-03-01 16:57:03,883 - sqlalchemy.engine.Engine - INFO - [cached since 0.4486s ago] ('zhura2296@yandex.ru',)
2026-03-01 16:57:03,902 - sqlalchemy.engine.Engine - INFO - SELECT installers.id, installers.full_name, installers.nickname, installers.phone, installers.backup_phone, installers.specialization, installers.rating, installers.base_price, installers.is_debtor, installers.comments, installers.is_active, installers.is_in_funnel, installers.total_orders, installers.poor_work_count, installers.warranty_visits_count, installers.last_incident_date, installers.updated_at, installers.created_at, installers.deleted_at 
FROM installers 
WHERE installers.deleted_at IS NULL 
 LIMIT $1::INTEGER OFFSET $2::INTEGER
2026-03-01 16:57:03,902 - sqlalchemy.engine.Engine - INFO - [generated in 0.00018s] (100, 0)
2026-03-01 16:57:03,905 - sqlalchemy.engine.Engine - INFO - BEGIN (implicit)
2026-03-01 16:57:03,905 - sqlalchemy.engine.Engine - INFO - SELECT admins.id, admins.username, admins.password_hash, admins.created_at 
FROM admins 
WHERE admins.username = $1::VARCHAR
2026-03-01 16:57:03,906 - sqlalchemy.engine.Engine - INFO - [cached since 0.4712s ago] ('zhura2296@yandex.ru',)
2026-03-01 16:57:03,906 - sqlalchemy.engine.Engine - INFO - BEGIN (implicit)
2026-03-01 16:57:03,907 - sqlalchemy.engine.Engine - INFO - SELECT admins.id, admins.username, admins.password_hash, admins.created_at 
FROM admins 
WHERE admins.username = $1::VARCHAR
2026-03-01 16:57:03,907 - sqlalchemy.engine.Engine - INFO - [cached since 0.4724s ago] ('zhura2296@yandex.ru',)
2026-03-01 16:57:03,907 - sqlalchemy.engine.Engine - INFO - ROLLBACK
2026-03-01 16:57:03,908 - sqlalchemy.engine.Engine - INFO - SELECT installers.id, installers.full_name, installers.nickname, installers.phone, installers.backup_phone, installers.specialization, installers.rating, installers.base_price, installers.is_debtor, installers.comments, installers.is_active, installers.is_in_funnel, installers.total_orders, installers.poor_work_count, installers.warranty_visits_count, installers.last_incident_date, installers.updated_at, installers.created_at, installers.deleted_at 
FROM installers 
WHERE installers.deleted_at IS NULL 
 LIMIT $1::INTEGER OFFSET $2::INTEGER
2026-03-01 16:57:03,908 - sqlalchemy.engine.Engine - INFO - [cached since 0.006721s ago] (100, 0)
2026-03-01 16:57:03,910 - sqlalchemy.engine.Engine - INFO - SELECT clients.id, clients.full_name, clients.phone, clients.address, clients.coordinates, clients.created_at, clients.last_contact, clients.comments, clients.updated_at, clients.backup_phone, clients.deleted_at 
FROM clients 
 LIMIT $1::INTEGER OFFSET $2::INTEGER
2026-03-01 16:57:03,910 - sqlalchemy.engine.Engine - INFO - [cached since 0.04984s ago] (100, 0)
2026-03-01 16:57:03,911 - sqlalchemy.engine.Engine - INFO - ROLLBACK
2026-03-01 16:57:03,912 - sqlalchemy.engine.Engine - INFO - ROLLBACK
2026-03-01 17:02:49,724 - sqlalchemy.engine.Engine - INFO - BEGIN (implicit)
2026-03-01 17:02:49,725 - sqlalchemy.engine.Engine - INFO - SELECT admins.id, admins.username, admins.password_hash, admins.created_at 
FROM admins 
WHERE admins.username = $1::VARCHAR
2026-03-01 17:02:49,725 - sqlalchemy.engine.Engine - INFO - [cached since 346.3s ago] ('zhura2296@yandex.ru',)
2026-03-01 17:02:49,727 - sqlalchemy.engine.Engine - INFO - INSERT INTO clients (full_name, phone, address, coordinates, comments, updated_at, backup_phone, deleted_at) VALUES ($1::VARCHAR, $2::VARCHAR, $3::VARCHAR, $4, $5::VARCHAR, $6::TIMESTAMP WITH TIME ZONE, $7::VARCHAR, $8::TIMESTAMP WITH TIME ZONE) RETURNING clients.id, clients.created_at, clients.last_contact
2026-03-01 17:02:49,727 - sqlalchemy.engine.Engine - INFO - [generated in 0.00023s] ('Кузнецов Дмитрий Андреевич', '+79161112233', 'Россия, Москва, Ленинский проспект, 15, подъезд 3, кв. 78', None, 'Вход через арку, второй подъезд, код домофона 78В', None, '+79162223344', None)
2026-03-01 17:02:49,729 - sqlalchemy.engine.Engine - INFO - COMMIT
2026-03-01 17:02:49,731 - sqlalchemy.engine.Engine - INFO - BEGIN (implicit)
2026-03-01 17:02:49,732 - sqlalchemy.engine.Engine - INFO - SELECT clients.id, clients.full_name, clients.phone, clients.address, clients.coordinates, clients.created_at, clients.last_contact, clients.comments, clients.updated_at, clients.backup_phone, clients.deleted_at 
FROM clients 
WHERE clients.id = $1::INTEGER
2026-03-01 17:02:49,732 - sqlalchemy.engine.Engine - INFO - [generated in 0.00019s] (3,)
2026-03-01 17:02:49,734 - sqlalchemy.engine.Engine - INFO - ROLLBACK
2026-03-01 17:02:49,836 - sqlalchemy.engine.Engine - INFO - BEGIN (implicit)
2026-03-01 17:02:49,836 - sqlalchemy.engine.Engine - INFO - SELECT address_cache.address, address_cache.lat, address_cache.lon, address_cache.updated_at 
FROM address_cache 
WHERE address_cache.address = $1::VARCHAR
2026-03-01 17:02:49,836 - sqlalchemy.engine.Engine - INFO - [generated in 0.00012s] ('Россия, Москва, Ленинский проспект, 15, подъезд 3, кв. 78',)
2026-03-01 17:02:49,839 - sqlalchemy.engine.Engine - INFO - INSERT INTO address_cache (address, lat, lon) VALUES ($1::VARCHAR, $2::NUMERIC(10, 7), $3::NUMERIC(10, 7)) RETURNING address_cache.updated_at
2026-03-01 17:02:49,839 - sqlalchemy.engine.Engine - INFO - [generated in 0.00012s] ('Россия, Москва, Ленинский проспект, 15, подъезд 3, кв. 78', 55.7202, 37.600208)
2026-03-01 17:02:49,841 - sqlalchemy.engine.Engine - INFO - COMMIT
2026-03-01 17:02:49,841 - sqlalchemy.engine.Engine - INFO - BEGIN (implicit)
2026-03-01 17:02:49,842 - sqlalchemy.engine.Engine - INFO - SELECT address_cache.address, address_cache.lat, address_cache.lon, address_cache.updated_at 
FROM address_cache 
WHERE address_cache.address = $1::VARCHAR
2026-03-01 17:02:49,842 - sqlalchemy.engine.Engine - INFO - [generated in 0.00010s] ('Россия, Москва, Ленинский проспект, 15, подъезд 3, кв. 78',)
2026-03-01 17:02:49,844 - sqlalchemy.engine.Engine - INFO - INSERT INTO orders (client_id, status, warehouse, service_datetime, delivery_datetime, promise, marker_color, address_id, address_text) VALUES ($1::INTEGER, $2::order_status, $3::VARCHAR, $4::TIMESTAMP WITHOUT TIME ZONE, $5::TIMESTAMP WITHOUT TIME ZONE, $6::VARCHAR, $7::VARCHAR, $8::VARCHAR, $9::VARCHAR) RETURNING orders.id, orders.created_at, orders.updated_at
2026-03-01 17:02:49,844 - sqlalchemy.engine.Engine - INFO - [generated in 0.00012s] (3, 'Новый', 'Основной', datetime.datetime(2026, 3, 15, 14, 0), datetime.datetime(2026, 3, 14, 11, 0), 'Позвонить за 2 часа, не опаздывать', None, 'Россия, Москва, Ленинский проспект, 15, подъезд 3, кв. 78', 'Россия, Москва, Ленинский проспект, 15, подъезд 3, кв. 78')
2026-03-01 17:02:49,862 - sqlalchemy.engine.Engine - INFO - SELECT orders.id 
FROM orders 
WHERE orders.id = $1::INTEGER
2026-03-01 17:02:49,862 - sqlalchemy.engine.Engine - INFO - [generated in 0.00016s] (3,)
2026-03-01 17:02:49,864 - sqlalchemy.engine.Engine - INFO - SELECT order_installers.id AS order_installers_id, order_installers.order_id AS order_installers_order_id, order_installers.installer_id AS order_installers_installer_id, order_installers.role AS order_installers_role, order_installers.base_payment AS order_installers_base_payment, order_installers.is_primary AS order_installers_is_primary, order_installers.created_at AS order_installers_created_at, order_installers.updated_at AS order_installers_updated_at 
FROM order_installers 
WHERE $1::INTEGER = order_installers.order_id
2026-03-01 17:02:49,864 - sqlalchemy.engine.Engine - INFO - [generated in 0.00012s] (3,)
2026-03-01 17:02:49,866 - sqlalchemy.engine.Engine - INFO - SELECT finance.id AS finance_id, finance.order_id AS finance_order_id, finance.revenue AS finance_revenue, finance.cost_of_goods AS finance_cost_of_goods, finance.installer_payments AS finance_installer_payments, finance.expenses AS finance_expenses, finance.warranty_costs_oleg AS finance_warranty_costs_oleg, finance.warranty_costs_installer AS finance_warranty_costs_installer, finance.profit AS finance_profit, finance.created_at AS finance_created_at, finance.updated_at AS finance_updated_at 
FROM finance 
WHERE $1::INTEGER = finance.order_id
2026-03-01 17:02:49,866 - sqlalchemy.engine.Engine - INFO - [generated in 0.00011s] (3,)
2026-03-01 17:02:49,868 - sqlalchemy.engine.Engine - INFO - SELECT clients.id AS clients_id, clients.full_name AS clients_full_name, clients.phone AS clients_phone, clients.address AS clients_address, clients.coordinates AS clients_coordinates, clients.created_at AS clients_created_at, clients.last_contact AS clients_last_contact, clients.comments AS clients_comments, clients.updated_at AS clients_updated_at, clients.backup_phone AS clients_backup_phone, clients.deleted_at AS clients_deleted_at 
FROM clients 
WHERE clients.id = $1::INTEGER
2026-03-01 17:02:49,868 - sqlalchemy.engine.Engine - INFO - [generated in 0.00010s] (3,)
2026-03-01 17:02:49,869 - sqlalchemy.engine.Engine - INFO - COMMIT
2026-03-01 17:02:49,870 - sqlalchemy.engine.Engine - INFO - BEGIN (implicit)
2026-03-01 17:02:49,871 - sqlalchemy.engine.Engine - INFO - SELECT order_items.id AS order_items_id, order_items.order_id AS order_items_order_id, order_items.item_type AS order_items_item_type, order_items.name AS order_items_name, order_items.quantity AS order_items_quantity, order_items.purchase_price AS order_items_purchase_price, order_items.sale_price AS order_items_sale_price, order_items.warranty_manufacturer AS order_items_warranty_manufacturer, order_items.warranty_master AS order_items_warranty_master, order_items.sort_order AS order_items_sort_order, order_items.created_at AS order_items_created_at, order_items.updated_at AS order_items_updated_at 
FROM order_items 
WHERE $1::INTEGER = order_items.order_id
2026-03-01 17:02:49,872 - sqlalchemy.engine.Engine - INFO - [generated in 0.00017s] (3,)
2026-03-01 17:02:49,873 - sqlalchemy.engine.Engine - INFO - SELECT order_expenses.id AS order_expenses_id, order_expenses.order_id AS order_expenses_order_id, order_expenses.amount AS order_expenses_amount, order_expenses.description AS order_expenses_description, order_expenses.expense_date AS order_expenses_expense_date, order_expenses.category AS order_expenses_category, order_expenses.created_at AS order_expenses_created_at, order_expenses.updated_at AS order_expenses_updated_at 
FROM order_expenses 
WHERE $1::INTEGER = order_expenses.order_id
2026-03-01 17:02:49,873 - sqlalchemy.engine.Engine - INFO - [generated in 0.00019s] (3,)
2026-03-01 17:02:49,875 - sqlalchemy.engine.Engine - INFO - SELECT payments.id AS payments_id, payments.order_id AS payments_order_id, payments.payment_type AS payments_payment_type, payments.installer_id AS payments_installer_id, payments.amount AS payments_amount, payments.payment_date AS payments_payment_date, payments.description AS payments_description, payments.created_at AS payments_created_at, payments.updated_at AS payments_updated_at 
FROM payments 
WHERE $1::INTEGER = payments.order_id
2026-03-01 17:02:49,875 - sqlalchemy.engine.Engine - INFO - [generated in 0.00017s] (3,)
2026-03-01 17:02:49,875 - sqlalchemy.engine.Engine - INFO - ROLLBACK
2026-03-01 17:02:49,875 - src.core.logging - ERROR - Unhandled exception: 3 validation errors:
  {'type': 'get_attribute_error', 'loc': ('response', 'items'), 'msg': "Error extracting attribute: MissingGreenlet: greenlet_spawn has not been called; can't call await_only() here. Was IO attempted in an unexpected place? (Background on this error at: https://sqlalche.me/e/20/xd2s)", 'input': <src.models.orders.Order object at 0x77cd55c4be30>, 'ctx': {'error': "MissingGreenlet: greenlet_spawn has not been called; can't call await_only() here. Was IO attempted in an unexpected place? (Background on this error at: https://sqlalche.me/e/20/xd2s)"}, 'url': 'https://errors.pydantic.dev/2.5/v/get_attribute_error'}
  {'type': 'get_attribute_error', 'loc': ('response', 'expenses'), 'msg': "Error extracting attribute: MissingGreenlet: greenlet_spawn has not been called; can't call await_only() here. Was IO attempted in an unexpected place? (Background on this error at: https://sqlalche.me/e/20/xd2s)", 'input': <src.models.orders.Order object at 0x77cd55c4be30>, 'ctx': {'error': "MissingGreenlet: greenlet_spawn has not been called; can't call await_only() here. Was IO attempted in an unexpected place? (Background on this error at: https://sqlalche.me/e/20/xd2s)"}, 'url': 'https://errors.pydantic.dev/2.5/v/get_attribute_error'}
  {'type': 'get_attribute_error', 'loc': ('response', 'payments'), 'msg': "Error extracting attribute: MissingGreenlet: greenlet_spawn has not been called; can't call await_only() here. Was IO attempted in an unexpected place? (Background on this error at: https://sqlalche.me/e/20/xd2s)", 'input': <src.models.orders.Order object at 0x77cd55c4be30>, 'ctx': {'error': "MissingGreenlet: greenlet_spawn has not been called; can't call await_only() here. Was IO attempted in an unexpected place? (Background on this error at: https://sqlalche.me/e/20/xd2s)"}, 'url': 'https://errors.pydantic.dev/2.5/v/get_attribute_error'}
Traceback (most recent call last):
  File "/home/andre/Рабочий стол/OLEG_CRM/CRM/venv/lib/python3.12/site-packages/anyio/streams/memory.py", line 98, in receive
    return self.receive_nowait()
           ^^^^^^^^^^^^^^^^^^^^^
  File "/home/andre/Рабочий стол/OLEG_CRM/CRM/venv/lib/python3.12/site-packages/anyio/streams/memory.py", line 93, in receive_nowait
    raise WouldBlock
anyio.WouldBlock

During handling of the above exception, another exception occurred:

Traceback (most recent call last):
  File "/home/andre/Рабочий стол/OLEG_CRM/CRM/venv/lib/python3.12/site-packages/starlette/middleware/base.py", line 78, in call_next
    message = await recv_stream.receive()
              ^^^^^^^^^^^^^^^^^^^^^^^^^^^
  File "/home/andre/Рабочий стол/OLEG_CRM/CRM/venv/lib/python3.12/site-packages/anyio/streams/memory.py", line 118, in receive
    raise EndOfStream
anyio.EndOfStream

During handling of the above exception, another exception occurred:

Traceback (most recent call last):
  File "/home/andre/Рабочий стол/OLEG_CRM/CRM/backend/src/core/logging.py", line 49, in dispatch
    response = await call_next(request)
               ^^^^^^^^^^^^^^^^^^^^^^^^
  File "/home/andre/Рабочий стол/OLEG_CRM/CRM/venv/lib/python3.12/site-packages/starlette/middleware/base.py", line 84, in call_next
    raise app_exc
  File "/home/andre/Рабочий стол/OLEG_CRM/CRM/venv/lib/python3.12/site-packages/starlette/middleware/base.py", line 70, in coro
    await self.app(scope, receive_or_disconnect, send_no_error)
  File "/home/andre/Рабочий стол/OLEG_CRM/CRM/venv/lib/python3.12/site-packages/starlette/middleware/cors.py", line 91, in __call__
    await self.simple_response(scope, receive, send, request_headers=headers)
  File "/home/andre/Рабочий стол/OLEG_CRM/CRM/venv/lib/python3.12/site-packages/starlette/middleware/cors.py", line 146, in simple_response
    await self.app(scope, receive, send)
  File "/home/andre/Рабочий стол/OLEG_CRM/CRM/venv/lib/python3.12/site-packages/starlette/middleware/exceptions.py", line 79, in __call__
    raise exc
  File "/home/andre/Рабочий стол/OLEG_CRM/CRM/venv/lib/python3.12/site-packages/starlette/middleware/exceptions.py", line 68, in __call__
    await self.app(scope, receive, sender)
  File "/home/andre/Рабочий стол/OLEG_CRM/CRM/venv/lib/python3.12/site-packages/fastapi/middleware/asyncexitstack.py", line 20, in __call__
    raise e
  File "/home/andre/Рабочий стол/OLEG_CRM/CRM/venv/lib/python3.12/site-packages/fastapi/middleware/asyncexitstack.py", line 17, in __call__
    await self.app(scope, receive, send)
  File "/home/andre/Рабочий стол/OLEG_CRM/CRM/venv/lib/python3.12/site-packages/starlette/routing.py", line 718, in __call__
    await route.handle(scope, receive, send)
  File "/home/andre/Рабочий стол/OLEG_CRM/CRM/venv/lib/python3.12/site-packages/starlette/routing.py", line 276, in handle
    await self.app(scope, receive, send)
  File "/home/andre/Рабочий стол/OLEG_CRM/CRM/venv/lib/python3.12/site-packages/starlette/routing.py", line 66, in app
    response = await func(request)
               ^^^^^^^^^^^^^^^^^^^
  File "/home/andre/Рабочий стол/OLEG_CRM/CRM/venv/lib/python3.12/site-packages/fastapi/routing.py", line 292, in app
    content = await serialize_response(
              ^^^^^^^^^^^^^^^^^^^^^^^^^
  File "/home/andre/Рабочий стол/OLEG_CRM/CRM/venv/lib/python3.12/site-packages/fastapi/routing.py", line 155, in serialize_response
    raise ResponseValidationError(
fastapi.exceptions.ResponseValidationError: 3 validation errors:
  {'type': 'get_attribute_error', 'loc': ('response', 'items'), 'msg': "Error extracting attribute: MissingGreenlet: greenlet_spawn has not been called; can't call await_only() here. Was IO attempted in an unexpected place? (Background on this error at: https://sqlalche.me/e/20/xd2s)", 'input': <src.models.orders.Order object at 0x77cd55c4be30>, 'ctx': {'error': "MissingGreenlet: greenlet_spawn has not been called; can't call await_only() here. Was IO attempted in an unexpected place? (Background on this error at: https://sqlalche.me/e/20/xd2s)"}, 'url': 'https://errors.pydantic.dev/2.5/v/get_attribute_error'}
  {'type': 'get_attribute_error', 'loc': ('response', 'expenses'), 'msg': "Error extracting attribute: MissingGreenlet: greenlet_spawn has not been called; can't call await_only() here. Was IO attempted in an unexpected place? (Background on this error at: https://sqlalche.me/e/20/xd2s)", 'input': <src.models.orders.Order object at 0x77cd55c4be30>, 'ctx': {'error': "MissingGreenlet: greenlet_spawn has not been called; can't call await_only() here. Was IO attempted in an unexpected place? (Background on this error at: https://sqlalche.me/e/20/xd2s)"}, 'url': 'https://errors.pydantic.dev/2.5/v/get_attribute_error'}
  {'type': 'get_attribute_error', 'loc': ('response', 'payments'), 'msg': "Error extracting attribute: MissingGreenlet: greenlet_spawn has not been called; can't call await_only() here. Was IO attempted in an unexpected place? (Background on this error at: https://sqlalche.me/e/20/xd2s)", 'input': <src.models.orders.Order object at 0x77cd55c4be30>, 'ctx': {'error': "MissingGreenlet: greenlet_spawn has not been called; can't call await_only() here. Was IO attempted in an unexpected place? (Background on this error at: https://sqlalche.me/e/20/xd2s)"}, 'url': 'https://errors.pydantic.dev/2.5/v/get_attribute_error'}

2026-03-01 17:02:56,776 - sqlalchemy.engine.Engine - INFO - BEGIN (implicit)
2026-03-01 17:02:56,778 - sqlalchemy.engine.Engine - INFO - SELECT orders.id, orders.client_id, orders.status, orders.warehouse, orders.service_datetime, orders.delivery_datetime, orders.promise, orders.marker_color, orders.address_id, orders.address_text, orders.created_at, orders.updated_at 
FROM orders 
 LIMIT $1::INTEGER OFFSET $2::INTEGER
2026-03-01 17:02:56,779 - sqlalchemy.engine.Engine - INFO - [generated in 0.00015s] (100, 0)
2026-03-01 17:02:56,814 - sqlalchemy.engine.Engine - INFO - SELECT finance.order_id AS finance_order_id, finance.id AS finance_id, finance.revenue AS finance_revenue, finance.cost_of_goods AS finance_cost_of_goods, finance.installer_payments AS finance_installer_payments, finance.expenses AS finance_expenses, finance.warranty_costs_oleg AS finance_warranty_costs_oleg, finance.warranty_costs_installer AS finance_warranty_costs_installer, finance.profit AS finance_profit, finance.created_at AS finance_created_at, finance.updated_at AS finance_updated_at 
FROM finance 
WHERE finance.order_id IN ($1::INTEGER, $2::INTEGER, $3::INTEGER)
2026-03-01 17:02:56,814 - sqlalchemy.engine.Engine - INFO - [generated in 0.00022s] (1, 2, 3)
2026-03-01 17:02:56,817 - sqlalchemy.engine.Engine - INFO - SELECT clients.id AS clients_id, clients.full_name AS clients_full_name, clients.phone AS clients_phone, clients.address AS clients_address, clients.coordinates AS clients_coordinates, clients.created_at AS clients_created_at, clients.last_contact AS clients_last_contact, clients.comments AS clients_comments, clients.updated_at AS clients_updated_at, clients.backup_phone AS clients_backup_phone, clients.deleted_at AS clients_deleted_at 
FROM clients 
WHERE clients.id IN ($1::INTEGER, $2::INTEGER, $3::INTEGER)
2026-03-01 17:02:56,817 - sqlalchemy.engine.Engine - INFO - [generated in 0.00016s] (1, 2, 3)
2026-03-01 17:02:56,819 - sqlalchemy.engine.Engine - INFO - SELECT address_cache.address AS address_cache_address, address_cache.lat AS address_cache_lat, address_cache.lon AS address_cache_lon, address_cache.updated_at AS address_cache_updated_at 
FROM address_cache 
WHERE address_cache.address IN ($1::VARCHAR, $2::VARCHAR, $3::VARCHAR)
2026-03-01 17:02:56,819 - sqlalchemy.engine.Engine - INFO - [generated in 0.00015s] ('Москва, ул. Тверская, д. 12, кв. 45', 'Россия, Москва, Ленинский проспект, 15, подъезд 3, кв. 78', 'Россия, Московская область, Мытищи, улица Мира, 8')
2026-03-01 17:02:56,821 - sqlalchemy.engine.Engine - INFO - ROLLBACK
2026-03-01 17:02:56,822 - sqlalchemy.engine.Engine - INFO - BEGIN (implicit)
2026-03-01 17:02:56,822 - sqlalchemy.engine.Engine - INFO - SELECT orders.id, orders.client_id, orders.status, orders.warehouse, orders.service_datetime, orders.delivery_datetime, orders.promise, orders.marker_color, orders.address_id, orders.address_text, orders.created_at, orders.updated_at 
FROM orders 
 LIMIT $1::INTEGER OFFSET $2::INTEGER
2026-03-01 17:02:56,822 - sqlalchemy.engine.Engine - INFO - [cached since 0.04348s ago] (100, 0)
2026-03-01 17:02:56,823 - sqlalchemy.engine.Engine - INFO - SELECT finance.order_id AS finance_order_id, finance.id AS finance_id, finance.revenue AS finance_revenue, finance.cost_of_goods AS finance_cost_of_goods, finance.installer_payments AS finance_installer_payments, finance.expenses AS finance_expenses, finance.warranty_costs_oleg AS finance_warranty_costs_oleg, finance.warranty_costs_installer AS finance_warranty_costs_installer, finance.profit AS finance_profit, finance.created_at AS finance_created_at, finance.updated_at AS finance_updated_at 
FROM finance 
WHERE finance.order_id IN ($1::INTEGER, $2::INTEGER, $3::INTEGER)
2026-03-01 17:02:56,823 - sqlalchemy.engine.Engine - INFO - [cached since 0.008931s ago] (1, 2, 3)
2026-03-01 17:02:56,825 - sqlalchemy.engine.Engine - INFO - SELECT clients.id AS clients_id, clients.full_name AS clients_full_name, clients.phone AS clients_phone, clients.address AS clients_address, clients.coordinates AS clients_coordinates, clients.created_at AS clients_created_at, clients.last_contact AS clients_last_contact, clients.comments AS clients_comments, clients.updated_at AS clients_updated_at, clients.backup_phone AS clients_backup_phone, clients.deleted_at AS clients_deleted_at 
FROM clients 
WHERE clients.id IN ($1::INTEGER, $2::INTEGER, $3::INTEGER)
2026-03-01 17:02:56,825 - sqlalchemy.engine.Engine - INFO - [cached since 0.007682s ago] (1, 2, 3)
2026-03-01 17:02:56,826 - sqlalchemy.engine.Engine - INFO - SELECT address_cache.address AS address_cache_address, address_cache.lat AS address_cache_lat, address_cache.lon AS address_cache_lon, address_cache.updated_at AS address_cache_updated_at 
FROM address_cache 
WHERE address_cache.address IN ($1::VARCHAR, $2::VARCHAR, $3::VARCHAR)
2026-03-01 17:02:56,826 - sqlalchemy.engine.Engine - INFO - [cached since 0.006778s ago] ('Москва, ул. Тверская, д. 12, кв. 45', 'Россия, Москва, Ленинский проспект, 15, подъезд 3, кв. 78', 'Россия, Московская область, Мытищи, улица Мира, 8')
2026-03-01 17:02:56,828 - sqlalchemy.engine.Engine - INFO - ROLLBACK
2026-03-01 17:03:44,205 - sqlalchemy.engine.Engine - INFO - BEGIN (implicit)
2026-03-01 17:03:44,205 - sqlalchemy.engine.Engine - INFO - SELECT orders.id, orders.client_id, orders.status, orders.warehouse, orders.service_datetime, orders.delivery_datetime, orders.promise, orders.marker_color, orders.address_id, orders.address_text, orders.created_at, orders.updated_at 
FROM orders 
 LIMIT $1::INTEGER OFFSET $2::INTEGER
2026-03-01 17:03:44,205 - sqlalchemy.engine.Engine - INFO - [cached since 47.43s ago] (100, 0)
2026-03-01 17:03:44,216 - sqlalchemy.engine.Engine - INFO - SELECT finance.order_id AS finance_order_id, finance.id AS finance_id, finance.revenue AS finance_revenue, finance.cost_of_goods AS finance_cost_of_goods, finance.installer_payments AS finance_installer_payments, finance.expenses AS finance_expenses, finance.warranty_costs_oleg AS finance_warranty_costs_oleg, finance.warranty_costs_installer AS finance_warranty_costs_installer, finance.profit AS finance_profit, finance.created_at AS finance_created_at, finance.updated_at AS finance_updated_at 
FROM finance 
WHERE finance.order_id IN ($1::INTEGER, $2::INTEGER, $3::INTEGER)
2026-03-01 17:03:44,217 - sqlalchemy.engine.Engine - INFO - [cached since 47.4s ago] (1, 2, 3)
2026-03-01 17:03:44,219 - sqlalchemy.engine.Engine - INFO - SELECT clients.id AS clients_id, clients.full_name AS clients_full_name, clients.phone AS clients_phone, clients.address AS clients_address, clients.coordinates AS clients_coordinates, clients.created_at AS clients_created_at, clients.last_contact AS clients_last_contact, clients.comments AS clients_comments, clients.updated_at AS clients_updated_at, clients.backup_phone AS clients_backup_phone, clients.deleted_at AS clients_deleted_at 
FROM clients 
WHERE clients.id IN ($1::INTEGER, $2::INTEGER, $3::INTEGER)
2026-03-01 17:03:44,219 - sqlalchemy.engine.Engine - INFO - [cached since 47.4s ago] (1, 2, 3)
2026-03-01 17:03:44,222 - sqlalchemy.engine.Engine - INFO - SELECT address_cache.address AS address_cache_address, address_cache.lat AS address_cache_lat, address_cache.lon AS address_cache_lon, address_cache.updated_at AS address_cache_updated_at 
FROM address_cache 
WHERE address_cache.address IN ($1::VARCHAR, $2::VARCHAR, $3::VARCHAR)
2026-03-01 17:03:44,222 - sqlalchemy.engine.Engine - INFO - [cached since 47.4s ago] ('Москва, ул. Тверская, д. 12, кв. 45', 'Россия, Москва, Ленинский проспект, 15, подъезд 3, кв. 78', 'Россия, Московская область, Мытищи, улица Мира, 8')
2026-03-01 17:03:44,226 - sqlalchemy.engine.Engine - INFO - ROLLBACK
2026-03-01 17:03:44,227 - sqlalchemy.engine.Engine - INFO - BEGIN (implicit)
2026-03-01 17:03:44,228 - sqlalchemy.engine.Engine - INFO - SELECT orders.id, orders.client_id, orders.status, orders.warehouse, orders.service_datetime, orders.delivery_datetime, orders.promise, orders.marker_color, orders.address_id, orders.address_text, orders.created_at, orders.updated_at 
FROM orders 
 LIMIT $1::INTEGER OFFSET $2::INTEGER
2026-03-01 17:03:44,228 - sqlalchemy.engine.Engine - INFO - [cached since 47.45s ago] (100, 0)
2026-03-01 17:03:44,230 - sqlalchemy.engine.Engine - INFO - SELECT finance.order_id AS finance_order_id, finance.id AS finance_id, finance.revenue AS finance_revenue, finance.cost_of_goods AS finance_cost_of_goods, finance.installer_payments AS finance_installer_payments, finance.expenses AS finance_expenses, finance.warranty_costs_oleg AS finance_warranty_costs_oleg, finance.warranty_costs_installer AS finance_warranty_costs_installer, finance.profit AS finance_profit, finance.created_at AS finance_created_at, finance.updated_at AS finance_updated_at 
FROM finance 
WHERE finance.order_id IN ($1::INTEGER, $2::INTEGER, $3::INTEGER)
2026-03-01 17:03:44,230 - sqlalchemy.engine.Engine - INFO - [cached since 47.42s ago] (1, 2, 3)
2026-03-01 17:03:44,231 - sqlalchemy.engine.Engine - INFO - SELECT clients.id AS clients_id, clients.full_name AS clients_full_name, clients.phone AS clients_phone, clients.address AS clients_address, clients.coordinates AS clients_coordinates, clients.created_at AS clients_created_at, clients.last_contact AS clients_last_contact, clients.comments AS clients_comments, clients.updated_at AS clients_updated_at, clients.backup_phone AS clients_backup_phone, clients.deleted_at AS clients_deleted_at 
FROM clients 
WHERE clients.id IN ($1::INTEGER, $2::INTEGER, $3::INTEGER)
2026-03-01 17:03:44,232 - sqlalchemy.engine.Engine - INFO - [cached since 47.41s ago] (1, 2, 3)
2026-03-01 17:03:44,233 - sqlalchemy.engine.Engine - INFO - SELECT address_cache.address AS address_cache_address, address_cache.lat AS address_cache_lat, address_cache.lon AS address_cache_lon, address_cache.updated_at AS address_cache_updated_at 
FROM address_cache 
WHERE address_cache.address IN ($1::VARCHAR, $2::VARCHAR, $3::VARCHAR)
2026-03-01 17:03:44,233 - sqlalchemy.engine.Engine - INFO - [cached since 47.41s ago] ('Москва, ул. Тверская, д. 12, кв. 45', 'Россия, Москва, Ленинский проспект, 15, подъезд 3, кв. 78', 'Россия, Московская область, Мытищи, улица Мира, 8')
2026-03-01 17:03:44,234 - sqlalchemy.engine.Engine - INFO - ROLLBACK
2026-03-01 17:06:16,699 - sqlalchemy.engine.Engine - INFO - BEGIN (implicit)
2026-03-01 17:06:16,700 - sqlalchemy.engine.Engine - INFO - SELECT admins.id, admins.username, admins.password_hash, admins.created_at 
FROM admins 
WHERE admins.username = $1::VARCHAR
2026-03-01 17:06:16,700 - sqlalchemy.engine.Engine - INFO - [cached since 553.3s ago] ('zhura2296@yandex.ru',)
2026-03-01 17:06:16,702 - sqlalchemy.engine.Engine - INFO - BEGIN (implicit)
2026-03-01 17:06:16,704 - sqlalchemy.engine.Engine - INFO - SELECT orders.id, orders.client_id, orders.status, orders.warehouse, orders.service_datetime, orders.delivery_datetime, orders.promise, orders.marker_color, orders.address_id, orders.address_text, orders.created_at, orders.updated_at 
FROM orders 
WHERE orders.id = $1::INTEGER
2026-03-01 17:06:16,704 - sqlalchemy.engine.Engine - INFO - [generated in 0.00049s] (3,)
2026-03-01 17:06:16,706 - sqlalchemy.engine.Engine - INFO - SELECT installers.id, installers.full_name, installers.nickname, installers.phone, installers.backup_phone, installers.specialization, installers.rating, installers.base_price, installers.is_debtor, installers.comments, installers.is_active, installers.is_in_funnel, installers.total_orders, installers.poor_work_count, installers.warranty_visits_count, installers.last_incident_date, installers.updated_at, installers.created_at, installers.deleted_at 
FROM installers 
WHERE installers.deleted_at IS NULL 
 LIMIT $1::INTEGER OFFSET $2::INTEGER
2026-03-01 17:06:16,706 - sqlalchemy.engine.Engine - INFO - [cached since 552.8s ago] (100, 0)
2026-03-01 17:06:16,710 - sqlalchemy.engine.Engine - INFO - SELECT payments.order_id AS payments_order_id, payments.id AS payments_id, payments.payment_type AS payments_payment_type, payments.installer_id AS payments_installer_id, payments.amount AS payments_amount, payments.payment_date AS payments_payment_date, payments.description AS payments_description, payments.created_at AS payments_created_at, payments.updated_at AS payments_updated_at 
FROM payments 
WHERE payments.order_id IN ($1::INTEGER)
2026-03-01 17:06:16,711 - sqlalchemy.engine.Engine - INFO - [generated in 0.00053s] (3,)
2026-03-01 17:06:16,712 - sqlalchemy.engine.Engine - INFO - BEGIN (implicit)
2026-03-01 17:06:16,713 - sqlalchemy.engine.Engine - INFO - SELECT admins.id, admins.username, admins.password_hash, admins.created_at 
FROM admins 
WHERE admins.username = $1::VARCHAR
2026-03-01 17:06:16,713 - sqlalchemy.engine.Engine - INFO - [cached since 553.3s ago] ('zhura2296@yandex.ru',)
2026-03-01 17:06:16,713 - sqlalchemy.engine.Engine - INFO - ROLLBACK
2026-03-01 17:06:16,714 - sqlalchemy.engine.Engine - INFO - SELECT installers.id, installers.full_name, installers.nickname, installers.phone, installers.backup_phone, installers.specialization, installers.rating, installers.base_price, installers.is_debtor, installers.comments, installers.is_active, installers.is_in_funnel, installers.total_orders, installers.poor_work_count, installers.warranty_visits_count, installers.last_incident_date, installers.updated_at, installers.created_at, installers.deleted_at 
FROM installers 
WHERE installers.deleted_at IS NULL 
 LIMIT $1::INTEGER OFFSET $2::INTEGER
2026-03-01 17:06:16,714 - sqlalchemy.engine.Engine - INFO - [cached since 552.8s ago] (100, 0)
2026-03-01 17:06:16,716 - sqlalchemy.engine.Engine - INFO - ROLLBACK
2026-03-01 17:06:16,741 - sqlalchemy.engine.Engine - INFO - SELECT finance.order_id AS finance_order_id, finance.id AS finance_id, finance.revenue AS finance_revenue, finance.cost_of_goods AS finance_cost_of_goods, finance.installer_payments AS finance_installer_payments, finance.expenses AS finance_expenses, finance.warranty_costs_oleg AS finance_warranty_costs_oleg, finance.warranty_costs_installer AS finance_warranty_costs_installer, finance.profit AS finance_profit, finance.created_at AS finance_created_at, finance.updated_at AS finance_updated_at 
FROM finance 
WHERE finance.order_id IN ($1::INTEGER)
2026-03-01 17:06:16,742 - sqlalchemy.engine.Engine - INFO - [generated in 0.00041s] (3,)
2026-03-01 17:06:16,746 - sqlalchemy.engine.Engine - INFO - SELECT clients.id AS clients_id, clients.full_name AS clients_full_name, clients.phone AS clients_phone, clients.address AS clients_address, clients.coordinates AS clients_coordinates, clients.created_at AS clients_created_at, clients.last_contact AS clients_last_contact, clients.comments AS clients_comments, clients.updated_at AS clients_updated_at, clients.backup_phone AS clients_backup_phone, clients.deleted_at AS clients_deleted_at 
FROM clients 
WHERE clients.id IN ($1::INTEGER)
2026-03-01 17:06:16,746 - sqlalchemy.engine.Engine - INFO - [generated in 0.00038s] (3,)
2026-03-01 17:06:16,750 - sqlalchemy.engine.Engine - INFO - SELECT address_cache.address AS address_cache_address, address_cache.lat AS address_cache_lat, address_cache.lon AS address_cache_lon, address_cache.updated_at AS address_cache_updated_at 
FROM address_cache 
WHERE address_cache.address IN ($1::VARCHAR)
2026-03-01 17:06:16,750 - sqlalchemy.engine.Engine - INFO - [generated in 0.00040s] ('Россия, Москва, Ленинский проспект, 15, подъезд 3, кв. 78',)
2026-03-01 17:06:16,754 - sqlalchemy.engine.Engine - INFO - SELECT order_items.order_id AS order_items_order_id, order_items.id AS order_items_id, order_items.item_type AS order_items_item_type, order_items.name AS order_items_name, order_items.quantity AS order_items_quantity, order_items.purchase_price AS order_items_purchase_price, order_items.sale_price AS order_items_sale_price, order_items.warranty_manufacturer AS order_items_warranty_manufacturer, order_items.warranty_master AS order_items_warranty_master, order_items.sort_order AS order_items_sort_order, order_items.created_at AS order_items_created_at, order_items.updated_at AS order_items_updated_at 
FROM order_items 
WHERE order_items.order_id IN ($1::INTEGER)
2026-03-01 17:06:16,755 - sqlalchemy.engine.Engine - INFO - [generated in 0.00053s] (3,)
2026-03-01 17:06:16,768 - sqlalchemy.engine.Engine - INFO - SELECT order_installers.order_id AS order_installers_order_id, order_installers.id AS order_installers_id, order_installers.installer_id AS order_installers_installer_id, order_installers.role AS order_installers_role, order_installers.base_payment AS order_installers_base_payment, order_installers.is_primary AS order_installers_is_primary, order_installers.created_at AS order_installers_created_at, order_installers.updated_at AS order_installers_updated_at 
FROM order_installers 
WHERE order_installers.order_id IN ($1::INTEGER)
2026-03-01 17:06:16,769 - sqlalchemy.engine.Engine - INFO - [generated in 0.00071s] (3,)
2026-03-01 17:06:16,777 - sqlalchemy.engine.Engine - INFO - SELECT order_expenses.order_id AS order_expenses_order_id, order_expenses.id AS order_expenses_id, order_expenses.amount AS order_expenses_amount, order_expenses.description AS order_expenses_description, order_expenses.expense_date AS order_expenses_expense_date, order_expenses.category AS order_expenses_category, order_expenses.created_at AS order_expenses_created_at, order_expenses.updated_at AS order_expenses_updated_at 
FROM order_expenses 
WHERE order_expenses.order_id IN ($1::INTEGER)
2026-03-01 17:06:16,780 - sqlalchemy.engine.Engine - INFO - [generated in 0.00299s] (3,)
2026-03-01 17:06:16,784 - sqlalchemy.engine.Engine - INFO - ROLLBACK
2026-03-01 17:06:16,785 - sqlalchemy.engine.Engine - INFO - BEGIN (implicit)
2026-03-01 17:06:16,786 - sqlalchemy.engine.Engine - INFO - SELECT orders.id, orders.client_id, orders.status, orders.warehouse, orders.service_datetime, orders.delivery_datetime, orders.promise, orders.marker_color, orders.address_id, orders.address_text, orders.created_at, orders.updated_at 
FROM orders 
WHERE orders.id = $1::INTEGER
2026-03-01 17:06:16,786 - sqlalchemy.engine.Engine - INFO - [cached since 0.08221s ago] (3,)
2026-03-01 17:06:16,789 - sqlalchemy.engine.Engine - INFO - SELECT payments.order_id AS payments_order_id, payments.id AS payments_id, payments.payment_type AS payments_payment_type, payments.installer_id AS payments_installer_id, payments.amount AS payments_amount, payments.payment_date AS payments_payment_date, payments.description AS payments_description, payments.created_at AS payments_created_at, payments.updated_at AS payments_updated_at 
FROM payments 
WHERE payments.order_id IN ($1::INTEGER)
2026-03-01 17:06:16,789 - sqlalchemy.engine.Engine - INFO - [cached since 0.07883s ago] (3,)
2026-03-01 17:06:16,792 - sqlalchemy.engine.Engine - INFO - SELECT finance.order_id AS finance_order_id, finance.id AS finance_id, finance.revenue AS finance_revenue, finance.cost_of_goods AS finance_cost_of_goods, finance.installer_payments AS finance_installer_payments, finance.expenses AS finance_expenses, finance.warranty_costs_oleg AS finance_warranty_costs_oleg, finance.warranty_costs_installer AS finance_warranty_costs_installer, finance.profit AS finance_profit, finance.created_at AS finance_created_at, finance.updated_at AS finance_updated_at 
FROM finance 
WHERE finance.order_id IN ($1::INTEGER)
2026-03-01 17:06:16,792 - sqlalchemy.engine.Engine - INFO - [cached since 0.05081s ago] (3,)
2026-03-01 17:06:16,794 - sqlalchemy.engine.Engine - INFO - SELECT clients.id AS clients_id, clients.full_name AS clients_full_name, clients.phone AS clients_phone, clients.address AS clients_address, clients.coordinates AS clients_coordinates, clients.created_at AS clients_created_at, clients.last_contact AS clients_last_contact, clients.comments AS clients_comments, clients.updated_at AS clients_updated_at, clients.backup_phone AS clients_backup_phone, clients.deleted_at AS clients_deleted_at 
FROM clients 
WHERE clients.id IN ($1::INTEGER)
2026-03-01 17:06:16,794 - sqlalchemy.engine.Engine - INFO - [cached since 0.04772s ago] (3,)
2026-03-01 17:06:16,795 - sqlalchemy.engine.Engine - INFO - SELECT address_cache.address AS address_cache_address, address_cache.lat AS address_cache_lat, address_cache.lon AS address_cache_lon, address_cache.updated_at AS address_cache_updated_at 
FROM address_cache 
WHERE address_cache.address IN ($1::VARCHAR)
2026-03-01 17:06:16,795 - sqlalchemy.engine.Engine - INFO - [cached since 0.04555s ago] ('Россия, Москва, Ленинский проспект, 15, подъезд 3, кв. 78',)
2026-03-01 17:06:16,797 - sqlalchemy.engine.Engine - INFO - SELECT order_items.order_id AS order_items_order_id, order_items.id AS order_items_id, order_items.item_type AS order_items_item_type, order_items.name AS order_items_name, order_items.quantity AS order_items_quantity, order_items.purchase_price AS order_items_purchase_price, order_items.sale_price AS order_items_sale_price, order_items.warranty_manufacturer AS order_items_warranty_manufacturer, order_items.warranty_master AS order_items_warranty_master, order_items.sort_order AS order_items_sort_order, order_items.created_at AS order_items_created_at, order_items.updated_at AS order_items_updated_at 
FROM order_items 
WHERE order_items.order_id IN ($1::INTEGER)
2026-03-01 17:06:16,798 - sqlalchemy.engine.Engine - INFO - [cached since 0.0433s ago] (3,)
2026-03-01 17:06:16,808 - sqlalchemy.engine.Engine - INFO - SELECT order_installers.order_id AS order_installers_order_id, order_installers.id AS order_installers_id, order_installers.installer_id AS order_installers_installer_id, order_installers.role AS order_installers_role, order_installers.base_payment AS order_installers_base_payment, order_installers.is_primary AS order_installers_is_primary, order_installers.created_at AS order_installers_created_at, order_installers.updated_at AS order_installers_updated_at 
FROM order_installers 
WHERE order_installers.order_id IN ($1::INTEGER)
2026-03-01 17:06:16,808 - sqlalchemy.engine.Engine - INFO - [cached since 0.03976s ago] (3,)
2026-03-01 17:06:16,809 - sqlalchemy.engine.Engine - INFO - SELECT order_expenses.order_id AS order_expenses_order_id, order_expenses.id AS order_expenses_id, order_expenses.amount AS order_expenses_amount, order_expenses.description AS order_expenses_description, order_expenses.expense_date AS order_expenses_expense_date, order_expenses.category AS order_expenses_category, order_expenses.created_at AS order_expenses_created_at, order_expenses.updated_at AS order_expenses_updated_at 
FROM order_expenses 
WHERE order_expenses.order_id IN ($1::INTEGER)
2026-03-01 17:06:16,810 - sqlalchemy.engine.Engine - INFO - [cached since 0.03307s ago] (3,)
2026-03-01 17:06:16,812 - sqlalchemy.engine.Engine - INFO - ROLLBACK
2026-03-01 17:06:21,140 - sqlalchemy.engine.Engine - INFO - BEGIN (implicit)
2026-03-01 17:06:21,140 - sqlalchemy.engine.Engine - INFO - SELECT admins.id, admins.username, admins.password_hash, admins.created_at 
FROM admins 
WHERE admins.username = $1::VARCHAR
2026-03-01 17:06:21,140 - sqlalchemy.engine.Engine - INFO - [cached since 557.7s ago] ('zhura2296@yandex.ru',)
2026-03-01 17:06:21,141 - sqlalchemy.engine.Engine - INFO - SELECT clients.id, clients.full_name, clients.phone, clients.address, clients.coordinates, clients.created_at, clients.last_contact, clients.comments, clients.updated_at, clients.backup_phone, clients.deleted_at 
FROM clients 
WHERE clients.id = $1::INTEGER
2026-03-01 17:06:21,141 - sqlalchemy.engine.Engine - INFO - [generated in 0.00012s] (3,)
2026-03-01 17:06:21,142 - sqlalchemy.engine.Engine - INFO - COMMIT
2026-03-01 17:06:21,142 - sqlalchemy.engine.Engine - INFO - BEGIN (implicit)
2026-03-01 17:06:21,142 - sqlalchemy.engine.Engine - INFO - SELECT clients.id, clients.full_name, clients.phone, clients.address, clients.coordinates, clients.created_at, clients.last_contact, clients.comments, clients.updated_at, clients.backup_phone, clients.deleted_at 
FROM clients 
WHERE clients.id = $1::INTEGER
2026-03-01 17:06:21,142 - sqlalchemy.engine.Engine - INFO - [cached since 211.4s ago] (3,)
2026-03-01 17:06:21,143 - sqlalchemy.engine.Engine - INFO - ROLLBACK
2026-03-01 17:06:21,146 - sqlalchemy.engine.Engine - INFO - BEGIN (implicit)
2026-03-01 17:06:21,146 - sqlalchemy.engine.Engine - INFO - SELECT orders.id, orders.client_id, orders.status, orders.warehouse, orders.service_datetime, orders.delivery_datetime, orders.promise, orders.marker_color, orders.address_id, orders.address_text, orders.created_at, orders.updated_at 
FROM orders 
WHERE orders.id = $1::INTEGER
2026-03-01 17:06:21,146 - sqlalchemy.engine.Engine - INFO - [cached since 4.442s ago] (3,)
2026-03-01 17:06:21,147 - sqlalchemy.engine.Engine - INFO - SELECT payments.order_id AS payments_order_id, payments.id AS payments_id, payments.payment_type AS payments_payment_type, payments.installer_id AS payments_installer_id, payments.amount AS payments_amount, payments.payment_date AS payments_payment_date, payments.description AS payments_description, payments.created_at AS payments_created_at, payments.updated_at AS payments_updated_at 
FROM payments 
WHERE payments.order_id IN ($1::INTEGER)
2026-03-01 17:06:21,147 - sqlalchemy.engine.Engine - INFO - [cached since 4.437s ago] (3,)
2026-03-01 17:06:21,148 - sqlalchemy.engine.Engine - INFO - SELECT finance.order_id AS finance_order_id, finance.id AS finance_id, finance.revenue AS finance_revenue, finance.cost_of_goods AS finance_cost_of_goods, finance.installer_payments AS finance_installer_payments, finance.expenses AS finance_expenses, finance.warranty_costs_oleg AS finance_warranty_costs_oleg, finance.warranty_costs_installer AS finance_warranty_costs_installer, finance.profit AS finance_profit, finance.created_at AS finance_created_at, finance.updated_at AS finance_updated_at 
FROM finance 
WHERE finance.order_id IN ($1::INTEGER)
2026-03-01 17:06:21,148 - sqlalchemy.engine.Engine - INFO - [cached since 4.407s ago] (3,)
2026-03-01 17:06:21,149 - sqlalchemy.engine.Engine - INFO - SELECT clients.id AS clients_id, clients.full_name AS clients_full_name, clients.phone AS clients_phone, clients.address AS clients_address, clients.coordinates AS clients_coordinates, clients.created_at AS clients_created_at, clients.last_contact AS clients_last_contact, clients.comments AS clients_comments, clients.updated_at AS clients_updated_at, clients.backup_phone AS clients_backup_phone, clients.deleted_at AS clients_deleted_at 
FROM clients 
WHERE clients.id IN ($1::INTEGER)
2026-03-01 17:06:21,149 - sqlalchemy.engine.Engine - INFO - [cached since 4.403s ago] (3,)
2026-03-01 17:06:21,150 - sqlalchemy.engine.Engine - INFO - SELECT address_cache.address AS address_cache_address, address_cache.lat AS address_cache_lat, address_cache.lon AS address_cache_lon, address_cache.updated_at AS address_cache_updated_at 
FROM address_cache 
WHERE address_cache.address IN ($1::VARCHAR)
2026-03-01 17:06:21,150 - sqlalchemy.engine.Engine - INFO - [cached since 4.4s ago] ('Россия, Москва, Ленинский проспект, 15, подъезд 3, кв. 78',)
2026-03-01 17:06:21,151 - sqlalchemy.engine.Engine - INFO - SELECT order_items.order_id AS order_items_order_id, order_items.id AS order_items_id, order_items.item_type AS order_items_item_type, order_items.name AS order_items_name, order_items.quantity AS order_items_quantity, order_items.purchase_price AS order_items_purchase_price, order_items.sale_price AS order_items_sale_price, order_items.warranty_manufacturer AS order_items_warranty_manufacturer, order_items.warranty_master AS order_items_warranty_master, order_items.sort_order AS order_items_sort_order, order_items.created_at AS order_items_created_at, order_items.updated_at AS order_items_updated_at 
FROM order_items 
WHERE order_items.order_id IN ($1::INTEGER)
2026-03-01 17:06:21,151 - sqlalchemy.engine.Engine - INFO - [cached since 4.397s ago] (3,)
2026-03-01 17:06:21,152 - sqlalchemy.engine.Engine - INFO - SELECT order_installers.order_id AS order_installers_order_id, order_installers.id AS order_installers_id, order_installers.installer_id AS order_installers_installer_id, order_installers.role AS order_installers_role, order_installers.base_payment AS order_installers_base_payment, order_installers.is_primary AS order_installers_is_primary, order_installers.created_at AS order_installers_created_at, order_installers.updated_at AS order_installers_updated_at 
FROM order_installers 
WHERE order_installers.order_id IN ($1::INTEGER)
2026-03-01 17:06:21,152 - sqlalchemy.engine.Engine - INFO - [cached since 4.384s ago] (3,)
2026-03-01 17:06:21,152 - sqlalchemy.engine.Engine - INFO - SELECT order_expenses.order_id AS order_expenses_order_id, order_expenses.id AS order_expenses_id, order_expenses.amount AS order_expenses_amount, order_expenses.description AS order_expenses_description, order_expenses.expense_date AS order_expenses_expense_date, order_expenses.category AS order_expenses_category, order_expenses.created_at AS order_expenses_created_at, order_expenses.updated_at AS order_expenses_updated_at 
FROM order_expenses 
WHERE order_expenses.order_id IN ($1::INTEGER)
2026-03-01 17:06:21,152 - sqlalchemy.engine.Engine - INFO - [cached since 4.376s ago] (3,)
2026-03-01 17:06:21,226 - sqlalchemy.engine.Engine - INFO - SELECT address_cache.address, address_cache.lat, address_cache.lon, address_cache.updated_at 
FROM address_cache 
WHERE address_cache.address = $1::VARCHAR
2026-03-01 17:06:21,226 - sqlalchemy.engine.Engine - INFO - [cached since 211.4s ago] ('Россия, Москва, Ленинский проспект, 15, подъезд 3, кв. 78',)
2026-03-01 17:06:21,228 - sqlalchemy.engine.Engine - INFO - UPDATE address_cache SET lat=$1::NUMERIC(10, 7), lon=$2::NUMERIC(10, 7), updated_at=now() WHERE address_cache.address = $3::VARCHAR
2026-03-01 17:06:21,228 - sqlalchemy.engine.Engine - INFO - [generated in 0.00014s] (55.7202, 37.600208, 'Россия, Москва, Ленинский проспект, 15, подъезд 3, кв. 78')
2026-03-01 17:06:21,229 - sqlalchemy.engine.Engine - INFO - COMMIT
2026-03-01 17:06:21,230 - sqlalchemy.engine.Engine - INFO - BEGIN (implicit)
2026-03-01 17:06:21,230 - sqlalchemy.engine.Engine - INFO - SELECT address_cache.address, address_cache.lat, address_cache.lon, address_cache.updated_at 
FROM address_cache 
WHERE address_cache.address = $1::VARCHAR
2026-03-01 17:06:21,231 - sqlalchemy.engine.Engine - INFO - [generated in 0.00009s] ('Россия, Москва, Ленинский проспект, 15, подъезд 3, кв. 78',)
2026-03-01 17:06:21,232 - sqlalchemy.engine.Engine - INFO - COMMIT
2026-03-01 17:06:21,232 - sqlalchemy.engine.Engine - INFO - BEGIN (implicit)
2026-03-01 17:06:21,233 - sqlalchemy.engine.Engine - INFO - SELECT orders.id, orders.created_at, orders.updated_at 
FROM orders 
WHERE orders.id = $1::INTEGER
2026-03-01 17:06:21,233 - sqlalchemy.engine.Engine - INFO - [generated in 0.00010s] (3,)
2026-03-01 17:06:21,234 - sqlalchemy.engine.Engine - INFO - SELECT order_items.id AS order_items_id, order_items.order_id AS order_items_order_id, order_items.item_type AS order_items_item_type, order_items.name AS order_items_name, order_items.quantity AS order_items_quantity, order_items.purchase_price AS order_items_purchase_price, order_items.sale_price AS order_items_sale_price, order_items.warranty_manufacturer AS order_items_warranty_manufacturer, order_items.warranty_master AS order_items_warranty_master, order_items.sort_order AS order_items_sort_order, order_items.created_at AS order_items_created_at, order_items.updated_at AS order_items_updated_at 
FROM order_items 
WHERE $1::INTEGER = order_items.order_id
2026-03-01 17:06:21,234 - sqlalchemy.engine.Engine - INFO - [generated in 0.00010s] (3,)
2026-03-01 17:06:21,235 - sqlalchemy.engine.Engine - INFO - SELECT payments.id AS payments_id, payments.order_id AS payments_order_id, payments.payment_type AS payments_payment_type, payments.installer_id AS payments_installer_id, payments.amount AS payments_amount, payments.payment_date AS payments_payment_date, payments.description AS payments_description, payments.created_at AS payments_created_at, payments.updated_at AS payments_updated_at 
FROM payments 
WHERE $1::INTEGER = payments.order_id
2026-03-01 17:06:21,235 - sqlalchemy.engine.Engine - INFO - [generated in 0.00009s] (3,)
2026-03-01 17:06:21,236 - sqlalchemy.engine.Engine - INFO - SELECT order_installers.id AS order_installers_id, order_installers.order_id AS order_installers_order_id, order_installers.installer_id AS order_installers_installer_id, order_installers.role AS order_installers_role, order_installers.base_payment AS order_installers_base_payment, order_installers.is_primary AS order_installers_is_primary, order_installers.created_at AS order_installers_created_at, order_installers.updated_at AS order_installers_updated_at 
FROM order_installers 
WHERE $1::INTEGER = order_installers.order_id
2026-03-01 17:06:21,236 - sqlalchemy.engine.Engine - INFO - [generated in 0.00009s] (3,)
2026-03-01 17:06:21,237 - sqlalchemy.engine.Engine - INFO - SELECT finance.id AS finance_id, finance.order_id AS finance_order_id, finance.revenue AS finance_revenue, finance.cost_of_goods AS finance_cost_of_goods, finance.installer_payments AS finance_installer_payments, finance.expenses AS finance_expenses, finance.warranty_costs_oleg AS finance_warranty_costs_oleg, finance.warranty_costs_installer AS finance_warranty_costs_installer, finance.profit AS finance_profit, finance.created_at AS finance_created_at, finance.updated_at AS finance_updated_at 
FROM finance 
WHERE $1::INTEGER = finance.order_id
2026-03-01 17:06:21,237 - sqlalchemy.engine.Engine - INFO - [generated in 0.00011s] (3,)
2026-03-01 17:06:21,239 - sqlalchemy.engine.Engine - INFO - SELECT clients.id AS clients_id, clients.full_name AS clients_full_name, clients.phone AS clients_phone, clients.address AS clients_address, clients.coordinates AS clients_coordinates, clients.created_at AS clients_created_at, clients.last_contact AS clients_last_contact, clients.comments AS clients_comments, clients.updated_at AS clients_updated_at, clients.backup_phone AS clients_backup_phone, clients.deleted_at AS clients_deleted_at 
FROM clients 
WHERE clients.id = $1::INTEGER
2026-03-01 17:06:21,239 - sqlalchemy.engine.Engine - INFO - [generated in 0.00015s] (3,)
2026-03-01 17:06:21,241 - sqlalchemy.engine.Engine - INFO - SELECT order_expenses.id AS order_expenses_id, order_expenses.order_id AS order_expenses_order_id, order_expenses.amount AS order_expenses_amount, order_expenses.description AS order_expenses_description, order_expenses.expense_date AS order_expenses_expense_date, order_expenses.category AS order_expenses_category, order_expenses.created_at AS order_expenses_created_at, order_expenses.updated_at AS order_expenses_updated_at 
FROM order_expenses 
WHERE $1::INTEGER = order_expenses.order_id
2026-03-01 17:06:21,241 - sqlalchemy.engine.Engine - INFO - [generated in 0.00015s] (3,)
2026-03-01 17:06:21,242 - sqlalchemy.engine.Engine - INFO - ROLLBACK
2026-03-01 17:06:26,445 - sqlalchemy.engine.Engine - INFO - BEGIN (implicit)
2026-03-01 17:06:26,445 - sqlalchemy.engine.Engine - INFO - SELECT admins.id, admins.username, admins.password_hash, admins.created_at 
FROM admins 
WHERE admins.username = $1::VARCHAR
2026-03-01 17:06:26,445 - sqlalchemy.engine.Engine - INFO - [cached since 563s ago] ('zhura2296@yandex.ru',)
2026-03-01 17:06:26,446 - sqlalchemy.engine.Engine - INFO - BEGIN (implicit)
2026-03-01 17:06:26,447 - sqlalchemy.engine.Engine - INFO - SELECT admins.id, admins.username, admins.password_hash, admins.created_at 
FROM admins 
WHERE admins.username = $1::VARCHAR
2026-03-01 17:06:26,447 - sqlalchemy.engine.Engine - INFO - [cached since 563s ago] ('zhura2296@yandex.ru',)
2026-03-01 17:06:26,448 - sqlalchemy.engine.Engine - INFO - SELECT clients.id, clients.full_name, clients.phone, clients.address, clients.coordinates, clients.created_at, clients.last_contact, clients.comments, clients.updated_at, clients.backup_phone, clients.deleted_at 
FROM clients 
 LIMIT $1::INTEGER OFFSET $2::INTEGER
2026-03-01 17:06:26,448 - sqlalchemy.engine.Engine - INFO - [cached since 562.6s ago] (100, 0)
2026-03-01 17:06:26,449 - sqlalchemy.engine.Engine - INFO - SELECT installers.id, installers.full_name, installers.nickname, installers.phone, installers.backup_phone, installers.specialization, installers.rating, installers.base_price, installers.is_debtor, installers.comments, installers.is_active, installers.is_in_funnel, installers.total_orders, installers.poor_work_count, installers.warranty_visits_count, installers.last_incident_date, installers.updated_at, installers.created_at, installers.deleted_at 
FROM installers 
WHERE installers.deleted_at IS NULL 
 LIMIT $1::INTEGER OFFSET $2::INTEGER
2026-03-01 17:06:26,449 - sqlalchemy.engine.Engine - INFO - [cached since 562.5s ago] (100, 0)
2026-03-01 17:06:26,451 - sqlalchemy.engine.Engine - INFO - ROLLBACK
2026-03-01 17:06:26,452 - sqlalchemy.engine.Engine - INFO - ROLLBACK
2026-03-01 17:06:26,453 - sqlalchemy.engine.Engine - INFO - BEGIN (implicit)
2026-03-01 17:06:26,453 - sqlalchemy.engine.Engine - INFO - SELECT admins.id, admins.username, admins.password_hash, admins.created_at 
FROM admins 
WHERE admins.username = $1::VARCHAR
2026-03-01 17:06:26,453 - sqlalchemy.engine.Engine - INFO - [cached since 563s ago] ('zhura2296@yandex.ru',)
2026-03-01 17:06:26,454 - sqlalchemy.engine.Engine - INFO - BEGIN (implicit)
2026-03-01 17:06:26,454 - sqlalchemy.engine.Engine - INFO - SELECT admins.id, admins.username, admins.password_hash, admins.created_at 
FROM admins 
WHERE admins.username = $1::VARCHAR
2026-03-01 17:06:26,454 - sqlalchemy.engine.Engine - INFO - [cached since 563s ago] ('zhura2296@yandex.ru',)
2026-03-01 17:06:26,455 - sqlalchemy.engine.Engine - INFO - SELECT installers.id, installers.full_name, installers.nickname, installers.phone, installers.backup_phone, installers.specialization, installers.rating, installers.base_price, installers.is_debtor, installers.comments, installers.is_active, installers.is_in_funnel, installers.total_orders, installers.poor_work_count, installers.warranty_visits_count, installers.last_incident_date, installers.updated_at, installers.created_at, installers.deleted_at 
FROM installers 
WHERE installers.deleted_at IS NULL 
 LIMIT $1::INTEGER OFFSET $2::INTEGER
2026-03-01 17:06:26,455 - sqlalchemy.engine.Engine - INFO - [cached since 562.6s ago] (100, 0)
2026-03-01 17:06:26,455 - sqlalchemy.engine.Engine - INFO - SELECT clients.id, clients.full_name, clients.phone, clients.address, clients.coordinates, clients.created_at, clients.last_contact, clients.comments, clients.updated_at, clients.backup_phone, clients.deleted_at 
FROM clients 
 LIMIT $1::INTEGER OFFSET $2::INTEGER
2026-03-01 17:06:26,455 - sqlalchemy.engine.Engine - INFO - [cached since 562.6s ago] (100, 0)
2026-03-01 17:06:26,456 - sqlalchemy.engine.Engine - INFO - ROLLBACK
2026-03-01 17:06:26,456 - sqlalchemy.engine.Engine - INFO - ROLLBACK
2026-03-01 17:07:17,717 - sqlalchemy.engine.Engine - INFO - BEGIN (implicit)
2026-03-01 17:07:17,717 - sqlalchemy.engine.Engine - INFO - SELECT admins.id, admins.username, admins.password_hash, admins.created_at 
FROM admins 
WHERE admins.username = $1::VARCHAR
2026-03-01 17:07:17,717 - sqlalchemy.engine.Engine - INFO - [cached since 614.3s ago] ('zhura2296@yandex.ru',)
2026-03-01 17:07:17,718 - sqlalchemy.engine.Engine - INFO - INSERT INTO clients (full_name, phone, address, coordinates, comments, updated_at, backup_phone, deleted_at) VALUES ($1::VARCHAR, $2::VARCHAR, $3::VARCHAR, $4, $5::VARCHAR, $6::TIMESTAMP WITH TIME ZONE, $7::VARCHAR, $8::TIMESTAMP WITH TIME ZONE) RETURNING clients.id, clients.created_at, clients.last_contact
2026-03-01 17:07:17,719 - sqlalchemy.engine.Engine - INFO - [cached since 268s ago] ('Петров Пётр Петрович', '+79262223344', 'Россия, Москва, Ленинский проспект, 15, подъезд 3, кв. 78', None, '', None, '', None)
2026-03-01 17:07:17,719 - sqlalchemy.engine.Engine - INFO - COMMIT
2026-03-01 17:07:17,722 - sqlalchemy.engine.Engine - INFO - BEGIN (implicit)
2026-03-01 17:07:17,723 - sqlalchemy.engine.Engine - INFO - SELECT clients.id, clients.full_name, clients.phone, clients.address, clients.coordinates, clients.created_at, clients.last_contact, clients.comments, clients.updated_at, clients.backup_phone, clients.deleted_at 
FROM clients 
WHERE clients.id = $1::INTEGER
2026-03-01 17:07:17,723 - sqlalchemy.engine.Engine - INFO - [cached since 268s ago] (4,)
2026-03-01 17:07:17,724 - sqlalchemy.engine.Engine - INFO - ROLLBACK
2026-03-01 17:07:17,830 - sqlalchemy.engine.Engine - INFO - BEGIN (implicit)
2026-03-01 17:07:17,830 - sqlalchemy.engine.Engine - INFO - SELECT address_cache.address, address_cache.lat, address_cache.lon, address_cache.updated_at 
FROM address_cache 
WHERE address_cache.address = $1::VARCHAR
2026-03-01 17:07:17,830 - sqlalchemy.engine.Engine - INFO - [cached since 268s ago] ('Россия, Московская область, Мытищи, улица Мира, 8',)
2026-03-01 17:07:17,831 - sqlalchemy.engine.Engine - INFO - UPDATE address_cache SET lat=$1::NUMERIC(10, 7), lon=$2::NUMERIC(10, 7), updated_at=now() WHERE address_cache.address = $3::VARCHAR
2026-03-01 17:07:17,831 - sqlalchemy.engine.Engine - INFO - [cached since 56.6s ago] (55.912461, 37.733509, 'Россия, Московская область, Мытищи, улица Мира, 8')
2026-03-01 17:07:17,832 - sqlalchemy.engine.Engine - INFO - COMMIT
2026-03-01 17:07:17,908 - sqlalchemy.engine.Engine - INFO - BEGIN (implicit)
2026-03-01 17:07:17,909 - sqlalchemy.engine.Engine - INFO - SELECT address_cache.address, address_cache.lat, address_cache.lon, address_cache.updated_at 
FROM address_cache 
WHERE address_cache.address = $1::VARCHAR
2026-03-01 17:07:17,909 - sqlalchemy.engine.Engine - INFO - [cached since 268.1s ago] ('Россия, Московская область, Мытищи, улица Мира, 8',)
2026-03-01 17:07:17,910 - sqlalchemy.engine.Engine - INFO - INSERT INTO orders (client_id, status, warehouse, service_datetime, delivery_datetime, promise, marker_color, address_id, address_text) VALUES ($1::INTEGER, $2::order_status, $3::VARCHAR, $4::TIMESTAMP WITHOUT TIME ZONE, $5::TIMESTAMP WITHOUT TIME ZONE, $6::VARCHAR, $7::VARCHAR, $8::VARCHAR, $9::VARCHAR) RETURNING orders.id, orders.created_at, orders.updated_at
2026-03-01 17:07:17,910 - sqlalchemy.engine.Engine - INFO - [cached since 268.1s ago] (4, 'Новый', 'Основной', datetime.datetime(2026, 3, 1, 14, 7, 17, 725000), None, '', None, 'Россия, Московская область, Мытищи, улица Мира, 8', 'Россия, Московская область, Мытищи, улица Мира, 8')
2026-03-01 17:07:17,910 - sqlalchemy.engine.Engine - INFO - SELECT orders.id 
FROM orders 
WHERE orders.id = $1::INTEGER
2026-03-01 17:07:17,910 - sqlalchemy.engine.Engine - INFO - [cached since 268s ago] (4,)
2026-03-01 17:07:17,912 - sqlalchemy.engine.Engine - INFO - SELECT order_installers.id AS order_installers_id, order_installers.order_id AS order_installers_order_id, order_installers.installer_id AS order_installers_installer_id, order_installers.role AS order_installers_role, order_installers.base_payment AS order_installers_base_payment, order_installers.is_primary AS order_installers_is_primary, order_installers.created_at AS order_installers_created_at, order_installers.updated_at AS order_installers_updated_at 
FROM order_installers 
WHERE $1::INTEGER = order_installers.order_id
2026-03-01 17:07:17,912 - sqlalchemy.engine.Engine - INFO - [cached since 268s ago] (4,)
2026-03-01 17:07:17,912 - sqlalchemy.engine.Engine - INFO - SELECT finance.id AS finance_id, finance.order_id AS finance_order_id, finance.revenue AS finance_revenue, finance.cost_of_goods AS finance_cost_of_goods, finance.installer_payments AS finance_installer_payments, finance.expenses AS finance_expenses, finance.warranty_costs_oleg AS finance_warranty_costs_oleg, finance.warranty_costs_installer AS finance_warranty_costs_installer, finance.profit AS finance_profit, finance.created_at AS finance_created_at, finance.updated_at AS finance_updated_at 
FROM finance 
WHERE $1::INTEGER = finance.order_id
2026-03-01 17:07:17,912 - sqlalchemy.engine.Engine - INFO - [cached since 268s ago] (4,)
2026-03-01 17:07:17,913 - sqlalchemy.engine.Engine - INFO - SELECT clients.id AS clients_id, clients.full_name AS clients_full_name, clients.phone AS clients_phone, clients.address AS clients_address, clients.coordinates AS clients_coordinates, clients.created_at AS clients_created_at, clients.last_contact AS clients_last_contact, clients.comments AS clients_comments, clients.updated_at AS clients_updated_at, clients.backup_phone AS clients_backup_phone, clients.deleted_at AS clients_deleted_at 
FROM clients 
WHERE clients.id = $1::INTEGER
2026-03-01 17:07:17,913 - sqlalchemy.engine.Engine - INFO - [cached since 268s ago] (4,)
2026-03-01 17:07:17,913 - sqlalchemy.engine.Engine - INFO - COMMIT
2026-03-01 17:07:17,917 - sqlalchemy.engine.Engine - INFO - BEGIN (implicit)
2026-03-01 17:07:17,917 - sqlalchemy.engine.Engine - INFO - SELECT order_items.id AS order_items_id, order_items.order_id AS order_items_order_id, order_items.item_type AS order_items_item_type, order_items.name AS order_items_name, order_items.quantity AS order_items_quantity, order_items.purchase_price AS order_items_purchase_price, order_items.sale_price AS order_items_sale_price, order_items.warranty_manufacturer AS order_items_warranty_manufacturer, order_items.warranty_master AS order_items_warranty_master, order_items.sort_order AS order_items_sort_order, order_items.created_at AS order_items_created_at, order_items.updated_at AS order_items_updated_at 
FROM order_items 
WHERE $1::INTEGER = order_items.order_id
2026-03-01 17:07:17,917 - sqlalchemy.engine.Engine - INFO - [cached since 268s ago] (4,)
2026-03-01 17:07:17,917 - sqlalchemy.engine.Engine - INFO - SELECT order_expenses.id AS order_expenses_id, order_expenses.order_id AS order_expenses_order_id, order_expenses.amount AS order_expenses_amount, order_expenses.description AS order_expenses_description, order_expenses.expense_date AS order_expenses_expense_date, order_expenses.category AS order_expenses_category, order_expenses.created_at AS order_expenses_created_at, order_expenses.updated_at AS order_expenses_updated_at 
FROM order_expenses 
WHERE $1::INTEGER = order_expenses.order_id
2026-03-01 17:07:17,917 - sqlalchemy.engine.Engine - INFO - [cached since 268s ago] (4,)
2026-03-01 17:07:17,918 - sqlalchemy.engine.Engine - INFO - SELECT payments.id AS payments_id, payments.order_id AS payments_order_id, payments.payment_type AS payments_payment_type, payments.installer_id AS payments_installer_id, payments.amount AS payments_amount, payments.payment_date AS payments_payment_date, payments.description AS payments_description, payments.created_at AS payments_created_at, payments.updated_at AS payments_updated_at 
FROM payments 
WHERE $1::INTEGER = payments.order_id
2026-03-01 17:07:17,918 - sqlalchemy.engine.Engine - INFO - [cached since 268s ago] (4,)
2026-03-01 17:07:17,918 - sqlalchemy.engine.Engine - INFO - ROLLBACK
2026-03-01 17:07:17,918 - src.core.logging - ERROR - Unhandled exception: 3 validation errors:
  {'type': 'get_attribute_error', 'loc': ('response', 'items'), 'msg': "Error extracting attribute: MissingGreenlet: greenlet_spawn has not been called; can't call await_only() here. Was IO attempted in an unexpected place? (Background on this error at: https://sqlalche.me/e/20/xd2s)", 'input': <src.models.orders.Order object at 0x77cd55ae5040>, 'ctx': {'error': "MissingGreenlet: greenlet_spawn has not been called; can't call await_only() here. Was IO attempted in an unexpected place? (Background on this error at: https://sqlalche.me/e/20/xd2s)"}, 'url': 'https://errors.pydantic.dev/2.5/v/get_attribute_error'}
  {'type': 'get_attribute_error', 'loc': ('response', 'expenses'), 'msg': "Error extracting attribute: MissingGreenlet: greenlet_spawn has not been called; can't call await_only() here. Was IO attempted in an unexpected place? (Background on this error at: https://sqlalche.me/e/20/xd2s)", 'input': <src.models.orders.Order object at 0x77cd55ae5040>, 'ctx': {'error': "MissingGreenlet: greenlet_spawn has not been called; can't call await_only() here. Was IO attempted in an unexpected place? (Background on this error at: https://sqlalche.me/e/20/xd2s)"}, 'url': 'https://errors.pydantic.dev/2.5/v/get_attribute_error'}
  {'type': 'get_attribute_error', 'loc': ('response', 'payments'), 'msg': "Error extracting attribute: MissingGreenlet: greenlet_spawn has not been called; can't call await_only() here. Was IO attempted in an unexpected place? (Background on this error at: https://sqlalche.me/e/20/xd2s)", 'input': <src.models.orders.Order object at 0x77cd55ae5040>, 'ctx': {'error': "MissingGreenlet: greenlet_spawn has not been called; can't call await_only() here. Was IO attempted in an unexpected place? (Background on this error at: https://sqlalche.me/e/20/xd2s)"}, 'url': 'https://errors.pydantic.dev/2.5/v/get_attribute_error'}
Traceback (most recent call last):
  File "/home/andre/Рабочий стол/OLEG_CRM/CRM/venv/lib/python3.12/site-packages/anyio/streams/memory.py", line 98, in receive
    return self.receive_nowait()
           ^^^^^^^^^^^^^^^^^^^^^
  File "/home/andre/Рабочий стол/OLEG_CRM/CRM/venv/lib/python3.12/site-packages/anyio/streams/memory.py", line 93, in receive_nowait
    raise WouldBlock
anyio.WouldBlock

During handling of the above exception, another exception occurred:

Traceback (most recent call last):
  File "/home/andre/Рабочий стол/OLEG_CRM/CRM/venv/lib/python3.12/site-packages/starlette/middleware/base.py", line 78, in call_next
    message = await recv_stream.receive()
              ^^^^^^^^^^^^^^^^^^^^^^^^^^^
  File "/home/andre/Рабочий стол/OLEG_CRM/CRM/venv/lib/python3.12/site-packages/anyio/streams/memory.py", line 118, in receive
    raise EndOfStream
anyio.EndOfStream

During handling of the above exception, another exception occurred:

Traceback (most recent call last):
  File "/home/andre/Рабочий стол/OLEG_CRM/CRM/backend/src/core/logging.py", line 49, in dispatch
    response = await call_next(request)
               ^^^^^^^^^^^^^^^^^^^^^^^^
  File "/home/andre/Рабочий стол/OLEG_CRM/CRM/venv/lib/python3.12/site-packages/starlette/middleware/base.py", line 84, in call_next
    raise app_exc
  File "/home/andre/Рабочий стол/OLEG_CRM/CRM/venv/lib/python3.12/site-packages/starlette/middleware/base.py", line 70, in coro
    await self.app(scope, receive_or_disconnect, send_no_error)
  File "/home/andre/Рабочий стол/OLEG_CRM/CRM/venv/lib/python3.12/site-packages/starlette/middleware/cors.py", line 91, in __call__
    await self.simple_response(scope, receive, send, request_headers=headers)
  File "/home/andre/Рабочий стол/OLEG_CRM/CRM/venv/lib/python3.12/site-packages/starlette/middleware/cors.py", line 146, in simple_response
    await self.app(scope, receive, send)
  File "/home/andre/Рабочий стол/OLEG_CRM/CRM/venv/lib/python3.12/site-packages/starlette/middleware/exceptions.py", line 79, in __call__
    raise exc
  File "/home/andre/Рабочий стол/OLEG_CRM/CRM/venv/lib/python3.12/site-packages/starlette/middleware/exceptions.py", line 68, in __call__
    await self.app(scope, receive, sender)
  File "/home/andre/Рабочий стол/OLEG_CRM/CRM/venv/lib/python3.12/site-packages/fastapi/middleware/asyncexitstack.py", line 20, in __call__
    raise e
  File "/home/andre/Рабочий стол/OLEG_CRM/CRM/venv/lib/python3.12/site-packages/fastapi/middleware/asyncexitstack.py", line 17, in __call__
    await self.app(scope, receive, send)
  File "/home/andre/Рабочий стол/OLEG_CRM/CRM/venv/lib/python3.12/site-packages/starlette/routing.py", line 718, in __call__
    await route.handle(scope, receive, send)
  File "/home/andre/Рабочий стол/OLEG_CRM/CRM/venv/lib/python3.12/site-packages/starlette/routing.py", line 276, in handle
    await self.app(scope, receive, send)
  File "/home/andre/Рабочий стол/OLEG_CRM/CRM/venv/lib/python3.12/site-packages/starlette/routing.py", line 66, in app
    response = await func(request)
               ^^^^^^^^^^^^^^^^^^^
  File "/home/andre/Рабочий стол/OLEG_CRM/CRM/venv/lib/python3.12/site-packages/fastapi/routing.py", line 292, in app
    content = await serialize_response(
              ^^^^^^^^^^^^^^^^^^^^^^^^^
  File "/home/andre/Рабочий стол/OLEG_CRM/CRM/venv/lib/python3.12/site-packages/fastapi/routing.py", line 155, in serialize_response
    raise ResponseValidationError(
fastapi.exceptions.ResponseValidationError: 3 validation errors:
  {'type': 'get_attribute_error', 'loc': ('response', 'items'), 'msg': "Error extracting attribute: MissingGreenlet: greenlet_spawn has not been called; can't call await_only() here. Was IO attempted in an unexpected place? (Background on this error at: https://sqlalche.me/e/20/xd2s)", 'input': <src.models.orders.Order object at 0x77cd55ae5040>, 'ctx': {'error': "MissingGreenlet: greenlet_spawn has not been called; can't call await_only() here. Was IO attempted in an unexpected place? (Background on this error at: https://sqlalche.me/e/20/xd2s)"}, 'url': 'https://errors.pydantic.dev/2.5/v/get_attribute_error'}
  {'type': 'get_attribute_error', 'loc': ('response', 'expenses'), 'msg': "Error extracting attribute: MissingGreenlet: greenlet_spawn has not been called; can't call await_only() here. Was IO attempted in an unexpected place? (Background on this error at: https://sqlalche.me/e/20/xd2s)", 'input': <src.models.orders.Order object at 0x77cd55ae5040>, 'ctx': {'error': "MissingGreenlet: greenlet_spawn has not been called; can't call await_only() here. Was IO attempted in an unexpected place? (Background on this error at: https://sqlalche.me/e/20/xd2s)"}, 'url': 'https://errors.pydantic.dev/2.5/v/get_attribute_error'}
  {'type': 'get_attribute_error', 'loc': ('response', 'payments'), 'msg': "Error extracting attribute: MissingGreenlet: greenlet_spawn has not been called; can't call await_only() here. Was IO attempted in an unexpected place? (Background on this error at: https://sqlalche.me/e/20/xd2s)", 'input': <src.models.orders.Order object at 0x77cd55ae5040>, 'ctx': {'error': "MissingGreenlet: greenlet_spawn has not been called; can't call await_only() here. Was IO attempted in an unexpected place? (Background on this error at: https://sqlalche.me/e/20/xd2s)"}, 'url': 'https://errors.pydantic.dev/2.5/v/get_attribute_error'}

2026-03-01 17:07:24,967 - sqlalchemy.engine.Engine - INFO - BEGIN (implicit)
2026-03-01 17:07:24,967 - sqlalchemy.engine.Engine - INFO - SELECT orders.id, orders.client_id, orders.status, orders.warehouse, orders.service_datetime, orders.delivery_datetime, orders.promise, orders.marker_color, orders.address_id, orders.address_text, orders.created_at, orders.updated_at 
FROM orders 
 LIMIT $1::INTEGER OFFSET $2::INTEGER
2026-03-01 17:07:24,967 - sqlalchemy.engine.Engine - INFO - [cached since 268.2s ago] (100, 0)
2026-03-01 17:07:24,969 - sqlalchemy.engine.Engine - INFO - SELECT finance.order_id AS finance_order_id, finance.id AS finance_id, finance.revenue AS finance_revenue, finance.cost_of_goods AS finance_cost_of_goods, finance.installer_payments AS finance_installer_payments, finance.expenses AS finance_expenses, finance.warranty_costs_oleg AS finance_warranty_costs_oleg, finance.warranty_costs_installer AS finance_warranty_costs_installer, finance.profit AS finance_profit, finance.created_at AS finance_created_at, finance.updated_at AS finance_updated_at 
FROM finance 
WHERE finance.order_id IN ($1::INTEGER, $2::INTEGER, $3::INTEGER, $4::INTEGER)
2026-03-01 17:07:24,969 - sqlalchemy.engine.Engine - INFO - [cached since 268.2s ago] (1, 2, 3, 4)
2026-03-01 17:07:24,970 - sqlalchemy.engine.Engine - INFO - SELECT clients.id AS clients_id, clients.full_name AS clients_full_name, clients.phone AS clients_phone, clients.address AS clients_address, clients.coordinates AS clients_coordinates, clients.created_at AS clients_created_at, clients.last_contact AS clients_last_contact, clients.comments AS clients_comments, clients.updated_at AS clients_updated_at, clients.backup_phone AS clients_backup_phone, clients.deleted_at AS clients_deleted_at 
FROM clients 
WHERE clients.id IN ($1::INTEGER, $2::INTEGER, $3::INTEGER, $4::INTEGER)
2026-03-01 17:07:24,970 - sqlalchemy.engine.Engine - INFO - [cached since 268.2s ago] (1, 2, 3, 4)
2026-03-01 17:07:24,971 - sqlalchemy.engine.Engine - INFO - SELECT address_cache.address AS address_cache_address, address_cache.lat AS address_cache_lat, address_cache.lon AS address_cache_lon, address_cache.updated_at AS address_cache_updated_at 
FROM address_cache 
WHERE address_cache.address IN ($1::VARCHAR, $2::VARCHAR, $3::VARCHAR)
2026-03-01 17:07:24,971 - sqlalchemy.engine.Engine - INFO - [cached since 268.2s ago] ('Москва, ул. Тверская, д. 12, кв. 45', 'Россия, Москва, Ленинский проспект, 15, подъезд 3, кв. 78', 'Россия, Московская область, Мытищи, улица Мира, 8')
2026-03-01 17:07:24,972 - sqlalchemy.engine.Engine - INFO - ROLLBACK
2026-03-01 17:07:24,973 - sqlalchemy.engine.Engine - INFO - BEGIN (implicit)
2026-03-01 17:07:24,973 - sqlalchemy.engine.Engine - INFO - SELECT orders.id, orders.client_id, orders.status, orders.warehouse, orders.service_datetime, orders.delivery_datetime, orders.promise, orders.marker_color, orders.address_id, orders.address_text, orders.created_at, orders.updated_at 
FROM orders 
 LIMIT $1::INTEGER OFFSET $2::INTEGER
2026-03-01 17:07:24,973 - sqlalchemy.engine.Engine - INFO - [cached since 268.2s ago] (100, 0)
2026-03-01 17:07:24,974 - sqlalchemy.engine.Engine - INFO - SELECT finance.order_id AS finance_order_id, finance.id AS finance_id, finance.revenue AS finance_revenue, finance.cost_of_goods AS finance_cost_of_goods, finance.installer_payments AS finance_installer_payments, finance.expenses AS finance_expenses, finance.warranty_costs_oleg AS finance_warranty_costs_oleg, finance.warranty_costs_installer AS finance_warranty_costs_installer, finance.profit AS finance_profit, finance.created_at AS finance_created_at, finance.updated_at AS finance_updated_at 
FROM finance 
WHERE finance.order_id IN ($1::INTEGER, $2::INTEGER, $3::INTEGER, $4::INTEGER)
2026-03-01 17:07:24,974 - sqlalchemy.engine.Engine - INFO - [cached since 268.2s ago] (1, 2, 3, 4)
2026-03-01 17:07:24,975 - sqlalchemy.engine.Engine - INFO - SELECT clients.id AS clients_id, clients.full_name AS clients_full_name, clients.phone AS clients_phone, clients.address AS clients_address, clients.coordinates AS clients_coordinates, clients.created_at AS clients_created_at, clients.last_contact AS clients_last_contact, clients.comments AS clients_comments, clients.updated_at AS clients_updated_at, clients.backup_phone AS clients_backup_phone, clients.deleted_at AS clients_deleted_at 
FROM clients 
WHERE clients.id IN ($1::INTEGER, $2::INTEGER, $3::INTEGER, $4::INTEGER)
2026-03-01 17:07:24,975 - sqlalchemy.engine.Engine - INFO - [cached since 268.2s ago] (1, 2, 3, 4)
2026-03-01 17:07:24,976 - sqlalchemy.engine.Engine - INFO - SELECT address_cache.address AS address_cache_address, address_cache.lat AS address_cache_lat, address_cache.lon AS address_cache_lon, address_cache.updated_at AS address_cache_updated_at 
FROM address_cache 
WHERE address_cache.address IN ($1::VARCHAR, $2::VARCHAR, $3::VARCHAR)
2026-03-01 17:07:24,976 - sqlalchemy.engine.Engine - INFO - [cached since 268.2s ago] ('Москва, ул. Тверская, д. 12, кв. 45', 'Россия, Москва, Ленинский проспект, 15, подъезд 3, кв. 78', 'Россия, Московская область, Мытищи, улица Мира, 8')
2026-03-01 17:07:24,977 - sqlalchemy.engine.Engine - INFO - ROLLBACK
2026-03-01 17:21:24,601 - src.core.logging - INFO - Starting CRM application
2026-03-01 17:21:24,601 - apscheduler.scheduler - INFO - Adding job tentatively -- it will be properly scheduled when the scheduler starts
2026-03-01 17:21:24,601 - apscheduler.scheduler - INFO - Adding job tentatively -- it will be properly scheduled when the scheduler starts
2026-03-01 17:21:24,601 - apscheduler.scheduler - INFO - Adding job tentatively -- it will be properly scheduled when the scheduler starts
2026-03-01 17:21:24,602 - apscheduler.scheduler - INFO - Adding job tentatively -- it will be properly scheduled when the scheduler starts
2026-03-01 17:21:24,602 - apscheduler.scheduler - INFO - Added job "send_daily_reminder" to job store "default"
2026-03-01 17:21:24,602 - apscheduler.scheduler - INFO - Added job "daily_weather_collection" to job store "default"
2026-03-01 17:21:24,602 - apscheduler.scheduler - INFO - Added job "run_training" to job store "default"
2026-03-01 17:21:24,602 - apscheduler.scheduler - INFO - Added job "daily_backup_and_report" to job store "default"
2026-03-01 17:21:24,602 - apscheduler.scheduler - INFO - Scheduler started
2026-03-01 17:21:24,602 - src.core.logging - INFO - Scheduler started
2026-03-01 17:23:44,844 - sqlalchemy.engine.Engine - INFO - select pg_catalog.version()
2026-03-01 17:23:44,844 - sqlalchemy.engine.Engine - INFO - [raw sql] ()
2026-03-01 17:23:44,845 - sqlalchemy.engine.Engine - INFO - select current_schema()
2026-03-01 17:23:44,845 - sqlalchemy.engine.Engine - INFO - [raw sql] ()
2026-03-01 17:23:44,846 - sqlalchemy.engine.Engine - INFO - show standard_conforming_strings
2026-03-01 17:23:44,846 - sqlalchemy.engine.Engine - INFO - [raw sql] ()
2026-03-01 17:23:44,846 - sqlalchemy.engine.Engine - INFO - BEGIN (implicit)
2026-03-01 17:23:44,866 - sqlalchemy.engine.Engine - INFO - SELECT admins.id, admins.username, admins.password_hash, admins.created_at 
FROM admins 
WHERE admins.username = $1::VARCHAR
2026-03-01 17:23:44,866 - sqlalchemy.engine.Engine - INFO - [generated in 0.00018s] ('zhura2296@yandex.ru',)
2026-03-01 17:23:45,070 - sqlalchemy.engine.Engine - INFO - ROLLBACK
2026-03-01 17:23:45,211 - sqlalchemy.engine.Engine - INFO - BEGIN (implicit)
2026-03-01 17:23:45,212 - sqlalchemy.engine.Engine - INFO - SELECT admins.id, admins.username, admins.password_hash, admins.created_at 
FROM admins 
WHERE admins.username = $1::VARCHAR
2026-03-01 17:23:45,212 - sqlalchemy.engine.Engine - INFO - [cached since 0.3457s ago] ('zhura2296@yandex.ru',)
2026-03-01 17:23:45,217 - sqlalchemy.engine.Engine - INFO - SELECT clients.id, clients.full_name, clients.phone, clients.address, clients.coordinates, clients.created_at, clients.last_contact, clients.comments, clients.updated_at, clients.backup_phone, clients.deleted_at 
FROM clients 
 LIMIT $1::INTEGER OFFSET $2::INTEGER
2026-03-01 17:23:45,217 - sqlalchemy.engine.Engine - INFO - [generated in 0.00017s] (100, 0)
2026-03-01 17:23:45,234 - sqlalchemy.engine.Engine - INFO - ROLLBACK
2026-03-01 17:23:45,238 - sqlalchemy.engine.Engine - INFO - BEGIN (implicit)
2026-03-01 17:23:45,238 - sqlalchemy.engine.Engine - INFO - SELECT admins.id, admins.username, admins.password_hash, admins.created_at 
FROM admins 
WHERE admins.username = $1::VARCHAR
2026-03-01 17:23:45,238 - sqlalchemy.engine.Engine - INFO - [cached since 0.372s ago] ('zhura2296@yandex.ru',)
2026-03-01 17:23:45,257 - sqlalchemy.engine.Engine - INFO - SELECT installers.id, installers.full_name, installers.nickname, installers.phone, installers.backup_phone, installers.specialization, installers.rating, installers.base_price, installers.is_debtor, installers.comments, installers.is_active, installers.is_in_funnel, installers.total_orders, installers.poor_work_count, installers.warranty_visits_count, installers.last_incident_date, installers.updated_at, installers.created_at, installers.deleted_at 
FROM installers 
WHERE installers.deleted_at IS NULL 
 LIMIT $1::INTEGER OFFSET $2::INTEGER
2026-03-01 17:23:45,257 - sqlalchemy.engine.Engine - INFO - [generated in 0.00019s] (100, 0)
2026-03-01 17:23:45,260 - sqlalchemy.engine.Engine - INFO - BEGIN (implicit)
2026-03-01 17:23:45,260 - sqlalchemy.engine.Engine - INFO - SELECT admins.id, admins.username, admins.password_hash, admins.created_at 
FROM admins 
WHERE admins.username = $1::VARCHAR
2026-03-01 17:23:45,260 - sqlalchemy.engine.Engine - INFO - [cached since 0.3941s ago] ('zhura2296@yandex.ru',)
2026-03-01 17:23:45,261 - sqlalchemy.engine.Engine - INFO - BEGIN (implicit)
2026-03-01 17:23:45,261 - sqlalchemy.engine.Engine - INFO - SELECT admins.id, admins.username, admins.password_hash, admins.created_at 
FROM admins 
WHERE admins.username = $1::VARCHAR
2026-03-01 17:23:45,261 - sqlalchemy.engine.Engine - INFO - [cached since 0.3951s ago] ('zhura2296@yandex.ru',)
2026-03-01 17:23:45,262 - sqlalchemy.engine.Engine - INFO - ROLLBACK
2026-03-01 17:23:45,263 - sqlalchemy.engine.Engine - INFO - SELECT installers.id, installers.full_name, installers.nickname, installers.phone, installers.backup_phone, installers.specialization, installers.rating, installers.base_price, installers.is_debtor, installers.comments, installers.is_active, installers.is_in_funnel, installers.total_orders, installers.poor_work_count, installers.warranty_visits_count, installers.last_incident_date, installers.updated_at, installers.created_at, installers.deleted_at 
FROM installers 
WHERE installers.deleted_at IS NULL 
 LIMIT $1::INTEGER OFFSET $2::INTEGER
2026-03-01 17:23:45,263 - sqlalchemy.engine.Engine - INFO - [cached since 0.006158s ago] (100, 0)
2026-03-01 17:23:45,264 - sqlalchemy.engine.Engine - INFO - SELECT clients.id, clients.full_name, clients.phone, clients.address, clients.coordinates, clients.created_at, clients.last_contact, clients.comments, clients.updated_at, clients.backup_phone, clients.deleted_at 
FROM clients 
 LIMIT $1::INTEGER OFFSET $2::INTEGER
2026-03-01 17:23:45,264 - sqlalchemy.engine.Engine - INFO - [cached since 0.04795s ago] (100, 0)
2026-03-01 17:23:45,265 - sqlalchemy.engine.Engine - INFO - ROLLBACK
2026-03-01 17:23:45,266 - sqlalchemy.engine.Engine - INFO - ROLLBACK
2026-03-01 17:26:30,022 - sqlalchemy.engine.Engine - INFO - BEGIN (implicit)
2026-03-01 17:26:30,022 - sqlalchemy.engine.Engine - INFO - SELECT admins.id, admins.username, admins.password_hash, admins.created_at 
FROM admins 
WHERE admins.username = $1::VARCHAR
2026-03-01 17:26:30,022 - sqlalchemy.engine.Engine - INFO - [cached since 165.2s ago] ('zhura2296@yandex.ru',)
2026-03-01 17:26:30,024 - sqlalchemy.engine.Engine - INFO - INSERT INTO installers (full_name, nickname, phone, backup_phone, specialization, rating, base_price, is_debtor, comments, is_active, is_in_funnel, total_orders, poor_work_count, warranty_visits_count, last_incident_date, deleted_at) VALUES ($1::VARCHAR, $2::VARCHAR, $3::VARCHAR, $4::VARCHAR, $5::VARCHAR[], $6::NUMERIC(3, 1), $7::NUMERIC(10, 2), $8::BOOLEAN, $9::VARCHAR, $10::BOOLEAN, $11::BOOLEAN, $12::INTEGER, $13::INTEGER, $14::INTEGER, $15::TIMESTAMP WITH TIME ZONE, $16::TIMESTAMP WITH TIME ZONE) RETURNING installers.id, installers.updated_at, installers.created_at
2026-03-01 17:26:30,024 - sqlalchemy.engine.Engine - INFO - [generated in 0.00016s] ('Козлов Дмитрий Сергеевич', 'Мастер', '+79258887766', '', ['установка', 'ремонт', 'заправка', 'диагностика'], 9.8, 5500.0, False, 'Опытный, всегда на связи', True, True, 0, 0, 0, None, None)
2026-03-01 17:26:30,035 - sqlalchemy.engine.Engine - INFO - COMMIT
2026-03-01 17:26:30,036 - sqlalchemy.engine.Engine - INFO - BEGIN (implicit)
2026-03-01 17:26:30,037 - sqlalchemy.engine.Engine - INFO - SELECT installers.id, installers.full_name, installers.nickname, installers.phone, installers.backup_phone, installers.specialization, installers.rating, installers.base_price, installers.is_debtor, installers.comments, installers.is_active, installers.is_in_funnel, installers.total_orders, installers.poor_work_count, installers.warranty_visits_count, installers.last_incident_date, installers.updated_at, installers.created_at, installers.deleted_at 
FROM installers 
WHERE installers.id = $1::INTEGER
2026-03-01 17:26:30,037 - sqlalchemy.engine.Engine - INFO - [generated in 0.00015s] (4,)
2026-03-01 17:26:30,039 - sqlalchemy.engine.Engine - INFO - ROLLBACK
2026-03-01 17:26:30,059 - sqlalchemy.engine.Engine - INFO - BEGIN (implicit)
2026-03-01 17:26:30,060 - sqlalchemy.engine.Engine - INFO - SELECT admins.id, admins.username, admins.password_hash, admins.created_at 
FROM admins 
WHERE admins.username = $1::VARCHAR
2026-03-01 17:26:30,060 - sqlalchemy.engine.Engine - INFO - [cached since 165.2s ago] ('zhura2296@yandex.ru',)
2026-03-01 17:26:30,061 - sqlalchemy.engine.Engine - INFO - SELECT installers.id, installers.full_name, installers.nickname, installers.phone, installers.backup_phone, installers.specialization, installers.rating, installers.base_price, installers.is_debtor, installers.comments, installers.is_active, installers.is_in_funnel, installers.total_orders, installers.poor_work_count, installers.warranty_visits_count, installers.last_incident_date, installers.updated_at, installers.created_at, installers.deleted_at 
FROM installers 
WHERE installers.deleted_at IS NULL 
 LIMIT $1::INTEGER OFFSET $2::INTEGER
2026-03-01 17:26:30,061 - sqlalchemy.engine.Engine - INFO - [cached since 164.8s ago] (100, 0)
2026-03-01 17:26:30,062 - sqlalchemy.engine.Engine - INFO - ROLLBACK
2026-03-01 17:26:30,063 - sqlalchemy.engine.Engine - INFO - BEGIN (implicit)
2026-03-01 17:26:30,063 - sqlalchemy.engine.Engine - INFO - SELECT admins.id, admins.username, admins.password_hash, admins.created_at 
FROM admins 
WHERE admins.username = $1::VARCHAR
2026-03-01 17:26:30,063 - sqlalchemy.engine.Engine - INFO - [cached since 165.2s ago] ('zhura2296@yandex.ru',)
2026-03-01 17:26:30,065 - sqlalchemy.engine.Engine - INFO - SELECT installers.id, installers.full_name, installers.nickname, installers.phone, installers.backup_phone, installers.specialization, installers.rating, installers.base_price, installers.is_debtor, installers.comments, installers.is_active, installers.is_in_funnel, installers.total_orders, installers.poor_work_count, installers.warranty_visits_count, installers.last_incident_date, installers.updated_at, installers.created_at, installers.deleted_at 
FROM installers 
WHERE installers.deleted_at IS NULL 
 LIMIT $1::INTEGER OFFSET $2::INTEGER
2026-03-01 17:26:30,065 - sqlalchemy.engine.Engine - INFO - [cached since 164.8s ago] (100, 0)
2026-03-01 17:26:30,066 - sqlalchemy.engine.Engine - INFO - ROLLBACK
2026-03-01 17:30:04,555 - sqlalchemy.engine.Engine - INFO - BEGIN (implicit)
2026-03-01 17:30:04,555 - sqlalchemy.engine.Engine - INFO - SELECT admins.id, admins.username, admins.password_hash, admins.created_at 
FROM admins 
WHERE admins.username = $1::VARCHAR
2026-03-01 17:30:04,555 - sqlalchemy.engine.Engine - INFO - [cached since 379.7s ago] ('zhura2296@yandex.ru',)
2026-03-01 17:30:04,557 - sqlalchemy.engine.Engine - INFO - INSERT INTO installers (full_name, nickname, phone, backup_phone, specialization, rating, base_price, is_debtor, comments, is_active, is_in_funnel, total_orders, poor_work_count, warranty_visits_count, last_incident_date, deleted_at) VALUES ($1::VARCHAR, $2::VARCHAR, $3::VARCHAR, $4::VARCHAR, $5::VARCHAR[], $6::NUMERIC(3, 1), $7::NUMERIC(10, 2), $8::BOOLEAN, $9::VARCHAR, $10::BOOLEAN, $11::BOOLEAN, $12::INTEGER, $13::INTEGER, $14::INTEGER, $15::TIMESTAMP WITH TIME ZONE, $16::TIMESTAMP WITH TIME ZONE) RETURNING installers.id, installers.updated_at, installers.created_at
2026-03-01 17:30:04,557 - sqlalchemy.engine.Engine - INFO - [cached since 214.5s ago] ('Николаев Андрей Владимирович', 'Ток', '+79167778899', '', ['электрика', 'подключение'], 9.2, 4500.0, False, 'Специализируется на сложных схемах', True, True, 0, 0, 0, None, None)
2026-03-01 17:30:04,566 - sqlalchemy.engine.Engine - INFO - COMMIT
2026-03-01 17:30:04,566 - sqlalchemy.engine.Engine - INFO - BEGIN (implicit)
2026-03-01 17:30:04,567 - sqlalchemy.engine.Engine - INFO - SELECT installers.id, installers.full_name, installers.nickname, installers.phone, installers.backup_phone, installers.specialization, installers.rating, installers.base_price, installers.is_debtor, installers.comments, installers.is_active, installers.is_in_funnel, installers.total_orders, installers.poor_work_count, installers.warranty_visits_count, installers.last_incident_date, installers.updated_at, installers.created_at, installers.deleted_at 
FROM installers 
WHERE installers.id = $1::INTEGER
2026-03-01 17:30:04,567 - sqlalchemy.engine.Engine - INFO - [cached since 214.5s ago] (5,)
2026-03-01 17:30:04,568 - sqlalchemy.engine.Engine - INFO - ROLLBACK
2026-03-01 17:30:06,973 - sqlalchemy.engine.Engine - INFO - BEGIN (implicit)
2026-03-01 17:30:06,973 - sqlalchemy.engine.Engine - INFO - SELECT admins.id, admins.username, admins.password_hash, admins.created_at 
FROM admins 
WHERE admins.username = $1::VARCHAR
2026-03-01 17:30:06,973 - sqlalchemy.engine.Engine - INFO - [cached since 382.1s ago] ('zhura2296@yandex.ru',)
2026-03-01 17:30:06,975 - sqlalchemy.engine.Engine - INFO - SELECT installers.id, installers.full_name, installers.nickname, installers.phone, installers.backup_phone, installers.specialization, installers.rating, installers.base_price, installers.is_debtor, installers.comments, installers.is_active, installers.is_in_funnel, installers.total_orders, installers.poor_work_count, installers.warranty_visits_count, installers.last_incident_date, installers.updated_at, installers.created_at, installers.deleted_at 
FROM installers 
WHERE installers.deleted_at IS NULL 
 LIMIT $1::INTEGER OFFSET $2::INTEGER
2026-03-01 17:30:06,975 - sqlalchemy.engine.Engine - INFO - [cached since 381.7s ago] (100, 0)
2026-03-01 17:30:06,977 - sqlalchemy.engine.Engine - INFO - ROLLBACK
2026-03-01 17:30:06,978 - sqlalchemy.engine.Engine - INFO - BEGIN (implicit)
2026-03-01 17:30:06,978 - sqlalchemy.engine.Engine - INFO - SELECT admins.id, admins.username, admins.password_hash, admins.created_at 
FROM admins 
WHERE admins.username = $1::VARCHAR
2026-03-01 17:30:06,979 - sqlalchemy.engine.Engine - INFO - [cached since 382.1s ago] ('zhura2296@yandex.ru',)
2026-03-01 17:30:06,980 - sqlalchemy.engine.Engine - INFO - SELECT installers.id, installers.full_name, installers.nickname, installers.phone, installers.backup_phone, installers.specialization, installers.rating, installers.base_price, installers.is_debtor, installers.comments, installers.is_active, installers.is_in_funnel, installers.total_orders, installers.poor_work_count, installers.warranty_visits_count, installers.last_incident_date, installers.updated_at, installers.created_at, installers.deleted_at 
FROM installers 
WHERE installers.deleted_at IS NULL 
 LIMIT $1::INTEGER OFFSET $2::INTEGER
2026-03-01 17:30:06,980 - sqlalchemy.engine.Engine - INFO - [cached since 381.7s ago] (100, 0)
2026-03-01 17:30:06,981 - sqlalchemy.engine.Engine - INFO - ROLLBACK
2026-03-01 17:30:28,498 - sqlalchemy.engine.Engine - INFO - BEGIN (implicit)
2026-03-01 17:30:28,498 - sqlalchemy.engine.Engine - INFO - SELECT admins.id, admins.username, admins.password_hash, admins.created_at 
FROM admins 
WHERE admins.username = $1::VARCHAR
2026-03-01 17:30:28,498 - sqlalchemy.engine.Engine - INFO - [cached since 403.6s ago] ('zhura2296@yandex.ru',)
2026-03-01 17:30:28,499 - sqlalchemy.engine.Engine - INFO - BEGIN (implicit)
2026-03-01 17:30:28,499 - sqlalchemy.engine.Engine - INFO - SELECT admins.id, admins.username, admins.password_hash, admins.created_at 
FROM admins 
WHERE admins.username = $1::VARCHAR
2026-03-01 17:30:28,499 - sqlalchemy.engine.Engine - INFO - [cached since 403.6s ago] ('zhura2296@yandex.ru',)
2026-03-01 17:30:28,500 - sqlalchemy.engine.Engine - INFO - SELECT clients.id, clients.full_name, clients.phone, clients.address, clients.coordinates, clients.created_at, clients.last_contact, clients.comments, clients.updated_at, clients.backup_phone, clients.deleted_at 
FROM clients 
 LIMIT $1::INTEGER OFFSET $2::INTEGER
2026-03-01 17:30:28,500 - sqlalchemy.engine.Engine - INFO - [cached since 403.3s ago] (100, 0)
2026-03-01 17:30:28,501 - sqlalchemy.engine.Engine - INFO - SELECT installers.id, installers.full_name, installers.nickname, installers.phone, installers.backup_phone, installers.specialization, installers.rating, installers.base_price, installers.is_debtor, installers.comments, installers.is_active, installers.is_in_funnel, installers.total_orders, installers.poor_work_count, installers.warranty_visits_count, installers.last_incident_date, installers.updated_at, installers.created_at, installers.deleted_at 
FROM installers 
WHERE installers.deleted_at IS NULL 
 LIMIT $1::INTEGER OFFSET $2::INTEGER
2026-03-01 17:30:28,501 - sqlalchemy.engine.Engine - INFO - [cached since 403.2s ago] (100, 0)
2026-03-01 17:30:28,502 - sqlalchemy.engine.Engine - INFO - ROLLBACK
2026-03-01 17:30:28,502 - sqlalchemy.engine.Engine - INFO - ROLLBACK
2026-03-01 17:30:28,504 - sqlalchemy.engine.Engine - INFO - BEGIN (implicit)
2026-03-01 17:30:28,504 - sqlalchemy.engine.Engine - INFO - SELECT admins.id, admins.username, admins.password_hash, admins.created_at 
FROM admins 
WHERE admins.username = $1::VARCHAR
2026-03-01 17:30:28,504 - sqlalchemy.engine.Engine - INFO - [cached since 403.6s ago] ('zhura2296@yandex.ru',)
2026-03-01 17:30:28,505 - sqlalchemy.engine.Engine - INFO - BEGIN (implicit)
2026-03-01 17:30:28,505 - sqlalchemy.engine.Engine - INFO - SELECT admins.id, admins.username, admins.password_hash, admins.created_at 
FROM admins 
WHERE admins.username = $1::VARCHAR
2026-03-01 17:30:28,505 - sqlalchemy.engine.Engine - INFO - [cached since 403.6s ago] ('zhura2296@yandex.ru',)
2026-03-01 17:30:28,506 - sqlalchemy.engine.Engine - INFO - SELECT installers.id, installers.full_name, installers.nickname, installers.phone, installers.backup_phone, installers.specialization, installers.rating, installers.base_price, installers.is_debtor, installers.comments, installers.is_active, installers.is_in_funnel, installers.total_orders, installers.poor_work_count, installers.warranty_visits_count, installers.last_incident_date, installers.updated_at, installers.created_at, installers.deleted_at 
FROM installers 
WHERE installers.deleted_at IS NULL 
 LIMIT $1::INTEGER OFFSET $2::INTEGER
2026-03-01 17:30:28,506 - sqlalchemy.engine.Engine - INFO - [cached since 403.2s ago] (100, 0)
2026-03-01 17:30:28,507 - sqlalchemy.engine.Engine - INFO - SELECT clients.id, clients.full_name, clients.phone, clients.address, clients.coordinates, clients.created_at, clients.last_contact, clients.comments, clients.updated_at, clients.backup_phone, clients.deleted_at 
FROM clients 
 LIMIT $1::INTEGER OFFSET $2::INTEGER
2026-03-01 17:30:28,507 - sqlalchemy.engine.Engine - INFO - [cached since 403.3s ago] (100, 0)
2026-03-01 17:30:28,509 - sqlalchemy.engine.Engine - INFO - ROLLBACK
2026-03-01 17:30:28,510 - sqlalchemy.engine.Engine - INFO - ROLLBACK
2026-03-01 17:32:54,039 - sqlalchemy.engine.Engine - INFO - BEGIN (implicit)
2026-03-01 17:32:54,039 - sqlalchemy.engine.Engine - INFO - SELECT admins.id, admins.username, admins.password_hash, admins.created_at 
FROM admins 
WHERE admins.username = $1::VARCHAR
2026-03-01 17:32:54,039 - sqlalchemy.engine.Engine - INFO - [cached since 549.2s ago] ('zhura2296@yandex.ru',)
2026-03-01 17:32:54,040 - sqlalchemy.engine.Engine - INFO - INSERT INTO clients (full_name, phone, address, coordinates, comments, updated_at, backup_phone, deleted_at) VALUES ($1::VARCHAR, $2::VARCHAR, $3::VARCHAR, $4, $5::VARCHAR, $6::TIMESTAMP WITH TIME ZONE, $7::VARCHAR, $8::TIMESTAMP WITH TIME ZONE) RETURNING clients.id, clients.created_at, clients.last_contact
2026-03-01 17:32:54,041 - sqlalchemy.engine.Engine - INFO - [generated in 0.00013s] ('Фёдоров Игорь Николаевич', '+79068887744', 'Россия, Москва, улица Академика Королёва, 10, подъезд 2, этаж 6, кв. 55', None, '', None, '+79067778833', None)
2026-03-01 17:32:54,042 - sqlalchemy.engine.Engine - INFO - COMMIT
2026-03-01 17:32:54,072 - sqlalchemy.engine.Engine - INFO - BEGIN (implicit)
2026-03-01 17:32:54,073 - sqlalchemy.engine.Engine - INFO - SELECT clients.id, clients.full_name, clients.phone, clients.address, clients.coordinates, clients.created_at, clients.last_contact, clients.comments, clients.updated_at, clients.backup_phone, clients.deleted_at 
FROM clients 
WHERE clients.id = $1::INTEGER
2026-03-01 17:32:54,073 - sqlalchemy.engine.Engine - INFO - [generated in 0.00015s] (5,)
2026-03-01 17:32:54,074 - sqlalchemy.engine.Engine - INFO - ROLLBACK
2026-03-01 17:32:54,161 - sqlalchemy.engine.Engine - INFO - BEGIN (implicit)
2026-03-01 17:32:54,162 - sqlalchemy.engine.Engine - INFO - SELECT address_cache.address, address_cache.lat, address_cache.lon, address_cache.updated_at 
FROM address_cache 
WHERE address_cache.address = $1::VARCHAR
2026-03-01 17:32:54,162 - sqlalchemy.engine.Engine - INFO - [generated in 0.00011s] ('Россия, Москва, улица Академика Королёва, 10, подъезд 2, этаж 6, кв. 55',)
2026-03-01 17:32:54,164 - sqlalchemy.engine.Engine - INFO - INSERT INTO address_cache (address, lat, lon) VALUES ($1::VARCHAR, $2::NUMERIC(10, 7), $3::NUMERIC(10, 7)) RETURNING address_cache.updated_at
2026-03-01 17:32:54,164 - sqlalchemy.engine.Engine - INFO - [generated in 0.00011s] ('Россия, Москва, улица Академика Королёва, 10, подъезд 2, этаж 6, кв. 55', 55.822878, 37.619863)
2026-03-01 17:32:54,164 - sqlalchemy.engine.Engine - INFO - COMMIT
2026-03-01 17:32:54,165 - sqlalchemy.engine.Engine - INFO - BEGIN (implicit)
2026-03-01 17:32:54,165 - sqlalchemy.engine.Engine - INFO - SELECT address_cache.address, address_cache.lat, address_cache.lon, address_cache.updated_at 
FROM address_cache 
WHERE address_cache.address = $1::VARCHAR
2026-03-01 17:32:54,165 - sqlalchemy.engine.Engine - INFO - [generated in 0.00009s] ('Россия, Москва, улица Академика Королёва, 10, подъезд 2, этаж 6, кв. 55',)
2026-03-01 17:32:54,167 - sqlalchemy.engine.Engine - INFO - INSERT INTO orders (client_id, status, warehouse, service_datetime, delivery_datetime, promise, marker_color, address_id, address_text) VALUES ($1::INTEGER, $2::order_status, $3::VARCHAR, $4::TIMESTAMP WITHOUT TIME ZONE, $5::TIMESTAMP WITHOUT TIME ZONE, $6::VARCHAR, $7::VARCHAR, $8::VARCHAR, $9::VARCHAR) RETURNING orders.id, orders.created_at, orders.updated_at
2026-03-01 17:32:54,168 - sqlalchemy.engine.Engine - INFO - [generated in 0.00012s] (5, 'Новый', 'Основной', datetime.datetime(2026, 3, 10, 8, 0), datetime.datetime(2026, 3, 9, 12, 0), 'Просьба не звонить в обед (13:00-14:00)', None, 'Россия, Москва, улица Академика Королёва, 10, подъезд 2, этаж 6, кв. 55', 'Россия, Москва, улица Академика Королёва, 10, подъезд 2, этаж 6, кв. 55')
2026-03-01 17:32:54,174 - sqlalchemy.engine.Engine - INFO - SELECT orders.id 
FROM orders 
WHERE orders.id = $1::INTEGER
2026-03-01 17:32:54,174 - sqlalchemy.engine.Engine - INFO - [generated in 0.00015s] (5,)
2026-03-01 17:32:54,176 - sqlalchemy.engine.Engine - INFO - SELECT order_installers.id AS order_installers_id, order_installers.order_id AS order_installers_order_id, order_installers.installer_id AS order_installers_installer_id, order_installers.role AS order_installers_role, order_installers.base_payment AS order_installers_base_payment, order_installers.is_primary AS order_installers_is_primary, order_installers.created_at AS order_installers_created_at, order_installers.updated_at AS order_installers_updated_at 
FROM order_installers 
WHERE $1::INTEGER = order_installers.order_id
2026-03-01 17:32:54,176 - sqlalchemy.engine.Engine - INFO - [generated in 0.00011s] (5,)
2026-03-01 17:32:54,178 - sqlalchemy.engine.Engine - INFO - SELECT clients.id AS clients_id, clients.full_name AS clients_full_name, clients.phone AS clients_phone, clients.address AS clients_address, clients.coordinates AS clients_coordinates, clients.created_at AS clients_created_at, clients.last_contact AS clients_last_contact, clients.comments AS clients_comments, clients.updated_at AS clients_updated_at, clients.backup_phone AS clients_backup_phone, clients.deleted_at AS clients_deleted_at 
FROM clients 
WHERE clients.id = $1::INTEGER
2026-03-01 17:32:54,178 - sqlalchemy.engine.Engine - INFO - [generated in 0.00011s] (5,)
2026-03-01 17:32:54,179 - sqlalchemy.engine.Engine - INFO - SELECT finance.id AS finance_id, finance.order_id AS finance_order_id, finance.revenue AS finance_revenue, finance.cost_of_goods AS finance_cost_of_goods, finance.installer_payments AS finance_installer_payments, finance.expenses AS finance_expenses, finance.warranty_costs_oleg AS finance_warranty_costs_oleg, finance.warranty_costs_installer AS finance_warranty_costs_installer, finance.profit AS finance_profit, finance.created_at AS finance_created_at, finance.updated_at AS finance_updated_at 
FROM finance 
WHERE $1::INTEGER = finance.order_id
2026-03-01 17:32:54,179 - sqlalchemy.engine.Engine - INFO - [generated in 0.00010s] (5,)
2026-03-01 17:32:54,180 - sqlalchemy.engine.Engine - INFO - COMMIT
2026-03-01 17:32:54,181 - sqlalchemy.engine.Engine - INFO - BEGIN (implicit)
2026-03-01 17:32:54,182 - sqlalchemy.engine.Engine - INFO - SELECT order_items.id AS order_items_id, order_items.order_id AS order_items_order_id, order_items.item_type AS order_items_item_type, order_items.name AS order_items_name, order_items.quantity AS order_items_quantity, order_items.purchase_price AS order_items_purchase_price, order_items.sale_price AS order_items_sale_price, order_items.warranty_manufacturer AS order_items_warranty_manufacturer, order_items.warranty_master AS order_items_warranty_master, order_items.sort_order AS order_items_sort_order, order_items.created_at AS order_items_created_at, order_items.updated_at AS order_items_updated_at 
FROM order_items 
WHERE $1::INTEGER = order_items.order_id
2026-03-01 17:32:54,182 - sqlalchemy.engine.Engine - INFO - [generated in 0.00011s] (5,)
2026-03-01 17:32:54,183 - sqlalchemy.engine.Engine - INFO - SELECT order_expenses.id AS order_expenses_id, order_expenses.order_id AS order_expenses_order_id, order_expenses.amount AS order_expenses_amount, order_expenses.description AS order_expenses_description, order_expenses.expense_date AS order_expenses_expense_date, order_expenses.category AS order_expenses_category, order_expenses.created_at AS order_expenses_created_at, order_expenses.updated_at AS order_expenses_updated_at 
FROM order_expenses 
WHERE $1::INTEGER = order_expenses.order_id
2026-03-01 17:32:54,183 - sqlalchemy.engine.Engine - INFO - [generated in 0.00010s] (5,)
2026-03-01 17:32:54,184 - sqlalchemy.engine.Engine - INFO - SELECT payments.id AS payments_id, payments.order_id AS payments_order_id, payments.payment_type AS payments_payment_type, payments.installer_id AS payments_installer_id, payments.amount AS payments_amount, payments.payment_date AS payments_payment_date, payments.description AS payments_description, payments.created_at AS payments_created_at, payments.updated_at AS payments_updated_at 
FROM payments 
WHERE $1::INTEGER = payments.order_id
2026-03-01 17:32:54,184 - sqlalchemy.engine.Engine - INFO - [generated in 0.00010s] (5,)
2026-03-01 17:32:54,185 - sqlalchemy.engine.Engine - INFO - ROLLBACK
2026-03-01 17:32:54,185 - src.core.logging - ERROR - Unhandled exception: 3 validation errors:
  {'type': 'get_attribute_error', 'loc': ('response', 'items'), 'msg': "Error extracting attribute: MissingGreenlet: greenlet_spawn has not been called; can't call await_only() here. Was IO attempted in an unexpected place? (Background on this error at: https://sqlalche.me/e/20/xd2s)", 'input': <src.models.orders.Order object at 0x77510b68fa70>, 'ctx': {'error': "MissingGreenlet: greenlet_spawn has not been called; can't call await_only() here. Was IO attempted in an unexpected place? (Background on this error at: https://sqlalche.me/e/20/xd2s)"}, 'url': 'https://errors.pydantic.dev/2.5/v/get_attribute_error'}
  {'type': 'get_attribute_error', 'loc': ('response', 'expenses'), 'msg': "Error extracting attribute: MissingGreenlet: greenlet_spawn has not been called; can't call await_only() here. Was IO attempted in an unexpected place? (Background on this error at: https://sqlalche.me/e/20/xd2s)", 'input': <src.models.orders.Order object at 0x77510b68fa70>, 'ctx': {'error': "MissingGreenlet: greenlet_spawn has not been called; can't call await_only() here. Was IO attempted in an unexpected place? (Background on this error at: https://sqlalche.me/e/20/xd2s)"}, 'url': 'https://errors.pydantic.dev/2.5/v/get_attribute_error'}
  {'type': 'get_attribute_error', 'loc': ('response', 'payments'), 'msg': "Error extracting attribute: MissingGreenlet: greenlet_spawn has not been called; can't call await_only() here. Was IO attempted in an unexpected place? (Background on this error at: https://sqlalche.me/e/20/xd2s)", 'input': <src.models.orders.Order object at 0x77510b68fa70>, 'ctx': {'error': "MissingGreenlet: greenlet_spawn has not been called; can't call await_only() here. Was IO attempted in an unexpected place? (Background on this error at: https://sqlalche.me/e/20/xd2s)"}, 'url': 'https://errors.pydantic.dev/2.5/v/get_attribute_error'}
Traceback (most recent call last):
  File "/home/andre/Рабочий стол/OLEG_CRM/CRM/venv/lib/python3.12/site-packages/anyio/streams/memory.py", line 98, in receive
    return self.receive_nowait()
           ^^^^^^^^^^^^^^^^^^^^^
  File "/home/andre/Рабочий стол/OLEG_CRM/CRM/venv/lib/python3.12/site-packages/anyio/streams/memory.py", line 93, in receive_nowait
    raise WouldBlock
anyio.WouldBlock

During handling of the above exception, another exception occurred:

Traceback (most recent call last):
  File "/home/andre/Рабочий стол/OLEG_CRM/CRM/venv/lib/python3.12/site-packages/starlette/middleware/base.py", line 78, in call_next
    message = await recv_stream.receive()
              ^^^^^^^^^^^^^^^^^^^^^^^^^^^
  File "/home/andre/Рабочий стол/OLEG_CRM/CRM/venv/lib/python3.12/site-packages/anyio/streams/memory.py", line 118, in receive
    raise EndOfStream
anyio.EndOfStream

During handling of the above exception, another exception occurred:

Traceback (most recent call last):
  File "/home/andre/Рабочий стол/OLEG_CRM/CRM/backend/src/core/logging.py", line 49, in dispatch
    response = await call_next(request)
               ^^^^^^^^^^^^^^^^^^^^^^^^
  File "/home/andre/Рабочий стол/OLEG_CRM/CRM/venv/lib/python3.12/site-packages/starlette/middleware/base.py", line 84, in call_next
    raise app_exc
  File "/home/andre/Рабочий стол/OLEG_CRM/CRM/venv/lib/python3.12/site-packages/starlette/middleware/base.py", line 70, in coro
    await self.app(scope, receive_or_disconnect, send_no_error)
  File "/home/andre/Рабочий стол/OLEG_CRM/CRM/venv/lib/python3.12/site-packages/starlette/middleware/cors.py", line 91, in __call__
    await self.simple_response(scope, receive, send, request_headers=headers)
  File "/home/andre/Рабочий стол/OLEG_CRM/CRM/venv/lib/python3.12/site-packages/starlette/middleware/cors.py", line 146, in simple_response
    await self.app(scope, receive, send)
  File "/home/andre/Рабочий стол/OLEG_CRM/CRM/venv/lib/python3.12/site-packages/starlette/middleware/exceptions.py", line 79, in __call__
    raise exc
  File "/home/andre/Рабочий стол/OLEG_CRM/CRM/venv/lib/python3.12/site-packages/starlette/middleware/exceptions.py", line 68, in __call__
    await self.app(scope, receive, sender)
  File "/home/andre/Рабочий стол/OLEG_CRM/CRM/venv/lib/python3.12/site-packages/fastapi/middleware/asyncexitstack.py", line 20, in __call__
    raise e
  File "/home/andre/Рабочий стол/OLEG_CRM/CRM/venv/lib/python3.12/site-packages/fastapi/middleware/asyncexitstack.py", line 17, in __call__
    await self.app(scope, receive, send)
  File "/home/andre/Рабочий стол/OLEG_CRM/CRM/venv/lib/python3.12/site-packages/starlette/routing.py", line 718, in __call__
    await route.handle(scope, receive, send)
  File "/home/andre/Рабочий стол/OLEG_CRM/CRM/venv/lib/python3.12/site-packages/starlette/routing.py", line 276, in handle
    await self.app(scope, receive, send)
  File "/home/andre/Рабочий стол/OLEG_CRM/CRM/venv/lib/python3.12/site-packages/starlette/routing.py", line 66, in app
    response = await func(request)
               ^^^^^^^^^^^^^^^^^^^
  File "/home/andre/Рабочий стол/OLEG_CRM/CRM/venv/lib/python3.12/site-packages/fastapi/routing.py", line 292, in app
    content = await serialize_response(
              ^^^^^^^^^^^^^^^^^^^^^^^^^
  File "/home/andre/Рабочий стол/OLEG_CRM/CRM/venv/lib/python3.12/site-packages/fastapi/routing.py", line 155, in serialize_response
    raise ResponseValidationError(
fastapi.exceptions.ResponseValidationError: 3 validation errors:
  {'type': 'get_attribute_error', 'loc': ('response', 'items'), 'msg': "Error extracting attribute: MissingGreenlet: greenlet_spawn has not been called; can't call await_only() here. Was IO attempted in an unexpected place? (Background on this error at: https://sqlalche.me/e/20/xd2s)", 'input': <src.models.orders.Order object at 0x77510b68fa70>, 'ctx': {'error': "MissingGreenlet: greenlet_spawn has not been called; can't call await_only() here. Was IO attempted in an unexpected place? (Background on this error at: https://sqlalche.me/e/20/xd2s)"}, 'url': 'https://errors.pydantic.dev/2.5/v/get_attribute_error'}
  {'type': 'get_attribute_error', 'loc': ('response', 'expenses'), 'msg': "Error extracting attribute: MissingGreenlet: greenlet_spawn has not been called; can't call await_only() here. Was IO attempted in an unexpected place? (Background on this error at: https://sqlalche.me/e/20/xd2s)", 'input': <src.models.orders.Order object at 0x77510b68fa70>, 'ctx': {'error': "MissingGreenlet: greenlet_spawn has not been called; can't call await_only() here. Was IO attempted in an unexpected place? (Background on this error at: https://sqlalche.me/e/20/xd2s)"}, 'url': 'https://errors.pydantic.dev/2.5/v/get_attribute_error'}
  {'type': 'get_attribute_error', 'loc': ('response', 'payments'), 'msg': "Error extracting attribute: MissingGreenlet: greenlet_spawn has not been called; can't call await_only() here. Was IO attempted in an unexpected place? (Background on this error at: https://sqlalche.me/e/20/xd2s)", 'input': <src.models.orders.Order object at 0x77510b68fa70>, 'ctx': {'error': "MissingGreenlet: greenlet_spawn has not been called; can't call await_only() here. Was IO attempted in an unexpected place? (Background on this error at: https://sqlalche.me/e/20/xd2s)"}, 'url': 'https://errors.pydantic.dev/2.5/v/get_attribute_error'}

2026-03-01 17:34:25,882 - sqlalchemy.engine.Engine - INFO - BEGIN (implicit)
2026-03-01 17:34:25,884 - sqlalchemy.engine.Engine - INFO - SELECT orders.id, orders.client_id, orders.status, orders.warehouse, orders.service_datetime, orders.delivery_datetime, orders.promise, orders.marker_color, orders.address_id, orders.address_text, orders.created_at, orders.updated_at 
FROM orders 
 LIMIT $1::INTEGER OFFSET $2::INTEGER
2026-03-01 17:34:25,885 - sqlalchemy.engine.Engine - INFO - [generated in 0.00014s] (100, 0)
2026-03-01 17:34:25,894 - sqlalchemy.engine.Engine - INFO - SELECT finance.order_id AS finance_order_id, finance.id AS finance_id, finance.revenue AS finance_revenue, finance.cost_of_goods AS finance_cost_of_goods, finance.installer_payments AS finance_installer_payments, finance.expenses AS finance_expenses, finance.warranty_costs_oleg AS finance_warranty_costs_oleg, finance.warranty_costs_installer AS finance_warranty_costs_installer, finance.profit AS finance_profit, finance.created_at AS finance_created_at, finance.updated_at AS finance_updated_at 
FROM finance 
WHERE finance.order_id IN ($1::INTEGER, $2::INTEGER, $3::INTEGER, $4::INTEGER, $5::INTEGER)
2026-03-01 17:34:25,894 - sqlalchemy.engine.Engine - INFO - [generated in 0.00035s] (1, 2, 3, 4, 5)
2026-03-01 17:34:25,898 - sqlalchemy.engine.Engine - INFO - SELECT clients.id AS clients_id, clients.full_name AS clients_full_name, clients.phone AS clients_phone, clients.address AS clients_address, clients.coordinates AS clients_coordinates, clients.created_at AS clients_created_at, clients.last_contact AS clients_last_contact, clients.comments AS clients_comments, clients.updated_at AS clients_updated_at, clients.backup_phone AS clients_backup_phone, clients.deleted_at AS clients_deleted_at 
FROM clients 
WHERE clients.id IN ($1::INTEGER, $2::INTEGER, $3::INTEGER, $4::INTEGER, $5::INTEGER)
2026-03-01 17:34:25,899 - sqlalchemy.engine.Engine - INFO - [generated in 0.00028s] (1, 2, 3, 4, 5)
2026-03-01 17:34:25,901 - sqlalchemy.engine.Engine - INFO - SELECT address_cache.address AS address_cache_address, address_cache.lat AS address_cache_lat, address_cache.lon AS address_cache_lon, address_cache.updated_at AS address_cache_updated_at 
FROM address_cache 
WHERE address_cache.address IN ($1::VARCHAR, $2::VARCHAR, $3::VARCHAR, $4::VARCHAR)
2026-03-01 17:34:25,901 - sqlalchemy.engine.Engine - INFO - [generated in 0.00029s] ('Москва, ул. Тверская, д. 12, кв. 45', 'Россия, Москва, Ленинский проспект, 15, подъезд 3, кв. 78', 'Россия, Москва, улица Академика Королёва, 10, подъезд 2, этаж 6, кв. 55', 'Россия, Московская область, Мытищи, улица Мира, 8')
2026-03-01 17:34:25,904 - sqlalchemy.engine.Engine - INFO - ROLLBACK
2026-03-01 17:34:25,905 - sqlalchemy.engine.Engine - INFO - BEGIN (implicit)
2026-03-01 17:34:25,906 - sqlalchemy.engine.Engine - INFO - SELECT orders.id, orders.client_id, orders.status, orders.warehouse, orders.service_datetime, orders.delivery_datetime, orders.promise, orders.marker_color, orders.address_id, orders.address_text, orders.created_at, orders.updated_at 
FROM orders 
 LIMIT $1::INTEGER OFFSET $2::INTEGER
2026-03-01 17:34:25,906 - sqlalchemy.engine.Engine - INFO - [cached since 0.02126s ago] (100, 0)
2026-03-01 17:34:25,907 - sqlalchemy.engine.Engine - INFO - SELECT finance.order_id AS finance_order_id, finance.id AS finance_id, finance.revenue AS finance_revenue, finance.cost_of_goods AS finance_cost_of_goods, finance.installer_payments AS finance_installer_payments, finance.expenses AS finance_expenses, finance.warranty_costs_oleg AS finance_warranty_costs_oleg, finance.warranty_costs_installer AS finance_warranty_costs_installer, finance.profit AS finance_profit, finance.created_at AS finance_created_at, finance.updated_at AS finance_updated_at 
FROM finance 
WHERE finance.order_id IN ($1::INTEGER, $2::INTEGER, $3::INTEGER, $4::INTEGER, $5::INTEGER)
2026-03-01 17:34:25,907 - sqlalchemy.engine.Engine - INFO - [cached since 0.01376s ago] (1, 2, 3, 4, 5)
2026-03-01 17:34:25,909 - sqlalchemy.engine.Engine - INFO - SELECT clients.id AS clients_id, clients.full_name AS clients_full_name, clients.phone AS clients_phone, clients.address AS clients_address, clients.coordinates AS clients_coordinates, clients.created_at AS clients_created_at, clients.last_contact AS clients_last_contact, clients.comments AS clients_comments, clients.updated_at AS clients_updated_at, clients.backup_phone AS clients_backup_phone, clients.deleted_at AS clients_deleted_at 
FROM clients 
WHERE clients.id IN ($1::INTEGER, $2::INTEGER, $3::INTEGER, $4::INTEGER, $5::INTEGER)
2026-03-01 17:34:25,909 - sqlalchemy.engine.Engine - INFO - [cached since 0.01046s ago] (1, 2, 3, 4, 5)
2026-03-01 17:34:25,910 - sqlalchemy.engine.Engine - INFO - SELECT address_cache.address AS address_cache_address, address_cache.lat AS address_cache_lat, address_cache.lon AS address_cache_lon, address_cache.updated_at AS address_cache_updated_at 
FROM address_cache 
WHERE address_cache.address IN ($1::VARCHAR, $2::VARCHAR, $3::VARCHAR, $4::VARCHAR)
2026-03-01 17:34:25,911 - sqlalchemy.engine.Engine - INFO - [cached since 0.009645s ago] ('Москва, ул. Тверская, д. 12, кв. 45', 'Россия, Москва, Ленинский проспект, 15, подъезд 3, кв. 78', 'Россия, Москва, улица Академика Королёва, 10, подъезд 2, этаж 6, кв. 55', 'Россия, Московская область, Мытищи, улица Мира, 8')
2026-03-01 17:34:25,912 - sqlalchemy.engine.Engine - INFO - ROLLBACK
2026-03-01 17:35:31,256 - src.core.logging - INFO - Starting CRM application
2026-03-01 17:35:31,256 - apscheduler.scheduler - INFO - Adding job tentatively -- it will be properly scheduled when the scheduler starts
2026-03-01 17:35:31,256 - apscheduler.scheduler - INFO - Adding job tentatively -- it will be properly scheduled when the scheduler starts
2026-03-01 17:35:31,256 - apscheduler.scheduler - INFO - Adding job tentatively -- it will be properly scheduled when the scheduler starts
2026-03-01 17:35:31,256 - apscheduler.scheduler - INFO - Adding job tentatively -- it will be properly scheduled when the scheduler starts
2026-03-01 17:35:31,257 - apscheduler.scheduler - INFO - Added job "send_daily_reminder" to job store "default"
2026-03-01 17:35:31,257 - apscheduler.scheduler - INFO - Added job "daily_weather_collection" to job store "default"
2026-03-01 17:35:31,257 - apscheduler.scheduler - INFO - Added job "run_training" to job store "default"
2026-03-01 17:35:31,257 - apscheduler.scheduler - INFO - Added job "daily_backup_and_report" to job store "default"
2026-03-01 17:35:31,257 - apscheduler.scheduler - INFO - Scheduler started
2026-03-01 17:35:31,257 - src.core.logging - INFO - Scheduler started
2026-03-01 17:39:03,050 - src.core.logging - INFO - Starting CRM application
2026-03-01 17:39:03,050 - apscheduler.scheduler - INFO - Adding job tentatively -- it will be properly scheduled when the scheduler starts
2026-03-01 17:39:03,050 - apscheduler.scheduler - INFO - Adding job tentatively -- it will be properly scheduled when the scheduler starts
2026-03-01 17:39:03,051 - apscheduler.scheduler - INFO - Adding job tentatively -- it will be properly scheduled when the scheduler starts
2026-03-01 17:39:03,051 - apscheduler.scheduler - INFO - Adding job tentatively -- it will be properly scheduled when the scheduler starts
2026-03-01 17:39:03,051 - apscheduler.scheduler - INFO - Added job "send_daily_reminder" to job store "default"
2026-03-01 17:39:03,051 - apscheduler.scheduler - INFO - Added job "daily_weather_collection" to job store "default"
2026-03-01 17:39:03,051 - apscheduler.scheduler - INFO - Added job "run_training" to job store "default"
2026-03-01 17:39:03,051 - apscheduler.scheduler - INFO - Added job "daily_backup_and_report" to job store "default"
2026-03-01 17:39:03,051 - apscheduler.scheduler - INFO - Scheduler started
2026-03-01 17:39:03,051 - src.core.logging - INFO - Scheduler started
2026-03-01 17:40:56,960 - src.core.logging - INFO - Starting CRM application
2026-03-01 17:40:56,960 - apscheduler.scheduler - INFO - Adding job tentatively -- it will be properly scheduled when the scheduler starts
2026-03-01 17:40:56,960 - apscheduler.scheduler - INFO - Adding job tentatively -- it will be properly scheduled when the scheduler starts
2026-03-01 17:40:56,961 - apscheduler.scheduler - INFO - Adding job tentatively -- it will be properly scheduled when the scheduler starts
2026-03-01 17:40:56,961 - apscheduler.scheduler - INFO - Adding job tentatively -- it will be properly scheduled when the scheduler starts
2026-03-01 17:40:56,961 - apscheduler.scheduler - INFO - Added job "send_daily_reminder" to job store "default"
2026-03-01 17:40:56,961 - apscheduler.scheduler - INFO - Added job "daily_weather_collection" to job store "default"
2026-03-01 17:40:56,961 - apscheduler.scheduler - INFO - Added job "run_training" to job store "default"
2026-03-01 17:40:56,961 - apscheduler.scheduler - INFO - Added job "daily_backup_and_report" to job store "default"
2026-03-01 17:40:56,961 - apscheduler.scheduler - INFO - Scheduler started
2026-03-01 17:40:56,961 - src.core.logging - INFO - Scheduler started
2026-03-01 17:41:00,530 - src.core.logging - INFO - Starting CRM application
2026-03-01 17:41:00,530 - apscheduler.scheduler - INFO - Adding job tentatively -- it will be properly scheduled when the scheduler starts
2026-03-01 17:41:00,530 - apscheduler.scheduler - INFO - Adding job tentatively -- it will be properly scheduled when the scheduler starts
2026-03-01 17:41:00,530 - apscheduler.scheduler - INFO - Adding job tentatively -- it will be properly scheduled when the scheduler starts
2026-03-01 17:41:00,530 - apscheduler.scheduler - INFO - Adding job tentatively -- it will be properly scheduled when the scheduler starts
2026-03-01 17:41:00,531 - apscheduler.scheduler - INFO - Added job "send_daily_reminder" to job store "default"
2026-03-01 17:41:00,531 - apscheduler.scheduler - INFO - Added job "daily_weather_collection" to job store "default"
2026-03-01 17:41:00,531 - apscheduler.scheduler - INFO - Added job "run_training" to job store "default"
2026-03-01 17:41:00,531 - apscheduler.scheduler - INFO - Added job "daily_backup_and_report" to job store "default"
2026-03-01 17:41:00,531 - apscheduler.scheduler - INFO - Scheduler started
2026-03-01 17:41:00,531 - src.core.logging - INFO - Scheduler started
2026-03-01 17:41:13,130 - src.core.logging - INFO - Starting CRM application
2026-03-01 17:41:13,130 - apscheduler.scheduler - INFO - Adding job tentatively -- it will be properly scheduled when the scheduler starts
2026-03-01 17:41:13,131 - apscheduler.scheduler - INFO - Adding job tentatively -- it will be properly scheduled when the scheduler starts
2026-03-01 17:41:13,131 - apscheduler.scheduler - INFO - Adding job tentatively -- it will be properly scheduled when the scheduler starts
2026-03-01 17:41:13,131 - apscheduler.scheduler - INFO - Adding job tentatively -- it will be properly scheduled when the scheduler starts
2026-03-01 17:41:13,131 - apscheduler.scheduler - INFO - Added job "send_daily_reminder" to job store "default"
2026-03-01 17:41:13,131 - apscheduler.scheduler - INFO - Added job "daily_weather_collection" to job store "default"
2026-03-01 17:41:13,131 - apscheduler.scheduler - INFO - Added job "run_training" to job store "default"
2026-03-01 17:41:13,131 - apscheduler.scheduler - INFO - Added job "daily_backup_and_report" to job store "default"
2026-03-01 17:41:13,131 - apscheduler.scheduler - INFO - Scheduler started
2026-03-01 17:41:13,131 - src.core.logging - INFO - Scheduler started
2026-03-01 17:41:30,490 - sqlalchemy.engine.Engine - INFO - select pg_catalog.version()
2026-03-01 17:41:30,490 - sqlalchemy.engine.Engine - INFO - [raw sql] ()
2026-03-01 17:41:30,492 - sqlalchemy.engine.Engine - INFO - select current_schema()
2026-03-01 17:41:30,492 - sqlalchemy.engine.Engine - INFO - [raw sql] ()
2026-03-01 17:41:30,493 - sqlalchemy.engine.Engine - INFO - show standard_conforming_strings
2026-03-01 17:41:30,493 - sqlalchemy.engine.Engine - INFO - [raw sql] ()
2026-03-01 17:41:30,494 - sqlalchemy.engine.Engine - INFO - BEGIN (implicit)
2026-03-01 17:41:30,514 - sqlalchemy.engine.Engine - INFO - SELECT admins.id, admins.username, admins.password_hash, admins.created_at 
FROM admins 
WHERE admins.username = $1::VARCHAR
2026-03-01 17:41:30,514 - sqlalchemy.engine.Engine - INFO - [generated in 0.00016s] ('zhura2296@yandex.ru',)
2026-03-01 17:41:30,720 - sqlalchemy.engine.Engine - INFO - ROLLBACK
2026-03-01 17:41:30,855 - sqlalchemy.engine.Engine - INFO - BEGIN (implicit)
2026-03-01 17:41:30,856 - sqlalchemy.engine.Engine - INFO - SELECT admins.id, admins.username, admins.password_hash, admins.created_at 
FROM admins 
WHERE admins.username = $1::VARCHAR
2026-03-01 17:41:30,856 - sqlalchemy.engine.Engine - INFO - [cached since 0.3416s ago] ('zhura2296@yandex.ru',)
2026-03-01 17:41:30,859 - sqlalchemy.engine.Engine - INFO - SELECT clients.id, clients.full_name, clients.phone, clients.address, clients.coordinates, clients.created_at, clients.last_contact, clients.comments, clients.updated_at, clients.backup_phone, clients.deleted_at 
FROM clients 
 LIMIT $1::INTEGER OFFSET $2::INTEGER
2026-03-01 17:41:30,859 - sqlalchemy.engine.Engine - INFO - [generated in 0.00020s] (100, 0)
2026-03-01 17:41:30,882 - sqlalchemy.engine.Engine - INFO - ROLLBACK
2026-03-01 17:41:30,884 - sqlalchemy.engine.Engine - INFO - BEGIN (implicit)
2026-03-01 17:41:30,885 - sqlalchemy.engine.Engine - INFO - SELECT admins.id, admins.username, admins.password_hash, admins.created_at 
FROM admins 
WHERE admins.username = $1::VARCHAR
2026-03-01 17:41:30,885 - sqlalchemy.engine.Engine - INFO - [cached since 0.3707s ago] ('zhura2296@yandex.ru',)
2026-03-01 17:41:30,904 - sqlalchemy.engine.Engine - INFO - SELECT installers.id, installers.full_name, installers.nickname, installers.phone, installers.backup_phone, installers.specialization, installers.rating, installers.base_price, installers.is_debtor, installers.comments, installers.is_active, installers.is_in_funnel, installers.total_orders, installers.poor_work_count, installers.warranty_visits_count, installers.last_incident_date, installers.updated_at, installers.created_at, installers.deleted_at 
FROM installers 
WHERE installers.deleted_at IS NULL 
 LIMIT $1::INTEGER OFFSET $2::INTEGER
2026-03-01 17:41:30,904 - sqlalchemy.engine.Engine - INFO - [generated in 0.00016s] (100, 0)
2026-03-01 17:41:30,905 - sqlalchemy.engine.Engine - INFO - BEGIN (implicit)
2026-03-01 17:41:30,905 - sqlalchemy.engine.Engine - INFO - SELECT admins.id, admins.username, admins.password_hash, admins.created_at 
FROM admins 
WHERE admins.username = $1::VARCHAR
2026-03-01 17:41:30,905 - sqlalchemy.engine.Engine - INFO - [cached since 0.3909s ago] ('zhura2296@yandex.ru',)
2026-03-01 17:41:30,906 - sqlalchemy.engine.Engine - INFO - ROLLBACK
2026-03-01 17:41:30,908 - sqlalchemy.engine.Engine - INFO - BEGIN (implicit)
2026-03-01 17:41:30,908 - sqlalchemy.engine.Engine - INFO - SELECT admins.id, admins.username, admins.password_hash, admins.created_at 
FROM admins 
WHERE admins.username = $1::VARCHAR
2026-03-01 17:41:30,908 - sqlalchemy.engine.Engine - INFO - [cached since 0.3937s ago] ('zhura2296@yandex.ru',)
2026-03-01 17:41:30,909 - sqlalchemy.engine.Engine - INFO - SELECT installers.id, installers.full_name, installers.nickname, installers.phone, installers.backup_phone, installers.specialization, installers.rating, installers.base_price, installers.is_debtor, installers.comments, installers.is_active, installers.is_in_funnel, installers.total_orders, installers.poor_work_count, installers.warranty_visits_count, installers.last_incident_date, installers.updated_at, installers.created_at, installers.deleted_at 
FROM installers 
WHERE installers.deleted_at IS NULL 
 LIMIT $1::INTEGER OFFSET $2::INTEGER
2026-03-01 17:41:30,909 - sqlalchemy.engine.Engine - INFO - [cached since 0.004975s ago] (100, 0)
2026-03-01 17:41:30,910 - sqlalchemy.engine.Engine - INFO - SELECT clients.id, clients.full_name, clients.phone, clients.address, clients.coordinates, clients.created_at, clients.last_contact, clients.comments, clients.updated_at, clients.backup_phone, clients.deleted_at 
FROM clients 
 LIMIT $1::INTEGER OFFSET $2::INTEGER
2026-03-01 17:41:30,911 - sqlalchemy.engine.Engine - INFO - [cached since 0.05211s ago] (100, 0)
2026-03-01 17:41:30,913 - sqlalchemy.engine.Engine - INFO - ROLLBACK
2026-03-01 17:41:30,913 - sqlalchemy.engine.Engine - INFO - ROLLBACK
2026-03-01 17:46:33,640 - sqlalchemy.engine.Engine - INFO - BEGIN (implicit)
2026-03-01 17:46:33,641 - sqlalchemy.engine.Engine - INFO - SELECT admins.id, admins.username, admins.password_hash, admins.created_at 
FROM admins 
WHERE admins.username = $1::VARCHAR
2026-03-01 17:46:33,641 - sqlalchemy.engine.Engine - INFO - [cached since 303.1s ago] ('zhura2296@yandex.ru',)
2026-03-01 17:46:33,643 - sqlalchemy.engine.Engine - INFO - INSERT INTO clients (full_name, phone, address, coordinates, comments, updated_at, backup_phone, deleted_at) VALUES ($1::VARCHAR, $2::VARCHAR, $3::VARCHAR, $4, $5::VARCHAR, $6::TIMESTAMP WITH TIME ZONE, $7::VARCHAR, $8::TIMESTAMP WITH TIME ZONE) RETURNING clients.id, clients.created_at, clients.last_contact
2026-03-01 17:46:33,643 - sqlalchemy.engine.Engine - INFO - [generated in 0.00014s] ('ИП Смирнова Елена Викторовна', '+74991234567', 'Россия, Москва, улица Новый Арбат, 24', None, 'Офис работает, просьба не шуметь', None, '+74999876543', None)
2026-03-01 17:46:33,644 - sqlalchemy.engine.Engine - INFO - COMMIT
2026-03-01 17:46:33,672 - sqlalchemy.engine.Engine - INFO - BEGIN (implicit)
2026-03-01 17:46:33,673 - sqlalchemy.engine.Engine - INFO - SELECT clients.id, clients.full_name, clients.phone, clients.address, clients.coordinates, clients.created_at, clients.last_contact, clients.comments, clients.updated_at, clients.backup_phone, clients.deleted_at 
FROM clients 
WHERE clients.id = $1::INTEGER
2026-03-01 17:46:33,673 - sqlalchemy.engine.Engine - INFO - [generated in 0.00012s] (6,)
2026-03-01 17:46:33,674 - sqlalchemy.engine.Engine - INFO - ROLLBACK
2026-03-01 17:46:33,763 - sqlalchemy.engine.Engine - INFO - BEGIN (implicit)
2026-03-01 17:46:33,763 - sqlalchemy.engine.Engine - INFO - SELECT address_cache.address, address_cache.lat, address_cache.lon, address_cache.updated_at 
FROM address_cache 
WHERE address_cache.address = $1::VARCHAR
2026-03-01 17:46:33,763 - sqlalchemy.engine.Engine - INFO - [generated in 0.00012s] ('Россия, Москва, улица Новый Арбат, 24',)
2026-03-01 17:46:33,765 - sqlalchemy.engine.Engine - INFO - INSERT INTO address_cache (address, lat, lon) VALUES ($1::VARCHAR, $2::NUMERIC(10, 7), $3::NUMERIC(10, 7)) RETURNING address_cache.updated_at
2026-03-01 17:46:33,765 - sqlalchemy.engine.Engine - INFO - [generated in 0.00011s] ('Россия, Москва, улица Новый Арбат, 24', 55.753083, 37.587623)
2026-03-01 17:46:33,766 - sqlalchemy.engine.Engine - INFO - COMMIT
2026-03-01 17:46:33,767 - sqlalchemy.engine.Engine - INFO - BEGIN (implicit)
2026-03-01 17:46:33,768 - sqlalchemy.engine.Engine - INFO - SELECT address_cache.address, address_cache.lat, address_cache.lon, address_cache.updated_at 
FROM address_cache 
WHERE address_cache.address = $1::VARCHAR
2026-03-01 17:46:33,768 - sqlalchemy.engine.Engine - INFO - [generated in 0.00011s] ('Россия, Москва, улица Новый Арбат, 24',)
2026-03-01 17:46:33,770 - sqlalchemy.engine.Engine - INFO - INSERT INTO orders (client_id, status, warehouse, service_datetime, delivery_datetime, promise, marker_color, address_id, address_text) VALUES ($1::INTEGER, $2::order_status, $3::VARCHAR, $4::TIMESTAMP WITHOUT TIME ZONE, $5::TIMESTAMP WITHOUT TIME ZONE, $6::VARCHAR, $7::VARCHAR, $8::VARCHAR, $9::VARCHAR) RETURNING orders.id, orders.created_at, orders.updated_at
2026-03-01 17:46:33,770 - sqlalchemy.engine.Engine - INFO - [generated in 0.00013s] (6, 'Новый', 'Основной', datetime.datetime(2026, 3, 12, 6, 0), datetime.datetime(2026, 3, 11, 9, 0), 'Въезд по пропускам, заказать пропуск заранее\nУстановка за один день', None, 'Россия, Москва, улица Новый Арбат, 24', 'Россия, Москва, улица Новый Арбат, 24')
2026-03-01 17:46:33,781 - sqlalchemy.engine.Engine - INFO - SELECT orders.id 
FROM orders 
WHERE orders.id = $1::INTEGER
2026-03-01 17:46:33,781 - sqlalchemy.engine.Engine - INFO - [generated in 0.00018s] (6,)
2026-03-01 17:46:33,783 - sqlalchemy.engine.Engine - INFO - SELECT order_installers.id AS order_installers_id, order_installers.order_id AS order_installers_order_id, order_installers.installer_id AS order_installers_installer_id, order_installers.role AS order_installers_role, order_installers.base_payment AS order_installers_base_payment, order_installers.is_primary AS order_installers_is_primary, order_installers.created_at AS order_installers_created_at, order_installers.updated_at AS order_installers_updated_at 
FROM order_installers 
WHERE $1::INTEGER = order_installers.order_id
2026-03-01 17:46:33,783 - sqlalchemy.engine.Engine - INFO - [generated in 0.00013s] (6,)
2026-03-01 17:46:33,784 - sqlalchemy.engine.Engine - INFO - SELECT clients.id AS clients_id, clients.full_name AS clients_full_name, clients.phone AS clients_phone, clients.address AS clients_address, clients.coordinates AS clients_coordinates, clients.created_at AS clients_created_at, clients.last_contact AS clients_last_contact, clients.comments AS clients_comments, clients.updated_at AS clients_updated_at, clients.backup_phone AS clients_backup_phone, clients.deleted_at AS clients_deleted_at 
FROM clients 
WHERE clients.id = $1::INTEGER
2026-03-01 17:46:33,784 - sqlalchemy.engine.Engine - INFO - [generated in 0.00012s] (6,)
2026-03-01 17:46:33,786 - sqlalchemy.engine.Engine - INFO - SELECT finance.id AS finance_id, finance.order_id AS finance_order_id, finance.revenue AS finance_revenue, finance.cost_of_goods AS finance_cost_of_goods, finance.installer_payments AS finance_installer_payments, finance.expenses AS finance_expenses, finance.warranty_costs_oleg AS finance_warranty_costs_oleg, finance.warranty_costs_installer AS finance_warranty_costs_installer, finance.profit AS finance_profit, finance.created_at AS finance_created_at, finance.updated_at AS finance_updated_at 
FROM finance 
WHERE $1::INTEGER = finance.order_id
2026-03-01 17:46:33,786 - sqlalchemy.engine.Engine - INFO - [generated in 0.00012s] (6,)
2026-03-01 17:46:33,787 - sqlalchemy.engine.Engine - INFO - COMMIT
2026-03-01 17:46:33,788 - sqlalchemy.engine.Engine - INFO - BEGIN (implicit)
2026-03-01 17:46:33,789 - sqlalchemy.engine.Engine - INFO - SELECT order_items.id AS order_items_id, order_items.order_id AS order_items_order_id, order_items.item_type AS order_items_item_type, order_items.name AS order_items_name, order_items.quantity AS order_items_quantity, order_items.purchase_price AS order_items_purchase_price, order_items.sale_price AS order_items_sale_price, order_items.warranty_manufacturer AS order_items_warranty_manufacturer, order_items.warranty_master AS order_items_warranty_master, order_items.sort_order AS order_items_sort_order, order_items.created_at AS order_items_created_at, order_items.updated_at AS order_items_updated_at 
FROM order_items 
WHERE $1::INTEGER = order_items.order_id
2026-03-01 17:46:33,789 - sqlalchemy.engine.Engine - INFO - [generated in 0.00010s] (6,)
2026-03-01 17:46:33,790 - sqlalchemy.engine.Engine - INFO - SELECT order_expenses.id AS order_expenses_id, order_expenses.order_id AS order_expenses_order_id, order_expenses.amount AS order_expenses_amount, order_expenses.description AS order_expenses_description, order_expenses.expense_date AS order_expenses_expense_date, order_expenses.category AS order_expenses_category, order_expenses.created_at AS order_expenses_created_at, order_expenses.updated_at AS order_expenses_updated_at 
FROM order_expenses 
WHERE $1::INTEGER = order_expenses.order_id
2026-03-01 17:46:33,790 - sqlalchemy.engine.Engine - INFO - [generated in 0.00010s] (6,)
2026-03-01 17:46:33,791 - sqlalchemy.engine.Engine - INFO - SELECT payments.id AS payments_id, payments.order_id AS payments_order_id, payments.payment_type AS payments_payment_type, payments.installer_id AS payments_installer_id, payments.amount AS payments_amount, payments.payment_date AS payments_payment_date, payments.description AS payments_description, payments.created_at AS payments_created_at, payments.updated_at AS payments_updated_at 
FROM payments 
WHERE $1::INTEGER = payments.order_id
2026-03-01 17:46:33,791 - sqlalchemy.engine.Engine - INFO - [generated in 0.00009s] (6,)
2026-03-01 17:46:33,791 - sqlalchemy.engine.Engine - INFO - ROLLBACK
2026-03-01 17:46:33,791 - src.core.logging - ERROR - Unhandled exception: 3 validation errors:
  {'type': 'get_attribute_error', 'loc': ('response', 'items'), 'msg': "Error extracting attribute: MissingGreenlet: greenlet_spawn has not been called; can't call await_only() here. Was IO attempted in an unexpected place? (Background on this error at: https://sqlalche.me/e/20/xd2s)", 'input': <src.models.orders.Order object at 0x73e560d37d40>, 'ctx': {'error': "MissingGreenlet: greenlet_spawn has not been called; can't call await_only() here. Was IO attempted in an unexpected place? (Background on this error at: https://sqlalche.me/e/20/xd2s)"}, 'url': 'https://errors.pydantic.dev/2.5/v/get_attribute_error'}
  {'type': 'get_attribute_error', 'loc': ('response', 'expenses'), 'msg': "Error extracting attribute: MissingGreenlet: greenlet_spawn has not been called; can't call await_only() here. Was IO attempted in an unexpected place? (Background on this error at: https://sqlalche.me/e/20/xd2s)", 'input': <src.models.orders.Order object at 0x73e560d37d40>, 'ctx': {'error': "MissingGreenlet: greenlet_spawn has not been called; can't call await_only() here. Was IO attempted in an unexpected place? (Background on this error at: https://sqlalche.me/e/20/xd2s)"}, 'url': 'https://errors.pydantic.dev/2.5/v/get_attribute_error'}
  {'type': 'get_attribute_error', 'loc': ('response', 'payments'), 'msg': "Error extracting attribute: MissingGreenlet: greenlet_spawn has not been called; can't call await_only() here. Was IO attempted in an unexpected place? (Background on this error at: https://sqlalche.me/e/20/xd2s)", 'input': <src.models.orders.Order object at 0x73e560d37d40>, 'ctx': {'error': "MissingGreenlet: greenlet_spawn has not been called; can't call await_only() here. Was IO attempted in an unexpected place? (Background on this error at: https://sqlalche.me/e/20/xd2s)"}, 'url': 'https://errors.pydantic.dev/2.5/v/get_attribute_error'}
Traceback (most recent call last):
  File "/home/andre/Рабочий стол/OLEG_CRM/CRM/venv/lib/python3.12/site-packages/anyio/streams/memory.py", line 98, in receive
    return self.receive_nowait()
           ^^^^^^^^^^^^^^^^^^^^^
  File "/home/andre/Рабочий стол/OLEG_CRM/CRM/venv/lib/python3.12/site-packages/anyio/streams/memory.py", line 93, in receive_nowait
    raise WouldBlock
anyio.WouldBlock

During handling of the above exception, another exception occurred:

Traceback (most recent call last):
  File "/home/andre/Рабочий стол/OLEG_CRM/CRM/venv/lib/python3.12/site-packages/starlette/middleware/base.py", line 78, in call_next
    message = await recv_stream.receive()
              ^^^^^^^^^^^^^^^^^^^^^^^^^^^
  File "/home/andre/Рабочий стол/OLEG_CRM/CRM/venv/lib/python3.12/site-packages/anyio/streams/memory.py", line 118, in receive
    raise EndOfStream
anyio.EndOfStream

During handling of the above exception, another exception occurred:

Traceback (most recent call last):
  File "/home/andre/Рабочий стол/OLEG_CRM/CRM/backend/src/core/logging.py", line 49, in dispatch
    response = await call_next(request)
               ^^^^^^^^^^^^^^^^^^^^^^^^
  File "/home/andre/Рабочий стол/OLEG_CRM/CRM/venv/lib/python3.12/site-packages/starlette/middleware/base.py", line 84, in call_next
    raise app_exc
  File "/home/andre/Рабочий стол/OLEG_CRM/CRM/venv/lib/python3.12/site-packages/starlette/middleware/base.py", line 70, in coro
    await self.app(scope, receive_or_disconnect, send_no_error)
  File "/home/andre/Рабочий стол/OLEG_CRM/CRM/venv/lib/python3.12/site-packages/starlette/middleware/cors.py", line 91, in __call__
    await self.simple_response(scope, receive, send, request_headers=headers)
  File "/home/andre/Рабочий стол/OLEG_CRM/CRM/venv/lib/python3.12/site-packages/starlette/middleware/cors.py", line 146, in simple_response
    await self.app(scope, receive, send)
  File "/home/andre/Рабочий стол/OLEG_CRM/CRM/venv/lib/python3.12/site-packages/starlette/middleware/exceptions.py", line 79, in __call__
    raise exc
  File "/home/andre/Рабочий стол/OLEG_CRM/CRM/venv/lib/python3.12/site-packages/starlette/middleware/exceptions.py", line 68, in __call__
    await self.app(scope, receive, sender)
  File "/home/andre/Рабочий стол/OLEG_CRM/CRM/venv/lib/python3.12/site-packages/fastapi/middleware/asyncexitstack.py", line 20, in __call__
    raise e
  File "/home/andre/Рабочий стол/OLEG_CRM/CRM/venv/lib/python3.12/site-packages/fastapi/middleware/asyncexitstack.py", line 17, in __call__
    await self.app(scope, receive, send)
  File "/home/andre/Рабочий стол/OLEG_CRM/CRM/venv/lib/python3.12/site-packages/starlette/routing.py", line 718, in __call__
    await route.handle(scope, receive, send)
  File "/home/andre/Рабочий стол/OLEG_CRM/CRM/venv/lib/python3.12/site-packages/starlette/routing.py", line 276, in handle
    await self.app(scope, receive, send)
  File "/home/andre/Рабочий стол/OLEG_CRM/CRM/venv/lib/python3.12/site-packages/starlette/routing.py", line 66, in app
    response = await func(request)
               ^^^^^^^^^^^^^^^^^^^
  File "/home/andre/Рабочий стол/OLEG_CRM/CRM/venv/lib/python3.12/site-packages/fastapi/routing.py", line 292, in app
    content = await serialize_response(
              ^^^^^^^^^^^^^^^^^^^^^^^^^
  File "/home/andre/Рабочий стол/OLEG_CRM/CRM/venv/lib/python3.12/site-packages/fastapi/routing.py", line 155, in serialize_response
    raise ResponseValidationError(
fastapi.exceptions.ResponseValidationError: 3 validation errors:
  {'type': 'get_attribute_error', 'loc': ('response', 'items'), 'msg': "Error extracting attribute: MissingGreenlet: greenlet_spawn has not been called; can't call await_only() here. Was IO attempted in an unexpected place? (Background on this error at: https://sqlalche.me/e/20/xd2s)", 'input': <src.models.orders.Order object at 0x73e560d37d40>, 'ctx': {'error': "MissingGreenlet: greenlet_spawn has not been called; can't call await_only() here. Was IO attempted in an unexpected place? (Background on this error at: https://sqlalche.me/e/20/xd2s)"}, 'url': 'https://errors.pydantic.dev/2.5/v/get_attribute_error'}
  {'type': 'get_attribute_error', 'loc': ('response', 'expenses'), 'msg': "Error extracting attribute: MissingGreenlet: greenlet_spawn has not been called; can't call await_only() here. Was IO attempted in an unexpected place? (Background on this error at: https://sqlalche.me/e/20/xd2s)", 'input': <src.models.orders.Order object at 0x73e560d37d40>, 'ctx': {'error': "MissingGreenlet: greenlet_spawn has not been called; can't call await_only() here. Was IO attempted in an unexpected place? (Background on this error at: https://sqlalche.me/e/20/xd2s)"}, 'url': 'https://errors.pydantic.dev/2.5/v/get_attribute_error'}
  {'type': 'get_attribute_error', 'loc': ('response', 'payments'), 'msg': "Error extracting attribute: MissingGreenlet: greenlet_spawn has not been called; can't call await_only() here. Was IO attempted in an unexpected place? (Background on this error at: https://sqlalche.me/e/20/xd2s)", 'input': <src.models.orders.Order object at 0x73e560d37d40>, 'ctx': {'error': "MissingGreenlet: greenlet_spawn has not been called; can't call await_only() here. Was IO attempted in an unexpected place? (Background on this error at: https://sqlalche.me/e/20/xd2s)"}, 'url': 'https://errors.pydantic.dev/2.5/v/get_attribute_error'}

2026-03-01 17:46:41,920 - sqlalchemy.engine.Engine - INFO - BEGIN (implicit)
2026-03-01 17:46:41,921 - sqlalchemy.engine.Engine - INFO - SELECT orders.id, orders.client_id, orders.status, orders.warehouse, orders.service_datetime, orders.delivery_datetime, orders.promise, orders.marker_color, orders.address_id, orders.address_text, orders.created_at, orders.updated_at 
FROM orders 
 LIMIT $1::INTEGER OFFSET $2::INTEGER
2026-03-01 17:46:41,922 - sqlalchemy.engine.Engine - INFO - [generated in 0.00013s] (100, 0)
2026-03-01 17:46:41,933 - sqlalchemy.engine.Engine - INFO - SELECT finance.order_id AS finance_order_id, finance.id AS finance_id, finance.revenue AS finance_revenue, finance.cost_of_goods AS finance_cost_of_goods, finance.installer_payments AS finance_installer_payments, finance.expenses AS finance_expenses, finance.warranty_costs_oleg AS finance_warranty_costs_oleg, finance.warranty_costs_installer AS finance_warranty_costs_installer, finance.profit AS finance_profit, finance.created_at AS finance_created_at, finance.updated_at AS finance_updated_at 
FROM finance 
WHERE finance.order_id IN ($1::INTEGER, $2::INTEGER, $3::INTEGER, $4::INTEGER, $5::INTEGER, $6::INTEGER)
2026-03-01 17:46:41,933 - sqlalchemy.engine.Engine - INFO - [generated in 0.00022s] (1, 2, 3, 4, 5, 6)
2026-03-01 17:46:41,935 - sqlalchemy.engine.Engine - INFO - SELECT clients.id AS clients_id, clients.full_name AS clients_full_name, clients.phone AS clients_phone, clients.address AS clients_address, clients.coordinates AS clients_coordinates, clients.created_at AS clients_created_at, clients.last_contact AS clients_last_contact, clients.comments AS clients_comments, clients.updated_at AS clients_updated_at, clients.backup_phone AS clients_backup_phone, clients.deleted_at AS clients_deleted_at 
FROM clients 
WHERE clients.id IN ($1::INTEGER, $2::INTEGER, $3::INTEGER, $4::INTEGER, $5::INTEGER, $6::INTEGER)
2026-03-01 17:46:41,935 - sqlalchemy.engine.Engine - INFO - [generated in 0.00016s] (1, 2, 3, 4, 5, 6)
2026-03-01 17:46:41,936 - sqlalchemy.engine.Engine - INFO - SELECT address_cache.address AS address_cache_address, address_cache.lat AS address_cache_lat, address_cache.lon AS address_cache_lon, address_cache.updated_at AS address_cache_updated_at 
FROM address_cache 
WHERE address_cache.address IN ($1::VARCHAR, $2::VARCHAR, $3::VARCHAR, $4::VARCHAR, $5::VARCHAR)
2026-03-01 17:46:41,936 - sqlalchemy.engine.Engine - INFO - [generated in 0.00015s] ('Москва, ул. Тверская, д. 12, кв. 45', 'Россия, Москва, Ленинский проспект, 15, подъезд 3, кв. 78', 'Россия, Москва, улица Академика Королёва, 10, подъезд 2, этаж 6, кв. 55', 'Россия, Москва, улица Новый Арбат, 24', 'Россия, Московская область, Мытищи, улица Мира, 8')
2026-03-01 17:46:41,937 - sqlalchemy.engine.Engine - INFO - ROLLBACK
2026-03-01 17:46:41,938 - sqlalchemy.engine.Engine - INFO - BEGIN (implicit)
2026-03-01 17:46:41,938 - sqlalchemy.engine.Engine - INFO - SELECT orders.id, orders.client_id, orders.status, orders.warehouse, orders.service_datetime, orders.delivery_datetime, orders.promise, orders.marker_color, orders.address_id, orders.address_text, orders.created_at, orders.updated_at 
FROM orders 
 LIMIT $1::INTEGER OFFSET $2::INTEGER
2026-03-01 17:46:41,939 - sqlalchemy.engine.Engine - INFO - [cached since 0.01712s ago] (100, 0)
2026-03-01 17:46:41,940 - sqlalchemy.engine.Engine - INFO - SELECT finance.order_id AS finance_order_id, finance.id AS finance_id, finance.revenue AS finance_revenue, finance.cost_of_goods AS finance_cost_of_goods, finance.installer_payments AS finance_installer_payments, finance.expenses AS finance_expenses, finance.warranty_costs_oleg AS finance_warranty_costs_oleg, finance.warranty_costs_installer AS finance_warranty_costs_installer, finance.profit AS finance_profit, finance.created_at AS finance_created_at, finance.updated_at AS finance_updated_at 
FROM finance 
WHERE finance.order_id IN ($1::INTEGER, $2::INTEGER, $3::INTEGER, $4::INTEGER, $5::INTEGER, $6::INTEGER)
2026-03-01 17:46:41,940 - sqlalchemy.engine.Engine - INFO - [cached since 0.007084s ago] (1, 2, 3, 4, 5, 6)
2026-03-01 17:46:41,941 - sqlalchemy.engine.Engine - INFO - SELECT clients.id AS clients_id, clients.full_name AS clients_full_name, clients.phone AS clients_phone, clients.address AS clients_address, clients.coordinates AS clients_coordinates, clients.created_at AS clients_created_at, clients.last_contact AS clients_last_contact, clients.comments AS clients_comments, clients.updated_at AS clients_updated_at, clients.backup_phone AS clients_backup_phone, clients.deleted_at AS clients_deleted_at 
FROM clients 
WHERE clients.id IN ($1::INTEGER, $2::INTEGER, $3::INTEGER, $4::INTEGER, $5::INTEGER, $6::INTEGER)
2026-03-01 17:46:41,941 - sqlalchemy.engine.Engine - INFO - [cached since 0.006592s ago] (1, 2, 3, 4, 5, 6)
2026-03-01 17:46:41,942 - sqlalchemy.engine.Engine - INFO - SELECT address_cache.address AS address_cache_address, address_cache.lat AS address_cache_lat, address_cache.lon AS address_cache_lon, address_cache.updated_at AS address_cache_updated_at 
FROM address_cache 
WHERE address_cache.address IN ($1::VARCHAR, $2::VARCHAR, $3::VARCHAR, $4::VARCHAR, $5::VARCHAR)
2026-03-01 17:46:41,942 - sqlalchemy.engine.Engine - INFO - [cached since 0.006185s ago] ('Москва, ул. Тверская, д. 12, кв. 45', 'Россия, Москва, Ленинский проспект, 15, подъезд 3, кв. 78', 'Россия, Москва, улица Академика Королёва, 10, подъезд 2, этаж 6, кв. 55', 'Россия, Москва, улица Новый Арбат, 24', 'Россия, Московская область, Мытищи, улица Мира, 8')
2026-03-01 17:46:41,943 - sqlalchemy.engine.Engine - INFO - ROLLBACK
2026-03-01 17:51:12,069 - src.core.logging - INFO - Starting CRM application
2026-03-01 17:51:12,069 - apscheduler.scheduler - INFO - Adding job tentatively -- it will be properly scheduled when the scheduler starts
2026-03-01 17:51:12,069 - apscheduler.scheduler - INFO - Adding job tentatively -- it will be properly scheduled when the scheduler starts
2026-03-01 17:51:12,069 - apscheduler.scheduler - INFO - Adding job tentatively -- it will be properly scheduled when the scheduler starts
2026-03-01 17:51:12,069 - apscheduler.scheduler - INFO - Adding job tentatively -- it will be properly scheduled when the scheduler starts
2026-03-01 17:51:12,070 - apscheduler.scheduler - INFO - Added job "send_daily_reminder" to job store "default"
2026-03-01 17:51:12,070 - apscheduler.scheduler - INFO - Added job "daily_weather_collection" to job store "default"
2026-03-01 17:51:12,070 - apscheduler.scheduler - INFO - Added job "run_training" to job store "default"
2026-03-01 17:51:12,070 - apscheduler.scheduler - INFO - Added job "daily_backup_and_report" to job store "default"
2026-03-01 17:51:12,070 - apscheduler.scheduler - INFO - Scheduler started
2026-03-01 17:51:12,070 - src.core.logging - INFO - Scheduler started
2026-03-01 17:51:21,585 - sqlalchemy.engine.Engine - INFO - select pg_catalog.version()
2026-03-01 17:51:21,585 - sqlalchemy.engine.Engine - INFO - [raw sql] ()
2026-03-01 17:51:21,586 - sqlalchemy.engine.Engine - INFO - select current_schema()
2026-03-01 17:51:21,586 - sqlalchemy.engine.Engine - INFO - [raw sql] ()
2026-03-01 17:51:21,587 - sqlalchemy.engine.Engine - INFO - show standard_conforming_strings
2026-03-01 17:51:21,587 - sqlalchemy.engine.Engine - INFO - [raw sql] ()
2026-03-01 17:51:21,588 - sqlalchemy.engine.Engine - INFO - BEGIN (implicit)
2026-03-01 17:51:21,611 - sqlalchemy.engine.Engine - INFO - SELECT admins.id, admins.username, admins.password_hash, admins.created_at 
FROM admins 
WHERE admins.username = $1::VARCHAR
2026-03-01 17:51:21,611 - sqlalchemy.engine.Engine - INFO - [generated in 0.00020s] ('zhura2296@yandex.ru',)
2026-03-01 17:51:21,839 - sqlalchemy.engine.Engine - INFO - ROLLBACK
2026-03-01 17:51:21,957 - sqlalchemy.engine.Engine - INFO - BEGIN (implicit)
2026-03-01 17:51:21,957 - sqlalchemy.engine.Engine - INFO - SELECT admins.id, admins.username, admins.password_hash, admins.created_at 
FROM admins 
WHERE admins.username = $1::VARCHAR
2026-03-01 17:51:21,957 - sqlalchemy.engine.Engine - INFO - [cached since 0.3458s ago] ('zhura2296@yandex.ru',)
2026-03-01 17:51:21,962 - sqlalchemy.engine.Engine - INFO - SELECT clients.id, clients.full_name, clients.phone, clients.address, clients.coordinates, clients.created_at, clients.last_contact, clients.comments, clients.updated_at, clients.backup_phone, clients.deleted_at 
FROM clients 
 LIMIT $1::INTEGER OFFSET $2::INTEGER
2026-03-01 17:51:21,962 - sqlalchemy.engine.Engine - INFO - [generated in 0.00026s] (100, 0)
2026-03-01 17:51:21,988 - sqlalchemy.engine.Engine - INFO - ROLLBACK
2026-03-01 17:51:21,991 - sqlalchemy.engine.Engine - INFO - BEGIN (implicit)
2026-03-01 17:51:21,991 - sqlalchemy.engine.Engine - INFO - SELECT admins.id, admins.username, admins.password_hash, admins.created_at 
FROM admins 
WHERE admins.username = $1::VARCHAR
2026-03-01 17:51:21,991 - sqlalchemy.engine.Engine - INFO - [cached since 0.3801s ago] ('zhura2296@yandex.ru',)
2026-03-01 17:51:21,993 - sqlalchemy.engine.Engine - INFO - BEGIN (implicit)
2026-03-01 17:51:21,993 - sqlalchemy.engine.Engine - INFO - SELECT admins.id, admins.username, admins.password_hash, admins.created_at 
FROM admins 
WHERE admins.username = $1::VARCHAR
2026-03-01 17:51:21,993 - sqlalchemy.engine.Engine - INFO - [cached since 0.3821s ago] ('zhura2296@yandex.ru',)
2026-03-01 17:51:21,995 - sqlalchemy.engine.Engine - INFO - SELECT clients.id, clients.full_name, clients.phone, clients.address, clients.coordinates, clients.created_at, clients.last_contact, clients.comments, clients.updated_at, clients.backup_phone, clients.deleted_at 
FROM clients 
 LIMIT $1::INTEGER OFFSET $2::INTEGER
2026-03-01 17:51:21,995 - sqlalchemy.engine.Engine - INFO - [cached since 0.03354s ago] (100, 0)
2026-03-01 17:51:21,997 - sqlalchemy.engine.Engine - INFO - ROLLBACK
2026-03-01 17:51:22,001 - sqlalchemy.engine.Engine - INFO - SELECT installers.id, installers.full_name, installers.nickname, installers.phone, installers.backup_phone, installers.specialization, installers.rating, installers.base_price, installers.is_debtor, installers.comments, installers.is_active, installers.is_in_funnel, installers.total_orders, installers.poor_work_count, installers.warranty_visits_count, installers.last_incident_date, installers.updated_at, installers.created_at, installers.deleted_at 
FROM installers 
WHERE installers.deleted_at IS NULL 
 LIMIT $1::INTEGER OFFSET $2::INTEGER
2026-03-01 17:51:22,001 - sqlalchemy.engine.Engine - INFO - [generated in 0.00021s] (100, 0)
2026-03-01 17:51:22,004 - sqlalchemy.engine.Engine - INFO - ROLLBACK
2026-03-01 17:51:22,009 - sqlalchemy.engine.Engine - INFO - BEGIN (implicit)
2026-03-01 17:51:22,009 - sqlalchemy.engine.Engine - INFO - SELECT admins.id, admins.username, admins.password_hash, admins.created_at 
FROM admins 
WHERE admins.username = $1::VARCHAR
2026-03-01 17:51:22,009 - sqlalchemy.engine.Engine - INFO - [cached since 0.3979s ago] ('zhura2296@yandex.ru',)
2026-03-01 17:51:22,010 - sqlalchemy.engine.Engine - INFO - SELECT installers.id, installers.full_name, installers.nickname, installers.phone, installers.backup_phone, installers.specialization, installers.rating, installers.base_price, installers.is_debtor, installers.comments, installers.is_active, installers.is_in_funnel, installers.total_orders, installers.poor_work_count, installers.warranty_visits_count, installers.last_incident_date, installers.updated_at, installers.created_at, installers.deleted_at 
FROM installers 
WHERE installers.deleted_at IS NULL 
 LIMIT $1::INTEGER OFFSET $2::INTEGER
2026-03-01 17:51:22,010 - sqlalchemy.engine.Engine - INFO - [cached since 0.009142s ago] (100, 0)
2026-03-01 17:51:22,012 - sqlalchemy.engine.Engine - INFO - ROLLBACK
2026-03-01 17:57:37,957 - sqlalchemy.engine.Engine - INFO - BEGIN (implicit)
2026-03-01 17:57:37,957 - sqlalchemy.engine.Engine - INFO - SELECT admins.id, admins.username, admins.password_hash, admins.created_at 
FROM admins 
WHERE admins.username = $1::VARCHAR
2026-03-01 17:57:37,957 - sqlalchemy.engine.Engine - INFO - [cached since 376.3s ago] ('zhura2296@yandex.ru',)
2026-03-01 17:57:37,960 - sqlalchemy.engine.Engine - INFO - INSERT INTO clients (full_name, phone, address, coordinates, comments, updated_at, backup_phone, deleted_at) VALUES ($1::VARCHAR, $2::VARCHAR, $3::VARCHAR, $4, $5::VARCHAR, $6::TIMESTAMP WITH TIME ZONE, $7::VARCHAR, $8::TIMESTAMP WITH TIME ZONE) RETURNING clients.id, clients.created_at, clients.last_contact
2026-03-01 17:57:37,960 - sqlalchemy.engine.Engine - INFO - [generated in 0.00019s] ('Соколов Дмитрий Иванович', '+79168887755', 'Россия, Москва, Профсоюзная улица, 100, подъезд 1, этаж 8, кв. 25', None, '', None, '+79167778844', None)
2026-03-01 17:57:37,962 - sqlalchemy.engine.Engine - INFO - COMMIT
2026-03-01 17:57:37,986 - sqlalchemy.engine.Engine - INFO - BEGIN (implicit)
2026-03-01 17:57:37,988 - sqlalchemy.engine.Engine - INFO - SELECT clients.id, clients.full_name, clients.phone, clients.address, clients.coordinates, clients.created_at, clients.last_contact, clients.comments, clients.updated_at, clients.backup_phone, clients.deleted_at 
FROM clients 
WHERE clients.id = $1::INTEGER
2026-03-01 17:57:37,988 - sqlalchemy.engine.Engine - INFO - [generated in 0.00016s] (7,)
2026-03-01 17:57:37,989 - sqlalchemy.engine.Engine - INFO - ROLLBACK
2026-03-01 17:57:38,116 - sqlalchemy.engine.Engine - INFO - BEGIN (implicit)
2026-03-01 17:57:38,117 - sqlalchemy.engine.Engine - INFO - SELECT address_cache.address, address_cache.lat, address_cache.lon, address_cache.updated_at 
FROM address_cache 
WHERE address_cache.address = $1::VARCHAR
2026-03-01 17:57:38,117 - sqlalchemy.engine.Engine - INFO - [generated in 0.00012s] ('Россия, Москва, Профсоюзная улица, 100, подъезд 1, этаж 8, кв. 25',)
2026-03-01 17:57:38,120 - sqlalchemy.engine.Engine - INFO - INSERT INTO address_cache (address, lat, lon) VALUES ($1::VARCHAR, $2::NUMERIC(10, 7), $3::NUMERIC(10, 7)) RETURNING address_cache.updated_at
2026-03-01 17:57:38,120 - sqlalchemy.engine.Engine - INFO - [generated in 0.00011s] ('Россия, Москва, Профсоюзная улица, 100, подъезд 1, этаж 8, кв. 25', 55.644841, 37.525908)
2026-03-01 17:57:38,120 - sqlalchemy.engine.Engine - INFO - COMMIT
2026-03-01 17:57:38,122 - sqlalchemy.engine.Engine - INFO - BEGIN (implicit)
2026-03-01 17:57:38,122 - sqlalchemy.engine.Engine - INFO - SELECT address_cache.address, address_cache.lat, address_cache.lon, address_cache.updated_at 
FROM address_cache 
WHERE address_cache.address = $1::VARCHAR
2026-03-01 17:57:38,122 - sqlalchemy.engine.Engine - INFO - [generated in 0.00008s] ('Россия, Москва, Профсоюзная улица, 100, подъезд 1, этаж 8, кв. 25',)
2026-03-01 17:57:38,124 - sqlalchemy.engine.Engine - INFO - INSERT INTO orders (client_id, status, warehouse, service_datetime, delivery_datetime, promise, marker_color, address_id, address_text) VALUES ($1::INTEGER, $2::order_status, $3::VARCHAR, $4::TIMESTAMP WITHOUT TIME ZONE, $5::TIMESTAMP WITHOUT TIME ZONE, $6::VARCHAR, $7::VARCHAR, $8::VARCHAR, $9::VARCHAR) RETURNING orders.id, orders.created_at, orders.updated_at
2026-03-01 17:57:38,124 - sqlalchemy.engine.Engine - INFO - [generated in 0.00012s] (7, 'Новый', 'Основной', datetime.datetime(2026, 3, 5, 11, 0), datetime.datetime(2026, 3, 4, 7, 0), 'Позвонить за час\nУстановка до 16:00', None, 'Россия, Москва, Профсоюзная улица, 100, подъезд 1, этаж 8, кв. 25', 'Россия, Москва, Профсоюзная улица, 100, подъезд 1, этаж 8, кв. 25')
2026-03-01 17:57:38,135 - sqlalchemy.engine.Engine - INFO - SELECT orders.id 
FROM orders 
WHERE orders.id = $1::INTEGER
2026-03-01 17:57:38,136 - sqlalchemy.engine.Engine - INFO - [generated in 0.00013s] (7,)
2026-03-01 17:57:38,137 - sqlalchemy.engine.Engine - INFO - SELECT order_installers.id AS order_installers_id, order_installers.order_id AS order_installers_order_id, order_installers.installer_id AS order_installers_installer_id, order_installers.role AS order_installers_role, order_installers.base_payment AS order_installers_base_payment, order_installers.is_primary AS order_installers_is_primary, order_installers.created_at AS order_installers_created_at, order_installers.updated_at AS order_installers_updated_at 
FROM order_installers 
WHERE $1::INTEGER = order_installers.order_id
2026-03-01 17:57:38,138 - sqlalchemy.engine.Engine - INFO - [generated in 0.00011s] (7,)
2026-03-01 17:57:38,139 - sqlalchemy.engine.Engine - INFO - SELECT clients.id AS clients_id, clients.full_name AS clients_full_name, clients.phone AS clients_phone, clients.address AS clients_address, clients.coordinates AS clients_coordinates, clients.created_at AS clients_created_at, clients.last_contact AS clients_last_contact, clients.comments AS clients_comments, clients.updated_at AS clients_updated_at, clients.backup_phone AS clients_backup_phone, clients.deleted_at AS clients_deleted_at 
FROM clients 
WHERE clients.id = $1::INTEGER
2026-03-01 17:57:38,139 - sqlalchemy.engine.Engine - INFO - [generated in 0.00010s] (7,)
2026-03-01 17:57:38,141 - sqlalchemy.engine.Engine - INFO - SELECT finance.id AS finance_id, finance.order_id AS finance_order_id, finance.revenue AS finance_revenue, finance.cost_of_goods AS finance_cost_of_goods, finance.installer_payments AS finance_installer_payments, finance.expenses AS finance_expenses, finance.warranty_costs_oleg AS finance_warranty_costs_oleg, finance.warranty_costs_installer AS finance_warranty_costs_installer, finance.profit AS finance_profit, finance.created_at AS finance_created_at, finance.updated_at AS finance_updated_at 
FROM finance 
WHERE $1::INTEGER = finance.order_id
2026-03-01 17:57:38,141 - sqlalchemy.engine.Engine - INFO - [generated in 0.00011s] (7,)
2026-03-01 17:57:38,142 - sqlalchemy.engine.Engine - INFO - COMMIT
2026-03-01 17:57:38,143 - sqlalchemy.engine.Engine - INFO - BEGIN (implicit)
2026-03-01 17:57:38,145 - sqlalchemy.engine.Engine - INFO - SELECT order_items.id AS order_items_id, order_items.order_id AS order_items_order_id, order_items.item_type AS order_items_item_type, order_items.name AS order_items_name, order_items.quantity AS order_items_quantity, order_items.purchase_price AS order_items_purchase_price, order_items.sale_price AS order_items_sale_price, order_items.warranty_manufacturer AS order_items_warranty_manufacturer, order_items.warranty_master AS order_items_warranty_master, order_items.sort_order AS order_items_sort_order, order_items.created_at AS order_items_created_at, order_items.updated_at AS order_items_updated_at 
FROM order_items 
WHERE $1::INTEGER = order_items.order_id
2026-03-01 17:57:38,145 - sqlalchemy.engine.Engine - INFO - [generated in 0.00015s] (7,)
2026-03-01 17:57:38,146 - sqlalchemy.engine.Engine - INFO - SELECT order_expenses.id AS order_expenses_id, order_expenses.order_id AS order_expenses_order_id, order_expenses.amount AS order_expenses_amount, order_expenses.description AS order_expenses_description, order_expenses.expense_date AS order_expenses_expense_date, order_expenses.category AS order_expenses_category, order_expenses.created_at AS order_expenses_created_at, order_expenses.updated_at AS order_expenses_updated_at 
FROM order_expenses 
WHERE $1::INTEGER = order_expenses.order_id
2026-03-01 17:57:38,146 - sqlalchemy.engine.Engine - INFO - [generated in 0.00010s] (7,)
2026-03-01 17:57:38,147 - sqlalchemy.engine.Engine - INFO - SELECT payments.id AS payments_id, payments.order_id AS payments_order_id, payments.payment_type AS payments_payment_type, payments.installer_id AS payments_installer_id, payments.amount AS payments_amount, payments.payment_date AS payments_payment_date, payments.description AS payments_description, payments.created_at AS payments_created_at, payments.updated_at AS payments_updated_at 
FROM payments 
WHERE $1::INTEGER = payments.order_id
2026-03-01 17:57:38,147 - sqlalchemy.engine.Engine - INFO - [generated in 0.00010s] (7,)
2026-03-01 17:57:38,147 - sqlalchemy.engine.Engine - INFO - ROLLBACK
2026-03-01 17:57:38,147 - src.core.logging - ERROR - Unhandled exception: 3 validation errors:
  {'type': 'get_attribute_error', 'loc': ('response', 'items'), 'msg': "Error extracting attribute: MissingGreenlet: greenlet_spawn has not been called; can't call await_only() here. Was IO attempted in an unexpected place? (Background on this error at: https://sqlalche.me/e/20/xd2s)", 'input': <src.models.orders.Order object at 0x7e900ce5c440>, 'ctx': {'error': "MissingGreenlet: greenlet_spawn has not been called; can't call await_only() here. Was IO attempted in an unexpected place? (Background on this error at: https://sqlalche.me/e/20/xd2s)"}, 'url': 'https://errors.pydantic.dev/2.5/v/get_attribute_error'}
  {'type': 'get_attribute_error', 'loc': ('response', 'expenses'), 'msg': "Error extracting attribute: MissingGreenlet: greenlet_spawn has not been called; can't call await_only() here. Was IO attempted in an unexpected place? (Background on this error at: https://sqlalche.me/e/20/xd2s)", 'input': <src.models.orders.Order object at 0x7e900ce5c440>, 'ctx': {'error': "MissingGreenlet: greenlet_spawn has not been called; can't call await_only() here. Was IO attempted in an unexpected place? (Background on this error at: https://sqlalche.me/e/20/xd2s)"}, 'url': 'https://errors.pydantic.dev/2.5/v/get_attribute_error'}
  {'type': 'get_attribute_error', 'loc': ('response', 'payments'), 'msg': "Error extracting attribute: MissingGreenlet: greenlet_spawn has not been called; can't call await_only() here. Was IO attempted in an unexpected place? (Background on this error at: https://sqlalche.me/e/20/xd2s)", 'input': <src.models.orders.Order object at 0x7e900ce5c440>, 'ctx': {'error': "MissingGreenlet: greenlet_spawn has not been called; can't call await_only() here. Was IO attempted in an unexpected place? (Background on this error at: https://sqlalche.me/e/20/xd2s)"}, 'url': 'https://errors.pydantic.dev/2.5/v/get_attribute_error'}
Traceback (most recent call last):
  File "/home/andre/Рабочий стол/OLEG_CRM/CRM/venv/lib/python3.12/site-packages/anyio/streams/memory.py", line 98, in receive
    return self.receive_nowait()
           ^^^^^^^^^^^^^^^^^^^^^
  File "/home/andre/Рабочий стол/OLEG_CRM/CRM/venv/lib/python3.12/site-packages/anyio/streams/memory.py", line 93, in receive_nowait
    raise WouldBlock
anyio.WouldBlock

During handling of the above exception, another exception occurred:

Traceback (most recent call last):
  File "/home/andre/Рабочий стол/OLEG_CRM/CRM/venv/lib/python3.12/site-packages/starlette/middleware/base.py", line 78, in call_next
    message = await recv_stream.receive()
              ^^^^^^^^^^^^^^^^^^^^^^^^^^^
  File "/home/andre/Рабочий стол/OLEG_CRM/CRM/venv/lib/python3.12/site-packages/anyio/streams/memory.py", line 118, in receive
    raise EndOfStream
anyio.EndOfStream

During handling of the above exception, another exception occurred:

Traceback (most recent call last):
  File "/home/andre/Рабочий стол/OLEG_CRM/CRM/backend/src/core/logging.py", line 49, in dispatch
    response = await call_next(request)
               ^^^^^^^^^^^^^^^^^^^^^^^^
  File "/home/andre/Рабочий стол/OLEG_CRM/CRM/venv/lib/python3.12/site-packages/starlette/middleware/base.py", line 84, in call_next
    raise app_exc
  File "/home/andre/Рабочий стол/OLEG_CRM/CRM/venv/lib/python3.12/site-packages/starlette/middleware/base.py", line 70, in coro
    await self.app(scope, receive_or_disconnect, send_no_error)
  File "/home/andre/Рабочий стол/OLEG_CRM/CRM/venv/lib/python3.12/site-packages/starlette/middleware/cors.py", line 91, in __call__
    await self.simple_response(scope, receive, send, request_headers=headers)
  File "/home/andre/Рабочий стол/OLEG_CRM/CRM/venv/lib/python3.12/site-packages/starlette/middleware/cors.py", line 146, in simple_response
    await self.app(scope, receive, send)
  File "/home/andre/Рабочий стол/OLEG_CRM/CRM/venv/lib/python3.12/site-packages/starlette/middleware/exceptions.py", line 79, in __call__
    raise exc
  File "/home/andre/Рабочий стол/OLEG_CRM/CRM/venv/lib/python3.12/site-packages/starlette/middleware/exceptions.py", line 68, in __call__
    await self.app(scope, receive, sender)
  File "/home/andre/Рабочий стол/OLEG_CRM/CRM/venv/lib/python3.12/site-packages/fastapi/middleware/asyncexitstack.py", line 20, in __call__
    raise e
  File "/home/andre/Рабочий стол/OLEG_CRM/CRM/venv/lib/python3.12/site-packages/fastapi/middleware/asyncexitstack.py", line 17, in __call__
    await self.app(scope, receive, send)
  File "/home/andre/Рабочий стол/OLEG_CRM/CRM/venv/lib/python3.12/site-packages/starlette/routing.py", line 718, in __call__
    await route.handle(scope, receive, send)
  File "/home/andre/Рабочий стол/OLEG_CRM/CRM/venv/lib/python3.12/site-packages/starlette/routing.py", line 276, in handle
    await self.app(scope, receive, send)
  File "/home/andre/Рабочий стол/OLEG_CRM/CRM/venv/lib/python3.12/site-packages/starlette/routing.py", line 66, in app
    response = await func(request)
               ^^^^^^^^^^^^^^^^^^^
  File "/home/andre/Рабочий стол/OLEG_CRM/CRM/venv/lib/python3.12/site-packages/fastapi/routing.py", line 292, in app
    content = await serialize_response(
              ^^^^^^^^^^^^^^^^^^^^^^^^^
  File "/home/andre/Рабочий стол/OLEG_CRM/CRM/venv/lib/python3.12/site-packages/fastapi/routing.py", line 155, in serialize_response
    raise ResponseValidationError(
fastapi.exceptions.ResponseValidationError: 3 validation errors:
  {'type': 'get_attribute_error', 'loc': ('response', 'items'), 'msg': "Error extracting attribute: MissingGreenlet: greenlet_spawn has not been called; can't call await_only() here. Was IO attempted in an unexpected place? (Background on this error at: https://sqlalche.me/e/20/xd2s)", 'input': <src.models.orders.Order object at 0x7e900ce5c440>, 'ctx': {'error': "MissingGreenlet: greenlet_spawn has not been called; can't call await_only() here. Was IO attempted in an unexpected place? (Background on this error at: https://sqlalche.me/e/20/xd2s)"}, 'url': 'https://errors.pydantic.dev/2.5/v/get_attribute_error'}
  {'type': 'get_attribute_error', 'loc': ('response', 'expenses'), 'msg': "Error extracting attribute: MissingGreenlet: greenlet_spawn has not been called; can't call await_only() here. Was IO attempted in an unexpected place? (Background on this error at: https://sqlalche.me/e/20/xd2s)", 'input': <src.models.orders.Order object at 0x7e900ce5c440>, 'ctx': {'error': "MissingGreenlet: greenlet_spawn has not been called; can't call await_only() here. Was IO attempted in an unexpected place? (Background on this error at: https://sqlalche.me/e/20/xd2s)"}, 'url': 'https://errors.pydantic.dev/2.5/v/get_attribute_error'}
  {'type': 'get_attribute_error', 'loc': ('response', 'payments'), 'msg': "Error extracting attribute: MissingGreenlet: greenlet_spawn has not been called; can't call await_only() here. Was IO attempted in an unexpected place? (Background on this error at: https://sqlalche.me/e/20/xd2s)", 'input': <src.models.orders.Order object at 0x7e900ce5c440>, 'ctx': {'error': "MissingGreenlet: greenlet_spawn has not been called; can't call await_only() here. Was IO attempted in an unexpected place? (Background on this error at: https://sqlalche.me/e/20/xd2s)"}, 'url': 'https://errors.pydantic.dev/2.5/v/get_attribute_error'}

2026-03-01 18:00:16,053 - src.core.logging - INFO - Starting CRM application
2026-03-01 18:00:16,053 - apscheduler.scheduler - INFO - Adding job tentatively -- it will be properly scheduled when the scheduler starts
2026-03-01 18:00:16,053 - apscheduler.scheduler - INFO - Adding job tentatively -- it will be properly scheduled when the scheduler starts
2026-03-01 18:00:16,053 - apscheduler.scheduler - INFO - Adding job tentatively -- it will be properly scheduled when the scheduler starts
2026-03-01 18:00:16,053 - apscheduler.scheduler - INFO - Adding job tentatively -- it will be properly scheduled when the scheduler starts
2026-03-01 18:00:16,054 - apscheduler.scheduler - INFO - Added job "send_daily_reminder" to job store "default"
2026-03-01 18:00:16,054 - apscheduler.scheduler - INFO - Added job "daily_weather_collection" to job store "default"
2026-03-01 18:00:16,054 - apscheduler.scheduler - INFO - Added job "run_training" to job store "default"
2026-03-01 18:00:16,054 - apscheduler.scheduler - INFO - Added job "daily_backup_and_report" to job store "default"
2026-03-01 18:00:16,054 - apscheduler.scheduler - INFO - Scheduler started
2026-03-01 18:00:16,054 - src.core.logging - INFO - Scheduler started
2026-03-01 18:01:21,922 - src.core.logging - INFO - Starting CRM application
2026-03-01 18:01:21,923 - apscheduler.scheduler - INFO - Adding job tentatively -- it will be properly scheduled when the scheduler starts
2026-03-01 18:01:21,923 - apscheduler.scheduler - INFO - Adding job tentatively -- it will be properly scheduled when the scheduler starts
2026-03-01 18:01:21,923 - apscheduler.scheduler - INFO - Adding job tentatively -- it will be properly scheduled when the scheduler starts
2026-03-01 18:01:21,923 - apscheduler.scheduler - INFO - Adding job tentatively -- it will be properly scheduled when the scheduler starts
2026-03-01 18:01:21,923 - apscheduler.scheduler - INFO - Added job "send_daily_reminder" to job store "default"
2026-03-01 18:01:21,924 - apscheduler.scheduler - INFO - Added job "daily_weather_collection" to job store "default"
2026-03-01 18:01:21,924 - apscheduler.scheduler - INFO - Added job "run_training" to job store "default"
2026-03-01 18:01:21,924 - apscheduler.scheduler - INFO - Added job "daily_backup_and_report" to job store "default"
2026-03-01 18:01:21,924 - apscheduler.scheduler - INFO - Scheduler started
2026-03-01 18:01:21,924 - src.core.logging - INFO - Scheduler started
2026-03-01 18:01:41,327 - src.core.logging - INFO - Starting CRM application
2026-03-01 18:01:41,327 - apscheduler.scheduler - INFO - Adding job tentatively -- it will be properly scheduled when the scheduler starts
2026-03-01 18:01:41,327 - apscheduler.scheduler - INFO - Adding job tentatively -- it will be properly scheduled when the scheduler starts
2026-03-01 18:01:41,327 - apscheduler.scheduler - INFO - Adding job tentatively -- it will be properly scheduled when the scheduler starts
2026-03-01 18:01:41,327 - apscheduler.scheduler - INFO - Adding job tentatively -- it will be properly scheduled when the scheduler starts
2026-03-01 18:01:41,328 - apscheduler.scheduler - INFO - Added job "send_daily_reminder" to job store "default"
2026-03-01 18:01:41,328 - apscheduler.scheduler - INFO - Added job "daily_weather_collection" to job store "default"
2026-03-01 18:01:41,328 - apscheduler.scheduler - INFO - Added job "run_training" to job store "default"
2026-03-01 18:01:41,328 - apscheduler.scheduler - INFO - Added job "daily_backup_and_report" to job store "default"
2026-03-01 18:01:41,328 - apscheduler.scheduler - INFO - Scheduler started
2026-03-01 18:01:41,328 - src.core.logging - INFO - Scheduler started
2026-03-01 18:01:43,717 - sqlalchemy.engine.Engine - INFO - select pg_catalog.version()
2026-03-01 18:01:43,717 - sqlalchemy.engine.Engine - INFO - [raw sql] ()
2026-03-01 18:01:43,719 - sqlalchemy.engine.Engine - INFO - select current_schema()
2026-03-01 18:01:43,719 - sqlalchemy.engine.Engine - INFO - [raw sql] ()
2026-03-01 18:01:43,720 - sqlalchemy.engine.Engine - INFO - show standard_conforming_strings
2026-03-01 18:01:43,720 - sqlalchemy.engine.Engine - INFO - [raw sql] ()
2026-03-01 18:01:43,721 - sqlalchemy.engine.Engine - INFO - BEGIN (implicit)
2026-03-01 18:01:43,743 - sqlalchemy.engine.Engine - INFO - SELECT admins.id, admins.username, admins.password_hash, admins.created_at 
FROM admins 
WHERE admins.username = $1::VARCHAR
2026-03-01 18:01:43,743 - sqlalchemy.engine.Engine - INFO - [generated in 0.00017s] ('zhura2296@yandex.ru',)
2026-03-01 18:01:43,746 - sqlalchemy.engine.Engine - INFO - INSERT INTO clients (full_name, phone, address, coordinates, comments, updated_at, backup_phone, deleted_at) VALUES ($1::VARCHAR, $2::VARCHAR, $3::VARCHAR, $4, $5::VARCHAR, $6::TIMESTAMP WITH TIME ZONE, $7::VARCHAR, $8::TIMESTAMP WITH TIME ZONE) RETURNING clients.id, clients.created_at, clients.last_contact
2026-03-01 18:01:43,747 - sqlalchemy.engine.Engine - INFO - [generated in 0.00015s] ('Соколов Дмитрий Иванович', '+79168887755', 'Россия, Москва, Профсоюзная улица, 100, подъезд 1, этаж 8, кв. 25', None, '', None, '+79167778844', None)
2026-03-01 18:01:43,748 - sqlalchemy.engine.Engine - INFO - COMMIT
2026-03-01 18:01:43,789 - sqlalchemy.engine.Engine - INFO - BEGIN (implicit)
2026-03-01 18:01:43,793 - sqlalchemy.engine.Engine - INFO - SELECT clients.id, clients.full_name, clients.phone, clients.address, clients.coordinates, clients.created_at, clients.last_contact, clients.comments, clients.updated_at, clients.backup_phone, clients.deleted_at 
FROM clients 
WHERE clients.id = $1::INTEGER
2026-03-01 18:01:43,793 - sqlalchemy.engine.Engine - INFO - [generated in 0.00016s] (8,)
2026-03-01 18:01:43,797 - sqlalchemy.engine.Engine - INFO - ROLLBACK
2026-03-01 18:01:43,918 - sqlalchemy.engine.Engine - INFO - BEGIN (implicit)
2026-03-01 18:01:43,923 - sqlalchemy.engine.Engine - INFO - SELECT address_cache.address, address_cache.lat, address_cache.lon, address_cache.updated_at 
FROM address_cache 
WHERE address_cache.address = $1::VARCHAR
2026-03-01 18:01:43,923 - sqlalchemy.engine.Engine - INFO - [generated in 0.00060s] ('Россия, Москва, Профсоюзная улица, 100, подъезд 1, этаж 8, кв. 25',)
2026-03-01 18:01:43,938 - sqlalchemy.engine.Engine - INFO - UPDATE address_cache SET lat=$1::NUMERIC(10, 7), lon=$2::NUMERIC(10, 7), updated_at=now() WHERE address_cache.address = $3::VARCHAR
2026-03-01 18:01:43,938 - sqlalchemy.engine.Engine - INFO - [generated in 0.00035s] (55.644841, 37.525908, 'Россия, Москва, Профсоюзная улица, 100, подъезд 1, этаж 8, кв. 25')
2026-03-01 18:01:43,941 - sqlalchemy.engine.Engine - INFO - COMMIT
2026-03-01 18:01:44,007 - sqlalchemy.engine.Engine - INFO - BEGIN (implicit)
2026-03-01 18:01:44,009 - sqlalchemy.engine.Engine - INFO - SELECT address_cache.address, address_cache.lat, address_cache.lon, address_cache.updated_at 
FROM address_cache 
WHERE address_cache.address = $1::VARCHAR
2026-03-01 18:01:44,009 - sqlalchemy.engine.Engine - INFO - [generated in 0.00034s] ('Россия, Москва, Профсоюзная улица, 100, подъезд 1, этаж 8, кв. 25',)
2026-03-01 18:01:44,015 - sqlalchemy.engine.Engine - INFO - INSERT INTO orders (client_id, status, warehouse, service_datetime, delivery_datetime, promise, marker_color, address_id, address_text) VALUES ($1::INTEGER, $2::order_status, $3::VARCHAR, $4::TIMESTAMP WITHOUT TIME ZONE, $5::TIMESTAMP WITHOUT TIME ZONE, $6::VARCHAR, $7::VARCHAR, $8::VARCHAR, $9::VARCHAR) RETURNING orders.id, orders.created_at, orders.updated_at
2026-03-01 18:01:44,016 - sqlalchemy.engine.Engine - INFO - [generated in 0.00030s] (8, 'Новый', 'Основной', datetime.datetime(2026, 3, 5, 11, 0), datetime.datetime(2026, 3, 4, 7, 0), 'Позвонить за час\nУстановка до 16:00', None, 'Россия, Москва, Профсоюзная улица, 100, подъезд 1, этаж 8, кв. 25', 'Россия, Москва, Профсоюзная улица, 100, подъезд 1, этаж 8, кв. 25')
2026-03-01 18:01:44,028 - sqlalchemy.engine.Engine - INFO - COMMIT
2026-03-01 18:01:44,033 - sqlalchemy.engine.Engine - INFO - BEGIN (implicit)
2026-03-01 18:01:44,035 - sqlalchemy.engine.Engine - INFO - SELECT orders.id, orders.client_id, orders.status, orders.warehouse, orders.service_datetime, orders.delivery_datetime, orders.promise, orders.marker_color, orders.address_id, orders.address_text, orders.created_at, orders.updated_at 
FROM orders 
WHERE orders.id = $1::INTEGER
2026-03-01 18:01:44,035 - sqlalchemy.engine.Engine - INFO - [generated in 0.00011s] (8,)
2026-03-01 18:01:44,038 - sqlalchemy.engine.Engine - INFO - SELECT payments.order_id AS payments_order_id, payments.id AS payments_id, payments.payment_type AS payments_payment_type, payments.installer_id AS payments_installer_id, payments.amount AS payments_amount, payments.payment_date AS payments_payment_date, payments.description AS payments_description, payments.created_at AS payments_created_at, payments.updated_at AS payments_updated_at 
FROM payments 
WHERE payments.order_id IN ($1::INTEGER)
2026-03-01 18:01:44,038 - sqlalchemy.engine.Engine - INFO - [generated in 0.00014s] (8,)
2026-03-01 18:01:44,040 - sqlalchemy.engine.Engine - INFO - SELECT finance.order_id AS finance_order_id, finance.id AS finance_id, finance.revenue AS finance_revenue, finance.cost_of_goods AS finance_cost_of_goods, finance.installer_payments AS finance_installer_payments, finance.expenses AS finance_expenses, finance.warranty_costs_oleg AS finance_warranty_costs_oleg, finance.warranty_costs_installer AS finance_warranty_costs_installer, finance.profit AS finance_profit, finance.created_at AS finance_created_at, finance.updated_at AS finance_updated_at 
FROM finance 
WHERE finance.order_id IN ($1::INTEGER)
2026-03-01 18:01:44,040 - sqlalchemy.engine.Engine - INFO - [generated in 0.00016s] (8,)
2026-03-01 18:01:44,042 - sqlalchemy.engine.Engine - INFO - SELECT clients.id AS clients_id, clients.full_name AS clients_full_name, clients.phone AS clients_phone, clients.address AS clients_address, clients.coordinates AS clients_coordinates, clients.created_at AS clients_created_at, clients.last_contact AS clients_last_contact, clients.comments AS clients_comments, clients.updated_at AS clients_updated_at, clients.backup_phone AS clients_backup_phone, clients.deleted_at AS clients_deleted_at 
FROM clients 
WHERE clients.id IN ($1::INTEGER)
2026-03-01 18:01:44,042 - sqlalchemy.engine.Engine - INFO - [generated in 0.00016s] (8,)
2026-03-01 18:01:44,043 - sqlalchemy.engine.Engine - INFO - SELECT address_cache.address AS address_cache_address, address_cache.lat AS address_cache_lat, address_cache.lon AS address_cache_lon, address_cache.updated_at AS address_cache_updated_at 
FROM address_cache 
WHERE address_cache.address IN ($1::VARCHAR)
2026-03-01 18:01:44,043 - sqlalchemy.engine.Engine - INFO - [generated in 0.00013s] ('Россия, Москва, Профсоюзная улица, 100, подъезд 1, этаж 8, кв. 25',)
2026-03-01 18:01:44,045 - sqlalchemy.engine.Engine - INFO - SELECT order_items.order_id AS order_items_order_id, order_items.id AS order_items_id, order_items.item_type AS order_items_item_type, order_items.name AS order_items_name, order_items.quantity AS order_items_quantity, order_items.purchase_price AS order_items_purchase_price, order_items.sale_price AS order_items_sale_price, order_items.warranty_manufacturer AS order_items_warranty_manufacturer, order_items.warranty_master AS order_items_warranty_master, order_items.sort_order AS order_items_sort_order, order_items.created_at AS order_items_created_at, order_items.updated_at AS order_items_updated_at 
FROM order_items 
WHERE order_items.order_id IN ($1::INTEGER)
2026-03-01 18:01:44,045 - sqlalchemy.engine.Engine - INFO - [generated in 0.00016s] (8,)
2026-03-01 18:01:44,050 - sqlalchemy.engine.Engine - INFO - SELECT order_installers.order_id AS order_installers_order_id, order_installers.id AS order_installers_id, order_installers.installer_id AS order_installers_installer_id, order_installers.role AS order_installers_role, order_installers.base_payment AS order_installers_base_payment, order_installers.is_primary AS order_installers_is_primary, order_installers.created_at AS order_installers_created_at, order_installers.updated_at AS order_installers_updated_at 
FROM order_installers 
WHERE order_installers.order_id IN ($1::INTEGER)
2026-03-01 18:01:44,050 - sqlalchemy.engine.Engine - INFO - [generated in 0.00021s] (8,)
2026-03-01 18:01:44,052 - sqlalchemy.engine.Engine - INFO - SELECT order_expenses.order_id AS order_expenses_order_id, order_expenses.id AS order_expenses_id, order_expenses.amount AS order_expenses_amount, order_expenses.description AS order_expenses_description, order_expenses.expense_date AS order_expenses_expense_date, order_expenses.category AS order_expenses_category, order_expenses.created_at AS order_expenses_created_at, order_expenses.updated_at AS order_expenses_updated_at 
FROM order_expenses 
WHERE order_expenses.order_id IN ($1::INTEGER)
2026-03-01 18:01:44,052 - sqlalchemy.engine.Engine - INFO - [generated in 0.00017s] (8,)
2026-03-01 18:01:44,054 - sqlalchemy.engine.Engine - INFO - ROLLBACK
2026-03-01 18:01:44,060 - sqlalchemy.engine.Engine - INFO - BEGIN (implicit)
2026-03-01 18:01:44,060 - sqlalchemy.engine.Engine - INFO - SELECT admins.id, admins.username, admins.password_hash, admins.created_at 
FROM admins 
WHERE admins.username = $1::VARCHAR
2026-03-01 18:01:44,060 - sqlalchemy.engine.Engine - INFO - [cached since 0.3171s ago] ('zhura2296@yandex.ru',)
2026-03-01 18:01:44,061 - sqlalchemy.engine.Engine - INFO - INSERT INTO order_items (order_id, item_type, name, quantity, purchase_price, sale_price, warranty_manufacturer, warranty_master, sort_order) VALUES ($1::INTEGER, $2::item_type, $3::VARCHAR, $4::INTEGER, $5::NUMERIC(10, 2), $6::NUMERIC(10, 2), $7::INTEGER, $8::INTEGER, $9::INTEGER) RETURNING order_items.id, order_items.created_at, order_items.updated_at
2026-03-01 18:01:44,061 - sqlalchemy.engine.Engine - INFO - [generated in 0.00015s] (8, 'product', 'Hisense', 1, Decimal('22000'), Decimal('39000'), 3, 0, 0)
2026-03-01 18:01:44,068 - sqlalchemy.engine.Engine - INFO - COMMIT
2026-03-01 18:01:44,069 - sqlalchemy.engine.Engine - INFO - BEGIN (implicit)
2026-03-01 18:01:44,070 - sqlalchemy.engine.Engine - INFO - SELECT order_items.id, order_items.order_id, order_items.item_type, order_items.name, order_items.quantity, order_items.purchase_price, order_items.sale_price, order_items.warranty_manufacturer, order_items.warranty_master, order_items.sort_order, order_items.created_at, order_items.updated_at 
FROM order_items 
WHERE order_items.id = $1::INTEGER
2026-03-01 18:01:44,070 - sqlalchemy.engine.Engine - INFO - [generated in 0.00012s] (4,)
2026-03-01 18:01:44,071 - sqlalchemy.engine.Engine - INFO - ROLLBACK
2026-03-01 18:01:46,418 - sqlalchemy.engine.Engine - INFO - BEGIN (implicit)
2026-03-01 18:01:46,419 - sqlalchemy.engine.Engine - INFO - SELECT orders.id, orders.client_id, orders.status, orders.warehouse, orders.service_datetime, orders.delivery_datetime, orders.promise, orders.marker_color, orders.address_id, orders.address_text, orders.created_at, orders.updated_at 
FROM orders 
WHERE orders.id = $1::INTEGER
2026-03-01 18:01:46,419 - sqlalchemy.engine.Engine - INFO - [cached since 2.384s ago] (8,)
2026-03-01 18:01:46,422 - sqlalchemy.engine.Engine - INFO - SELECT payments.order_id AS payments_order_id, payments.id AS payments_id, payments.payment_type AS payments_payment_type, payments.installer_id AS payments_installer_id, payments.amount AS payments_amount, payments.payment_date AS payments_payment_date, payments.description AS payments_description, payments.created_at AS payments_created_at, payments.updated_at AS payments_updated_at 
FROM payments 
WHERE payments.order_id IN ($1::INTEGER)
2026-03-01 18:01:46,422 - sqlalchemy.engine.Engine - INFO - [cached since 2.385s ago] (8,)
2026-03-01 18:01:46,423 - sqlalchemy.engine.Engine - INFO - SELECT finance.order_id AS finance_order_id, finance.id AS finance_id, finance.revenue AS finance_revenue, finance.cost_of_goods AS finance_cost_of_goods, finance.installer_payments AS finance_installer_payments, finance.expenses AS finance_expenses, finance.warranty_costs_oleg AS finance_warranty_costs_oleg, finance.warranty_costs_installer AS finance_warranty_costs_installer, finance.profit AS finance_profit, finance.created_at AS finance_created_at, finance.updated_at AS finance_updated_at 
FROM finance 
WHERE finance.order_id IN ($1::INTEGER)
2026-03-01 18:01:46,423 - sqlalchemy.engine.Engine - INFO - [cached since 2.384s ago] (8,)
2026-03-01 18:01:46,445 - sqlalchemy.engine.Engine - INFO - SELECT clients.id AS clients_id, clients.full_name AS clients_full_name, clients.phone AS clients_phone, clients.address AS clients_address, clients.coordinates AS clients_coordinates, clients.created_at AS clients_created_at, clients.last_contact AS clients_last_contact, clients.comments AS clients_comments, clients.updated_at AS clients_updated_at, clients.backup_phone AS clients_backup_phone, clients.deleted_at AS clients_deleted_at 
FROM clients 
WHERE clients.id IN ($1::INTEGER)
2026-03-01 18:01:46,445 - sqlalchemy.engine.Engine - INFO - [cached since 2.403s ago] (8,)
2026-03-01 18:01:46,446 - sqlalchemy.engine.Engine - INFO - SELECT address_cache.address AS address_cache_address, address_cache.lat AS address_cache_lat, address_cache.lon AS address_cache_lon, address_cache.updated_at AS address_cache_updated_at 
FROM address_cache 
WHERE address_cache.address IN ($1::VARCHAR)
2026-03-01 18:01:46,446 - sqlalchemy.engine.Engine - INFO - [cached since 2.403s ago] ('Россия, Москва, Профсоюзная улица, 100, подъезд 1, этаж 8, кв. 25',)
2026-03-01 18:01:46,447 - sqlalchemy.engine.Engine - INFO - SELECT order_items.order_id AS order_items_order_id, order_items.id AS order_items_id, order_items.item_type AS order_items_item_type, order_items.name AS order_items_name, order_items.quantity AS order_items_quantity, order_items.purchase_price AS order_items_purchase_price, order_items.sale_price AS order_items_sale_price, order_items.warranty_manufacturer AS order_items_warranty_manufacturer, order_items.warranty_master AS order_items_warranty_master, order_items.sort_order AS order_items_sort_order, order_items.created_at AS order_items_created_at, order_items.updated_at AS order_items_updated_at 
FROM order_items 
WHERE order_items.order_id IN ($1::INTEGER)
2026-03-01 18:01:46,447 - sqlalchemy.engine.Engine - INFO - [cached since 2.403s ago] (8,)
2026-03-01 18:01:46,448 - sqlalchemy.engine.Engine - INFO - SELECT order_installers.order_id AS order_installers_order_id, order_installers.id AS order_installers_id, order_installers.installer_id AS order_installers_installer_id, order_installers.role AS order_installers_role, order_installers.base_payment AS order_installers_base_payment, order_installers.is_primary AS order_installers_is_primary, order_installers.created_at AS order_installers_created_at, order_installers.updated_at AS order_installers_updated_at 
FROM order_installers 
WHERE order_installers.order_id IN ($1::INTEGER)
2026-03-01 18:01:46,448 - sqlalchemy.engine.Engine - INFO - [cached since 2.398s ago] (8,)
2026-03-01 18:01:46,449 - sqlalchemy.engine.Engine - INFO - SELECT order_expenses.order_id AS order_expenses_order_id, order_expenses.id AS order_expenses_id, order_expenses.amount AS order_expenses_amount, order_expenses.description AS order_expenses_description, order_expenses.expense_date AS order_expenses_expense_date, order_expenses.category AS order_expenses_category, order_expenses.created_at AS order_expenses_created_at, order_expenses.updated_at AS order_expenses_updated_at 
FROM order_expenses 
WHERE order_expenses.order_id IN ($1::INTEGER)
2026-03-01 18:01:46,449 - sqlalchemy.engine.Engine - INFO - [cached since 2.397s ago] (8,)
2026-03-01 18:01:46,449 - sqlalchemy.engine.Engine - INFO - BEGIN (implicit)
2026-03-01 18:01:46,449 - sqlalchemy.engine.Engine - INFO - SELECT admins.id, admins.username, admins.password_hash, admins.created_at 
FROM admins 
WHERE admins.username = $1::VARCHAR
2026-03-01 18:01:46,449 - sqlalchemy.engine.Engine - INFO - [cached since 2.706s ago] ('zhura2296@yandex.ru',)
2026-03-01 18:01:46,450 - sqlalchemy.engine.Engine - INFO - ROLLBACK
2026-03-01 18:01:46,454 - sqlalchemy.engine.Engine - INFO - SELECT installers.id, installers.full_name, installers.nickname, installers.phone, installers.backup_phone, installers.specialization, installers.rating, installers.base_price, installers.is_debtor, installers.comments, installers.is_active, installers.is_in_funnel, installers.total_orders, installers.poor_work_count, installers.warranty_visits_count, installers.last_incident_date, installers.updated_at, installers.created_at, installers.deleted_at 
FROM installers 
WHERE installers.deleted_at IS NULL 
 LIMIT $1::INTEGER OFFSET $2::INTEGER
2026-03-01 18:01:46,454 - sqlalchemy.engine.Engine - INFO - [generated in 0.00016s] (100, 0)
2026-03-01 18:01:46,455 - sqlalchemy.engine.Engine - INFO - BEGIN (implicit)
2026-03-01 18:01:46,455 - sqlalchemy.engine.Engine - INFO - SELECT orders.id, orders.client_id, orders.status, orders.warehouse, orders.service_datetime, orders.delivery_datetime, orders.promise, orders.marker_color, orders.address_id, orders.address_text, orders.created_at, orders.updated_at 
FROM orders 
WHERE orders.id = $1::INTEGER
2026-03-01 18:01:46,455 - sqlalchemy.engine.Engine - INFO - [cached since 2.421s ago] (8,)
2026-03-01 18:01:46,457 - sqlalchemy.engine.Engine - INFO - SELECT payments.order_id AS payments_order_id, payments.id AS payments_id, payments.payment_type AS payments_payment_type, payments.installer_id AS payments_installer_id, payments.amount AS payments_amount, payments.payment_date AS payments_payment_date, payments.description AS payments_description, payments.created_at AS payments_created_at, payments.updated_at AS payments_updated_at 
FROM payments 
WHERE payments.order_id IN ($1::INTEGER)
2026-03-01 18:01:46,457 - sqlalchemy.engine.Engine - INFO - [cached since 2.419s ago] (8,)
2026-03-01 18:01:46,458 - sqlalchemy.engine.Engine - INFO - SELECT finance.order_id AS finance_order_id, finance.id AS finance_id, finance.revenue AS finance_revenue, finance.cost_of_goods AS finance_cost_of_goods, finance.installer_payments AS finance_installer_payments, finance.expenses AS finance_expenses, finance.warranty_costs_oleg AS finance_warranty_costs_oleg, finance.warranty_costs_installer AS finance_warranty_costs_installer, finance.profit AS finance_profit, finance.created_at AS finance_created_at, finance.updated_at AS finance_updated_at 
FROM finance 
WHERE finance.order_id IN ($1::INTEGER)
2026-03-01 18:01:46,459 - sqlalchemy.engine.Engine - INFO - [cached since 2.419s ago] (8,)
2026-03-01 18:01:46,460 - sqlalchemy.engine.Engine - INFO - SELECT clients.id AS clients_id, clients.full_name AS clients_full_name, clients.phone AS clients_phone, clients.address AS clients_address, clients.coordinates AS clients_coordinates, clients.created_at AS clients_created_at, clients.last_contact AS clients_last_contact, clients.comments AS clients_comments, clients.updated_at AS clients_updated_at, clients.backup_phone AS clients_backup_phone, clients.deleted_at AS clients_deleted_at 
FROM clients 
WHERE clients.id IN ($1::INTEGER)
2026-03-01 18:01:46,460 - sqlalchemy.engine.Engine - INFO - [cached since 2.418s ago] (8,)
2026-03-01 18:01:46,460 - sqlalchemy.engine.Engine - INFO - ROLLBACK
2026-03-01 18:01:46,461 - sqlalchemy.engine.Engine - INFO - SELECT address_cache.address AS address_cache_address, address_cache.lat AS address_cache_lat, address_cache.lon AS address_cache_lon, address_cache.updated_at AS address_cache_updated_at 
FROM address_cache 
WHERE address_cache.address IN ($1::VARCHAR)
2026-03-01 18:01:46,461 - sqlalchemy.engine.Engine - INFO - [cached since 2.418s ago] ('Россия, Москва, Профсоюзная улица, 100, подъезд 1, этаж 8, кв. 25',)
2026-03-01 18:01:46,462 - sqlalchemy.engine.Engine - INFO - SELECT order_items.order_id AS order_items_order_id, order_items.id AS order_items_id, order_items.item_type AS order_items_item_type, order_items.name AS order_items_name, order_items.quantity AS order_items_quantity, order_items.purchase_price AS order_items_purchase_price, order_items.sale_price AS order_items_sale_price, order_items.warranty_manufacturer AS order_items_warranty_manufacturer, order_items.warranty_master AS order_items_warranty_master, order_items.sort_order AS order_items_sort_order, order_items.created_at AS order_items_created_at, order_items.updated_at AS order_items_updated_at 
FROM order_items 
WHERE order_items.order_id IN ($1::INTEGER)
2026-03-01 18:01:46,462 - sqlalchemy.engine.Engine - INFO - [cached since 2.417s ago] (8,)
2026-03-01 18:01:46,462 - sqlalchemy.engine.Engine - INFO - SELECT order_installers.order_id AS order_installers_order_id, order_installers.id AS order_installers_id, order_installers.installer_id AS order_installers_installer_id, order_installers.role AS order_installers_role, order_installers.base_payment AS order_installers_base_payment, order_installers.is_primary AS order_installers_is_primary, order_installers.created_at AS order_installers_created_at, order_installers.updated_at AS order_installers_updated_at 
FROM order_installers 
WHERE order_installers.order_id IN ($1::INTEGER)
2026-03-01 18:01:46,462 - sqlalchemy.engine.Engine - INFO - [cached since 2.412s ago] (8,)
2026-03-01 18:01:46,463 - sqlalchemy.engine.Engine - INFO - BEGIN (implicit)
2026-03-01 18:01:46,463 - sqlalchemy.engine.Engine - INFO - SELECT admins.id, admins.username, admins.password_hash, admins.created_at 
FROM admins 
WHERE admins.username = $1::VARCHAR
2026-03-01 18:01:46,463 - sqlalchemy.engine.Engine - INFO - [cached since 2.721s ago] ('zhura2296@yandex.ru',)
2026-03-01 18:01:46,464 - sqlalchemy.engine.Engine - INFO - SELECT order_expenses.order_id AS order_expenses_order_id, order_expenses.id AS order_expenses_id, order_expenses.amount AS order_expenses_amount, order_expenses.description AS order_expenses_description, order_expenses.expense_date AS order_expenses_expense_date, order_expenses.category AS order_expenses_category, order_expenses.created_at AS order_expenses_created_at, order_expenses.updated_at AS order_expenses_updated_at 
FROM order_expenses 
WHERE order_expenses.order_id IN ($1::INTEGER)
2026-03-01 18:01:46,464 - sqlalchemy.engine.Engine - INFO - [cached since 2.412s ago] (8,)
2026-03-01 18:01:46,465 - sqlalchemy.engine.Engine - INFO - SELECT installers.id, installers.full_name, installers.nickname, installers.phone, installers.backup_phone, installers.specialization, installers.rating, installers.base_price, installers.is_debtor, installers.comments, installers.is_active, installers.is_in_funnel, installers.total_orders, installers.poor_work_count, installers.warranty_visits_count, installers.last_incident_date, installers.updated_at, installers.created_at, installers.deleted_at 
FROM installers 
WHERE installers.deleted_at IS NULL 
 LIMIT $1::INTEGER OFFSET $2::INTEGER
2026-03-01 18:01:46,465 - sqlalchemy.engine.Engine - INFO - [cached since 0.01112s ago] (100, 0)
2026-03-01 18:01:46,466 - sqlalchemy.engine.Engine - INFO - ROLLBACK
2026-03-01 18:01:46,466 - sqlalchemy.engine.Engine - INFO - ROLLBACK
2026-03-01 18:10:40,567 - src.core.logging - INFO - Starting CRM application
2026-03-01 18:10:40,568 - apscheduler.scheduler - INFO - Adding job tentatively -- it will be properly scheduled when the scheduler starts
2026-03-01 18:10:40,568 - apscheduler.scheduler - INFO - Adding job tentatively -- it will be properly scheduled when the scheduler starts
2026-03-01 18:10:40,568 - apscheduler.scheduler - INFO - Adding job tentatively -- it will be properly scheduled when the scheduler starts
2026-03-01 18:10:40,568 - apscheduler.scheduler - INFO - Adding job tentatively -- it will be properly scheduled when the scheduler starts
2026-03-01 18:10:40,568 - apscheduler.scheduler - INFO - Added job "send_daily_reminder" to job store "default"
2026-03-01 18:10:40,569 - apscheduler.scheduler - INFO - Added job "daily_weather_collection" to job store "default"
2026-03-01 18:10:40,569 - apscheduler.scheduler - INFO - Added job "run_training" to job store "default"
2026-03-01 18:10:40,569 - apscheduler.scheduler - INFO - Added job "daily_backup_and_report" to job store "default"
2026-03-01 18:10:40,569 - apscheduler.scheduler - INFO - Scheduler started
2026-03-01 18:10:40,569 - src.core.logging - INFO - Scheduler started
2026-03-01 18:10:50,999 - sqlalchemy.engine.Engine - INFO - select pg_catalog.version()
2026-03-01 18:10:50,999 - sqlalchemy.engine.Engine - INFO - [raw sql] ()
2026-03-01 18:10:51,000 - sqlalchemy.engine.Engine - INFO - select current_schema()
2026-03-01 18:10:51,001 - sqlalchemy.engine.Engine - INFO - [raw sql] ()
2026-03-01 18:10:51,002 - sqlalchemy.engine.Engine - INFO - show standard_conforming_strings
2026-03-01 18:10:51,002 - sqlalchemy.engine.Engine - INFO - [raw sql] ()
2026-03-01 18:10:51,003 - sqlalchemy.engine.Engine - INFO - BEGIN (implicit)
2026-03-01 18:10:51,027 - sqlalchemy.engine.Engine - INFO - SELECT admins.id, admins.username, admins.password_hash, admins.created_at 
FROM admins 
WHERE admins.username = $1::VARCHAR
2026-03-01 18:10:51,027 - sqlalchemy.engine.Engine - INFO - [generated in 0.00018s] ('zhura2296@yandex.ru',)
2026-03-01 18:10:51,241 - sqlalchemy.engine.Engine - INFO - ROLLBACK
2026-03-01 18:10:51,333 - sqlalchemy.engine.Engine - INFO - BEGIN (implicit)
2026-03-01 18:10:51,334 - sqlalchemy.engine.Engine - INFO - SELECT admins.id, admins.username, admins.password_hash, admins.created_at 
FROM admins 
WHERE admins.username = $1::VARCHAR
2026-03-01 18:10:51,334 - sqlalchemy.engine.Engine - INFO - [cached since 0.3066s ago] ('zhura2296@yandex.ru',)
2026-03-01 18:10:51,338 - sqlalchemy.engine.Engine - INFO - SELECT clients.id, clients.full_name, clients.phone, clients.address, clients.coordinates, clients.created_at, clients.last_contact, clients.comments, clients.updated_at, clients.backup_phone, clients.deleted_at 
FROM clients 
 LIMIT $1::INTEGER OFFSET $2::INTEGER
2026-03-01 18:10:51,339 - sqlalchemy.engine.Engine - INFO - [generated in 0.00021s] (100, 0)
2026-03-01 18:10:51,363 - sqlalchemy.engine.Engine - INFO - ROLLBACK
2026-03-01 18:10:51,364 - sqlalchemy.engine.Engine - INFO - BEGIN (implicit)
2026-03-01 18:10:51,365 - sqlalchemy.engine.Engine - INFO - SELECT admins.id, admins.username, admins.password_hash, admins.created_at 
FROM admins 
WHERE admins.username = $1::VARCHAR
2026-03-01 18:10:51,365 - sqlalchemy.engine.Engine - INFO - [cached since 0.3378s ago] ('zhura2296@yandex.ru',)
2026-03-01 18:10:51,369 - sqlalchemy.engine.Engine - INFO - SELECT installers.id, installers.full_name, installers.nickname, installers.phone, installers.backup_phone, installers.specialization, installers.rating, installers.base_price, installers.is_debtor, installers.comments, installers.is_active, installers.is_in_funnel, installers.total_orders, installers.poor_work_count, installers.warranty_visits_count, installers.last_incident_date, installers.updated_at, installers.created_at, installers.deleted_at 
FROM installers 
WHERE installers.deleted_at IS NULL 
 LIMIT $1::INTEGER OFFSET $2::INTEGER
2026-03-01 18:10:51,369 - sqlalchemy.engine.Engine - INFO - [generated in 0.00020s] (100, 0)
2026-03-01 18:10:51,370 - sqlalchemy.engine.Engine - INFO - BEGIN (implicit)
2026-03-01 18:10:51,370 - sqlalchemy.engine.Engine - INFO - SELECT admins.id, admins.username, admins.password_hash, admins.created_at 
FROM admins 
WHERE admins.username = $1::VARCHAR
2026-03-01 18:10:51,370 - sqlalchemy.engine.Engine - INFO - [cached since 0.3431s ago] ('zhura2296@yandex.ru',)
2026-03-01 18:10:51,372 - sqlalchemy.engine.Engine - INFO - SELECT clients.id, clients.full_name, clients.phone, clients.address, clients.coordinates, clients.created_at, clients.last_contact, clients.comments, clients.updated_at, clients.backup_phone, clients.deleted_at 
FROM clients 
 LIMIT $1::INTEGER OFFSET $2::INTEGER
2026-03-01 18:10:51,372 - sqlalchemy.engine.Engine - INFO - [cached since 0.03331s ago] (100, 0)
2026-03-01 18:10:51,374 - sqlalchemy.engine.Engine - INFO - ROLLBACK
2026-03-01 18:10:51,374 - sqlalchemy.engine.Engine - INFO - ROLLBACK
2026-03-01 18:10:51,382 - sqlalchemy.engine.Engine - INFO - BEGIN (implicit)
2026-03-01 18:10:51,382 - sqlalchemy.engine.Engine - INFO - SELECT admins.id, admins.username, admins.password_hash, admins.created_at 
FROM admins 
WHERE admins.username = $1::VARCHAR
2026-03-01 18:10:51,382 - sqlalchemy.engine.Engine - INFO - [cached since 0.3548s ago] ('zhura2296@yandex.ru',)
2026-03-01 18:10:51,383 - sqlalchemy.engine.Engine - INFO - SELECT installers.id, installers.full_name, installers.nickname, installers.phone, installers.backup_phone, installers.specialization, installers.rating, installers.base_price, installers.is_debtor, installers.comments, installers.is_active, installers.is_in_funnel, installers.total_orders, installers.poor_work_count, installers.warranty_visits_count, installers.last_incident_date, installers.updated_at, installers.created_at, installers.deleted_at 
FROM installers 
WHERE installers.deleted_at IS NULL 
 LIMIT $1::INTEGER OFFSET $2::INTEGER
2026-03-01 18:10:51,383 - sqlalchemy.engine.Engine - INFO - [cached since 0.01427s ago] (100, 0)
2026-03-01 18:10:51,384 - sqlalchemy.engine.Engine - INFO - ROLLBACK
