2026-02-28 10:27:03,192 - src.core.logging - INFO - Starting CRM application
2026-02-28 10:27:03,192 - apscheduler.scheduler - INFO - Adding job tentatively -- it will be properly scheduled when the scheduler starts
2026-02-28 10:27:03,192 - apscheduler.scheduler - INFO - Adding job tentatively -- it will be properly scheduled when the scheduler starts
2026-02-28 10:27:03,192 - apscheduler.scheduler - INFO - Adding job tentatively -- it will be properly scheduled when the scheduler starts
2026-02-28 10:27:03,192 - apscheduler.scheduler - INFO - Adding job tentatively -- it will be properly scheduled when the scheduler starts
2026-02-28 10:27:03,193 - apscheduler.scheduler - INFO - Added job "send_daily_reminder" to job store "default"
2026-02-28 10:27:03,193 - apscheduler.scheduler - INFO - Added job "daily_weather_collection" to job store "default"
2026-02-28 10:27:03,193 - apscheduler.scheduler - INFO - Added job "run_training" to job store "default"
2026-02-28 10:27:03,193 - apscheduler.scheduler - INFO - Added job "daily_backup_and_report" to job store "default"
2026-02-28 10:27:03,193 - apscheduler.scheduler - INFO - Scheduler started
2026-02-28 10:27:03,193 - src.core.logging - INFO - Scheduler started
2026-02-28 10:27:08,614 - sqlalchemy.engine.Engine - INFO - select pg_catalog.version()
2026-02-28 10:27:08,614 - sqlalchemy.engine.Engine - INFO - [raw sql] ()
2026-02-28 10:27:08,617 - sqlalchemy.engine.Engine - INFO - select current_schema()
2026-02-28 10:27:08,617 - sqlalchemy.engine.Engine - INFO - [raw sql] ()
2026-02-28 10:27:08,618 - sqlalchemy.engine.Engine - INFO - show standard_conforming_strings
2026-02-28 10:27:08,618 - sqlalchemy.engine.Engine - INFO - [raw sql] ()
2026-02-28 10:27:08,618 - sqlalchemy.engine.Engine - INFO - BEGIN (implicit)
2026-02-28 10:27:08,640 - sqlalchemy.engine.Engine - INFO - SELECT admins.id, admins.username, admins.password_hash, admins.created_at 
FROM admins 
WHERE admins.username = $1::VARCHAR
2026-02-28 10:27:08,640 - sqlalchemy.engine.Engine - INFO - [generated in 0.00020s] ('zhura2296@yandex.ru',)
2026-02-28 10:27:08,865 - sqlalchemy.engine.Engine - INFO - ROLLBACK
2026-02-28 10:27:09,080 - sqlalchemy.engine.Engine - INFO - BEGIN (implicit)
2026-02-28 10:27:09,080 - sqlalchemy.engine.Engine - INFO - SELECT admins.id, admins.username, admins.password_hash, admins.created_at 
FROM admins 
WHERE admins.username = $1::VARCHAR
2026-02-28 10:27:09,080 - sqlalchemy.engine.Engine - INFO - [cached since 0.4406s ago] ('zhura2296@yandex.ru',)
2026-02-28 10:27:09,084 - sqlalchemy.engine.Engine - INFO - SELECT clients.id, clients.full_name, clients.phone, clients.address, clients.coordinates, clients.created_at, clients.last_contact, clients.comments, clients.updated_at, clients.backup_phone, clients.deleted_at 
FROM clients 
 LIMIT $1::INTEGER OFFSET $2::INTEGER
2026-02-28 10:27:09,084 - sqlalchemy.engine.Engine - INFO - [generated in 0.00018s] (100, 0)
2026-02-28 10:27:09,103 - sqlalchemy.engine.Engine - INFO - ROLLBACK
2026-02-28 10:27:09,106 - sqlalchemy.engine.Engine - INFO - BEGIN (implicit)
2026-02-28 10:27:09,106 - sqlalchemy.engine.Engine - INFO - SELECT admins.id, admins.username, admins.password_hash, admins.created_at 
FROM admins 
WHERE admins.username = $1::VARCHAR
2026-02-28 10:27:09,106 - sqlalchemy.engine.Engine - INFO - [cached since 0.4664s ago] ('zhura2296@yandex.ru',)
2026-02-28 10:27:09,125 - sqlalchemy.engine.Engine - INFO - SELECT installers.id, installers.full_name, installers.nickname, installers.phone, installers.backup_phone, installers.specialization, installers.rating, installers.base_price, installers.is_debtor, installers.comments, installers.is_active, installers.is_in_funnel, installers.total_orders, installers.poor_work_count, installers.warranty_visits_count, installers.last_incident_date, installers.updated_at, installers.created_at, installers.deleted_at 
FROM installers 
WHERE installers.deleted_at IS NULL 
 LIMIT $1::INTEGER OFFSET $2::INTEGER
2026-02-28 10:27:09,125 - sqlalchemy.engine.Engine - INFO - [generated in 0.00019s] (100, 0)
2026-02-28 10:27:09,128 - sqlalchemy.engine.Engine - INFO - BEGIN (implicit)
2026-02-28 10:27:09,128 - sqlalchemy.engine.Engine - INFO - SELECT admins.id, admins.username, admins.password_hash, admins.created_at 
FROM admins 
WHERE admins.username = $1::VARCHAR
2026-02-28 10:27:09,128 - sqlalchemy.engine.Engine - INFO - [cached since 0.4888s ago] ('zhura2296@yandex.ru',)
2026-02-28 10:27:09,130 - sqlalchemy.engine.Engine - INFO - ROLLBACK
2026-02-28 10:27:09,131 - sqlalchemy.engine.Engine - INFO - BEGIN (implicit)
2026-02-28 10:27:09,131 - sqlalchemy.engine.Engine - INFO - SELECT admins.id, admins.username, admins.password_hash, admins.created_at 
FROM admins 
WHERE admins.username = $1::VARCHAR
2026-02-28 10:27:09,131 - sqlalchemy.engine.Engine - INFO - [cached since 0.4919s ago] ('zhura2296@yandex.ru',)
2026-02-28 10:27:09,133 - sqlalchemy.engine.Engine - INFO - SELECT installers.id, installers.full_name, installers.nickname, installers.phone, installers.backup_phone, installers.specialization, installers.rating, installers.base_price, installers.is_debtor, installers.comments, installers.is_active, installers.is_in_funnel, installers.total_orders, installers.poor_work_count, installers.warranty_visits_count, installers.last_incident_date, installers.updated_at, installers.created_at, installers.deleted_at 
FROM installers 
WHERE installers.deleted_at IS NULL 
 LIMIT $1::INTEGER OFFSET $2::INTEGER
2026-02-28 10:27:09,133 - sqlalchemy.engine.Engine - INFO - [cached since 0.007919s ago] (100, 0)
2026-02-28 10:27:09,133 - sqlalchemy.engine.Engine - INFO - SELECT clients.id, clients.full_name, clients.phone, clients.address, clients.coordinates, clients.created_at, clients.last_contact, clients.comments, clients.updated_at, clients.backup_phone, clients.deleted_at 
FROM clients 
 LIMIT $1::INTEGER OFFSET $2::INTEGER
2026-02-28 10:27:09,133 - sqlalchemy.engine.Engine - INFO - [cached since 0.04943s ago] (100, 0)
2026-02-28 10:27:09,136 - sqlalchemy.engine.Engine - INFO - ROLLBACK
2026-02-28 10:27:09,137 - sqlalchemy.engine.Engine - INFO - ROLLBACK
2026-02-28 10:39:10,527 - sqlalchemy.engine.Engine - INFO - BEGIN (implicit)
2026-02-28 10:39:10,531 - sqlalchemy.engine.Engine - INFO - SELECT orders.id, orders.client_id, orders.status, orders.warehouse, orders.service_datetime, orders.delivery_datetime, orders.promise, orders.marker_color, orders.address_id, orders.address_text, orders.created_at, orders.updated_at 
FROM orders 
 LIMIT $1::INTEGER OFFSET $2::INTEGER
2026-02-28 10:39:10,531 - sqlalchemy.engine.Engine - INFO - [generated in 0.00029s] (100, 0)
2026-02-28 10:39:10,558 - sqlalchemy.engine.Engine - INFO - SELECT finance.order_id AS finance_order_id, finance.id AS finance_id, finance.revenue AS finance_revenue, finance.cost_of_goods AS finance_cost_of_goods, finance.installer_payments AS finance_installer_payments, finance.expenses AS finance_expenses, finance.warranty_costs_oleg AS finance_warranty_costs_oleg, finance.warranty_costs_installer AS finance_warranty_costs_installer, finance.profit AS finance_profit, finance.created_at AS finance_created_at, finance.updated_at AS finance_updated_at 
FROM finance 
WHERE finance.order_id IN ($1::INTEGER, $2::INTEGER, $3::INTEGER)
2026-02-28 10:39:10,558 - sqlalchemy.engine.Engine - INFO - [generated in 0.00039s] (1, 2, 3)
2026-02-28 10:39:10,561 - sqlalchemy.engine.Engine - INFO - SELECT address_cache.address AS address_cache_address, address_cache.lat AS address_cache_lat, address_cache.lon AS address_cache_lon, address_cache.updated_at AS address_cache_updated_at 
FROM address_cache 
WHERE address_cache.address IN ($1::VARCHAR)
2026-02-28 10:39:10,561 - sqlalchemy.engine.Engine - INFO - [generated in 0.00016s] ('Москва, ул. Ленина, 10',)
2026-02-28 10:39:10,563 - sqlalchemy.engine.Engine - INFO - SELECT order_installers.order_id AS order_installers_order_id, order_installers.id AS order_installers_id, order_installers.installer_id AS order_installers_installer_id, order_installers.role AS order_installers_role, order_installers.base_payment AS order_installers_base_payment, order_installers.is_primary AS order_installers_is_primary, order_installers.created_at AS order_installers_created_at, order_installers.updated_at AS order_installers_updated_at 
FROM order_installers 
WHERE order_installers.order_id IN ($1::INTEGER, $2::INTEGER, $3::INTEGER)
2026-02-28 10:39:10,563 - sqlalchemy.engine.Engine - INFO - [generated in 0.00015s] (1, 2, 3)
2026-02-28 10:39:10,565 - sqlalchemy.engine.Engine - INFO - ROLLBACK
2026-02-28 10:39:10,567 - sqlalchemy.engine.Engine - INFO - BEGIN (implicit)
2026-02-28 10:39:10,567 - sqlalchemy.engine.Engine - INFO - SELECT orders.id, orders.client_id, orders.status, orders.warehouse, orders.service_datetime, orders.delivery_datetime, orders.promise, orders.marker_color, orders.address_id, orders.address_text, orders.created_at, orders.updated_at 
FROM orders 
 LIMIT $1::INTEGER OFFSET $2::INTEGER
2026-02-28 10:39:10,567 - sqlalchemy.engine.Engine - INFO - [cached since 0.03623s ago] (100, 0)
2026-02-28 10:39:10,577 - sqlalchemy.engine.Engine - INFO - SELECT finance.order_id AS finance_order_id, finance.id AS finance_id, finance.revenue AS finance_revenue, finance.cost_of_goods AS finance_cost_of_goods, finance.installer_payments AS finance_installer_payments, finance.expenses AS finance_expenses, finance.warranty_costs_oleg AS finance_warranty_costs_oleg, finance.warranty_costs_installer AS finance_warranty_costs_installer, finance.profit AS finance_profit, finance.created_at AS finance_created_at, finance.updated_at AS finance_updated_at 
FROM finance 
WHERE finance.order_id IN ($1::INTEGER, $2::INTEGER, $3::INTEGER)
2026-02-28 10:39:10,577 - sqlalchemy.engine.Engine - INFO - [cached since 0.01971s ago] (1, 2, 3)
2026-02-28 10:39:10,579 - sqlalchemy.engine.Engine - INFO - SELECT address_cache.address AS address_cache_address, address_cache.lat AS address_cache_lat, address_cache.lon AS address_cache_lon, address_cache.updated_at AS address_cache_updated_at 
FROM address_cache 
WHERE address_cache.address IN ($1::VARCHAR)
2026-02-28 10:39:10,579 - sqlalchemy.engine.Engine - INFO - [cached since 0.01873s ago] ('Москва, ул. Ленина, 10',)
2026-02-28 10:39:10,582 - sqlalchemy.engine.Engine - INFO - SELECT order_installers.order_id AS order_installers_order_id, order_installers.id AS order_installers_id, order_installers.installer_id AS order_installers_installer_id, order_installers.role AS order_installers_role, order_installers.base_payment AS order_installers_base_payment, order_installers.is_primary AS order_installers_is_primary, order_installers.created_at AS order_installers_created_at, order_installers.updated_at AS order_installers_updated_at 
FROM order_installers 
WHERE order_installers.order_id IN ($1::INTEGER, $2::INTEGER, $3::INTEGER)
2026-02-28 10:39:10,582 - sqlalchemy.engine.Engine - INFO - [cached since 0.01899s ago] (1, 2, 3)
2026-02-28 10:39:10,584 - sqlalchemy.engine.Engine - INFO - ROLLBACK
2026-02-28 10:39:13,628 - sqlalchemy.engine.Engine - INFO - BEGIN (implicit)
2026-02-28 10:39:13,629 - sqlalchemy.engine.Engine - INFO - SELECT orders.id, orders.client_id, orders.status, orders.warehouse, orders.service_datetime, orders.delivery_datetime, orders.promise, orders.marker_color, orders.address_id, orders.address_text, orders.created_at, orders.updated_at 
FROM orders 
WHERE orders.id = $1::INTEGER
2026-02-28 10:39:13,629 - sqlalchemy.engine.Engine - INFO - [generated in 0.00025s] (1,)
2026-02-28 10:39:13,631 - sqlalchemy.engine.Engine - INFO - BEGIN (implicit)
2026-02-28 10:39:13,632 - sqlalchemy.engine.Engine - INFO - SELECT admins.id, admins.username, admins.password_hash, admins.created_at 
FROM admins 
WHERE admins.username = $1::VARCHAR
2026-02-28 10:39:13,632 - sqlalchemy.engine.Engine - INFO - [cached since 725s ago] ('zhura2296@yandex.ru',)
2026-02-28 10:39:13,634 - sqlalchemy.engine.Engine - INFO - SELECT installers.id, installers.full_name, installers.nickname, installers.phone, installers.backup_phone, installers.specialization, installers.rating, installers.base_price, installers.is_debtor, installers.comments, installers.is_active, installers.is_in_funnel, installers.total_orders, installers.poor_work_count, installers.warranty_visits_count, installers.last_incident_date, installers.updated_at, installers.created_at, installers.deleted_at 
FROM installers 
WHERE installers.deleted_at IS NULL 
 LIMIT $1::INTEGER OFFSET $2::INTEGER
2026-02-28 10:39:13,634 - sqlalchemy.engine.Engine - INFO - [cached since 724.5s ago] (100, 0)
2026-02-28 10:39:13,635 - sqlalchemy.engine.Engine - INFO - ROLLBACK
2026-02-28 10:39:13,646 - sqlalchemy.engine.Engine - INFO - SELECT finance.order_id AS finance_order_id, finance.id AS finance_id, finance.revenue AS finance_revenue, finance.cost_of_goods AS finance_cost_of_goods, finance.installer_payments AS finance_installer_payments, finance.expenses AS finance_expenses, finance.warranty_costs_oleg AS finance_warranty_costs_oleg, finance.warranty_costs_installer AS finance_warranty_costs_installer, finance.profit AS finance_profit, finance.created_at AS finance_created_at, finance.updated_at AS finance_updated_at 
FROM finance 
WHERE finance.order_id IN ($1::INTEGER)
2026-02-28 10:39:13,646 - sqlalchemy.engine.Engine - INFO - [cached since 3.088s ago] (1,)
2026-02-28 10:39:13,648 - sqlalchemy.engine.Engine - INFO - SELECT address_cache.address AS address_cache_address, address_cache.lat AS address_cache_lat, address_cache.lon AS address_cache_lon, address_cache.updated_at AS address_cache_updated_at 
FROM address_cache 
WHERE address_cache.address IN ($1::VARCHAR)
2026-02-28 10:39:13,648 - sqlalchemy.engine.Engine - INFO - [cached since 3.087s ago] ('Москва, ул. Ленина, 10',)
2026-02-28 10:39:13,649 - sqlalchemy.engine.Engine - INFO - SELECT order_installers.order_id AS order_installers_order_id, order_installers.id AS order_installers_id, order_installers.installer_id AS order_installers_installer_id, order_installers.role AS order_installers_role, order_installers.base_payment AS order_installers_base_payment, order_installers.is_primary AS order_installers_is_primary, order_installers.created_at AS order_installers_created_at, order_installers.updated_at AS order_installers_updated_at 
FROM order_installers 
WHERE order_installers.order_id IN ($1::INTEGER)
2026-02-28 10:39:13,649 - sqlalchemy.engine.Engine - INFO - [cached since 3.086s ago] (1,)
2026-02-28 10:39:13,650 - sqlalchemy.engine.Engine - INFO - ROLLBACK
2026-02-28 10:39:13,664 - sqlalchemy.engine.Engine - INFO - BEGIN (implicit)
2026-02-28 10:39:13,665 - sqlalchemy.engine.Engine - INFO - SELECT orders.id, orders.client_id, orders.status, orders.warehouse, orders.service_datetime, orders.delivery_datetime, orders.promise, orders.marker_color, orders.address_id, orders.address_text, orders.created_at, orders.updated_at 
FROM orders 
WHERE orders.id = $1::INTEGER
2026-02-28 10:39:13,665 - sqlalchemy.engine.Engine - INFO - [cached since 0.03586s ago] (1,)
2026-02-28 10:39:13,666 - sqlalchemy.engine.Engine - INFO - BEGIN (implicit)
2026-02-28 10:39:13,666 - sqlalchemy.engine.Engine - INFO - SELECT admins.id, admins.username, admins.password_hash, admins.created_at 
FROM admins 
WHERE admins.username = $1::VARCHAR
2026-02-28 10:39:13,666 - sqlalchemy.engine.Engine - INFO - [cached since 725s ago] ('zhura2296@yandex.ru',)
2026-02-28 10:39:13,668 - sqlalchemy.engine.Engine - INFO - SELECT installers.id, installers.full_name, installers.nickname, installers.phone, installers.backup_phone, installers.specialization, installers.rating, installers.base_price, installers.is_debtor, installers.comments, installers.is_active, installers.is_in_funnel, installers.total_orders, installers.poor_work_count, installers.warranty_visits_count, installers.last_incident_date, installers.updated_at, installers.created_at, installers.deleted_at 
FROM installers 
WHERE installers.deleted_at IS NULL 
 LIMIT $1::INTEGER OFFSET $2::INTEGER
2026-02-28 10:39:13,668 - sqlalchemy.engine.Engine - INFO - [cached since 724.5s ago] (100, 0)
2026-02-28 10:39:13,669 - sqlalchemy.engine.Engine - INFO - SELECT finance.order_id AS finance_order_id, finance.id AS finance_id, finance.revenue AS finance_revenue, finance.cost_of_goods AS finance_cost_of_goods, finance.installer_payments AS finance_installer_payments, finance.expenses AS finance_expenses, finance.warranty_costs_oleg AS finance_warranty_costs_oleg, finance.warranty_costs_installer AS finance_warranty_costs_installer, finance.profit AS finance_profit, finance.created_at AS finance_created_at, finance.updated_at AS finance_updated_at 
FROM finance 
WHERE finance.order_id IN ($1::INTEGER)
2026-02-28 10:39:13,669 - sqlalchemy.engine.Engine - INFO - [cached since 3.111s ago] (1,)
2026-02-28 10:39:13,671 - sqlalchemy.engine.Engine - INFO - SELECT address_cache.address AS address_cache_address, address_cache.lat AS address_cache_lat, address_cache.lon AS address_cache_lon, address_cache.updated_at AS address_cache_updated_at 
FROM address_cache 
WHERE address_cache.address IN ($1::VARCHAR)
2026-02-28 10:39:13,671 - sqlalchemy.engine.Engine - INFO - [cached since 3.111s ago] ('Москва, ул. Ленина, 10',)
2026-02-28 10:39:13,671 - sqlalchemy.engine.Engine - INFO - ROLLBACK
2026-02-28 10:39:13,672 - sqlalchemy.engine.Engine - INFO - SELECT order_installers.order_id AS order_installers_order_id, order_installers.id AS order_installers_id, order_installers.installer_id AS order_installers_installer_id, order_installers.role AS order_installers_role, order_installers.base_payment AS order_installers_base_payment, order_installers.is_primary AS order_installers_is_primary, order_installers.created_at AS order_installers_created_at, order_installers.updated_at AS order_installers_updated_at 
FROM order_installers 
WHERE order_installers.order_id IN ($1::INTEGER)
2026-02-28 10:39:13,672 - sqlalchemy.engine.Engine - INFO - [cached since 3.11s ago] (1,)
2026-02-28 10:39:13,674 - sqlalchemy.engine.Engine - INFO - ROLLBACK
2026-02-28 10:39:17,751 - sqlalchemy.engine.Engine - INFO - BEGIN (implicit)
2026-02-28 10:39:17,752 - sqlalchemy.engine.Engine - INFO - SELECT orders.id, orders.client_id, orders.status, orders.warehouse, orders.service_datetime, orders.delivery_datetime, orders.promise, orders.marker_color, orders.address_id, orders.address_text, orders.created_at, orders.updated_at 
FROM orders 
 LIMIT $1::INTEGER OFFSET $2::INTEGER
2026-02-28 10:39:17,752 - sqlalchemy.engine.Engine - INFO - [cached since 7.221s ago] (100, 0)
2026-02-28 10:39:17,754 - sqlalchemy.engine.Engine - INFO - SELECT finance.order_id AS finance_order_id, finance.id AS finance_id, finance.revenue AS finance_revenue, finance.cost_of_goods AS finance_cost_of_goods, finance.installer_payments AS finance_installer_payments, finance.expenses AS finance_expenses, finance.warranty_costs_oleg AS finance_warranty_costs_oleg, finance.warranty_costs_installer AS finance_warranty_costs_installer, finance.profit AS finance_profit, finance.created_at AS finance_created_at, finance.updated_at AS finance_updated_at 
FROM finance 
WHERE finance.order_id IN ($1::INTEGER, $2::INTEGER, $3::INTEGER)
2026-02-28 10:39:17,754 - sqlalchemy.engine.Engine - INFO - [cached since 7.197s ago] (1, 2, 3)
2026-02-28 10:39:17,756 - sqlalchemy.engine.Engine - INFO - SELECT address_cache.address AS address_cache_address, address_cache.lat AS address_cache_lat, address_cache.lon AS address_cache_lon, address_cache.updated_at AS address_cache_updated_at 
FROM address_cache 
WHERE address_cache.address IN ($1::VARCHAR)
2026-02-28 10:39:17,756 - sqlalchemy.engine.Engine - INFO - [cached since 7.196s ago] ('Москва, ул. Ленина, 10',)
2026-02-28 10:39:17,757 - sqlalchemy.engine.Engine - INFO - SELECT order_installers.order_id AS order_installers_order_id, order_installers.id AS order_installers_id, order_installers.installer_id AS order_installers_installer_id, order_installers.role AS order_installers_role, order_installers.base_payment AS order_installers_base_payment, order_installers.is_primary AS order_installers_is_primary, order_installers.created_at AS order_installers_created_at, order_installers.updated_at AS order_installers_updated_at 
FROM order_installers 
WHERE order_installers.order_id IN ($1::INTEGER, $2::INTEGER, $3::INTEGER)
2026-02-28 10:39:17,757 - sqlalchemy.engine.Engine - INFO - [cached since 7.194s ago] (1, 2, 3)
2026-02-28 10:39:17,759 - sqlalchemy.engine.Engine - INFO - ROLLBACK
2026-02-28 10:39:17,759 - sqlalchemy.engine.Engine - INFO - BEGIN (implicit)
2026-02-28 10:39:17,760 - sqlalchemy.engine.Engine - INFO - SELECT orders.id, orders.client_id, orders.status, orders.warehouse, orders.service_datetime, orders.delivery_datetime, orders.promise, orders.marker_color, orders.address_id, orders.address_text, orders.created_at, orders.updated_at 
FROM orders 
 LIMIT $1::INTEGER OFFSET $2::INTEGER
2026-02-28 10:39:17,760 - sqlalchemy.engine.Engine - INFO - [cached since 7.229s ago] (100, 0)
2026-02-28 10:39:17,762 - sqlalchemy.engine.Engine - INFO - SELECT finance.order_id AS finance_order_id, finance.id AS finance_id, finance.revenue AS finance_revenue, finance.cost_of_goods AS finance_cost_of_goods, finance.installer_payments AS finance_installer_payments, finance.expenses AS finance_expenses, finance.warranty_costs_oleg AS finance_warranty_costs_oleg, finance.warranty_costs_installer AS finance_warranty_costs_installer, finance.profit AS finance_profit, finance.created_at AS finance_created_at, finance.updated_at AS finance_updated_at 
FROM finance 
WHERE finance.order_id IN ($1::INTEGER, $2::INTEGER, $3::INTEGER)
2026-02-28 10:39:17,762 - sqlalchemy.engine.Engine - INFO - [cached since 7.204s ago] (1, 2, 3)
2026-02-28 10:39:17,763 - sqlalchemy.engine.Engine - INFO - SELECT address_cache.address AS address_cache_address, address_cache.lat AS address_cache_lat, address_cache.lon AS address_cache_lon, address_cache.updated_at AS address_cache_updated_at 
FROM address_cache 
WHERE address_cache.address IN ($1::VARCHAR)
2026-02-28 10:39:17,763 - sqlalchemy.engine.Engine - INFO - [cached since 7.202s ago] ('Москва, ул. Ленина, 10',)
2026-02-28 10:39:17,764 - sqlalchemy.engine.Engine - INFO - SELECT order_installers.order_id AS order_installers_order_id, order_installers.id AS order_installers_id, order_installers.installer_id AS order_installers_installer_id, order_installers.role AS order_installers_role, order_installers.base_payment AS order_installers_base_payment, order_installers.is_primary AS order_installers_is_primary, order_installers.created_at AS order_installers_created_at, order_installers.updated_at AS order_installers_updated_at 
FROM order_installers 
WHERE order_installers.order_id IN ($1::INTEGER, $2::INTEGER, $3::INTEGER)
2026-02-28 10:39:17,764 - sqlalchemy.engine.Engine - INFO - [cached since 7.201s ago] (1, 2, 3)
2026-02-28 10:39:17,765 - sqlalchemy.engine.Engine - INFO - ROLLBACK
2026-02-28 10:39:20,712 - sqlalchemy.engine.Engine - INFO - BEGIN (implicit)
2026-02-28 10:39:20,712 - sqlalchemy.engine.Engine - INFO - SELECT admins.id, admins.username, admins.password_hash, admins.created_at 
FROM admins 
WHERE admins.username = $1::VARCHAR
2026-02-28 10:39:20,712 - sqlalchemy.engine.Engine - INFO - [cached since 732.1s ago] ('zhura2296@yandex.ru',)
2026-02-28 10:39:20,713 - sqlalchemy.engine.Engine - INFO - SELECT installers.id, installers.full_name, installers.nickname, installers.phone, installers.backup_phone, installers.specialization, installers.rating, installers.base_price, installers.is_debtor, installers.comments, installers.is_active, installers.is_in_funnel, installers.total_orders, installers.poor_work_count, installers.warranty_visits_count, installers.last_incident_date, installers.updated_at, installers.created_at, installers.deleted_at 
FROM installers 
WHERE installers.deleted_at IS NULL 
 LIMIT $1::INTEGER OFFSET $2::INTEGER
2026-02-28 10:39:20,713 - sqlalchemy.engine.Engine - INFO - [cached since 731.6s ago] (100, 0)
2026-02-28 10:39:20,714 - sqlalchemy.engine.Engine - INFO - BEGIN (implicit)
2026-02-28 10:39:20,715 - sqlalchemy.engine.Engine - INFO - SELECT orders.id, orders.client_id, orders.status, orders.warehouse, orders.service_datetime, orders.delivery_datetime, orders.promise, orders.marker_color, orders.address_id, orders.address_text, orders.created_at, orders.updated_at 
FROM orders 
WHERE orders.id = $1::INTEGER
2026-02-28 10:39:20,715 - sqlalchemy.engine.Engine - INFO - [cached since 7.086s ago] (2,)
2026-02-28 10:39:20,715 - sqlalchemy.engine.Engine - INFO - ROLLBACK
2026-02-28 10:39:20,716 - sqlalchemy.engine.Engine - INFO - SELECT finance.order_id AS finance_order_id, finance.id AS finance_id, finance.revenue AS finance_revenue, finance.cost_of_goods AS finance_cost_of_goods, finance.installer_payments AS finance_installer_payments, finance.expenses AS finance_expenses, finance.warranty_costs_oleg AS finance_warranty_costs_oleg, finance.warranty_costs_installer AS finance_warranty_costs_installer, finance.profit AS finance_profit, finance.created_at AS finance_created_at, finance.updated_at AS finance_updated_at 
FROM finance 
WHERE finance.order_id IN ($1::INTEGER)
2026-02-28 10:39:20,716 - sqlalchemy.engine.Engine - INFO - [cached since 10.16s ago] (2,)
2026-02-28 10:39:20,717 - sqlalchemy.engine.Engine - INFO - BEGIN (implicit)
2026-02-28 10:39:20,717 - sqlalchemy.engine.Engine - INFO - SELECT admins.id, admins.username, admins.password_hash, admins.created_at 
FROM admins 
WHERE admins.username = $1::VARCHAR
2026-02-28 10:39:20,717 - sqlalchemy.engine.Engine - INFO - [cached since 732.1s ago] ('zhura2296@yandex.ru',)
2026-02-28 10:39:20,718 - sqlalchemy.engine.Engine - INFO - SELECT order_installers.order_id AS order_installers_order_id, order_installers.id AS order_installers_id, order_installers.installer_id AS order_installers_installer_id, order_installers.role AS order_installers_role, order_installers.base_payment AS order_installers_base_payment, order_installers.is_primary AS order_installers_is_primary, order_installers.created_at AS order_installers_created_at, order_installers.updated_at AS order_installers_updated_at 
FROM order_installers 
WHERE order_installers.order_id IN ($1::INTEGER)
2026-02-28 10:39:20,718 - sqlalchemy.engine.Engine - INFO - [cached since 10.16s ago] (2,)
2026-02-28 10:39:20,720 - sqlalchemy.engine.Engine - INFO - SELECT installers.id, installers.full_name, installers.nickname, installers.phone, installers.backup_phone, installers.specialization, installers.rating, installers.base_price, installers.is_debtor, installers.comments, installers.is_active, installers.is_in_funnel, installers.total_orders, installers.poor_work_count, installers.warranty_visits_count, installers.last_incident_date, installers.updated_at, installers.created_at, installers.deleted_at 
FROM installers 
WHERE installers.deleted_at IS NULL 
 LIMIT $1::INTEGER OFFSET $2::INTEGER
2026-02-28 10:39:20,720 - sqlalchemy.engine.Engine - INFO - [cached since 731.6s ago] (100, 0)
2026-02-28 10:39:20,721 - sqlalchemy.engine.Engine - INFO - ROLLBACK
2026-02-28 10:39:20,722 - sqlalchemy.engine.Engine - INFO - BEGIN (implicit)
2026-02-28 10:39:20,723 - sqlalchemy.engine.Engine - INFO - SELECT orders.id, orders.client_id, orders.status, orders.warehouse, orders.service_datetime, orders.delivery_datetime, orders.promise, orders.marker_color, orders.address_id, orders.address_text, orders.created_at, orders.updated_at 
FROM orders 
WHERE orders.id = $1::INTEGER
2026-02-28 10:39:20,723 - sqlalchemy.engine.Engine - INFO - [cached since 7.094s ago] (2,)
2026-02-28 10:39:20,724 - sqlalchemy.engine.Engine - INFO - ROLLBACK
2026-02-28 10:39:20,726 - sqlalchemy.engine.Engine - INFO - SELECT finance.order_id AS finance_order_id, finance.id AS finance_id, finance.revenue AS finance_revenue, finance.cost_of_goods AS finance_cost_of_goods, finance.installer_payments AS finance_installer_payments, finance.expenses AS finance_expenses, finance.warranty_costs_oleg AS finance_warranty_costs_oleg, finance.warranty_costs_installer AS finance_warranty_costs_installer, finance.profit AS finance_profit, finance.created_at AS finance_created_at, finance.updated_at AS finance_updated_at 
FROM finance 
WHERE finance.order_id IN ($1::INTEGER)
2026-02-28 10:39:20,726 - sqlalchemy.engine.Engine - INFO - [cached since 10.17s ago] (2,)
2026-02-28 10:39:20,727 - sqlalchemy.engine.Engine - INFO - SELECT order_installers.order_id AS order_installers_order_id, order_installers.id AS order_installers_id, order_installers.installer_id AS order_installers_installer_id, order_installers.role AS order_installers_role, order_installers.base_payment AS order_installers_base_payment, order_installers.is_primary AS order_installers_is_primary, order_installers.created_at AS order_installers_created_at, order_installers.updated_at AS order_installers_updated_at 
FROM order_installers 
WHERE order_installers.order_id IN ($1::INTEGER)
2026-02-28 10:39:20,728 - sqlalchemy.engine.Engine - INFO - [cached since 10.16s ago] (2,)
2026-02-28 10:39:20,729 - sqlalchemy.engine.Engine - INFO - ROLLBACK
2026-02-28 10:39:22,788 - sqlalchemy.engine.Engine - INFO - BEGIN (implicit)
2026-02-28 10:39:22,789 - sqlalchemy.engine.Engine - INFO - SELECT orders.id, orders.client_id, orders.status, orders.warehouse, orders.service_datetime, orders.delivery_datetime, orders.promise, orders.marker_color, orders.address_id, orders.address_text, orders.created_at, orders.updated_at 
FROM orders 
 LIMIT $1::INTEGER OFFSET $2::INTEGER
2026-02-28 10:39:22,789 - sqlalchemy.engine.Engine - INFO - [cached since 12.26s ago] (100, 0)
2026-02-28 10:39:22,791 - sqlalchemy.engine.Engine - INFO - SELECT finance.order_id AS finance_order_id, finance.id AS finance_id, finance.revenue AS finance_revenue, finance.cost_of_goods AS finance_cost_of_goods, finance.installer_payments AS finance_installer_payments, finance.expenses AS finance_expenses, finance.warranty_costs_oleg AS finance_warranty_costs_oleg, finance.warranty_costs_installer AS finance_warranty_costs_installer, finance.profit AS finance_profit, finance.created_at AS finance_created_at, finance.updated_at AS finance_updated_at 
FROM finance 
WHERE finance.order_id IN ($1::INTEGER, $2::INTEGER, $3::INTEGER)
2026-02-28 10:39:22,792 - sqlalchemy.engine.Engine - INFO - [cached since 12.23s ago] (1, 2, 3)
2026-02-28 10:39:22,792 - sqlalchemy.engine.Engine - INFO - SELECT address_cache.address AS address_cache_address, address_cache.lat AS address_cache_lat, address_cache.lon AS address_cache_lon, address_cache.updated_at AS address_cache_updated_at 
FROM address_cache 
WHERE address_cache.address IN ($1::VARCHAR)
2026-02-28 10:39:22,793 - sqlalchemy.engine.Engine - INFO - [cached since 12.23s ago] ('Москва, ул. Ленина, 10',)
2026-02-28 10:39:22,794 - sqlalchemy.engine.Engine - INFO - SELECT order_installers.order_id AS order_installers_order_id, order_installers.id AS order_installers_id, order_installers.installer_id AS order_installers_installer_id, order_installers.role AS order_installers_role, order_installers.base_payment AS order_installers_base_payment, order_installers.is_primary AS order_installers_is_primary, order_installers.created_at AS order_installers_created_at, order_installers.updated_at AS order_installers_updated_at 
FROM order_installers 
WHERE order_installers.order_id IN ($1::INTEGER, $2::INTEGER, $3::INTEGER)
2026-02-28 10:39:22,794 - sqlalchemy.engine.Engine - INFO - [cached since 12.23s ago] (1, 2, 3)
2026-02-28 10:39:22,795 - sqlalchemy.engine.Engine - INFO - ROLLBACK
2026-02-28 10:39:22,797 - sqlalchemy.engine.Engine - INFO - BEGIN (implicit)
2026-02-28 10:39:22,797 - sqlalchemy.engine.Engine - INFO - SELECT orders.id, orders.client_id, orders.status, orders.warehouse, orders.service_datetime, orders.delivery_datetime, orders.promise, orders.marker_color, orders.address_id, orders.address_text, orders.created_at, orders.updated_at 
FROM orders 
 LIMIT $1::INTEGER OFFSET $2::INTEGER
2026-02-28 10:39:22,797 - sqlalchemy.engine.Engine - INFO - [cached since 12.27s ago] (100, 0)
2026-02-28 10:39:22,799 - sqlalchemy.engine.Engine - INFO - SELECT finance.order_id AS finance_order_id, finance.id AS finance_id, finance.revenue AS finance_revenue, finance.cost_of_goods AS finance_cost_of_goods, finance.installer_payments AS finance_installer_payments, finance.expenses AS finance_expenses, finance.warranty_costs_oleg AS finance_warranty_costs_oleg, finance.warranty_costs_installer AS finance_warranty_costs_installer, finance.profit AS finance_profit, finance.created_at AS finance_created_at, finance.updated_at AS finance_updated_at 
FROM finance 
WHERE finance.order_id IN ($1::INTEGER, $2::INTEGER, $3::INTEGER)
2026-02-28 10:39:22,800 - sqlalchemy.engine.Engine - INFO - [cached since 12.24s ago] (1, 2, 3)
2026-02-28 10:39:22,801 - sqlalchemy.engine.Engine - INFO - SELECT address_cache.address AS address_cache_address, address_cache.lat AS address_cache_lat, address_cache.lon AS address_cache_lon, address_cache.updated_at AS address_cache_updated_at 
FROM address_cache 
WHERE address_cache.address IN ($1::VARCHAR)
2026-02-28 10:39:22,801 - sqlalchemy.engine.Engine - INFO - [cached since 12.24s ago] ('Москва, ул. Ленина, 10',)
2026-02-28 10:39:22,803 - sqlalchemy.engine.Engine - INFO - SELECT order_installers.order_id AS order_installers_order_id, order_installers.id AS order_installers_id, order_installers.installer_id AS order_installers_installer_id, order_installers.role AS order_installers_role, order_installers.base_payment AS order_installers_base_payment, order_installers.is_primary AS order_installers_is_primary, order_installers.created_at AS order_installers_created_at, order_installers.updated_at AS order_installers_updated_at 
FROM order_installers 
WHERE order_installers.order_id IN ($1::INTEGER, $2::INTEGER, $3::INTEGER)
2026-02-28 10:39:22,803 - sqlalchemy.engine.Engine - INFO - [cached since 12.24s ago] (1, 2, 3)
2026-02-28 10:39:22,805 - sqlalchemy.engine.Engine - INFO - ROLLBACK
2026-02-28 10:39:24,594 - sqlalchemy.engine.Engine - INFO - BEGIN (implicit)
2026-02-28 10:39:24,594 - sqlalchemy.engine.Engine - INFO - SELECT admins.id, admins.username, admins.password_hash, admins.created_at 
FROM admins 
WHERE admins.username = $1::VARCHAR
2026-02-28 10:39:24,594 - sqlalchemy.engine.Engine - INFO - [cached since 736s ago] ('zhura2296@yandex.ru',)
2026-02-28 10:39:24,595 - sqlalchemy.engine.Engine - INFO - SELECT installers.id, installers.full_name, installers.nickname, installers.phone, installers.backup_phone, installers.specialization, installers.rating, installers.base_price, installers.is_debtor, installers.comments, installers.is_active, installers.is_in_funnel, installers.total_orders, installers.poor_work_count, installers.warranty_visits_count, installers.last_incident_date, installers.updated_at, installers.created_at, installers.deleted_at 
FROM installers 
WHERE installers.deleted_at IS NULL 
 LIMIT $1::INTEGER OFFSET $2::INTEGER
2026-02-28 10:39:24,595 - sqlalchemy.engine.Engine - INFO - [cached since 735.5s ago] (100, 0)
2026-02-28 10:39:24,596 - sqlalchemy.engine.Engine - INFO - BEGIN (implicit)
2026-02-28 10:39:24,596 - sqlalchemy.engine.Engine - INFO - SELECT admins.id, admins.username, admins.password_hash, admins.created_at 
FROM admins 
WHERE admins.username = $1::VARCHAR
2026-02-28 10:39:24,597 - sqlalchemy.engine.Engine - INFO - [cached since 736s ago] ('zhura2296@yandex.ru',)
2026-02-28 10:39:24,598 - sqlalchemy.engine.Engine - INFO - SELECT clients.id, clients.full_name, clients.phone, clients.address, clients.coordinates, clients.created_at, clients.last_contact, clients.comments, clients.updated_at, clients.backup_phone, clients.deleted_at 
FROM clients 
 LIMIT $1::INTEGER OFFSET $2::INTEGER
2026-02-28 10:39:24,598 - sqlalchemy.engine.Engine - INFO - [cached since 735.5s ago] (100, 0)
2026-02-28 10:39:24,599 - sqlalchemy.engine.Engine - INFO - BEGIN (implicit)
2026-02-28 10:39:24,600 - sqlalchemy.engine.Engine - INFO - SELECT admins.id, admins.username, admins.password_hash, admins.created_at 
FROM admins 
WHERE admins.username = $1::VARCHAR
2026-02-28 10:39:24,600 - sqlalchemy.engine.Engine - INFO - [cached since 736s ago] ('zhura2296@yandex.ru',)
2026-02-28 10:39:24,600 - sqlalchemy.engine.Engine - INFO - ROLLBACK
2026-02-28 10:39:24,602 - sqlalchemy.engine.Engine - INFO - SELECT installers.id, installers.full_name, installers.nickname, installers.phone, installers.backup_phone, installers.specialization, installers.rating, installers.base_price, installers.is_debtor, installers.comments, installers.is_active, installers.is_in_funnel, installers.total_orders, installers.poor_work_count, installers.warranty_visits_count, installers.last_incident_date, installers.updated_at, installers.created_at, installers.deleted_at 
FROM installers 
WHERE installers.deleted_at IS NULL 
 LIMIT $1::INTEGER OFFSET $2::INTEGER
2026-02-28 10:39:24,602 - sqlalchemy.engine.Engine - INFO - [cached since 735.5s ago] (100, 0)
2026-02-28 10:39:24,603 - sqlalchemy.engine.Engine - INFO - ROLLBACK
2026-02-28 10:39:24,604 - sqlalchemy.engine.Engine - INFO - BEGIN (implicit)
2026-02-28 10:39:24,605 - sqlalchemy.engine.Engine - INFO - SELECT admins.id, admins.username, admins.password_hash, admins.created_at 
FROM admins 
WHERE admins.username = $1::VARCHAR
2026-02-28 10:39:24,605 - sqlalchemy.engine.Engine - INFO - [cached since 736s ago] ('zhura2296@yandex.ru',)
2026-02-28 10:39:24,605 - sqlalchemy.engine.Engine - INFO - ROLLBACK
2026-02-28 10:39:24,606 - sqlalchemy.engine.Engine - INFO - SELECT clients.id, clients.full_name, clients.phone, clients.address, clients.coordinates, clients.created_at, clients.last_contact, clients.comments, clients.updated_at, clients.backup_phone, clients.deleted_at 
FROM clients 
 LIMIT $1::INTEGER OFFSET $2::INTEGER
2026-02-28 10:39:24,606 - sqlalchemy.engine.Engine - INFO - [cached since 735.5s ago] (100, 0)
2026-02-28 10:39:24,608 - sqlalchemy.engine.Engine - INFO - ROLLBACK
2026-02-28 10:40:11,856 - sqlalchemy.engine.Engine - INFO - BEGIN (implicit)
2026-02-28 10:40:11,856 - sqlalchemy.engine.Engine - INFO - SELECT admins.id, admins.username, admins.password_hash, admins.created_at 
FROM admins 
WHERE admins.username = $1::VARCHAR
2026-02-28 10:40:11,856 - sqlalchemy.engine.Engine - INFO - [cached since 783.2s ago] ('zhura2296@yandex.ru',)
2026-02-28 10:40:11,858 - sqlalchemy.engine.Engine - INFO - INSERT INTO clients (full_name, phone, address, coordinates, comments, updated_at, backup_phone, deleted_at) VALUES ($1::VARCHAR, $2::VARCHAR, $3::VARCHAR, $4, $5::VARCHAR, $6::TIMESTAMP WITH TIME ZONE, $7::VARCHAR, $8::TIMESTAMP WITH TIME ZONE) RETURNING clients.id, clients.created_at, clients.last_contact
2026-02-28 10:40:11,858 - sqlalchemy.engine.Engine - INFO - [generated in 0.00014s] ('Петров Петр', '+79153227028', 'Россия, Московская область, Мытищи, улица Карла Маркса, 4', None, '', None, '', None)
2026-02-28 10:40:11,861 - sqlalchemy.engine.Engine - INFO - COMMIT
2026-02-28 10:40:11,861 - sqlalchemy.engine.Engine - INFO - BEGIN (implicit)
2026-02-28 10:40:11,862 - sqlalchemy.engine.Engine - INFO - SELECT clients.id, clients.full_name, clients.phone, clients.address, clients.coordinates, clients.created_at, clients.last_contact, clients.comments, clients.updated_at, clients.backup_phone, clients.deleted_at 
FROM clients 
WHERE clients.id = $1::INTEGER
2026-02-28 10:40:11,862 - sqlalchemy.engine.Engine - INFO - [generated in 0.00010s] (2,)
2026-02-28 10:40:11,863 - sqlalchemy.engine.Engine - INFO - ROLLBACK
2026-02-28 10:40:11,962 - sqlalchemy.engine.Engine - INFO - BEGIN (implicit)
2026-02-28 10:40:11,963 - sqlalchemy.engine.Engine - INFO - SELECT address_cache.address, address_cache.lat, address_cache.lon, address_cache.updated_at 
FROM address_cache 
WHERE address_cache.address = $1::VARCHAR
2026-02-28 10:40:11,963 - sqlalchemy.engine.Engine - INFO - [generated in 0.00014s] ('Россия, Московская область, Мытищи, улица Карла Маркса, 4',)
2026-02-28 10:40:11,964 - sqlalchemy.engine.Engine - INFO - INSERT INTO address_cache (address, lat, lon) VALUES ($1::VARCHAR, $2::NUMERIC(10, 7), $3::NUMERIC(10, 7)) RETURNING address_cache.updated_at
2026-02-28 10:40:11,964 - sqlalchemy.engine.Engine - INFO - [generated in 0.00012s] ('Россия, Московская область, Мытищи, улица Карла Маркса, 4', 55.915679, 37.768094)
2026-02-28 10:40:11,965 - sqlalchemy.engine.Engine - INFO - COMMIT
2026-02-28 10:40:11,966 - sqlalchemy.engine.Engine - INFO - BEGIN (implicit)
2026-02-28 10:40:11,966 - sqlalchemy.engine.Engine - INFO - SELECT address_cache.address, address_cache.lat, address_cache.lon, address_cache.updated_at 
FROM address_cache 
WHERE address_cache.address = $1::VARCHAR
2026-02-28 10:40:11,966 - sqlalchemy.engine.Engine - INFO - [generated in 0.00008s] ('Россия, Московская область, Мытищи, улица Карла Маркса, 4',)
2026-02-28 10:40:11,967 - sqlalchemy.engine.Engine - INFO - INSERT INTO orders (client_id, status, warehouse, service_datetime, delivery_datetime, promise, marker_color, address_id, address_text) VALUES ($1::INTEGER, $2::order_status, $3::VARCHAR, $4::TIMESTAMP WITHOUT TIME ZONE, $5::TIMESTAMP WITHOUT TIME ZONE, $6::VARCHAR, $7::VARCHAR, $8::VARCHAR, $9::VARCHAR) RETURNING orders.id, orders.created_at, orders.updated_at
2026-02-28 10:40:11,968 - sqlalchemy.engine.Engine - INFO - [generated in 0.00012s] (2, 'Новый', 'Основной', datetime.datetime(2026, 2, 28, 7, 39), datetime.datetime(2026, 3, 1, 7, 39), '', 'red', 'Россия, Московская область, Мытищи, улица Карла Маркса, 4', 'Россия, Московская область, Мытищи, улица Карла Маркса, 4')
2026-02-28 10:40:11,973 - sqlalchemy.engine.Engine - INFO - SELECT orders.id 
FROM orders 
WHERE orders.id = $1::INTEGER
2026-02-28 10:40:11,973 - sqlalchemy.engine.Engine - INFO - [generated in 0.00011s] (4,)
2026-02-28 10:40:11,975 - sqlalchemy.engine.Engine - INFO - SELECT order_installers.id AS order_installers_id, order_installers.order_id AS order_installers_order_id, order_installers.installer_id AS order_installers_installer_id, order_installers.role AS order_installers_role, order_installers.base_payment AS order_installers_base_payment, order_installers.is_primary AS order_installers_is_primary, order_installers.created_at AS order_installers_created_at, order_installers.updated_at AS order_installers_updated_at 
FROM order_installers 
WHERE $1::INTEGER = order_installers.order_id
2026-02-28 10:40:11,975 - sqlalchemy.engine.Engine - INFO - [generated in 0.00012s] (4,)
2026-02-28 10:40:11,976 - sqlalchemy.engine.Engine - INFO - SELECT clients.id AS clients_id, clients.full_name AS clients_full_name, clients.phone AS clients_phone, clients.address AS clients_address, clients.coordinates AS clients_coordinates, clients.created_at AS clients_created_at, clients.last_contact AS clients_last_contact, clients.comments AS clients_comments, clients.updated_at AS clients_updated_at, clients.backup_phone AS clients_backup_phone, clients.deleted_at AS clients_deleted_at 
FROM clients 
WHERE clients.id = $1::INTEGER
2026-02-28 10:40:11,976 - sqlalchemy.engine.Engine - INFO - [generated in 0.00012s] (2,)
2026-02-28 10:40:11,977 - sqlalchemy.engine.Engine - INFO - SELECT finance.id AS finance_id, finance.order_id AS finance_order_id, finance.revenue AS finance_revenue, finance.cost_of_goods AS finance_cost_of_goods, finance.installer_payments AS finance_installer_payments, finance.expenses AS finance_expenses, finance.warranty_costs_oleg AS finance_warranty_costs_oleg, finance.warranty_costs_installer AS finance_warranty_costs_installer, finance.profit AS finance_profit, finance.created_at AS finance_created_at, finance.updated_at AS finance_updated_at 
FROM finance 
WHERE $1::INTEGER = finance.order_id
2026-02-28 10:40:11,977 - sqlalchemy.engine.Engine - INFO - [generated in 0.00010s] (4,)
2026-02-28 10:40:11,978 - sqlalchemy.engine.Engine - INFO - COMMIT
2026-02-28 10:40:11,983 - sqlalchemy.engine.Engine - INFO - BEGIN (implicit)
2026-02-28 10:40:11,984 - sqlalchemy.engine.Engine - INFO - SELECT admins.id, admins.username, admins.password_hash, admins.created_at 
FROM admins 
WHERE admins.username = $1::VARCHAR
2026-02-28 10:40:11,984 - sqlalchemy.engine.Engine - INFO - [cached since 783.3s ago] ('zhura2296@yandex.ru',)
2026-02-28 10:40:11,985 - sqlalchemy.engine.Engine - INFO - INSERT INTO order_items (order_id, item_type, name, quantity, purchase_price, sale_price, warranty_manufacturer, warranty_master, sort_order) VALUES ($1::INTEGER, $2::item_type, $3::VARCHAR, $4::INTEGER, $5::NUMERIC(10, 2), $6::NUMERIC(10, 2), $7::INTEGER, $8::INTEGER, $9::INTEGER) RETURNING order_items.id, order_items.created_at, order_items.updated_at
2026-02-28 10:40:11,986 - sqlalchemy.engine.Engine - INFO - [generated in 0.00016s] (4, 'product', 'Хаер', 1, Decimal('15000'), Decimal('30000'), 3, 0, 0)
2026-02-28 10:40:11,998 - sqlalchemy.engine.Engine - INFO - COMMIT
2026-02-28 10:40:11,999 - sqlalchemy.engine.Engine - INFO - BEGIN (implicit)
2026-02-28 10:40:12,000 - sqlalchemy.engine.Engine - INFO - SELECT order_items.id, order_items.order_id, order_items.item_type, order_items.name, order_items.quantity, order_items.purchase_price, order_items.sale_price, order_items.warranty_manufacturer, order_items.warranty_master, order_items.sort_order, order_items.created_at, order_items.updated_at 
FROM order_items 
WHERE order_items.id = $1::INTEGER
2026-02-28 10:40:12,000 - sqlalchemy.engine.Engine - INFO - [generated in 0.00017s] (4,)
2026-02-28 10:40:12,005 - sqlalchemy.engine.Engine - INFO - ROLLBACK
2026-02-28 10:40:12,034 - sqlalchemy.engine.Engine - INFO - BEGIN (implicit)
2026-02-28 10:40:12,034 - sqlalchemy.engine.Engine - INFO - SELECT orders.id, orders.client_id, orders.status, orders.warehouse, orders.service_datetime, orders.delivery_datetime, orders.promise, orders.marker_color, orders.address_id, orders.address_text, orders.created_at, orders.updated_at 
FROM orders 
 LIMIT $1::INTEGER OFFSET $2::INTEGER
2026-02-28 10:40:12,034 - sqlalchemy.engine.Engine - INFO - [cached since 61.5s ago] (100, 0)
2026-02-28 10:40:12,036 - sqlalchemy.engine.Engine - INFO - SELECT finance.order_id AS finance_order_id, finance.id AS finance_id, finance.revenue AS finance_revenue, finance.cost_of_goods AS finance_cost_of_goods, finance.installer_payments AS finance_installer_payments, finance.expenses AS finance_expenses, finance.warranty_costs_oleg AS finance_warranty_costs_oleg, finance.warranty_costs_installer AS finance_warranty_costs_installer, finance.profit AS finance_profit, finance.created_at AS finance_created_at, finance.updated_at AS finance_updated_at 
FROM finance 
WHERE finance.order_id IN ($1::INTEGER, $2::INTEGER, $3::INTEGER, $4::INTEGER)
2026-02-28 10:40:12,037 - sqlalchemy.engine.Engine - INFO - [cached since 61.48s ago] (1, 2, 3, 4)
2026-02-28 10:40:12,040 - sqlalchemy.engine.Engine - INFO - SELECT clients.id AS clients_id, clients.full_name AS clients_full_name, clients.phone AS clients_phone, clients.address AS clients_address, clients.coordinates AS clients_coordinates, clients.created_at AS clients_created_at, clients.last_contact AS clients_last_contact, clients.comments AS clients_comments, clients.updated_at AS clients_updated_at, clients.backup_phone AS clients_backup_phone, clients.deleted_at AS clients_deleted_at 
FROM clients 
WHERE clients.id IN ($1::INTEGER)
2026-02-28 10:40:12,040 - sqlalchemy.engine.Engine - INFO - [generated in 0.00053s] (2,)
2026-02-28 10:40:12,042 - sqlalchemy.engine.Engine - INFO - SELECT address_cache.address AS address_cache_address, address_cache.lat AS address_cache_lat, address_cache.lon AS address_cache_lon, address_cache.updated_at AS address_cache_updated_at 
FROM address_cache 
WHERE address_cache.address IN ($1::VARCHAR, $2::VARCHAR)
2026-02-28 10:40:12,042 - sqlalchemy.engine.Engine - INFO - [cached since 61.48s ago] ('Москва, ул. Ленина, 10', 'Россия, Московская область, Мытищи, улица Карла Маркса, 4')
2026-02-28 10:40:12,043 - sqlalchemy.engine.Engine - INFO - SELECT order_installers.order_id AS order_installers_order_id, order_installers.id AS order_installers_id, order_installers.installer_id AS order_installers_installer_id, order_installers.role AS order_installers_role, order_installers.base_payment AS order_installers_base_payment, order_installers.is_primary AS order_installers_is_primary, order_installers.created_at AS order_installers_created_at, order_installers.updated_at AS order_installers_updated_at 
FROM order_installers 
WHERE order_installers.order_id IN ($1::INTEGER, $2::INTEGER, $3::INTEGER, $4::INTEGER)
2026-02-28 10:40:12,043 - sqlalchemy.engine.Engine - INFO - [cached since 61.48s ago] (1, 2, 3, 4)
2026-02-28 10:40:12,044 - sqlalchemy.engine.Engine - INFO - ROLLBACK
2026-02-28 10:40:12,045 - sqlalchemy.engine.Engine - INFO - BEGIN (implicit)
2026-02-28 10:40:12,046 - sqlalchemy.engine.Engine - INFO - SELECT orders.id, orders.client_id, orders.status, orders.warehouse, orders.service_datetime, orders.delivery_datetime, orders.promise, orders.marker_color, orders.address_id, orders.address_text, orders.created_at, orders.updated_at 
FROM orders 
 LIMIT $1::INTEGER OFFSET $2::INTEGER
2026-02-28 10:40:12,046 - sqlalchemy.engine.Engine - INFO - [cached since 61.51s ago] (100, 0)
2026-02-28 10:40:12,047 - sqlalchemy.engine.Engine - INFO - SELECT finance.order_id AS finance_order_id, finance.id AS finance_id, finance.revenue AS finance_revenue, finance.cost_of_goods AS finance_cost_of_goods, finance.installer_payments AS finance_installer_payments, finance.expenses AS finance_expenses, finance.warranty_costs_oleg AS finance_warranty_costs_oleg, finance.warranty_costs_installer AS finance_warranty_costs_installer, finance.profit AS finance_profit, finance.created_at AS finance_created_at, finance.updated_at AS finance_updated_at 
FROM finance 
WHERE finance.order_id IN ($1::INTEGER, $2::INTEGER, $3::INTEGER, $4::INTEGER)
2026-02-28 10:40:12,047 - sqlalchemy.engine.Engine - INFO - [cached since 61.49s ago] (1, 2, 3, 4)
2026-02-28 10:40:12,048 - sqlalchemy.engine.Engine - INFO - SELECT clients.id AS clients_id, clients.full_name AS clients_full_name, clients.phone AS clients_phone, clients.address AS clients_address, clients.coordinates AS clients_coordinates, clients.created_at AS clients_created_at, clients.last_contact AS clients_last_contact, clients.comments AS clients_comments, clients.updated_at AS clients_updated_at, clients.backup_phone AS clients_backup_phone, clients.deleted_at AS clients_deleted_at 
FROM clients 
WHERE clients.id IN ($1::INTEGER)
2026-02-28 10:40:12,048 - sqlalchemy.engine.Engine - INFO - [cached since 0.008766s ago] (2,)
2026-02-28 10:40:12,050 - sqlalchemy.engine.Engine - INFO - SELECT address_cache.address AS address_cache_address, address_cache.lat AS address_cache_lat, address_cache.lon AS address_cache_lon, address_cache.updated_at AS address_cache_updated_at 
FROM address_cache 
WHERE address_cache.address IN ($1::VARCHAR, $2::VARCHAR)
2026-02-28 10:40:12,050 - sqlalchemy.engine.Engine - INFO - [cached since 61.49s ago] ('Москва, ул. Ленина, 10', 'Россия, Московская область, Мытищи, улица Карла Маркса, 4')
2026-02-28 10:40:12,051 - sqlalchemy.engine.Engine - INFO - SELECT order_installers.order_id AS order_installers_order_id, order_installers.id AS order_installers_id, order_installers.installer_id AS order_installers_installer_id, order_installers.role AS order_installers_role, order_installers.base_payment AS order_installers_base_payment, order_installers.is_primary AS order_installers_is_primary, order_installers.created_at AS order_installers_created_at, order_installers.updated_at AS order_installers_updated_at 
FROM order_installers 
WHERE order_installers.order_id IN ($1::INTEGER, $2::INTEGER, $3::INTEGER, $4::INTEGER)
2026-02-28 10:40:12,051 - sqlalchemy.engine.Engine - INFO - [cached since 61.49s ago] (1, 2, 3, 4)
2026-02-28 10:40:12,053 - sqlalchemy.engine.Engine - INFO - ROLLBACK
2026-02-28 10:40:15,184 - sqlalchemy.engine.Engine - INFO - BEGIN (implicit)
2026-02-28 10:40:15,184 - sqlalchemy.engine.Engine - INFO - SELECT admins.id, admins.username, admins.password_hash, admins.created_at 
FROM admins 
WHERE admins.username = $1::VARCHAR
2026-02-28 10:40:15,185 - sqlalchemy.engine.Engine - INFO - [cached since 786.5s ago] ('zhura2296@yandex.ru',)
2026-02-28 10:40:15,186 - sqlalchemy.engine.Engine - INFO - SELECT installers.id, installers.full_name, installers.nickname, installers.phone, installers.backup_phone, installers.specialization, installers.rating, installers.base_price, installers.is_debtor, installers.comments, installers.is_active, installers.is_in_funnel, installers.total_orders, installers.poor_work_count, installers.warranty_visits_count, installers.last_incident_date, installers.updated_at, installers.created_at, installers.deleted_at 
FROM installers 
WHERE installers.deleted_at IS NULL 
 LIMIT $1::INTEGER OFFSET $2::INTEGER
2026-02-28 10:40:15,186 - sqlalchemy.engine.Engine - INFO - [cached since 786.1s ago] (100, 0)
2026-02-28 10:40:15,187 - sqlalchemy.engine.Engine - INFO - BEGIN (implicit)
2026-02-28 10:40:15,187 - sqlalchemy.engine.Engine - INFO - SELECT orders.id, orders.client_id, orders.status, orders.warehouse, orders.service_datetime, orders.delivery_datetime, orders.promise, orders.marker_color, orders.address_id, orders.address_text, orders.created_at, orders.updated_at 
FROM orders 
WHERE orders.id = $1::INTEGER
2026-02-28 10:40:15,187 - sqlalchemy.engine.Engine - INFO - [cached since 61.56s ago] (4,)
2026-02-28 10:40:15,189 - sqlalchemy.engine.Engine - INFO - SELECT finance.order_id AS finance_order_id, finance.id AS finance_id, finance.revenue AS finance_revenue, finance.cost_of_goods AS finance_cost_of_goods, finance.installer_payments AS finance_installer_payments, finance.expenses AS finance_expenses, finance.warranty_costs_oleg AS finance_warranty_costs_oleg, finance.warranty_costs_installer AS finance_warranty_costs_installer, finance.profit AS finance_profit, finance.created_at AS finance_created_at, finance.updated_at AS finance_updated_at 
FROM finance 
WHERE finance.order_id IN ($1::INTEGER)
2026-02-28 10:40:15,189 - sqlalchemy.engine.Engine - INFO - [cached since 64.63s ago] (4,)
2026-02-28 10:40:15,189 - sqlalchemy.engine.Engine - INFO - ROLLBACK
2026-02-28 10:40:15,190 - sqlalchemy.engine.Engine - INFO - BEGIN (implicit)
2026-02-28 10:40:15,190 - sqlalchemy.engine.Engine - INFO - SELECT admins.id, admins.username, admins.password_hash, admins.created_at 
FROM admins 
WHERE admins.username = $1::VARCHAR
2026-02-28 10:40:15,190 - sqlalchemy.engine.Engine - INFO - [cached since 786.6s ago] ('zhura2296@yandex.ru',)
2026-02-28 10:40:15,190 - sqlalchemy.engine.Engine - INFO - SELECT clients.id AS clients_id, clients.full_name AS clients_full_name, clients.phone AS clients_phone, clients.address AS clients_address, clients.coordinates AS clients_coordinates, clients.created_at AS clients_created_at, clients.last_contact AS clients_last_contact, clients.comments AS clients_comments, clients.updated_at AS clients_updated_at, clients.backup_phone AS clients_backup_phone, clients.deleted_at AS clients_deleted_at 
FROM clients 
WHERE clients.id IN ($1::INTEGER)
2026-02-28 10:40:15,190 - sqlalchemy.engine.Engine - INFO - [cached since 3.151s ago] (2,)
2026-02-28 10:40:15,191 - sqlalchemy.engine.Engine - INFO - SELECT address_cache.address AS address_cache_address, address_cache.lat AS address_cache_lat, address_cache.lon AS address_cache_lon, address_cache.updated_at AS address_cache_updated_at 
FROM address_cache 
WHERE address_cache.address IN ($1::VARCHAR)
2026-02-28 10:40:15,191 - sqlalchemy.engine.Engine - INFO - [cached since 64.63s ago] ('Россия, Московская область, Мытищи, улица Карла Маркса, 4',)
2026-02-28 10:40:15,192 - sqlalchemy.engine.Engine - INFO - SELECT installers.id, installers.full_name, installers.nickname, installers.phone, installers.backup_phone, installers.specialization, installers.rating, installers.base_price, installers.is_debtor, installers.comments, installers.is_active, installers.is_in_funnel, installers.total_orders, installers.poor_work_count, installers.warranty_visits_count, installers.last_incident_date, installers.updated_at, installers.created_at, installers.deleted_at 
FROM installers 
WHERE installers.deleted_at IS NULL 
 LIMIT $1::INTEGER OFFSET $2::INTEGER
2026-02-28 10:40:15,192 - sqlalchemy.engine.Engine - INFO - [cached since 786.1s ago] (100, 0)
2026-02-28 10:40:15,192 - sqlalchemy.engine.Engine - INFO - SELECT order_installers.order_id AS order_installers_order_id, order_installers.id AS order_installers_id, order_installers.installer_id AS order_installers_installer_id, order_installers.role AS order_installers_role, order_installers.base_payment AS order_installers_base_payment, order_installers.is_primary AS order_installers_is_primary, order_installers.created_at AS order_installers_created_at, order_installers.updated_at AS order_installers_updated_at 
FROM order_installers 
WHERE order_installers.order_id IN ($1::INTEGER)
2026-02-28 10:40:15,192 - sqlalchemy.engine.Engine - INFO - [cached since 64.63s ago] (4,)
2026-02-28 10:40:15,194 - sqlalchemy.engine.Engine - INFO - ROLLBACK
2026-02-28 10:40:15,194 - sqlalchemy.engine.Engine - INFO - ROLLBACK
2026-02-28 10:40:15,194 - sqlalchemy.engine.Engine - INFO - BEGIN (implicit)
2026-02-28 10:40:15,195 - sqlalchemy.engine.Engine - INFO - SELECT orders.id, orders.client_id, orders.status, orders.warehouse, orders.service_datetime, orders.delivery_datetime, orders.promise, orders.marker_color, orders.address_id, orders.address_text, orders.created_at, orders.updated_at 
FROM orders 
WHERE orders.id = $1::INTEGER
2026-02-28 10:40:15,195 - sqlalchemy.engine.Engine - INFO - [cached since 61.57s ago] (4,)
2026-02-28 10:40:15,196 - sqlalchemy.engine.Engine - INFO - SELECT finance.order_id AS finance_order_id, finance.id AS finance_id, finance.revenue AS finance_revenue, finance.cost_of_goods AS finance_cost_of_goods, finance.installer_payments AS finance_installer_payments, finance.expenses AS finance_expenses, finance.warranty_costs_oleg AS finance_warranty_costs_oleg, finance.warranty_costs_installer AS finance_warranty_costs_installer, finance.profit AS finance_profit, finance.created_at AS finance_created_at, finance.updated_at AS finance_updated_at 
FROM finance 
WHERE finance.order_id IN ($1::INTEGER)
2026-02-28 10:40:15,196 - sqlalchemy.engine.Engine - INFO - [cached since 64.64s ago] (4,)
2026-02-28 10:40:15,196 - sqlalchemy.engine.Engine - INFO - SELECT clients.id AS clients_id, clients.full_name AS clients_full_name, clients.phone AS clients_phone, clients.address AS clients_address, clients.coordinates AS clients_coordinates, clients.created_at AS clients_created_at, clients.last_contact AS clients_last_contact, clients.comments AS clients_comments, clients.updated_at AS clients_updated_at, clients.backup_phone AS clients_backup_phone, clients.deleted_at AS clients_deleted_at 
FROM clients 
WHERE clients.id IN ($1::INTEGER)
2026-02-28 10:40:15,196 - sqlalchemy.engine.Engine - INFO - [cached since 3.157s ago] (2,)
2026-02-28 10:40:15,197 - sqlalchemy.engine.Engine - INFO - SELECT address_cache.address AS address_cache_address, address_cache.lat AS address_cache_lat, address_cache.lon AS address_cache_lon, address_cache.updated_at AS address_cache_updated_at 
FROM address_cache 
WHERE address_cache.address IN ($1::VARCHAR)
2026-02-28 10:40:15,197 - sqlalchemy.engine.Engine - INFO - [cached since 64.64s ago] ('Россия, Московская область, Мытищи, улица Карла Маркса, 4',)
2026-02-28 10:40:15,198 - sqlalchemy.engine.Engine - INFO - SELECT order_installers.order_id AS order_installers_order_id, order_installers.id AS order_installers_id, order_installers.installer_id AS order_installers_installer_id, order_installers.role AS order_installers_role, order_installers.base_payment AS order_installers_base_payment, order_installers.is_primary AS order_installers_is_primary, order_installers.created_at AS order_installers_created_at, order_installers.updated_at AS order_installers_updated_at 
FROM order_installers 
WHERE order_installers.order_id IN ($1::INTEGER)
2026-02-28 10:40:15,198 - sqlalchemy.engine.Engine - INFO - [cached since 64.64s ago] (4,)
2026-02-28 10:40:15,198 - sqlalchemy.engine.Engine - INFO - ROLLBACK
2026-02-28 10:47:55,048 - sqlalchemy.engine.Engine - INFO - BEGIN (implicit)
2026-02-28 10:47:55,049 - sqlalchemy.engine.Engine - INFO - SELECT orders.id, orders.client_id, orders.status, orders.warehouse, orders.service_datetime, orders.delivery_datetime, orders.promise, orders.marker_color, orders.address_id, orders.address_text, orders.created_at, orders.updated_at 
FROM orders 
WHERE orders.id = $1::INTEGER
2026-02-28 10:47:55,049 - sqlalchemy.engine.Engine - INFO - [cached since 521.4s ago] (4,)
2026-02-28 10:47:55,050 - sqlalchemy.engine.Engine - INFO - BEGIN (implicit)
2026-02-28 10:47:55,050 - sqlalchemy.engine.Engine - INFO - SELECT admins.id, admins.username, admins.password_hash, admins.created_at 
FROM admins 
WHERE admins.username = $1::VARCHAR
2026-02-28 10:47:55,050 - sqlalchemy.engine.Engine - INFO - [cached since 1246s ago] ('zhura2296@yandex.ru',)
2026-02-28 10:47:55,052 - sqlalchemy.engine.Engine - INFO - SELECT installers.id, installers.full_name, installers.nickname, installers.phone, installers.backup_phone, installers.specialization, installers.rating, installers.base_price, installers.is_debtor, installers.comments, installers.is_active, installers.is_in_funnel, installers.total_orders, installers.poor_work_count, installers.warranty_visits_count, installers.last_incident_date, installers.updated_at, installers.created_at, installers.deleted_at 
FROM installers 
WHERE installers.deleted_at IS NULL 
 LIMIT $1::INTEGER OFFSET $2::INTEGER
2026-02-28 10:47:55,052 - sqlalchemy.engine.Engine - INFO - [cached since 1246s ago] (100, 0)
2026-02-28 10:47:55,054 - sqlalchemy.engine.Engine - INFO - SELECT finance.order_id AS finance_order_id, finance.id AS finance_id, finance.revenue AS finance_revenue, finance.cost_of_goods AS finance_cost_of_goods, finance.installer_payments AS finance_installer_payments, finance.expenses AS finance_expenses, finance.warranty_costs_oleg AS finance_warranty_costs_oleg, finance.warranty_costs_installer AS finance_warranty_costs_installer, finance.profit AS finance_profit, finance.created_at AS finance_created_at, finance.updated_at AS finance_updated_at 
FROM finance 
WHERE finance.order_id IN ($1::INTEGER)
2026-02-28 10:47:55,055 - sqlalchemy.engine.Engine - INFO - [cached since 524.5s ago] (4,)
2026-02-28 10:47:55,057 - sqlalchemy.engine.Engine - INFO - SELECT clients.id AS clients_id, clients.full_name AS clients_full_name, clients.phone AS clients_phone, clients.address AS clients_address, clients.coordinates AS clients_coordinates, clients.created_at AS clients_created_at, clients.last_contact AS clients_last_contact, clients.comments AS clients_comments, clients.updated_at AS clients_updated_at, clients.backup_phone AS clients_backup_phone, clients.deleted_at AS clients_deleted_at 
FROM clients 
WHERE clients.id IN ($1::INTEGER)
2026-02-28 10:47:55,057 - sqlalchemy.engine.Engine - INFO - [cached since 463s ago] (2,)
2026-02-28 10:47:55,058 - sqlalchemy.engine.Engine - INFO - ROLLBACK
2026-02-28 10:47:55,059 - sqlalchemy.engine.Engine - INFO - BEGIN (implicit)
2026-02-28 10:47:55,059 - sqlalchemy.engine.Engine - INFO - SELECT admins.id, admins.username, admins.password_hash, admins.created_at 
FROM admins 
WHERE admins.username = $1::VARCHAR
2026-02-28 10:47:55,059 - sqlalchemy.engine.Engine - INFO - [cached since 1246s ago] ('zhura2296@yandex.ru',)
2026-02-28 10:47:55,060 - sqlalchemy.engine.Engine - INFO - SELECT address_cache.address AS address_cache_address, address_cache.lat AS address_cache_lat, address_cache.lon AS address_cache_lon, address_cache.updated_at AS address_cache_updated_at 
FROM address_cache 
WHERE address_cache.address IN ($1::VARCHAR)
2026-02-28 10:47:55,060 - sqlalchemy.engine.Engine - INFO - [cached since 524.5s ago] ('Россия, Московская область, Мытищи, улица Карла Маркса, 4',)
2026-02-28 10:47:55,061 - sqlalchemy.engine.Engine - INFO - SELECT order_installers.order_id AS order_installers_order_id, order_installers.id AS order_installers_id, order_installers.installer_id AS order_installers_installer_id, order_installers.role AS order_installers_role, order_installers.base_payment AS order_installers_base_payment, order_installers.is_primary AS order_installers_is_primary, order_installers.created_at AS order_installers_created_at, order_installers.updated_at AS order_installers_updated_at 
FROM order_installers 
WHERE order_installers.order_id IN ($1::INTEGER)
2026-02-28 10:47:55,061 - sqlalchemy.engine.Engine - INFO - [cached since 524.5s ago] (4,)
2026-02-28 10:47:55,062 - sqlalchemy.engine.Engine - INFO - SELECT installers.id, installers.full_name, installers.nickname, installers.phone, installers.backup_phone, installers.specialization, installers.rating, installers.base_price, installers.is_debtor, installers.comments, installers.is_active, installers.is_in_funnel, installers.total_orders, installers.poor_work_count, installers.warranty_visits_count, installers.last_incident_date, installers.updated_at, installers.created_at, installers.deleted_at 
FROM installers 
WHERE installers.deleted_at IS NULL 
 LIMIT $1::INTEGER OFFSET $2::INTEGER
2026-02-28 10:47:55,062 - sqlalchemy.engine.Engine - INFO - [cached since 1246s ago] (100, 0)
2026-02-28 10:47:55,063 - sqlalchemy.engine.Engine - INFO - ROLLBACK
2026-02-28 10:47:55,064 - sqlalchemy.engine.Engine - INFO - ROLLBACK
2026-02-28 10:47:55,064 - sqlalchemy.engine.Engine - INFO - BEGIN (implicit)
2026-02-28 10:47:55,064 - sqlalchemy.engine.Engine - INFO - SELECT orders.id, orders.client_id, orders.status, orders.warehouse, orders.service_datetime, orders.delivery_datetime, orders.promise, orders.marker_color, orders.address_id, orders.address_text, orders.created_at, orders.updated_at 
FROM orders 
WHERE orders.id = $1::INTEGER
2026-02-28 10:47:55,064 - sqlalchemy.engine.Engine - INFO - [cached since 521.4s ago] (4,)
2026-02-28 10:47:55,067 - sqlalchemy.engine.Engine - INFO - SELECT finance.order_id AS finance_order_id, finance.id AS finance_id, finance.revenue AS finance_revenue, finance.cost_of_goods AS finance_cost_of_goods, finance.installer_payments AS finance_installer_payments, finance.expenses AS finance_expenses, finance.warranty_costs_oleg AS finance_warranty_costs_oleg, finance.warranty_costs_installer AS finance_warranty_costs_installer, finance.profit AS finance_profit, finance.created_at AS finance_created_at, finance.updated_at AS finance_updated_at 
FROM finance 
WHERE finance.order_id IN ($1::INTEGER)
2026-02-28 10:47:55,067 - sqlalchemy.engine.Engine - INFO - [cached since 524.5s ago] (4,)
2026-02-28 10:47:55,067 - sqlalchemy.engine.Engine - INFO - SELECT clients.id AS clients_id, clients.full_name AS clients_full_name, clients.phone AS clients_phone, clients.address AS clients_address, clients.coordinates AS clients_coordinates, clients.created_at AS clients_created_at, clients.last_contact AS clients_last_contact, clients.comments AS clients_comments, clients.updated_at AS clients_updated_at, clients.backup_phone AS clients_backup_phone, clients.deleted_at AS clients_deleted_at 
FROM clients 
WHERE clients.id IN ($1::INTEGER)
2026-02-28 10:47:55,068 - sqlalchemy.engine.Engine - INFO - [cached since 463s ago] (2,)
2026-02-28 10:47:55,068 - sqlalchemy.engine.Engine - INFO - SELECT address_cache.address AS address_cache_address, address_cache.lat AS address_cache_lat, address_cache.lon AS address_cache_lon, address_cache.updated_at AS address_cache_updated_at 
FROM address_cache 
WHERE address_cache.address IN ($1::VARCHAR)
2026-02-28 10:47:55,068 - sqlalchemy.engine.Engine - INFO - [cached since 524.5s ago] ('Россия, Московская область, Мытищи, улица Карла Маркса, 4',)
2026-02-28 10:47:55,069 - sqlalchemy.engine.Engine - INFO - SELECT order_installers.order_id AS order_installers_order_id, order_installers.id AS order_installers_id, order_installers.installer_id AS order_installers_installer_id, order_installers.role AS order_installers_role, order_installers.base_payment AS order_installers_base_payment, order_installers.is_primary AS order_installers_is_primary, order_installers.created_at AS order_installers_created_at, order_installers.updated_at AS order_installers_updated_at 
FROM order_installers 
WHERE order_installers.order_id IN ($1::INTEGER)
2026-02-28 10:47:55,069 - sqlalchemy.engine.Engine - INFO - [cached since 524.5s ago] (4,)
2026-02-28 10:47:55,070 - sqlalchemy.engine.Engine - INFO - ROLLBACK
2026-02-28 10:47:58,283 - sqlalchemy.engine.Engine - INFO - BEGIN (implicit)
2026-02-28 10:47:58,284 - sqlalchemy.engine.Engine - INFO - SELECT orders.id, orders.client_id, orders.status, orders.warehouse, orders.service_datetime, orders.delivery_datetime, orders.promise, orders.marker_color, orders.address_id, orders.address_text, orders.created_at, orders.updated_at 
FROM orders 
 LIMIT $1::INTEGER OFFSET $2::INTEGER
2026-02-28 10:47:58,285 - sqlalchemy.engine.Engine - INFO - [cached since 527.8s ago] (100, 0)
2026-02-28 10:47:58,290 - sqlalchemy.engine.Engine - INFO - SELECT finance.order_id AS finance_order_id, finance.id AS finance_id, finance.revenue AS finance_revenue, finance.cost_of_goods AS finance_cost_of_goods, finance.installer_payments AS finance_installer_payments, finance.expenses AS finance_expenses, finance.warranty_costs_oleg AS finance_warranty_costs_oleg, finance.warranty_costs_installer AS finance_warranty_costs_installer, finance.profit AS finance_profit, finance.created_at AS finance_created_at, finance.updated_at AS finance_updated_at 
FROM finance 
WHERE finance.order_id IN ($1::INTEGER, $2::INTEGER, $3::INTEGER, $4::INTEGER)
2026-02-28 10:47:58,291 - sqlalchemy.engine.Engine - INFO - [cached since 527.7s ago] (1, 2, 3, 4)
2026-02-28 10:47:58,299 - sqlalchemy.engine.Engine - INFO - SELECT clients.id AS clients_id, clients.full_name AS clients_full_name, clients.phone AS clients_phone, clients.address AS clients_address, clients.coordinates AS clients_coordinates, clients.created_at AS clients_created_at, clients.last_contact AS clients_last_contact, clients.comments AS clients_comments, clients.updated_at AS clients_updated_at, clients.backup_phone AS clients_backup_phone, clients.deleted_at AS clients_deleted_at 
FROM clients 
WHERE clients.id IN ($1::INTEGER)
2026-02-28 10:47:58,300 - sqlalchemy.engine.Engine - INFO - [cached since 466.3s ago] (2,)
2026-02-28 10:47:58,305 - sqlalchemy.engine.Engine - INFO - SELECT address_cache.address AS address_cache_address, address_cache.lat AS address_cache_lat, address_cache.lon AS address_cache_lon, address_cache.updated_at AS address_cache_updated_at 
FROM address_cache 
WHERE address_cache.address IN ($1::VARCHAR, $2::VARCHAR)
2026-02-28 10:47:58,305 - sqlalchemy.engine.Engine - INFO - [cached since 527.7s ago] ('Москва, ул. Ленина, 10', 'Россия, Московская область, Мытищи, улица Карла Маркса, 4')
2026-02-28 10:47:58,312 - sqlalchemy.engine.Engine - INFO - SELECT order_installers.order_id AS order_installers_order_id, order_installers.id AS order_installers_id, order_installers.installer_id AS order_installers_installer_id, order_installers.role AS order_installers_role, order_installers.base_payment AS order_installers_base_payment, order_installers.is_primary AS order_installers_is_primary, order_installers.created_at AS order_installers_created_at, order_installers.updated_at AS order_installers_updated_at 
FROM order_installers 
WHERE order_installers.order_id IN ($1::INTEGER, $2::INTEGER, $3::INTEGER, $4::INTEGER)
2026-02-28 10:47:58,315 - sqlalchemy.engine.Engine - INFO - [cached since 527.8s ago] (1, 2, 3, 4)
2026-02-28 10:47:58,320 - sqlalchemy.engine.Engine - INFO - ROLLBACK
2026-02-28 10:47:58,322 - sqlalchemy.engine.Engine - INFO - BEGIN (implicit)
2026-02-28 10:47:58,323 - sqlalchemy.engine.Engine - INFO - SELECT orders.id, orders.client_id, orders.status, orders.warehouse, orders.service_datetime, orders.delivery_datetime, orders.promise, orders.marker_color, orders.address_id, orders.address_text, orders.created_at, orders.updated_at 
FROM orders 
 LIMIT $1::INTEGER OFFSET $2::INTEGER
2026-02-28 10:47:58,323 - sqlalchemy.engine.Engine - INFO - [cached since 527.8s ago] (100, 0)
2026-02-28 10:47:58,327 - sqlalchemy.engine.Engine - INFO - SELECT finance.order_id AS finance_order_id, finance.id AS finance_id, finance.revenue AS finance_revenue, finance.cost_of_goods AS finance_cost_of_goods, finance.installer_payments AS finance_installer_payments, finance.expenses AS finance_expenses, finance.warranty_costs_oleg AS finance_warranty_costs_oleg, finance.warranty_costs_installer AS finance_warranty_costs_installer, finance.profit AS finance_profit, finance.created_at AS finance_created_at, finance.updated_at AS finance_updated_at 
FROM finance 
WHERE finance.order_id IN ($1::INTEGER, $2::INTEGER, $3::INTEGER, $4::INTEGER)
2026-02-28 10:47:58,328 - sqlalchemy.engine.Engine - INFO - [cached since 527.8s ago] (1, 2, 3, 4)
2026-02-28 10:47:58,330 - sqlalchemy.engine.Engine - INFO - SELECT clients.id AS clients_id, clients.full_name AS clients_full_name, clients.phone AS clients_phone, clients.address AS clients_address, clients.coordinates AS clients_coordinates, clients.created_at AS clients_created_at, clients.last_contact AS clients_last_contact, clients.comments AS clients_comments, clients.updated_at AS clients_updated_at, clients.backup_phone AS clients_backup_phone, clients.deleted_at AS clients_deleted_at 
FROM clients 
WHERE clients.id IN ($1::INTEGER)
2026-02-28 10:47:58,330 - sqlalchemy.engine.Engine - INFO - [cached since 466.3s ago] (2,)
2026-02-28 10:47:58,331 - sqlalchemy.engine.Engine - INFO - SELECT address_cache.address AS address_cache_address, address_cache.lat AS address_cache_lat, address_cache.lon AS address_cache_lon, address_cache.updated_at AS address_cache_updated_at 
FROM address_cache 
WHERE address_cache.address IN ($1::VARCHAR, $2::VARCHAR)
2026-02-28 10:47:58,331 - sqlalchemy.engine.Engine - INFO - [cached since 527.8s ago] ('Москва, ул. Ленина, 10', 'Россия, Московская область, Мытищи, улица Карла Маркса, 4')
2026-02-28 10:47:58,332 - sqlalchemy.engine.Engine - INFO - SELECT order_installers.order_id AS order_installers_order_id, order_installers.id AS order_installers_id, order_installers.installer_id AS order_installers_installer_id, order_installers.role AS order_installers_role, order_installers.base_payment AS order_installers_base_payment, order_installers.is_primary AS order_installers_is_primary, order_installers.created_at AS order_installers_created_at, order_installers.updated_at AS order_installers_updated_at 
FROM order_installers 
WHERE order_installers.order_id IN ($1::INTEGER, $2::INTEGER, $3::INTEGER, $4::INTEGER)
2026-02-28 10:47:58,332 - sqlalchemy.engine.Engine - INFO - [cached since 527.8s ago] (1, 2, 3, 4)
2026-02-28 10:47:58,333 - sqlalchemy.engine.Engine - INFO - ROLLBACK
2026-02-28 10:48:00,963 - sqlalchemy.engine.Engine - INFO - BEGIN (implicit)
2026-02-28 10:48:00,964 - sqlalchemy.engine.Engine - INFO - SELECT orders.id, orders.client_id, orders.status, orders.warehouse, orders.service_datetime, orders.delivery_datetime, orders.promise, orders.marker_color, orders.address_id, orders.address_text, orders.created_at, orders.updated_at 
FROM orders 
WHERE orders.id = $1::INTEGER
2026-02-28 10:48:00,965 - sqlalchemy.engine.Engine - INFO - [cached since 527.3s ago] (4,)
2026-02-28 10:48:00,967 - sqlalchemy.engine.Engine - INFO - BEGIN (implicit)
2026-02-28 10:48:00,967 - sqlalchemy.engine.Engine - INFO - SELECT admins.id, admins.username, admins.password_hash, admins.created_at 
FROM admins 
WHERE admins.username = $1::VARCHAR
2026-02-28 10:48:00,967 - sqlalchemy.engine.Engine - INFO - [cached since 1252s ago] ('zhura2296@yandex.ru',)
2026-02-28 10:48:00,969 - sqlalchemy.engine.Engine - INFO - SELECT installers.id, installers.full_name, installers.nickname, installers.phone, installers.backup_phone, installers.specialization, installers.rating, installers.base_price, installers.is_debtor, installers.comments, installers.is_active, installers.is_in_funnel, installers.total_orders, installers.poor_work_count, installers.warranty_visits_count, installers.last_incident_date, installers.updated_at, installers.created_at, installers.deleted_at 
FROM installers 
WHERE installers.deleted_at IS NULL 
 LIMIT $1::INTEGER OFFSET $2::INTEGER
2026-02-28 10:48:00,969 - sqlalchemy.engine.Engine - INFO - [cached since 1252s ago] (100, 0)
2026-02-28 10:48:00,973 - sqlalchemy.engine.Engine - INFO - SELECT finance.order_id AS finance_order_id, finance.id AS finance_id, finance.revenue AS finance_revenue, finance.cost_of_goods AS finance_cost_of_goods, finance.installer_payments AS finance_installer_payments, finance.expenses AS finance_expenses, finance.warranty_costs_oleg AS finance_warranty_costs_oleg, finance.warranty_costs_installer AS finance_warranty_costs_installer, finance.profit AS finance_profit, finance.created_at AS finance_created_at, finance.updated_at AS finance_updated_at 
FROM finance 
WHERE finance.order_id IN ($1::INTEGER)
2026-02-28 10:48:00,973 - sqlalchemy.engine.Engine - INFO - [cached since 530.4s ago] (4,)
2026-02-28 10:48:00,977 - sqlalchemy.engine.Engine - INFO - SELECT clients.id AS clients_id, clients.full_name AS clients_full_name, clients.phone AS clients_phone, clients.address AS clients_address, clients.coordinates AS clients_coordinates, clients.created_at AS clients_created_at, clients.last_contact AS clients_last_contact, clients.comments AS clients_comments, clients.updated_at AS clients_updated_at, clients.backup_phone AS clients_backup_phone, clients.deleted_at AS clients_deleted_at 
FROM clients 
WHERE clients.id IN ($1::INTEGER)
2026-02-28 10:48:00,977 - sqlalchemy.engine.Engine - INFO - [cached since 468.9s ago] (2,)
2026-02-28 10:48:00,980 - sqlalchemy.engine.Engine - INFO - SELECT address_cache.address AS address_cache_address, address_cache.lat AS address_cache_lat, address_cache.lon AS address_cache_lon, address_cache.updated_at AS address_cache_updated_at 
FROM address_cache 
WHERE address_cache.address IN ($1::VARCHAR)
2026-02-28 10:48:00,980 - sqlalchemy.engine.Engine - INFO - [cached since 530.4s ago] ('Россия, Московская область, Мытищи, улица Карла Маркса, 4',)
2026-02-28 10:48:00,980 - sqlalchemy.engine.Engine - INFO - ROLLBACK
2026-02-28 10:48:00,981 - sqlalchemy.engine.Engine - INFO - BEGIN (implicit)
2026-02-28 10:48:00,981 - sqlalchemy.engine.Engine - INFO - SELECT admins.id, admins.username, admins.password_hash, admins.created_at 
FROM admins 
WHERE admins.username = $1::VARCHAR
2026-02-28 10:48:00,981 - sqlalchemy.engine.Engine - INFO - [cached since 1252s ago] ('zhura2296@yandex.ru',)
2026-02-28 10:48:00,982 - sqlalchemy.engine.Engine - INFO - SELECT order_installers.order_id AS order_installers_order_id, order_installers.id AS order_installers_id, order_installers.installer_id AS order_installers_installer_id, order_installers.role AS order_installers_role, order_installers.base_payment AS order_installers_base_payment, order_installers.is_primary AS order_installers_is_primary, order_installers.created_at AS order_installers_created_at, order_installers.updated_at AS order_installers_updated_at 
FROM order_installers 
WHERE order_installers.order_id IN ($1::INTEGER)
2026-02-28 10:48:00,982 - sqlalchemy.engine.Engine - INFO - [cached since 530.4s ago] (4,)
2026-02-28 10:48:00,983 - sqlalchemy.engine.Engine - INFO - SELECT installers.id, installers.full_name, installers.nickname, installers.phone, installers.backup_phone, installers.specialization, installers.rating, installers.base_price, installers.is_debtor, installers.comments, installers.is_active, installers.is_in_funnel, installers.total_orders, installers.poor_work_count, installers.warranty_visits_count, installers.last_incident_date, installers.updated_at, installers.created_at, installers.deleted_at 
FROM installers 
WHERE installers.deleted_at IS NULL 
 LIMIT $1::INTEGER OFFSET $2::INTEGER
2026-02-28 10:48:00,983 - sqlalchemy.engine.Engine - INFO - [cached since 1252s ago] (100, 0)
2026-02-28 10:48:00,984 - sqlalchemy.engine.Engine - INFO - BEGIN (implicit)
2026-02-28 10:48:00,984 - sqlalchemy.engine.Engine - INFO - SELECT orders.id, orders.client_id, orders.status, orders.warehouse, orders.service_datetime, orders.delivery_datetime, orders.promise, orders.marker_color, orders.address_id, orders.address_text, orders.created_at, orders.updated_at 
FROM orders 
WHERE orders.id = $1::INTEGER
2026-02-28 10:48:00,985 - sqlalchemy.engine.Engine - INFO - [cached since 527.4s ago] (4,)
2026-02-28 10:48:00,985 - sqlalchemy.engine.Engine - INFO - ROLLBACK
2026-02-28 10:48:00,985 - sqlalchemy.engine.Engine - INFO - ROLLBACK
2026-02-28 10:48:00,986 - sqlalchemy.engine.Engine - INFO - SELECT finance.order_id AS finance_order_id, finance.id AS finance_id, finance.revenue AS finance_revenue, finance.cost_of_goods AS finance_cost_of_goods, finance.installer_payments AS finance_installer_payments, finance.expenses AS finance_expenses, finance.warranty_costs_oleg AS finance_warranty_costs_oleg, finance.warranty_costs_installer AS finance_warranty_costs_installer, finance.profit AS finance_profit, finance.created_at AS finance_created_at, finance.updated_at AS finance_updated_at 
FROM finance 
WHERE finance.order_id IN ($1::INTEGER)
2026-02-28 10:48:00,986 - sqlalchemy.engine.Engine - INFO - [cached since 530.4s ago] (4,)
2026-02-28 10:48:00,987 - sqlalchemy.engine.Engine - INFO - SELECT clients.id AS clients_id, clients.full_name AS clients_full_name, clients.phone AS clients_phone, clients.address AS clients_address, clients.coordinates AS clients_coordinates, clients.created_at AS clients_created_at, clients.last_contact AS clients_last_contact, clients.comments AS clients_comments, clients.updated_at AS clients_updated_at, clients.backup_phone AS clients_backup_phone, clients.deleted_at AS clients_deleted_at 
FROM clients 
WHERE clients.id IN ($1::INTEGER)
2026-02-28 10:48:00,987 - sqlalchemy.engine.Engine - INFO - [cached since 468.9s ago] (2,)
2026-02-28 10:48:00,987 - sqlalchemy.engine.Engine - INFO - SELECT address_cache.address AS address_cache_address, address_cache.lat AS address_cache_lat, address_cache.lon AS address_cache_lon, address_cache.updated_at AS address_cache_updated_at 
FROM address_cache 
WHERE address_cache.address IN ($1::VARCHAR)
2026-02-28 10:48:00,988 - sqlalchemy.engine.Engine - INFO - [cached since 530.4s ago] ('Россия, Московская область, Мытищи, улица Карла Маркса, 4',)
2026-02-28 10:48:00,988 - sqlalchemy.engine.Engine - INFO - SELECT order_installers.order_id AS order_installers_order_id, order_installers.id AS order_installers_id, order_installers.installer_id AS order_installers_installer_id, order_installers.role AS order_installers_role, order_installers.base_payment AS order_installers_base_payment, order_installers.is_primary AS order_installers_is_primary, order_installers.created_at AS order_installers_created_at, order_installers.updated_at AS order_installers_updated_at 
FROM order_installers 
WHERE order_installers.order_id IN ($1::INTEGER)
2026-02-28 10:48:00,988 - sqlalchemy.engine.Engine - INFO - [cached since 530.4s ago] (4,)
2026-02-28 10:48:00,989 - sqlalchemy.engine.Engine - INFO - ROLLBACK
2026-02-28 10:48:52,686 - sqlalchemy.engine.Engine - INFO - BEGIN (implicit)
2026-02-28 10:48:52,687 - sqlalchemy.engine.Engine - INFO - SELECT admins.id, admins.username, admins.password_hash, admins.created_at 
FROM admins 
WHERE admins.username = $1::VARCHAR
2026-02-28 10:48:52,687 - sqlalchemy.engine.Engine - INFO - [cached since 1304s ago] ('zhura2296@yandex.ru',)
2026-02-28 10:48:52,688 - sqlalchemy.engine.Engine - INFO - BEGIN (implicit)
2026-02-28 10:48:52,688 - sqlalchemy.engine.Engine - INFO - SELECT admins.id, admins.username, admins.password_hash, admins.created_at 
FROM admins 
WHERE admins.username = $1::VARCHAR
2026-02-28 10:48:52,688 - sqlalchemy.engine.Engine - INFO - [cached since 1304s ago] ('zhura2296@yandex.ru',)
2026-02-28 10:48:52,689 - sqlalchemy.engine.Engine - INFO - SELECT clients.id, clients.full_name, clients.phone, clients.address, clients.coordinates, clients.created_at, clients.last_contact, clients.comments, clients.updated_at, clients.backup_phone, clients.deleted_at 
FROM clients 
 LIMIT $1::INTEGER OFFSET $2::INTEGER
2026-02-28 10:48:52,690 - sqlalchemy.engine.Engine - INFO - [cached since 1304s ago] (100, 0)
2026-02-28 10:48:52,690 - sqlalchemy.engine.Engine - INFO - SELECT installers.id, installers.full_name, installers.nickname, installers.phone, installers.backup_phone, installers.specialization, installers.rating, installers.base_price, installers.is_debtor, installers.comments, installers.is_active, installers.is_in_funnel, installers.total_orders, installers.poor_work_count, installers.warranty_visits_count, installers.last_incident_date, installers.updated_at, installers.created_at, installers.deleted_at 
FROM installers 
WHERE installers.deleted_at IS NULL 
 LIMIT $1::INTEGER OFFSET $2::INTEGER
2026-02-28 10:48:52,690 - sqlalchemy.engine.Engine - INFO - [cached since 1304s ago] (100, 0)
2026-02-28 10:48:52,692 - sqlalchemy.engine.Engine - INFO - ROLLBACK
2026-02-28 10:48:52,692 - sqlalchemy.engine.Engine - INFO - ROLLBACK
2026-02-28 10:48:52,693 - sqlalchemy.engine.Engine - INFO - BEGIN (implicit)
2026-02-28 10:48:52,694 - sqlalchemy.engine.Engine - INFO - SELECT admins.id, admins.username, admins.password_hash, admins.created_at 
FROM admins 
WHERE admins.username = $1::VARCHAR
2026-02-28 10:48:52,694 - sqlalchemy.engine.Engine - INFO - [cached since 1304s ago] ('zhura2296@yandex.ru',)
2026-02-28 10:48:52,695 - sqlalchemy.engine.Engine - INFO - BEGIN (implicit)
2026-02-28 10:48:52,696 - sqlalchemy.engine.Engine - INFO - SELECT admins.id, admins.username, admins.password_hash, admins.created_at 
FROM admins 
WHERE admins.username = $1::VARCHAR
2026-02-28 10:48:52,696 - sqlalchemy.engine.Engine - INFO - [cached since 1304s ago] ('zhura2296@yandex.ru',)
2026-02-28 10:48:52,697 - sqlalchemy.engine.Engine - INFO - SELECT clients.id, clients.full_name, clients.phone, clients.address, clients.coordinates, clients.created_at, clients.last_contact, clients.comments, clients.updated_at, clients.backup_phone, clients.deleted_at 
FROM clients 
 LIMIT $1::INTEGER OFFSET $2::INTEGER
2026-02-28 10:48:52,697 - sqlalchemy.engine.Engine - INFO - [cached since 1304s ago] (100, 0)
2026-02-28 10:48:52,698 - sqlalchemy.engine.Engine - INFO - SELECT installers.id, installers.full_name, installers.nickname, installers.phone, installers.backup_phone, installers.specialization, installers.rating, installers.base_price, installers.is_debtor, installers.comments, installers.is_active, installers.is_in_funnel, installers.total_orders, installers.poor_work_count, installers.warranty_visits_count, installers.last_incident_date, installers.updated_at, installers.created_at, installers.deleted_at 
FROM installers 
WHERE installers.deleted_at IS NULL 
 LIMIT $1::INTEGER OFFSET $2::INTEGER
2026-02-28 10:48:52,698 - sqlalchemy.engine.Engine - INFO - [cached since 1304s ago] (100, 0)
2026-02-28 10:48:52,700 - sqlalchemy.engine.Engine - INFO - ROLLBACK
2026-02-28 10:48:52,700 - sqlalchemy.engine.Engine - INFO - ROLLBACK
2026-02-28 10:52:00,107 - sqlalchemy.engine.Engine - INFO - BEGIN (implicit)
2026-02-28 10:52:00,107 - sqlalchemy.engine.Engine - INFO - SELECT admins.id, admins.username, admins.password_hash, admins.created_at 
FROM admins 
WHERE admins.username = $1::VARCHAR
2026-02-28 10:52:00,107 - sqlalchemy.engine.Engine - INFO - [cached since 1491s ago] ('zhura2296@yandex.ru',)
2026-02-28 10:52:00,108 - sqlalchemy.engine.Engine - INFO - BEGIN (implicit)
2026-02-28 10:52:00,108 - sqlalchemy.engine.Engine - INFO - SELECT admins.id, admins.username, admins.password_hash, admins.created_at 
FROM admins 
WHERE admins.username = $1::VARCHAR
2026-02-28 10:52:00,108 - sqlalchemy.engine.Engine - INFO - [cached since 1491s ago] ('zhura2296@yandex.ru',)
2026-02-28 10:52:00,109 - sqlalchemy.engine.Engine - INFO - SELECT clients.id, clients.full_name, clients.phone, clients.address, clients.coordinates, clients.created_at, clients.last_contact, clients.comments, clients.updated_at, clients.backup_phone, clients.deleted_at 
FROM clients 
 LIMIT $1::INTEGER OFFSET $2::INTEGER
2026-02-28 10:52:00,109 - sqlalchemy.engine.Engine - INFO - [cached since 1491s ago] (100, 0)
2026-02-28 10:52:00,110 - sqlalchemy.engine.Engine - INFO - SELECT installers.id, installers.full_name, installers.nickname, installers.phone, installers.backup_phone, installers.specialization, installers.rating, installers.base_price, installers.is_debtor, installers.comments, installers.is_active, installers.is_in_funnel, installers.total_orders, installers.poor_work_count, installers.warranty_visits_count, installers.last_incident_date, installers.updated_at, installers.created_at, installers.deleted_at 
FROM installers 
WHERE installers.deleted_at IS NULL 
 LIMIT $1::INTEGER OFFSET $2::INTEGER
2026-02-28 10:52:00,110 - sqlalchemy.engine.Engine - INFO - [cached since 1491s ago] (100, 0)
2026-02-28 10:52:00,112 - sqlalchemy.engine.Engine - INFO - ROLLBACK
2026-02-28 10:52:00,112 - sqlalchemy.engine.Engine - INFO - ROLLBACK
2026-02-28 10:52:07,385 - sqlalchemy.engine.Engine - INFO - BEGIN (implicit)
2026-02-28 10:52:07,385 - sqlalchemy.engine.Engine - INFO - SELECT admins.id, admins.username, admins.password_hash, admins.created_at 
FROM admins 
WHERE admins.username = $1::VARCHAR
2026-02-28 10:52:07,385 - sqlalchemy.engine.Engine - INFO - [cached since 1499s ago] ('zhura2296@yandex.ru',)
2026-02-28 10:52:07,386 - sqlalchemy.engine.Engine - INFO - BEGIN (implicit)
2026-02-28 10:52:07,386 - sqlalchemy.engine.Engine - INFO - SELECT admins.id, admins.username, admins.password_hash, admins.created_at 
FROM admins 
WHERE admins.username = $1::VARCHAR
2026-02-28 10:52:07,386 - sqlalchemy.engine.Engine - INFO - [cached since 1499s ago] ('zhura2296@yandex.ru',)
2026-02-28 10:52:07,387 - sqlalchemy.engine.Engine - INFO - SELECT clients.id, clients.full_name, clients.phone, clients.address, clients.coordinates, clients.created_at, clients.last_contact, clients.comments, clients.updated_at, clients.backup_phone, clients.deleted_at 
FROM clients 
 LIMIT $1::INTEGER OFFSET $2::INTEGER
2026-02-28 10:52:07,387 - sqlalchemy.engine.Engine - INFO - [cached since 1498s ago] (100, 0)
2026-02-28 10:52:07,388 - sqlalchemy.engine.Engine - INFO - SELECT installers.id, installers.full_name, installers.nickname, installers.phone, installers.backup_phone, installers.specialization, installers.rating, installers.base_price, installers.is_debtor, installers.comments, installers.is_active, installers.is_in_funnel, installers.total_orders, installers.poor_work_count, installers.warranty_visits_count, installers.last_incident_date, installers.updated_at, installers.created_at, installers.deleted_at 
FROM installers 
WHERE installers.deleted_at IS NULL 
 LIMIT $1::INTEGER OFFSET $2::INTEGER
2026-02-28 10:52:07,388 - sqlalchemy.engine.Engine - INFO - [cached since 1498s ago] (100, 0)
2026-02-28 10:52:07,390 - sqlalchemy.engine.Engine - INFO - ROLLBACK
2026-02-28 10:52:07,390 - sqlalchemy.engine.Engine - INFO - ROLLBACK
2026-02-28 10:52:07,392 - sqlalchemy.engine.Engine - INFO - BEGIN (implicit)
2026-02-28 10:52:07,392 - sqlalchemy.engine.Engine - INFO - SELECT admins.id, admins.username, admins.password_hash, admins.created_at 
FROM admins 
WHERE admins.username = $1::VARCHAR
2026-02-28 10:52:07,392 - sqlalchemy.engine.Engine - INFO - [cached since 1499s ago] ('zhura2296@yandex.ru',)
2026-02-28 10:52:07,393 - sqlalchemy.engine.Engine - INFO - BEGIN (implicit)
2026-02-28 10:52:07,393 - sqlalchemy.engine.Engine - INFO - SELECT admins.id, admins.username, admins.password_hash, admins.created_at 
FROM admins 
WHERE admins.username = $1::VARCHAR
2026-02-28 10:52:07,393 - sqlalchemy.engine.Engine - INFO - [cached since 1499s ago] ('zhura2296@yandex.ru',)
2026-02-28 10:52:07,394 - sqlalchemy.engine.Engine - INFO - SELECT clients.id, clients.full_name, clients.phone, clients.address, clients.coordinates, clients.created_at, clients.last_contact, clients.comments, clients.updated_at, clients.backup_phone, clients.deleted_at 
FROM clients 
 LIMIT $1::INTEGER OFFSET $2::INTEGER
2026-02-28 10:52:07,394 - sqlalchemy.engine.Engine - INFO - [cached since 1498s ago] (100, 0)
2026-02-28 10:52:07,395 - sqlalchemy.engine.Engine - INFO - SELECT installers.id, installers.full_name, installers.nickname, installers.phone, installers.backup_phone, installers.specialization, installers.rating, installers.base_price, installers.is_debtor, installers.comments, installers.is_active, installers.is_in_funnel, installers.total_orders, installers.poor_work_count, installers.warranty_visits_count, installers.last_incident_date, installers.updated_at, installers.created_at, installers.deleted_at 
FROM installers 
WHERE installers.deleted_at IS NULL 
 LIMIT $1::INTEGER OFFSET $2::INTEGER
2026-02-28 10:52:07,395 - sqlalchemy.engine.Engine - INFO - [cached since 1498s ago] (100, 0)
2026-02-28 10:52:07,396 - sqlalchemy.engine.Engine - INFO - ROLLBACK
2026-02-28 10:52:07,396 - sqlalchemy.engine.Engine - INFO - ROLLBACK
2026-02-28 10:52:48,739 - src.core.logging - INFO - Starting CRM application
2026-02-28 10:52:48,739 - apscheduler.scheduler - INFO - Adding job tentatively -- it will be properly scheduled when the scheduler starts
2026-02-28 10:52:48,739 - apscheduler.scheduler - INFO - Adding job tentatively -- it will be properly scheduled when the scheduler starts
2026-02-28 10:52:48,740 - apscheduler.scheduler - INFO - Adding job tentatively -- it will be properly scheduled when the scheduler starts
2026-02-28 10:52:48,740 - apscheduler.scheduler - INFO - Adding job tentatively -- it will be properly scheduled when the scheduler starts
2026-02-28 10:52:48,740 - apscheduler.scheduler - INFO - Added job "send_daily_reminder" to job store "default"
2026-02-28 10:52:48,740 - apscheduler.scheduler - INFO - Added job "daily_weather_collection" to job store "default"
2026-02-28 10:52:48,740 - apscheduler.scheduler - INFO - Added job "run_training" to job store "default"
2026-02-28 10:52:48,740 - apscheduler.scheduler - INFO - Added job "daily_backup_and_report" to job store "default"
2026-02-28 10:52:48,740 - apscheduler.scheduler - INFO - Scheduler started
2026-02-28 10:52:48,740 - src.core.logging - INFO - Scheduler started
2026-02-28 10:52:57,479 - sqlalchemy.engine.Engine - INFO - select pg_catalog.version()
2026-02-28 10:52:57,479 - sqlalchemy.engine.Engine - INFO - [raw sql] ()
2026-02-28 10:52:57,480 - sqlalchemy.engine.Engine - INFO - select current_schema()
2026-02-28 10:52:57,480 - sqlalchemy.engine.Engine - INFO - [raw sql] ()
2026-02-28 10:52:57,481 - sqlalchemy.engine.Engine - INFO - show standard_conforming_strings
2026-02-28 10:52:57,481 - sqlalchemy.engine.Engine - INFO - [raw sql] ()
2026-02-28 10:52:57,481 - sqlalchemy.engine.Engine - INFO - BEGIN (implicit)
2026-02-28 10:52:57,504 - sqlalchemy.engine.Engine - INFO - SELECT admins.id, admins.username, admins.password_hash, admins.created_at 
FROM admins 
WHERE admins.username = $1::VARCHAR
2026-02-28 10:52:57,504 - sqlalchemy.engine.Engine - INFO - [generated in 0.00018s] ('zhura2296@yandex.ru',)
2026-02-28 10:52:57,714 - sqlalchemy.engine.Engine - INFO - ROLLBACK
2026-02-28 10:52:57,816 - sqlalchemy.engine.Engine - INFO - BEGIN (implicit)
2026-02-28 10:52:57,816 - sqlalchemy.engine.Engine - INFO - SELECT admins.id, admins.username, admins.password_hash, admins.created_at 
FROM admins 
WHERE admins.username = $1::VARCHAR
2026-02-28 10:52:57,816 - sqlalchemy.engine.Engine - INFO - [cached since 0.3123s ago] ('zhura2296@yandex.ru',)
2026-02-28 10:52:57,819 - sqlalchemy.engine.Engine - INFO - SELECT clients.id, clients.full_name, clients.phone, clients.address, clients.coordinates, clients.created_at, clients.last_contact, clients.comments, clients.updated_at, clients.backup_phone, clients.deleted_at 
FROM clients 
 LIMIT $1::INTEGER OFFSET $2::INTEGER
2026-02-28 10:52:57,819 - sqlalchemy.engine.Engine - INFO - [generated in 0.00015s] (100, 0)
2026-02-28 10:52:57,837 - sqlalchemy.engine.Engine - INFO - ROLLBACK
2026-02-28 10:52:57,857 - sqlalchemy.engine.Engine - INFO - BEGIN (implicit)
2026-02-28 10:52:57,857 - sqlalchemy.engine.Engine - INFO - SELECT admins.id, admins.username, admins.password_hash, admins.created_at 
FROM admins 
WHERE admins.username = $1::VARCHAR
2026-02-28 10:52:57,857 - sqlalchemy.engine.Engine - INFO - [cached since 0.3538s ago] ('zhura2296@yandex.ru',)
2026-02-28 10:52:57,859 - sqlalchemy.engine.Engine - INFO - BEGIN (implicit)
2026-02-28 10:52:57,859 - sqlalchemy.engine.Engine - INFO - SELECT admins.id, admins.username, admins.password_hash, admins.created_at 
FROM admins 
WHERE admins.username = $1::VARCHAR
2026-02-28 10:52:57,859 - sqlalchemy.engine.Engine - INFO - [cached since 0.3558s ago] ('zhura2296@yandex.ru',)
2026-02-28 10:52:57,861 - sqlalchemy.engine.Engine - INFO - SELECT installers.id, installers.full_name, installers.nickname, installers.phone, installers.backup_phone, installers.specialization, installers.rating, installers.base_price, installers.is_debtor, installers.comments, installers.is_active, installers.is_in_funnel, installers.total_orders, installers.poor_work_count, installers.warranty_visits_count, installers.last_incident_date, installers.updated_at, installers.created_at, installers.deleted_at 
FROM installers 
WHERE installers.deleted_at IS NULL 
 LIMIT $1::INTEGER OFFSET $2::INTEGER
2026-02-28 10:52:57,861 - sqlalchemy.engine.Engine - INFO - [generated in 0.00011s] (100, 0)
2026-02-28 10:52:57,866 - sqlalchemy.engine.Engine - INFO - ROLLBACK
2026-02-28 10:52:57,867 - sqlalchemy.engine.Engine - INFO - BEGIN (implicit)
2026-02-28 10:52:57,867 - sqlalchemy.engine.Engine - INFO - SELECT admins.id, admins.username, admins.password_hash, admins.created_at 
FROM admins 
WHERE admins.username = $1::VARCHAR
2026-02-28 10:52:57,867 - sqlalchemy.engine.Engine - INFO - [cached since 0.3633s ago] ('zhura2296@yandex.ru',)
2026-02-28 10:52:57,867 - sqlalchemy.engine.Engine - INFO - SELECT clients.id, clients.full_name, clients.phone, clients.address, clients.coordinates, clients.created_at, clients.last_contact, clients.comments, clients.updated_at, clients.backup_phone, clients.deleted_at 
FROM clients 
 LIMIT $1::INTEGER OFFSET $2::INTEGER
2026-02-28 10:52:57,868 - sqlalchemy.engine.Engine - INFO - [cached since 0.04849s ago] (100, 0)
2026-02-28 10:52:57,868 - sqlalchemy.engine.Engine - INFO - SELECT installers.id, installers.full_name, installers.nickname, installers.phone, installers.backup_phone, installers.specialization, installers.rating, installers.base_price, installers.is_debtor, installers.comments, installers.is_active, installers.is_in_funnel, installers.total_orders, installers.poor_work_count, installers.warranty_visits_count, installers.last_incident_date, installers.updated_at, installers.created_at, installers.deleted_at 
FROM installers 
WHERE installers.deleted_at IS NULL 
 LIMIT $1::INTEGER OFFSET $2::INTEGER
2026-02-28 10:52:57,868 - sqlalchemy.engine.Engine - INFO - [cached since 0.007132s ago] (100, 0)
2026-02-28 10:52:57,870 - sqlalchemy.engine.Engine - INFO - ROLLBACK
2026-02-28 10:52:57,871 - sqlalchemy.engine.Engine - INFO - ROLLBACK
2026-02-28 11:13:35,532 - sqlalchemy.engine.Engine - INFO - BEGIN (implicit)
2026-02-28 11:13:35,533 - sqlalchemy.engine.Engine - INFO - SELECT admins.id, admins.username, admins.password_hash, admins.created_at 
FROM admins 
WHERE admins.username = $1::VARCHAR
2026-02-28 11:13:35,533 - sqlalchemy.engine.Engine - INFO - [cached since 1238s ago] ('zhura2296@yandex.ru',)
2026-02-28 11:13:35,534 - sqlalchemy.engine.Engine - INFO - BEGIN (implicit)
2026-02-28 11:13:35,534 - sqlalchemy.engine.Engine - INFO - SELECT admins.id, admins.username, admins.password_hash, admins.created_at 
FROM admins 
WHERE admins.username = $1::VARCHAR
2026-02-28 11:13:35,534 - sqlalchemy.engine.Engine - INFO - [cached since 1238s ago] ('zhura2296@yandex.ru',)
2026-02-28 11:13:35,536 - sqlalchemy.engine.Engine - INFO - SELECT clients.id, clients.full_name, clients.phone, clients.address, clients.coordinates, clients.created_at, clients.last_contact, clients.comments, clients.updated_at, clients.backup_phone, clients.deleted_at 
FROM clients 
 LIMIT $1::INTEGER OFFSET $2::INTEGER
2026-02-28 11:13:35,536 - sqlalchemy.engine.Engine - INFO - [cached since 1238s ago] (100, 0)
2026-02-28 11:13:35,537 - sqlalchemy.engine.Engine - INFO - SELECT installers.id, installers.full_name, installers.nickname, installers.phone, installers.backup_phone, installers.specialization, installers.rating, installers.base_price, installers.is_debtor, installers.comments, installers.is_active, installers.is_in_funnel, installers.total_orders, installers.poor_work_count, installers.warranty_visits_count, installers.last_incident_date, installers.updated_at, installers.created_at, installers.deleted_at 
FROM installers 
WHERE installers.deleted_at IS NULL 
 LIMIT $1::INTEGER OFFSET $2::INTEGER
2026-02-28 11:13:35,537 - sqlalchemy.engine.Engine - INFO - [cached since 1238s ago] (100, 0)
2026-02-28 11:13:35,539 - sqlalchemy.engine.Engine - INFO - ROLLBACK
2026-02-28 11:13:35,540 - sqlalchemy.engine.Engine - INFO - ROLLBACK
2026-02-28 11:13:35,542 - sqlalchemy.engine.Engine - INFO - BEGIN (implicit)
2026-02-28 11:13:35,542 - sqlalchemy.engine.Engine - INFO - SELECT admins.id, admins.username, admins.password_hash, admins.created_at 
FROM admins 
WHERE admins.username = $1::VARCHAR
2026-02-28 11:13:35,542 - sqlalchemy.engine.Engine - INFO - [cached since 1238s ago] ('zhura2296@yandex.ru',)
2026-02-28 11:13:35,544 - sqlalchemy.engine.Engine - INFO - SELECT clients.id, clients.full_name, clients.phone, clients.address, clients.coordinates, clients.created_at, clients.last_contact, clients.comments, clients.updated_at, clients.backup_phone, clients.deleted_at 
FROM clients 
 LIMIT $1::INTEGER OFFSET $2::INTEGER
2026-02-28 11:13:35,544 - sqlalchemy.engine.Engine - INFO - [cached since 1238s ago] (100, 0)
2026-02-28 11:13:35,545 - sqlalchemy.engine.Engine - INFO - BEGIN (implicit)
2026-02-28 11:13:35,546 - sqlalchemy.engine.Engine - INFO - SELECT admins.id, admins.username, admins.password_hash, admins.created_at 
FROM admins 
WHERE admins.username = $1::VARCHAR
2026-02-28 11:13:35,546 - sqlalchemy.engine.Engine - INFO - [cached since 1238s ago] ('zhura2296@yandex.ru',)
2026-02-28 11:13:35,548 - sqlalchemy.engine.Engine - INFO - SELECT installers.id, installers.full_name, installers.nickname, installers.phone, installers.backup_phone, installers.specialization, installers.rating, installers.base_price, installers.is_debtor, installers.comments, installers.is_active, installers.is_in_funnel, installers.total_orders, installers.poor_work_count, installers.warranty_visits_count, installers.last_incident_date, installers.updated_at, installers.created_at, installers.deleted_at 
FROM installers 
WHERE installers.deleted_at IS NULL 
 LIMIT $1::INTEGER OFFSET $2::INTEGER
2026-02-28 11:13:35,548 - sqlalchemy.engine.Engine - INFO - [cached since 1238s ago] (100, 0)
2026-02-28 11:13:35,548 - sqlalchemy.engine.Engine - INFO - ROLLBACK
2026-02-28 11:13:35,550 - sqlalchemy.engine.Engine - INFO - ROLLBACK
2026-02-28 11:15:35,143 - sqlalchemy.engine.Engine - INFO - BEGIN (implicit)
2026-02-28 11:15:35,144 - sqlalchemy.engine.Engine - INFO - SELECT address_cache.address, address_cache.lat, address_cache.lon, address_cache.updated_at 
FROM address_cache 
WHERE address_cache.address = $1::VARCHAR
2026-02-28 11:15:35,144 - sqlalchemy.engine.Engine - INFO - [generated in 0.00011s] ('Россия, Москва, улица Пресненский Вал, 19',)
2026-02-28 11:15:35,147 - sqlalchemy.engine.Engine - INFO - INSERT INTO address_cache (address, lat, lon) VALUES ($1::VARCHAR, $2::NUMERIC(10, 7), $3::NUMERIC(10, 7)) RETURNING address_cache.updated_at
2026-02-28 11:15:35,147 - sqlalchemy.engine.Engine - INFO - [generated in 0.00011s] ('Россия, Москва, улица Пресненский Вал, 19', 55.772315, 37.567303)
2026-02-28 11:15:35,148 - sqlalchemy.engine.Engine - INFO - COMMIT
2026-02-28 11:15:35,149 - sqlalchemy.engine.Engine - INFO - BEGIN (implicit)
2026-02-28 11:15:35,150 - sqlalchemy.engine.Engine - INFO - SELECT address_cache.address, address_cache.lat, address_cache.lon, address_cache.updated_at 
FROM address_cache 
WHERE address_cache.address = $1::VARCHAR
2026-02-28 11:15:35,150 - sqlalchemy.engine.Engine - INFO - [generated in 0.00009s] ('Россия, Москва, улица Пресненский Вал, 19',)
2026-02-28 11:15:35,154 - sqlalchemy.engine.Engine - INFO - INSERT INTO orders (client_id, status, warehouse, service_datetime, delivery_datetime, promise, marker_color, address_id, address_text) VALUES ($1::INTEGER, $2::order_status, $3::VARCHAR, $4::TIMESTAMP WITHOUT TIME ZONE, $5::TIMESTAMP WITHOUT TIME ZONE, $6::VARCHAR, $7::VARCHAR, $8::VARCHAR, $9::VARCHAR) RETURNING orders.id, orders.created_at, orders.updated_at
2026-02-28 11:15:35,154 - sqlalchemy.engine.Engine - INFO - [generated in 0.00019s] (2, 'Новый', 'Основной', datetime.datetime(2026, 3, 1, 8, 14), datetime.datetime(2026, 3, 2, 8, 14), '32423423423', 'green', 'Россия, Москва, улица Пресненский Вал, 19', 'Россия, Москва, улица Пресненский Вал, 19')
2026-02-28 11:15:35,165 - sqlalchemy.engine.Engine - INFO - SELECT orders.id 
FROM orders 
WHERE orders.id = $1::INTEGER
2026-02-28 11:15:35,165 - sqlalchemy.engine.Engine - INFO - [generated in 0.00018s] (5,)
2026-02-28 11:15:35,167 - sqlalchemy.engine.Engine - INFO - SELECT order_installers.id AS order_installers_id, order_installers.order_id AS order_installers_order_id, order_installers.installer_id AS order_installers_installer_id, order_installers.role AS order_installers_role, order_installers.base_payment AS order_installers_base_payment, order_installers.is_primary AS order_installers_is_primary, order_installers.created_at AS order_installers_created_at, order_installers.updated_at AS order_installers_updated_at 
FROM order_installers 
WHERE $1::INTEGER = order_installers.order_id
2026-02-28 11:15:35,167 - sqlalchemy.engine.Engine - INFO - [generated in 0.00011s] (5,)
2026-02-28 11:15:35,170 - sqlalchemy.engine.Engine - INFO - SELECT clients.id AS clients_id, clients.full_name AS clients_full_name, clients.phone AS clients_phone, clients.address AS clients_address, clients.coordinates AS clients_coordinates, clients.created_at AS clients_created_at, clients.last_contact AS clients_last_contact, clients.comments AS clients_comments, clients.updated_at AS clients_updated_at, clients.backup_phone AS clients_backup_phone, clients.deleted_at AS clients_deleted_at 
FROM clients 
WHERE clients.id = $1::INTEGER
2026-02-28 11:15:35,170 - sqlalchemy.engine.Engine - INFO - [generated in 0.00013s] (2,)
2026-02-28 11:15:35,172 - sqlalchemy.engine.Engine - INFO - SELECT finance.id AS finance_id, finance.order_id AS finance_order_id, finance.revenue AS finance_revenue, finance.cost_of_goods AS finance_cost_of_goods, finance.installer_payments AS finance_installer_payments, finance.expenses AS finance_expenses, finance.warranty_costs_oleg AS finance_warranty_costs_oleg, finance.warranty_costs_installer AS finance_warranty_costs_installer, finance.profit AS finance_profit, finance.created_at AS finance_created_at, finance.updated_at AS finance_updated_at 
FROM finance 
WHERE $1::INTEGER = finance.order_id
2026-02-28 11:15:35,172 - sqlalchemy.engine.Engine - INFO - [generated in 0.00012s] (5,)
2026-02-28 11:15:35,173 - sqlalchemy.engine.Engine - INFO - COMMIT
2026-02-28 11:15:35,178 - sqlalchemy.engine.Engine - INFO - BEGIN (implicit)
2026-02-28 11:15:35,178 - sqlalchemy.engine.Engine - INFO - SELECT admins.id, admins.username, admins.password_hash, admins.created_at 
FROM admins 
WHERE admins.username = $1::VARCHAR
2026-02-28 11:15:35,178 - sqlalchemy.engine.Engine - INFO - [cached since 1358s ago] ('zhura2296@yandex.ru',)
2026-02-28 11:15:35,180 - sqlalchemy.engine.Engine - INFO - INSERT INTO order_items (order_id, item_type, name, quantity, purchase_price, sale_price, warranty_manufacturer, warranty_master, sort_order) VALUES ($1::INTEGER, $2::item_type, $3::VARCHAR, $4::INTEGER, $5::NUMERIC(10, 2), $6::NUMERIC(10, 2), $7::INTEGER, $8::INTEGER, $9::INTEGER) RETURNING order_items.id, order_items.created_at, order_items.updated_at
2026-02-28 11:15:35,180 - sqlalchemy.engine.Engine - INFO - [generated in 0.00019s] (5, 'product', 'Кондей', 2, Decimal('15000'), Decimal('250000'), 3, 0, 0)
2026-02-28 11:15:35,194 - sqlalchemy.engine.Engine - INFO - COMMIT
2026-02-28 11:15:35,195 - sqlalchemy.engine.Engine - INFO - BEGIN (implicit)
2026-02-28 11:15:35,196 - sqlalchemy.engine.Engine - INFO - SELECT order_items.id, order_items.order_id, order_items.item_type, order_items.name, order_items.quantity, order_items.purchase_price, order_items.sale_price, order_items.warranty_manufacturer, order_items.warranty_master, order_items.sort_order, order_items.created_at, order_items.updated_at 
FROM order_items 
WHERE order_items.id = $1::INTEGER
2026-02-28 11:15:35,196 - sqlalchemy.engine.Engine - INFO - [generated in 0.00011s] (5,)
2026-02-28 11:15:35,205 - sqlalchemy.engine.Engine - INFO - ROLLBACK
2026-02-28 11:15:35,209 - sqlalchemy.engine.Engine - INFO - BEGIN (implicit)
2026-02-28 11:15:35,209 - sqlalchemy.engine.Engine - INFO - SELECT admins.id, admins.username, admins.password_hash, admins.created_at 
FROM admins 
WHERE admins.username = $1::VARCHAR
2026-02-28 11:15:35,209 - sqlalchemy.engine.Engine - INFO - [cached since 1358s ago] ('zhura2296@yandex.ru',)
2026-02-28 11:15:35,211 - sqlalchemy.engine.Engine - INFO - INSERT INTO order_installers (order_id, installer_id, role, base_payment, is_primary) VALUES ($1::INTEGER, $2::INTEGER, $3::VARCHAR, $4::NUMERIC(10, 2), $5::BOOLEAN) RETURNING order_installers.id, order_installers.created_at, order_installers.updated_at
2026-02-28 11:15:35,211 - sqlalchemy.engine.Engine - INFO - [generated in 0.00019s] (5, 1, 'Космонавт', Decimal('10000'), True)
2026-02-28 11:15:35,217 - sqlalchemy.engine.Engine - INFO - COMMIT
2026-02-28 11:15:35,218 - sqlalchemy.engine.Engine - INFO - BEGIN (implicit)
2026-02-28 11:15:35,219 - sqlalchemy.engine.Engine - INFO - SELECT order_installers.id, order_installers.order_id, order_installers.installer_id, order_installers.role, order_installers.base_payment, order_installers.is_primary, order_installers.created_at, order_installers.updated_at 
FROM order_installers 
WHERE order_installers.id = $1::INTEGER
2026-02-28 11:15:35,219 - sqlalchemy.engine.Engine - INFO - [generated in 0.00013s] (4,)
2026-02-28 11:15:35,220 - sqlalchemy.engine.Engine - INFO - ROLLBACK
2026-02-28 11:15:35,262 - sqlalchemy.engine.Engine - INFO - BEGIN (implicit)
2026-02-28 11:15:35,265 - sqlalchemy.engine.Engine - INFO - SELECT orders.id, orders.client_id, orders.status, orders.warehouse, orders.service_datetime, orders.delivery_datetime, orders.promise, orders.marker_color, orders.address_id, orders.address_text, orders.created_at, orders.updated_at 
FROM orders 
 LIMIT $1::INTEGER OFFSET $2::INTEGER
2026-02-28 11:15:35,265 - sqlalchemy.engine.Engine - INFO - [generated in 0.00019s] (100, 0)
2026-02-28 11:15:35,274 - sqlalchemy.engine.Engine - INFO - SELECT finance.order_id AS finance_order_id, finance.id AS finance_id, finance.revenue AS finance_revenue, finance.cost_of_goods AS finance_cost_of_goods, finance.installer_payments AS finance_installer_payments, finance.expenses AS finance_expenses, finance.warranty_costs_oleg AS finance_warranty_costs_oleg, finance.warranty_costs_installer AS finance_warranty_costs_installer, finance.profit AS finance_profit, finance.created_at AS finance_created_at, finance.updated_at AS finance_updated_at 
FROM finance 
WHERE finance.order_id IN ($1::INTEGER, $2::INTEGER, $3::INTEGER, $4::INTEGER, $5::INTEGER)
2026-02-28 11:15:35,274 - sqlalchemy.engine.Engine - INFO - [generated in 0.00031s] (1, 2, 3, 4, 5)
2026-02-28 11:15:35,277 - sqlalchemy.engine.Engine - INFO - SELECT clients.id AS clients_id, clients.full_name AS clients_full_name, clients.phone AS clients_phone, clients.address AS clients_address, clients.coordinates AS clients_coordinates, clients.created_at AS clients_created_at, clients.last_contact AS clients_last_contact, clients.comments AS clients_comments, clients.updated_at AS clients_updated_at, clients.backup_phone AS clients_backup_phone, clients.deleted_at AS clients_deleted_at 
FROM clients 
WHERE clients.id IN ($1::INTEGER)
2026-02-28 11:15:35,277 - sqlalchemy.engine.Engine - INFO - [generated in 0.00020s] (2,)
2026-02-28 11:15:35,278 - sqlalchemy.engine.Engine - INFO - SELECT address_cache.address AS address_cache_address, address_cache.lat AS address_cache_lat, address_cache.lon AS address_cache_lon, address_cache.updated_at AS address_cache_updated_at 
FROM address_cache 
WHERE address_cache.address IN ($1::VARCHAR, $2::VARCHAR, $3::VARCHAR)
2026-02-28 11:15:35,279 - sqlalchemy.engine.Engine - INFO - [generated in 0.00016s] ('Москва, ул. Ленина, 10', 'Россия, Москва, улица Пресненский Вал, 19', 'Россия, Московская область, Мытищи, улица Карла Маркса, 4')
2026-02-28 11:15:35,280 - sqlalchemy.engine.Engine - INFO - SELECT order_installers.order_id AS order_installers_order_id, order_installers.id AS order_installers_id, order_installers.installer_id AS order_installers_installer_id, order_installers.role AS order_installers_role, order_installers.base_payment AS order_installers_base_payment, order_installers.is_primary AS order_installers_is_primary, order_installers.created_at AS order_installers_created_at, order_installers.updated_at AS order_installers_updated_at 
FROM order_installers 
WHERE order_installers.order_id IN ($1::INTEGER, $2::INTEGER, $3::INTEGER, $4::INTEGER, $5::INTEGER)
2026-02-28 11:15:35,280 - sqlalchemy.engine.Engine - INFO - [generated in 0.00015s] (1, 2, 3, 4, 5)
2026-02-28 11:15:35,281 - sqlalchemy.engine.Engine - INFO - ROLLBACK
2026-02-28 11:15:35,282 - sqlalchemy.engine.Engine - INFO - BEGIN (implicit)
2026-02-28 11:15:35,283 - sqlalchemy.engine.Engine - INFO - SELECT orders.id, orders.client_id, orders.status, orders.warehouse, orders.service_datetime, orders.delivery_datetime, orders.promise, orders.marker_color, orders.address_id, orders.address_text, orders.created_at, orders.updated_at 
FROM orders 
 LIMIT $1::INTEGER OFFSET $2::INTEGER
2026-02-28 11:15:35,283 - sqlalchemy.engine.Engine - INFO - [cached since 0.01819s ago] (100, 0)
2026-02-28 11:15:35,284 - sqlalchemy.engine.Engine - INFO - SELECT finance.order_id AS finance_order_id, finance.id AS finance_id, finance.revenue AS finance_revenue, finance.cost_of_goods AS finance_cost_of_goods, finance.installer_payments AS finance_installer_payments, finance.expenses AS finance_expenses, finance.warranty_costs_oleg AS finance_warranty_costs_oleg, finance.warranty_costs_installer AS finance_warranty_costs_installer, finance.profit AS finance_profit, finance.created_at AS finance_created_at, finance.updated_at AS finance_updated_at 
FROM finance 
WHERE finance.order_id IN ($1::INTEGER, $2::INTEGER, $3::INTEGER, $4::INTEGER, $5::INTEGER)
2026-02-28 11:15:35,284 - sqlalchemy.engine.Engine - INFO - [cached since 0.01108s ago] (1, 2, 3, 4, 5)
2026-02-28 11:15:35,286 - sqlalchemy.engine.Engine - INFO - SELECT clients.id AS clients_id, clients.full_name AS clients_full_name, clients.phone AS clients_phone, clients.address AS clients_address, clients.coordinates AS clients_coordinates, clients.created_at AS clients_created_at, clients.last_contact AS clients_last_contact, clients.comments AS clients_comments, clients.updated_at AS clients_updated_at, clients.backup_phone AS clients_backup_phone, clients.deleted_at AS clients_deleted_at 
FROM clients 
WHERE clients.id IN ($1::INTEGER)
2026-02-28 11:15:35,287 - sqlalchemy.engine.Engine - INFO - [cached since 0.009536s ago] (2,)
2026-02-28 11:15:35,288 - sqlalchemy.engine.Engine - INFO - SELECT address_cache.address AS address_cache_address, address_cache.lat AS address_cache_lat, address_cache.lon AS address_cache_lon, address_cache.updated_at AS address_cache_updated_at 
FROM address_cache 
WHERE address_cache.address IN ($1::VARCHAR, $2::VARCHAR, $3::VARCHAR)
2026-02-28 11:15:35,288 - sqlalchemy.engine.Engine - INFO - [cached since 0.009532s ago] ('Москва, ул. Ленина, 10', 'Россия, Москва, улица Пресненский Вал, 19', 'Россия, Московская область, Мытищи, улица Карла Маркса, 4')
2026-02-28 11:15:35,289 - sqlalchemy.engine.Engine - INFO - SELECT order_installers.order_id AS order_installers_order_id, order_installers.id AS order_installers_id, order_installers.installer_id AS order_installers_installer_id, order_installers.role AS order_installers_role, order_installers.base_payment AS order_installers_base_payment, order_installers.is_primary AS order_installers_is_primary, order_installers.created_at AS order_installers_created_at, order_installers.updated_at AS order_installers_updated_at 
FROM order_installers 
WHERE order_installers.order_id IN ($1::INTEGER, $2::INTEGER, $3::INTEGER, $4::INTEGER, $5::INTEGER)
2026-02-28 11:15:35,289 - sqlalchemy.engine.Engine - INFO - [cached since 0.009511s ago] (1, 2, 3, 4, 5)
2026-02-28 11:15:35,291 - sqlalchemy.engine.Engine - INFO - ROLLBACK
2026-02-28 11:15:39,990 - sqlalchemy.engine.Engine - INFO - BEGIN (implicit)
2026-02-28 11:15:39,990 - sqlalchemy.engine.Engine - INFO - SELECT admins.id, admins.username, admins.password_hash, admins.created_at 
FROM admins 
WHERE admins.username = $1::VARCHAR
2026-02-28 11:15:39,990 - sqlalchemy.engine.Engine - INFO - [cached since 1362s ago] ('zhura2296@yandex.ru',)
2026-02-28 11:15:39,991 - sqlalchemy.engine.Engine - INFO - SELECT installers.id, installers.full_name, installers.nickname, installers.phone, installers.backup_phone, installers.specialization, installers.rating, installers.base_price, installers.is_debtor, installers.comments, installers.is_active, installers.is_in_funnel, installers.total_orders, installers.poor_work_count, installers.warranty_visits_count, installers.last_incident_date, installers.updated_at, installers.created_at, installers.deleted_at 
FROM installers 
WHERE installers.deleted_at IS NULL 
 LIMIT $1::INTEGER OFFSET $2::INTEGER
2026-02-28 11:15:39,991 - sqlalchemy.engine.Engine - INFO - [cached since 1362s ago] (100, 0)
2026-02-28 11:15:39,992 - sqlalchemy.engine.Engine - INFO - BEGIN (implicit)
2026-02-28 11:15:39,993 - sqlalchemy.engine.Engine - INFO - SELECT orders.id, orders.client_id, orders.status, orders.warehouse, orders.service_datetime, orders.delivery_datetime, orders.promise, orders.marker_color, orders.address_id, orders.address_text, orders.created_at, orders.updated_at 
FROM orders 
WHERE orders.id = $1::INTEGER
2026-02-28 11:15:39,993 - sqlalchemy.engine.Engine - INFO - [generated in 0.00010s] (5,)
2026-02-28 11:15:39,994 - sqlalchemy.engine.Engine - INFO - ROLLBACK
2026-02-28 11:15:39,994 - sqlalchemy.engine.Engine - INFO - BEGIN (implicit)
2026-02-28 11:15:39,994 - sqlalchemy.engine.Engine - INFO - SELECT admins.id, admins.username, admins.password_hash, admins.created_at 
FROM admins 
WHERE admins.username = $1::VARCHAR
2026-02-28 11:15:39,994 - sqlalchemy.engine.Engine - INFO - [cached since 1362s ago] ('zhura2296@yandex.ru',)
2026-02-28 11:15:39,995 - sqlalchemy.engine.Engine - INFO - SELECT finance.order_id AS finance_order_id, finance.id AS finance_id, finance.revenue AS finance_revenue, finance.cost_of_goods AS finance_cost_of_goods, finance.installer_payments AS finance_installer_payments, finance.expenses AS finance_expenses, finance.warranty_costs_oleg AS finance_warranty_costs_oleg, finance.warranty_costs_installer AS finance_warranty_costs_installer, finance.profit AS finance_profit, finance.created_at AS finance_created_at, finance.updated_at AS finance_updated_at 
FROM finance 
WHERE finance.order_id IN ($1::INTEGER)
2026-02-28 11:15:39,995 - sqlalchemy.engine.Engine - INFO - [cached since 4.722s ago] (5,)
2026-02-28 11:15:39,996 - sqlalchemy.engine.Engine - INFO - SELECT installers.id, installers.full_name, installers.nickname, installers.phone, installers.backup_phone, installers.specialization, installers.rating, installers.base_price, installers.is_debtor, installers.comments, installers.is_active, installers.is_in_funnel, installers.total_orders, installers.poor_work_count, installers.warranty_visits_count, installers.last_incident_date, installers.updated_at, installers.created_at, installers.deleted_at 
FROM installers 
WHERE installers.deleted_at IS NULL 
 LIMIT $1::INTEGER OFFSET $2::INTEGER
2026-02-28 11:15:39,996 - sqlalchemy.engine.Engine - INFO - [cached since 1362s ago] (100, 0)
2026-02-28 11:15:39,997 - sqlalchemy.engine.Engine - INFO - SELECT clients.id AS clients_id, clients.full_name AS clients_full_name, clients.phone AS clients_phone, clients.address AS clients_address, clients.coordinates AS clients_coordinates, clients.created_at AS clients_created_at, clients.last_contact AS clients_last_contact, clients.comments AS clients_comments, clients.updated_at AS clients_updated_at, clients.backup_phone AS clients_backup_phone, clients.deleted_at AS clients_deleted_at 
FROM clients 
WHERE clients.id IN ($1::INTEGER)
2026-02-28 11:15:39,997 - sqlalchemy.engine.Engine - INFO - [cached since 4.72s ago] (2,)
2026-02-28 11:15:39,998 - sqlalchemy.engine.Engine - INFO - SELECT address_cache.address AS address_cache_address, address_cache.lat AS address_cache_lat, address_cache.lon AS address_cache_lon, address_cache.updated_at AS address_cache_updated_at 
FROM address_cache 
WHERE address_cache.address IN ($1::VARCHAR)
2026-02-28 11:15:39,998 - sqlalchemy.engine.Engine - INFO - [cached since 4.72s ago] ('Россия, Москва, улица Пресненский Вал, 19',)
2026-02-28 11:15:39,999 - sqlalchemy.engine.Engine - INFO - ROLLBACK
2026-02-28 11:15:39,999 - sqlalchemy.engine.Engine - INFO - SELECT order_installers.order_id AS order_installers_order_id, order_installers.id AS order_installers_id, order_installers.installer_id AS order_installers_installer_id, order_installers.role AS order_installers_role, order_installers.base_payment AS order_installers_base_payment, order_installers.is_primary AS order_installers_is_primary, order_installers.created_at AS order_installers_created_at, order_installers.updated_at AS order_installers_updated_at 
FROM order_installers 
WHERE order_installers.order_id IN ($1::INTEGER)
2026-02-28 11:15:39,999 - sqlalchemy.engine.Engine - INFO - [cached since 4.72s ago] (5,)
2026-02-28 11:15:40,001 - sqlalchemy.engine.Engine - INFO - ROLLBACK
2026-02-28 11:15:40,032 - sqlalchemy.engine.Engine - INFO - BEGIN (implicit)
2026-02-28 11:15:40,033 - sqlalchemy.engine.Engine - INFO - SELECT orders.id, orders.client_id, orders.status, orders.warehouse, orders.service_datetime, orders.delivery_datetime, orders.promise, orders.marker_color, orders.address_id, orders.address_text, orders.created_at, orders.updated_at 
FROM orders 
WHERE orders.id = $1::INTEGER
2026-02-28 11:15:40,033 - sqlalchemy.engine.Engine - INFO - [cached since 0.04025s ago] (5,)
2026-02-28 11:15:40,042 - sqlalchemy.engine.Engine - INFO - SELECT finance.order_id AS finance_order_id, finance.id AS finance_id, finance.revenue AS finance_revenue, finance.cost_of_goods AS finance_cost_of_goods, finance.installer_payments AS finance_installer_payments, finance.expenses AS finance_expenses, finance.warranty_costs_oleg AS finance_warranty_costs_oleg, finance.warranty_costs_installer AS finance_warranty_costs_installer, finance.profit AS finance_profit, finance.created_at AS finance_created_at, finance.updated_at AS finance_updated_at 
FROM finance 
WHERE finance.order_id IN ($1::INTEGER)
2026-02-28 11:15:40,042 - sqlalchemy.engine.Engine - INFO - [cached since 4.769s ago] (5,)
2026-02-28 11:15:40,044 - sqlalchemy.engine.Engine - INFO - SELECT clients.id AS clients_id, clients.full_name AS clients_full_name, clients.phone AS clients_phone, clients.address AS clients_address, clients.coordinates AS clients_coordinates, clients.created_at AS clients_created_at, clients.last_contact AS clients_last_contact, clients.comments AS clients_comments, clients.updated_at AS clients_updated_at, clients.backup_phone AS clients_backup_phone, clients.deleted_at AS clients_deleted_at 
FROM clients 
WHERE clients.id IN ($1::INTEGER)
2026-02-28 11:15:40,044 - sqlalchemy.engine.Engine - INFO - [cached since 4.767s ago] (2,)
2026-02-28 11:15:40,045 - sqlalchemy.engine.Engine - INFO - SELECT address_cache.address AS address_cache_address, address_cache.lat AS address_cache_lat, address_cache.lon AS address_cache_lon, address_cache.updated_at AS address_cache_updated_at 
FROM address_cache 
WHERE address_cache.address IN ($1::VARCHAR)
2026-02-28 11:15:40,045 - sqlalchemy.engine.Engine - INFO - [cached since 4.767s ago] ('Россия, Москва, улица Пресненский Вал, 19',)
2026-02-28 11:15:40,046 - sqlalchemy.engine.Engine - INFO - SELECT order_installers.order_id AS order_installers_order_id, order_installers.id AS order_installers_id, order_installers.installer_id AS order_installers_installer_id, order_installers.role AS order_installers_role, order_installers.base_payment AS order_installers_base_payment, order_installers.is_primary AS order_installers_is_primary, order_installers.created_at AS order_installers_created_at, order_installers.updated_at AS order_installers_updated_at 
FROM order_installers 
WHERE order_installers.order_id IN ($1::INTEGER)
2026-02-28 11:15:40,046 - sqlalchemy.engine.Engine - INFO - [cached since 4.767s ago] (5,)
2026-02-28 11:15:40,049 - sqlalchemy.engine.Engine - INFO - ROLLBACK
2026-02-28 11:15:55,344 - sqlalchemy.engine.Engine - INFO - BEGIN (implicit)
2026-02-28 11:15:55,344 - sqlalchemy.engine.Engine - INFO - SELECT orders.id, orders.client_id, orders.status, orders.warehouse, orders.service_datetime, orders.delivery_datetime, orders.promise, orders.marker_color, orders.address_id, orders.address_text, orders.created_at, orders.updated_at 
FROM orders 
 LIMIT $1::INTEGER OFFSET $2::INTEGER
2026-02-28 11:15:55,344 - sqlalchemy.engine.Engine - INFO - [cached since 20.08s ago] (100, 0)
2026-02-28 11:15:55,347 - sqlalchemy.engine.Engine - INFO - SELECT finance.order_id AS finance_order_id, finance.id AS finance_id, finance.revenue AS finance_revenue, finance.cost_of_goods AS finance_cost_of_goods, finance.installer_payments AS finance_installer_payments, finance.expenses AS finance_expenses, finance.warranty_costs_oleg AS finance_warranty_costs_oleg, finance.warranty_costs_installer AS finance_warranty_costs_installer, finance.profit AS finance_profit, finance.created_at AS finance_created_at, finance.updated_at AS finance_updated_at 
FROM finance 
WHERE finance.order_id IN ($1::INTEGER, $2::INTEGER, $3::INTEGER, $4::INTEGER, $5::INTEGER)
2026-02-28 11:15:55,347 - sqlalchemy.engine.Engine - INFO - [cached since 20.07s ago] (1, 2, 3, 4, 5)
2026-02-28 11:15:55,349 - sqlalchemy.engine.Engine - INFO - SELECT clients.id AS clients_id, clients.full_name AS clients_full_name, clients.phone AS clients_phone, clients.address AS clients_address, clients.coordinates AS clients_coordinates, clients.created_at AS clients_created_at, clients.last_contact AS clients_last_contact, clients.comments AS clients_comments, clients.updated_at AS clients_updated_at, clients.backup_phone AS clients_backup_phone, clients.deleted_at AS clients_deleted_at 
FROM clients 
WHERE clients.id IN ($1::INTEGER)
2026-02-28 11:15:55,349 - sqlalchemy.engine.Engine - INFO - [cached since 20.07s ago] (2,)
2026-02-28 11:15:55,350 - sqlalchemy.engine.Engine - INFO - SELECT address_cache.address AS address_cache_address, address_cache.lat AS address_cache_lat, address_cache.lon AS address_cache_lon, address_cache.updated_at AS address_cache_updated_at 
FROM address_cache 
WHERE address_cache.address IN ($1::VARCHAR, $2::VARCHAR, $3::VARCHAR)
2026-02-28 11:15:55,350 - sqlalchemy.engine.Engine - INFO - [cached since 20.07s ago] ('Москва, ул. Ленина, 10', 'Россия, Москва, улица Пресненский Вал, 19', 'Россия, Московская область, Мытищи, улица Карла Маркса, 4')
2026-02-28 11:15:55,352 - sqlalchemy.engine.Engine - INFO - SELECT order_installers.order_id AS order_installers_order_id, order_installers.id AS order_installers_id, order_installers.installer_id AS order_installers_installer_id, order_installers.role AS order_installers_role, order_installers.base_payment AS order_installers_base_payment, order_installers.is_primary AS order_installers_is_primary, order_installers.created_at AS order_installers_created_at, order_installers.updated_at AS order_installers_updated_at 
FROM order_installers 
WHERE order_installers.order_id IN ($1::INTEGER, $2::INTEGER, $3::INTEGER, $4::INTEGER, $5::INTEGER)
2026-02-28 11:15:55,352 - sqlalchemy.engine.Engine - INFO - [cached since 20.07s ago] (1, 2, 3, 4, 5)
2026-02-28 11:15:55,354 - sqlalchemy.engine.Engine - INFO - ROLLBACK
2026-02-28 11:15:55,355 - sqlalchemy.engine.Engine - INFO - BEGIN (implicit)
2026-02-28 11:15:55,355 - sqlalchemy.engine.Engine - INFO - SELECT orders.id, orders.client_id, orders.status, orders.warehouse, orders.service_datetime, orders.delivery_datetime, orders.promise, orders.marker_color, orders.address_id, orders.address_text, orders.created_at, orders.updated_at 
FROM orders 
 LIMIT $1::INTEGER OFFSET $2::INTEGER
2026-02-28 11:15:55,355 - sqlalchemy.engine.Engine - INFO - [cached since 20.09s ago] (100, 0)
2026-02-28 11:15:55,357 - sqlalchemy.engine.Engine - INFO - SELECT finance.order_id AS finance_order_id, finance.id AS finance_id, finance.revenue AS finance_revenue, finance.cost_of_goods AS finance_cost_of_goods, finance.installer_payments AS finance_installer_payments, finance.expenses AS finance_expenses, finance.warranty_costs_oleg AS finance_warranty_costs_oleg, finance.warranty_costs_installer AS finance_warranty_costs_installer, finance.profit AS finance_profit, finance.created_at AS finance_created_at, finance.updated_at AS finance_updated_at 
FROM finance 
WHERE finance.order_id IN ($1::INTEGER, $2::INTEGER, $3::INTEGER, $4::INTEGER, $5::INTEGER)
2026-02-28 11:15:55,357 - sqlalchemy.engine.Engine - INFO - [cached since 20.08s ago] (1, 2, 3, 4, 5)
2026-02-28 11:15:55,358 - sqlalchemy.engine.Engine - INFO - SELECT clients.id AS clients_id, clients.full_name AS clients_full_name, clients.phone AS clients_phone, clients.address AS clients_address, clients.coordinates AS clients_coordinates, clients.created_at AS clients_created_at, clients.last_contact AS clients_last_contact, clients.comments AS clients_comments, clients.updated_at AS clients_updated_at, clients.backup_phone AS clients_backup_phone, clients.deleted_at AS clients_deleted_at 
FROM clients 
WHERE clients.id IN ($1::INTEGER)
2026-02-28 11:15:55,358 - sqlalchemy.engine.Engine - INFO - [cached since 20.08s ago] (2,)
2026-02-28 11:15:55,358 - sqlalchemy.engine.Engine - INFO - SELECT address_cache.address AS address_cache_address, address_cache.lat AS address_cache_lat, address_cache.lon AS address_cache_lon, address_cache.updated_at AS address_cache_updated_at 
FROM address_cache 
WHERE address_cache.address IN ($1::VARCHAR, $2::VARCHAR, $3::VARCHAR)
2026-02-28 11:15:55,358 - sqlalchemy.engine.Engine - INFO - [cached since 20.08s ago] ('Москва, ул. Ленина, 10', 'Россия, Москва, улица Пресненский Вал, 19', 'Россия, Московская область, Мытищи, улица Карла Маркса, 4')
2026-02-28 11:15:55,359 - sqlalchemy.engine.Engine - INFO - SELECT order_installers.order_id AS order_installers_order_id, order_installers.id AS order_installers_id, order_installers.installer_id AS order_installers_installer_id, order_installers.role AS order_installers_role, order_installers.base_payment AS order_installers_base_payment, order_installers.is_primary AS order_installers_is_primary, order_installers.created_at AS order_installers_created_at, order_installers.updated_at AS order_installers_updated_at 
FROM order_installers 
WHERE order_installers.order_id IN ($1::INTEGER, $2::INTEGER, $3::INTEGER, $4::INTEGER, $5::INTEGER)
2026-02-28 11:15:55,359 - sqlalchemy.engine.Engine - INFO - [cached since 20.08s ago] (1, 2, 3, 4, 5)
2026-02-28 11:15:55,360 - sqlalchemy.engine.Engine - INFO - ROLLBACK
2026-02-28 11:15:58,012 - sqlalchemy.engine.Engine - INFO - BEGIN (implicit)
2026-02-28 11:15:58,012 - sqlalchemy.engine.Engine - INFO - SELECT orders.id, orders.client_id, orders.status, orders.warehouse, orders.service_datetime, orders.delivery_datetime, orders.promise, orders.marker_color, orders.address_id, orders.address_text, orders.created_at, orders.updated_at 
FROM orders 
WHERE orders.id = $1::INTEGER
2026-02-28 11:15:58,012 - sqlalchemy.engine.Engine - INFO - [cached since 18.02s ago] (5,)
2026-02-28 11:15:58,013 - sqlalchemy.engine.Engine - INFO - BEGIN (implicit)
2026-02-28 11:15:58,013 - sqlalchemy.engine.Engine - INFO - SELECT admins.id, admins.username, admins.password_hash, admins.created_at 
FROM admins 
WHERE admins.username = $1::VARCHAR
2026-02-28 11:15:58,013 - sqlalchemy.engine.Engine - INFO - [cached since 1381s ago] ('zhura2296@yandex.ru',)
2026-02-28 11:15:58,014 - sqlalchemy.engine.Engine - INFO - SELECT installers.id, installers.full_name, installers.nickname, installers.phone, installers.backup_phone, installers.specialization, installers.rating, installers.base_price, installers.is_debtor, installers.comments, installers.is_active, installers.is_in_funnel, installers.total_orders, installers.poor_work_count, installers.warranty_visits_count, installers.last_incident_date, installers.updated_at, installers.created_at, installers.deleted_at 
FROM installers 
WHERE installers.deleted_at IS NULL 
 LIMIT $1::INTEGER OFFSET $2::INTEGER
2026-02-28 11:15:58,014 - sqlalchemy.engine.Engine - INFO - [cached since 1380s ago] (100, 0)
2026-02-28 11:15:58,015 - sqlalchemy.engine.Engine - INFO - SELECT finance.order_id AS finance_order_id, finance.id AS finance_id, finance.revenue AS finance_revenue, finance.cost_of_goods AS finance_cost_of_goods, finance.installer_payments AS finance_installer_payments, finance.expenses AS finance_expenses, finance.warranty_costs_oleg AS finance_warranty_costs_oleg, finance.warranty_costs_installer AS finance_warranty_costs_installer, finance.profit AS finance_profit, finance.created_at AS finance_created_at, finance.updated_at AS finance_updated_at 
FROM finance 
WHERE finance.order_id IN ($1::INTEGER)
2026-02-28 11:15:58,015 - sqlalchemy.engine.Engine - INFO - [cached since 22.74s ago] (5,)
2026-02-28 11:15:58,016 - sqlalchemy.engine.Engine - INFO - SELECT clients.id AS clients_id, clients.full_name AS clients_full_name, clients.phone AS clients_phone, clients.address AS clients_address, clients.coordinates AS clients_coordinates, clients.created_at AS clients_created_at, clients.last_contact AS clients_last_contact, clients.comments AS clients_comments, clients.updated_at AS clients_updated_at, clients.backup_phone AS clients_backup_phone, clients.deleted_at AS clients_deleted_at 
FROM clients 
WHERE clients.id IN ($1::INTEGER)
2026-02-28 11:15:58,016 - sqlalchemy.engine.Engine - INFO - [cached since 22.74s ago] (2,)
2026-02-28 11:15:58,017 - sqlalchemy.engine.Engine - INFO - SELECT address_cache.address AS address_cache_address, address_cache.lat AS address_cache_lat, address_cache.lon AS address_cache_lon, address_cache.updated_at AS address_cache_updated_at 
FROM address_cache 
WHERE address_cache.address IN ($1::VARCHAR)
2026-02-28 11:15:58,017 - sqlalchemy.engine.Engine - INFO - [cached since 22.74s ago] ('Россия, Москва, улица Пресненский Вал, 19',)
2026-02-28 11:15:58,017 - sqlalchemy.engine.Engine - INFO - ROLLBACK
2026-02-28 11:15:58,018 - sqlalchemy.engine.Engine - INFO - BEGIN (implicit)
2026-02-28 11:15:58,018 - sqlalchemy.engine.Engine - INFO - SELECT admins.id, admins.username, admins.password_hash, admins.created_at 
FROM admins 
WHERE admins.username = $1::VARCHAR
2026-02-28 11:15:58,018 - sqlalchemy.engine.Engine - INFO - [cached since 1381s ago] ('zhura2296@yandex.ru',)
2026-02-28 11:15:58,019 - sqlalchemy.engine.Engine - INFO - SELECT order_installers.order_id AS order_installers_order_id, order_installers.id AS order_installers_id, order_installers.installer_id AS order_installers_installer_id, order_installers.role AS order_installers_role, order_installers.base_payment AS order_installers_base_payment, order_installers.is_primary AS order_installers_is_primary, order_installers.created_at AS order_installers_created_at, order_installers.updated_at AS order_installers_updated_at 
FROM order_installers 
WHERE order_installers.order_id IN ($1::INTEGER)
2026-02-28 11:15:58,019 - sqlalchemy.engine.Engine - INFO - [cached since 22.74s ago] (5,)
2026-02-28 11:15:58,020 - sqlalchemy.engine.Engine - INFO - SELECT installers.id, installers.full_name, installers.nickname, installers.phone, installers.backup_phone, installers.specialization, installers.rating, installers.base_price, installers.is_debtor, installers.comments, installers.is_active, installers.is_in_funnel, installers.total_orders, installers.poor_work_count, installers.warranty_visits_count, installers.last_incident_date, installers.updated_at, installers.created_at, installers.deleted_at 
FROM installers 
WHERE installers.deleted_at IS NULL 
 LIMIT $1::INTEGER OFFSET $2::INTEGER
2026-02-28 11:15:58,020 - sqlalchemy.engine.Engine - INFO - [cached since 1380s ago] (100, 0)
2026-02-28 11:15:58,022 - sqlalchemy.engine.Engine - INFO - BEGIN (implicit)
2026-02-28 11:15:58,022 - sqlalchemy.engine.Engine - INFO - SELECT orders.id, orders.client_id, orders.status, orders.warehouse, orders.service_datetime, orders.delivery_datetime, orders.promise, orders.marker_color, orders.address_id, orders.address_text, orders.created_at, orders.updated_at 
FROM orders 
WHERE orders.id = $1::INTEGER
2026-02-28 11:15:58,022 - sqlalchemy.engine.Engine - INFO - [cached since 18.03s ago] (5,)
2026-02-28 11:15:58,023 - sqlalchemy.engine.Engine - INFO - ROLLBACK
2026-02-28 11:15:58,024 - sqlalchemy.engine.Engine - INFO - ROLLBACK
2026-02-28 11:15:58,025 - sqlalchemy.engine.Engine - INFO - SELECT finance.order_id AS finance_order_id, finance.id AS finance_id, finance.revenue AS finance_revenue, finance.cost_of_goods AS finance_cost_of_goods, finance.installer_payments AS finance_installer_payments, finance.expenses AS finance_expenses, finance.warranty_costs_oleg AS finance_warranty_costs_oleg, finance.warranty_costs_installer AS finance_warranty_costs_installer, finance.profit AS finance_profit, finance.created_at AS finance_created_at, finance.updated_at AS finance_updated_at 
FROM finance 
WHERE finance.order_id IN ($1::INTEGER)
2026-02-28 11:15:58,025 - sqlalchemy.engine.Engine - INFO - [cached since 22.75s ago] (5,)
2026-02-28 11:15:58,026 - sqlalchemy.engine.Engine - INFO - SELECT clients.id AS clients_id, clients.full_name AS clients_full_name, clients.phone AS clients_phone, clients.address AS clients_address, clients.coordinates AS clients_coordinates, clients.created_at AS clients_created_at, clients.last_contact AS clients_last_contact, clients.comments AS clients_comments, clients.updated_at AS clients_updated_at, clients.backup_phone AS clients_backup_phone, clients.deleted_at AS clients_deleted_at 
FROM clients 
WHERE clients.id IN ($1::INTEGER)
2026-02-28 11:15:58,026 - sqlalchemy.engine.Engine - INFO - [cached since 22.75s ago] (2,)
2026-02-28 11:15:58,026 - sqlalchemy.engine.Engine - INFO - SELECT address_cache.address AS address_cache_address, address_cache.lat AS address_cache_lat, address_cache.lon AS address_cache_lon, address_cache.updated_at AS address_cache_updated_at 
FROM address_cache 
WHERE address_cache.address IN ($1::VARCHAR)
2026-02-28 11:15:58,026 - sqlalchemy.engine.Engine - INFO - [cached since 22.75s ago] ('Россия, Москва, улица Пресненский Вал, 19',)
2026-02-28 11:15:58,028 - sqlalchemy.engine.Engine - INFO - SELECT order_installers.order_id AS order_installers_order_id, order_installers.id AS order_installers_id, order_installers.installer_id AS order_installers_installer_id, order_installers.role AS order_installers_role, order_installers.base_payment AS order_installers_base_payment, order_installers.is_primary AS order_installers_is_primary, order_installers.created_at AS order_installers_created_at, order_installers.updated_at AS order_installers_updated_at 
FROM order_installers 
WHERE order_installers.order_id IN ($1::INTEGER)
2026-02-28 11:15:58,028 - sqlalchemy.engine.Engine - INFO - [cached since 22.75s ago] (5,)
2026-02-28 11:15:58,029 - sqlalchemy.engine.Engine - INFO - ROLLBACK
2026-02-28 11:16:01,485 - sqlalchemy.engine.Engine - INFO - BEGIN (implicit)
2026-02-28 11:16:01,486 - sqlalchemy.engine.Engine - INFO - SELECT orders.id, orders.client_id, orders.status, orders.warehouse, orders.service_datetime, orders.delivery_datetime, orders.promise, orders.marker_color, orders.address_id, orders.address_text, orders.created_at, orders.updated_at 
FROM orders 
 LIMIT $1::INTEGER OFFSET $2::INTEGER
2026-02-28 11:16:01,486 - sqlalchemy.engine.Engine - INFO - [cached since 26.22s ago] (100, 0)
2026-02-28 11:16:01,489 - sqlalchemy.engine.Engine - INFO - SELECT finance.order_id AS finance_order_id, finance.id AS finance_id, finance.revenue AS finance_revenue, finance.cost_of_goods AS finance_cost_of_goods, finance.installer_payments AS finance_installer_payments, finance.expenses AS finance_expenses, finance.warranty_costs_oleg AS finance_warranty_costs_oleg, finance.warranty_costs_installer AS finance_warranty_costs_installer, finance.profit AS finance_profit, finance.created_at AS finance_created_at, finance.updated_at AS finance_updated_at 
FROM finance 
WHERE finance.order_id IN ($1::INTEGER, $2::INTEGER, $3::INTEGER, $4::INTEGER, $5::INTEGER)
2026-02-28 11:16:01,489 - sqlalchemy.engine.Engine - INFO - [cached since 26.22s ago] (1, 2, 3, 4, 5)
2026-02-28 11:16:01,493 - sqlalchemy.engine.Engine - INFO - SELECT clients.id AS clients_id, clients.full_name AS clients_full_name, clients.phone AS clients_phone, clients.address AS clients_address, clients.coordinates AS clients_coordinates, clients.created_at AS clients_created_at, clients.last_contact AS clients_last_contact, clients.comments AS clients_comments, clients.updated_at AS clients_updated_at, clients.backup_phone AS clients_backup_phone, clients.deleted_at AS clients_deleted_at 
FROM clients 
WHERE clients.id IN ($1::INTEGER)
2026-02-28 11:16:01,493 - sqlalchemy.engine.Engine - INFO - [cached since 26.22s ago] (2,)
2026-02-28 11:16:01,495 - sqlalchemy.engine.Engine - INFO - SELECT address_cache.address AS address_cache_address, address_cache.lat AS address_cache_lat, address_cache.lon AS address_cache_lon, address_cache.updated_at AS address_cache_updated_at 
FROM address_cache 
WHERE address_cache.address IN ($1::VARCHAR, $2::VARCHAR, $3::VARCHAR)
2026-02-28 11:16:01,495 - sqlalchemy.engine.Engine - INFO - [cached since 26.22s ago] ('Москва, ул. Ленина, 10', 'Россия, Москва, улица Пресненский Вал, 19', 'Россия, Московская область, Мытищи, улица Карла Маркса, 4')
2026-02-28 11:16:01,497 - sqlalchemy.engine.Engine - INFO - SELECT order_installers.order_id AS order_installers_order_id, order_installers.id AS order_installers_id, order_installers.installer_id AS order_installers_installer_id, order_installers.role AS order_installers_role, order_installers.base_payment AS order_installers_base_payment, order_installers.is_primary AS order_installers_is_primary, order_installers.created_at AS order_installers_created_at, order_installers.updated_at AS order_installers_updated_at 
FROM order_installers 
WHERE order_installers.order_id IN ($1::INTEGER, $2::INTEGER, $3::INTEGER, $4::INTEGER, $5::INTEGER)
2026-02-28 11:16:01,497 - sqlalchemy.engine.Engine - INFO - [cached since 26.22s ago] (1, 2, 3, 4, 5)
2026-02-28 11:16:01,498 - sqlalchemy.engine.Engine - INFO - ROLLBACK
2026-02-28 11:16:01,499 - sqlalchemy.engine.Engine - INFO - BEGIN (implicit)
2026-02-28 11:16:01,499 - sqlalchemy.engine.Engine - INFO - SELECT orders.id, orders.client_id, orders.status, orders.warehouse, orders.service_datetime, orders.delivery_datetime, orders.promise, orders.marker_color, orders.address_id, orders.address_text, orders.created_at, orders.updated_at 
FROM orders 
 LIMIT $1::INTEGER OFFSET $2::INTEGER
2026-02-28 11:16:01,499 - sqlalchemy.engine.Engine - INFO - [cached since 26.23s ago] (100, 0)
2026-02-28 11:16:01,502 - sqlalchemy.engine.Engine - INFO - SELECT finance.order_id AS finance_order_id, finance.id AS finance_id, finance.revenue AS finance_revenue, finance.cost_of_goods AS finance_cost_of_goods, finance.installer_payments AS finance_installer_payments, finance.expenses AS finance_expenses, finance.warranty_costs_oleg AS finance_warranty_costs_oleg, finance.warranty_costs_installer AS finance_warranty_costs_installer, finance.profit AS finance_profit, finance.created_at AS finance_created_at, finance.updated_at AS finance_updated_at 
FROM finance 
WHERE finance.order_id IN ($1::INTEGER, $2::INTEGER, $3::INTEGER, $4::INTEGER, $5::INTEGER)
2026-02-28 11:16:01,502 - sqlalchemy.engine.Engine - INFO - [cached since 26.23s ago] (1, 2, 3, 4, 5)
2026-02-28 11:16:01,503 - sqlalchemy.engine.Engine - INFO - SELECT clients.id AS clients_id, clients.full_name AS clients_full_name, clients.phone AS clients_phone, clients.address AS clients_address, clients.coordinates AS clients_coordinates, clients.created_at AS clients_created_at, clients.last_contact AS clients_last_contact, clients.comments AS clients_comments, clients.updated_at AS clients_updated_at, clients.backup_phone AS clients_backup_phone, clients.deleted_at AS clients_deleted_at 
FROM clients 
WHERE clients.id IN ($1::INTEGER)
2026-02-28 11:16:01,503 - sqlalchemy.engine.Engine - INFO - [cached since 26.23s ago] (2,)
2026-02-28 11:16:01,503 - sqlalchemy.engine.Engine - INFO - SELECT address_cache.address AS address_cache_address, address_cache.lat AS address_cache_lat, address_cache.lon AS address_cache_lon, address_cache.updated_at AS address_cache_updated_at 
FROM address_cache 
WHERE address_cache.address IN ($1::VARCHAR, $2::VARCHAR, $3::VARCHAR)
2026-02-28 11:16:01,504 - sqlalchemy.engine.Engine - INFO - [cached since 26.23s ago] ('Москва, ул. Ленина, 10', 'Россия, Москва, улица Пресненский Вал, 19', 'Россия, Московская область, Мытищи, улица Карла Маркса, 4')
2026-02-28 11:16:01,505 - sqlalchemy.engine.Engine - INFO - SELECT order_installers.order_id AS order_installers_order_id, order_installers.id AS order_installers_id, order_installers.installer_id AS order_installers_installer_id, order_installers.role AS order_installers_role, order_installers.base_payment AS order_installers_base_payment, order_installers.is_primary AS order_installers_is_primary, order_installers.created_at AS order_installers_created_at, order_installers.updated_at AS order_installers_updated_at 
FROM order_installers 
WHERE order_installers.order_id IN ($1::INTEGER, $2::INTEGER, $3::INTEGER, $4::INTEGER, $5::INTEGER)
2026-02-28 11:16:01,505 - sqlalchemy.engine.Engine - INFO - [cached since 26.22s ago] (1, 2, 3, 4, 5)
2026-02-28 11:16:01,506 - sqlalchemy.engine.Engine - INFO - ROLLBACK
2026-02-28 11:16:04,634 - sqlalchemy.engine.Engine - INFO - BEGIN (implicit)
2026-02-28 11:16:04,634 - sqlalchemy.engine.Engine - INFO - SELECT admins.id, admins.username, admins.password_hash, admins.created_at 
FROM admins 
WHERE admins.username = $1::VARCHAR
2026-02-28 11:16:04,634 - sqlalchemy.engine.Engine - INFO - [cached since 1387s ago] ('zhura2296@yandex.ru',)
2026-02-28 11:16:04,635 - sqlalchemy.engine.Engine - INFO - SELECT installers.id, installers.full_name, installers.nickname, installers.phone, installers.backup_phone, installers.specialization, installers.rating, installers.base_price, installers.is_debtor, installers.comments, installers.is_active, installers.is_in_funnel, installers.total_orders, installers.poor_work_count, installers.warranty_visits_count, installers.last_incident_date, installers.updated_at, installers.created_at, installers.deleted_at 
FROM installers 
WHERE installers.deleted_at IS NULL 
 LIMIT $1::INTEGER OFFSET $2::INTEGER
2026-02-28 11:16:04,635 - sqlalchemy.engine.Engine - INFO - [cached since 1387s ago] (100, 0)
2026-02-28 11:16:04,636 - sqlalchemy.engine.Engine - INFO - ROLLBACK
2026-02-28 11:16:04,638 - sqlalchemy.engine.Engine - INFO - BEGIN (implicit)
2026-02-28 11:16:04,639 - sqlalchemy.engine.Engine - INFO - SELECT orders.id, orders.client_id, orders.status, orders.warehouse, orders.service_datetime, orders.delivery_datetime, orders.promise, orders.marker_color, orders.address_id, orders.address_text, orders.created_at, orders.updated_at 
FROM orders 
WHERE orders.id = $1::INTEGER
2026-02-28 11:16:04,639 - sqlalchemy.engine.Engine - INFO - [cached since 24.65s ago] (4,)
2026-02-28 11:16:04,641 - sqlalchemy.engine.Engine - INFO - BEGIN (implicit)
2026-02-28 11:16:04,641 - sqlalchemy.engine.Engine - INFO - SELECT admins.id, admins.username, admins.password_hash, admins.created_at 
FROM admins 
WHERE admins.username = $1::VARCHAR
2026-02-28 11:16:04,641 - sqlalchemy.engine.Engine - INFO - [cached since 1387s ago] ('zhura2296@yandex.ru',)
2026-02-28 11:16:04,642 - sqlalchemy.engine.Engine - INFO - SELECT installers.id, installers.full_name, installers.nickname, installers.phone, installers.backup_phone, installers.specialization, installers.rating, installers.base_price, installers.is_debtor, installers.comments, installers.is_active, installers.is_in_funnel, installers.total_orders, installers.poor_work_count, installers.warranty_visits_count, installers.last_incident_date, installers.updated_at, installers.created_at, installers.deleted_at 
FROM installers 
WHERE installers.deleted_at IS NULL 
 LIMIT $1::INTEGER OFFSET $2::INTEGER
2026-02-28 11:16:04,642 - sqlalchemy.engine.Engine - INFO - [cached since 1387s ago] (100, 0)
2026-02-28 11:16:04,643 - sqlalchemy.engine.Engine - INFO - SELECT finance.order_id AS finance_order_id, finance.id AS finance_id, finance.revenue AS finance_revenue, finance.cost_of_goods AS finance_cost_of_goods, finance.installer_payments AS finance_installer_payments, finance.expenses AS finance_expenses, finance.warranty_costs_oleg AS finance_warranty_costs_oleg, finance.warranty_costs_installer AS finance_warranty_costs_installer, finance.profit AS finance_profit, finance.created_at AS finance_created_at, finance.updated_at AS finance_updated_at 
FROM finance 
WHERE finance.order_id IN ($1::INTEGER)
2026-02-28 11:16:04,643 - sqlalchemy.engine.Engine - INFO - [cached since 29.37s ago] (4,)
2026-02-28 11:16:04,644 - sqlalchemy.engine.Engine - INFO - SELECT clients.id AS clients_id, clients.full_name AS clients_full_name, clients.phone AS clients_phone, clients.address AS clients_address, clients.coordinates AS clients_coordinates, clients.created_at AS clients_created_at, clients.last_contact AS clients_last_contact, clients.comments AS clients_comments, clients.updated_at AS clients_updated_at, clients.backup_phone AS clients_backup_phone, clients.deleted_at AS clients_deleted_at 
FROM clients 
WHERE clients.id IN ($1::INTEGER)
2026-02-28 11:16:04,644 - sqlalchemy.engine.Engine - INFO - [cached since 29.37s ago] (2,)
2026-02-28 11:16:04,645 - sqlalchemy.engine.Engine - INFO - SELECT address_cache.address AS address_cache_address, address_cache.lat AS address_cache_lat, address_cache.lon AS address_cache_lon, address_cache.updated_at AS address_cache_updated_at 
FROM address_cache 
WHERE address_cache.address IN ($1::VARCHAR)
2026-02-28 11:16:04,645 - sqlalchemy.engine.Engine - INFO - [cached since 29.37s ago] ('Россия, Московская область, Мытищи, улица Карла Маркса, 4',)
2026-02-28 11:16:04,645 - sqlalchemy.engine.Engine - INFO - ROLLBACK
2026-02-28 11:16:04,645 - sqlalchemy.engine.Engine - INFO - SELECT order_installers.order_id AS order_installers_order_id, order_installers.id AS order_installers_id, order_installers.installer_id AS order_installers_installer_id, order_installers.role AS order_installers_role, order_installers.base_payment AS order_installers_base_payment, order_installers.is_primary AS order_installers_is_primary, order_installers.created_at AS order_installers_created_at, order_installers.updated_at AS order_installers_updated_at 
FROM order_installers 
WHERE order_installers.order_id IN ($1::INTEGER)
2026-02-28 11:16:04,646 - sqlalchemy.engine.Engine - INFO - [cached since 29.37s ago] (4,)
2026-02-28 11:16:04,647 - sqlalchemy.engine.Engine - INFO - ROLLBACK
2026-02-28 11:16:04,647 - sqlalchemy.engine.Engine - INFO - BEGIN (implicit)
2026-02-28 11:16:04,648 - sqlalchemy.engine.Engine - INFO - SELECT orders.id, orders.client_id, orders.status, orders.warehouse, orders.service_datetime, orders.delivery_datetime, orders.promise, orders.marker_color, orders.address_id, orders.address_text, orders.created_at, orders.updated_at 
FROM orders 
WHERE orders.id = $1::INTEGER
2026-02-28 11:16:04,648 - sqlalchemy.engine.Engine - INFO - [cached since 24.65s ago] (4,)
2026-02-28 11:16:04,648 - sqlalchemy.engine.Engine - INFO - SELECT finance.order_id AS finance_order_id, finance.id AS finance_id, finance.revenue AS finance_revenue, finance.cost_of_goods AS finance_cost_of_goods, finance.installer_payments AS finance_installer_payments, finance.expenses AS finance_expenses, finance.warranty_costs_oleg AS finance_warranty_costs_oleg, finance.warranty_costs_installer AS finance_warranty_costs_installer, finance.profit AS finance_profit, finance.created_at AS finance_created_at, finance.updated_at AS finance_updated_at 
FROM finance 
WHERE finance.order_id IN ($1::INTEGER)
2026-02-28 11:16:04,648 - sqlalchemy.engine.Engine - INFO - [cached since 29.38s ago] (4,)
2026-02-28 11:16:04,649 - sqlalchemy.engine.Engine - INFO - SELECT clients.id AS clients_id, clients.full_name AS clients_full_name, clients.phone AS clients_phone, clients.address AS clients_address, clients.coordinates AS clients_coordinates, clients.created_at AS clients_created_at, clients.last_contact AS clients_last_contact, clients.comments AS clients_comments, clients.updated_at AS clients_updated_at, clients.backup_phone AS clients_backup_phone, clients.deleted_at AS clients_deleted_at 
FROM clients 
WHERE clients.id IN ($1::INTEGER)
2026-02-28 11:16:04,649 - sqlalchemy.engine.Engine - INFO - [cached since 29.37s ago] (2,)
2026-02-28 11:16:04,650 - sqlalchemy.engine.Engine - INFO - SELECT address_cache.address AS address_cache_address, address_cache.lat AS address_cache_lat, address_cache.lon AS address_cache_lon, address_cache.updated_at AS address_cache_updated_at 
FROM address_cache 
WHERE address_cache.address IN ($1::VARCHAR)
2026-02-28 11:16:04,650 - sqlalchemy.engine.Engine - INFO - [cached since 29.37s ago] ('Россия, Московская область, Мытищи, улица Карла Маркса, 4',)
2026-02-28 11:16:04,650 - sqlalchemy.engine.Engine - INFO - SELECT order_installers.order_id AS order_installers_order_id, order_installers.id AS order_installers_id, order_installers.installer_id AS order_installers_installer_id, order_installers.role AS order_installers_role, order_installers.base_payment AS order_installers_base_payment, order_installers.is_primary AS order_installers_is_primary, order_installers.created_at AS order_installers_created_at, order_installers.updated_at AS order_installers_updated_at 
FROM order_installers 
WHERE order_installers.order_id IN ($1::INTEGER)
2026-02-28 11:16:04,650 - sqlalchemy.engine.Engine - INFO - [cached since 29.37s ago] (4,)
2026-02-28 11:16:04,651 - sqlalchemy.engine.Engine - INFO - ROLLBACK
2026-02-28 11:16:07,462 - sqlalchemy.engine.Engine - INFO - BEGIN (implicit)
2026-02-28 11:16:07,462 - sqlalchemy.engine.Engine - INFO - SELECT orders.id, orders.client_id, orders.status, orders.warehouse, orders.service_datetime, orders.delivery_datetime, orders.promise, orders.marker_color, orders.address_id, orders.address_text, orders.created_at, orders.updated_at 
FROM orders 
 LIMIT $1::INTEGER OFFSET $2::INTEGER
2026-02-28 11:16:07,463 - sqlalchemy.engine.Engine - INFO - [cached since 32.2s ago] (100, 0)
2026-02-28 11:16:07,464 - sqlalchemy.engine.Engine - INFO - SELECT finance.order_id AS finance_order_id, finance.id AS finance_id, finance.revenue AS finance_revenue, finance.cost_of_goods AS finance_cost_of_goods, finance.installer_payments AS finance_installer_payments, finance.expenses AS finance_expenses, finance.warranty_costs_oleg AS finance_warranty_costs_oleg, finance.warranty_costs_installer AS finance_warranty_costs_installer, finance.profit AS finance_profit, finance.created_at AS finance_created_at, finance.updated_at AS finance_updated_at 
FROM finance 
WHERE finance.order_id IN ($1::INTEGER, $2::INTEGER, $3::INTEGER, $4::INTEGER, $5::INTEGER)
2026-02-28 11:16:07,464 - sqlalchemy.engine.Engine - INFO - [cached since 32.19s ago] (1, 2, 3, 4, 5)
2026-02-28 11:16:07,465 - sqlalchemy.engine.Engine - INFO - SELECT clients.id AS clients_id, clients.full_name AS clients_full_name, clients.phone AS clients_phone, clients.address AS clients_address, clients.coordinates AS clients_coordinates, clients.created_at AS clients_created_at, clients.last_contact AS clients_last_contact, clients.comments AS clients_comments, clients.updated_at AS clients_updated_at, clients.backup_phone AS clients_backup_phone, clients.deleted_at AS clients_deleted_at 
FROM clients 
WHERE clients.id IN ($1::INTEGER)
2026-02-28 11:16:07,465 - sqlalchemy.engine.Engine - INFO - [cached since 32.19s ago] (2,)
2026-02-28 11:16:07,466 - sqlalchemy.engine.Engine - INFO - SELECT address_cache.address AS address_cache_address, address_cache.lat AS address_cache_lat, address_cache.lon AS address_cache_lon, address_cache.updated_at AS address_cache_updated_at 
FROM address_cache 
WHERE address_cache.address IN ($1::VARCHAR, $2::VARCHAR, $3::VARCHAR)
2026-02-28 11:16:07,466 - sqlalchemy.engine.Engine - INFO - [cached since 32.19s ago] ('Москва, ул. Ленина, 10', 'Россия, Москва, улица Пресненский Вал, 19', 'Россия, Московская область, Мытищи, улица Карла Маркса, 4')
2026-02-28 11:16:07,468 - sqlalchemy.engine.Engine - INFO - SELECT order_installers.order_id AS order_installers_order_id, order_installers.id AS order_installers_id, order_installers.installer_id AS order_installers_installer_id, order_installers.role AS order_installers_role, order_installers.base_payment AS order_installers_base_payment, order_installers.is_primary AS order_installers_is_primary, order_installers.created_at AS order_installers_created_at, order_installers.updated_at AS order_installers_updated_at 
FROM order_installers 
WHERE order_installers.order_id IN ($1::INTEGER, $2::INTEGER, $3::INTEGER, $4::INTEGER, $5::INTEGER)
2026-02-28 11:16:07,468 - sqlalchemy.engine.Engine - INFO - [cached since 32.19s ago] (1, 2, 3, 4, 5)
2026-02-28 11:16:07,470 - sqlalchemy.engine.Engine - INFO - ROLLBACK
2026-02-28 11:16:07,470 - sqlalchemy.engine.Engine - INFO - BEGIN (implicit)
2026-02-28 11:16:07,471 - sqlalchemy.engine.Engine - INFO - SELECT orders.id, orders.client_id, orders.status, orders.warehouse, orders.service_datetime, orders.delivery_datetime, orders.promise, orders.marker_color, orders.address_id, orders.address_text, orders.created_at, orders.updated_at 
FROM orders 
 LIMIT $1::INTEGER OFFSET $2::INTEGER
2026-02-28 11:16:07,471 - sqlalchemy.engine.Engine - INFO - [cached since 32.21s ago] (100, 0)
2026-02-28 11:16:07,473 - sqlalchemy.engine.Engine - INFO - SELECT finance.order_id AS finance_order_id, finance.id AS finance_id, finance.revenue AS finance_revenue, finance.cost_of_goods AS finance_cost_of_goods, finance.installer_payments AS finance_installer_payments, finance.expenses AS finance_expenses, finance.warranty_costs_oleg AS finance_warranty_costs_oleg, finance.warranty_costs_installer AS finance_warranty_costs_installer, finance.profit AS finance_profit, finance.created_at AS finance_created_at, finance.updated_at AS finance_updated_at 
FROM finance 
WHERE finance.order_id IN ($1::INTEGER, $2::INTEGER, $3::INTEGER, $4::INTEGER, $5::INTEGER)
2026-02-28 11:16:07,473 - sqlalchemy.engine.Engine - INFO - [cached since 32.2s ago] (1, 2, 3, 4, 5)
2026-02-28 11:16:07,474 - sqlalchemy.engine.Engine - INFO - SELECT clients.id AS clients_id, clients.full_name AS clients_full_name, clients.phone AS clients_phone, clients.address AS clients_address, clients.coordinates AS clients_coordinates, clients.created_at AS clients_created_at, clients.last_contact AS clients_last_contact, clients.comments AS clients_comments, clients.updated_at AS clients_updated_at, clients.backup_phone AS clients_backup_phone, clients.deleted_at AS clients_deleted_at 
FROM clients 
WHERE clients.id IN ($1::INTEGER)
2026-02-28 11:16:07,474 - sqlalchemy.engine.Engine - INFO - [cached since 32.2s ago] (2,)
2026-02-28 11:16:07,475 - sqlalchemy.engine.Engine - INFO - SELECT address_cache.address AS address_cache_address, address_cache.lat AS address_cache_lat, address_cache.lon AS address_cache_lon, address_cache.updated_at AS address_cache_updated_at 
FROM address_cache 
WHERE address_cache.address IN ($1::VARCHAR, $2::VARCHAR, $3::VARCHAR)
2026-02-28 11:16:07,475 - sqlalchemy.engine.Engine - INFO - [cached since 32.2s ago] ('Москва, ул. Ленина, 10', 'Россия, Москва, улица Пресненский Вал, 19', 'Россия, Московская область, Мытищи, улица Карла Маркса, 4')
2026-02-28 11:16:07,476 - sqlalchemy.engine.Engine - INFO - SELECT order_installers.order_id AS order_installers_order_id, order_installers.id AS order_installers_id, order_installers.installer_id AS order_installers_installer_id, order_installers.role AS order_installers_role, order_installers.base_payment AS order_installers_base_payment, order_installers.is_primary AS order_installers_is_primary, order_installers.created_at AS order_installers_created_at, order_installers.updated_at AS order_installers_updated_at 
FROM order_installers 
WHERE order_installers.order_id IN ($1::INTEGER, $2::INTEGER, $3::INTEGER, $4::INTEGER, $5::INTEGER)
2026-02-28 11:16:07,476 - sqlalchemy.engine.Engine - INFO - [cached since 32.2s ago] (1, 2, 3, 4, 5)
2026-02-28 11:16:07,477 - sqlalchemy.engine.Engine - INFO - ROLLBACK
2026-02-28 11:17:31,626 - sqlalchemy.engine.Engine - INFO - BEGIN (implicit)
2026-02-28 11:17:31,627 - sqlalchemy.engine.Engine - INFO - SELECT orders.id, orders.client_id, orders.status, orders.warehouse, orders.service_datetime, orders.delivery_datetime, orders.promise, orders.marker_color, orders.address_id, orders.address_text, orders.created_at, orders.updated_at 
FROM orders 
WHERE orders.id = $1::INTEGER
2026-02-28 11:17:31,627 - sqlalchemy.engine.Engine - INFO - [cached since 111.6s ago] (4,)
2026-02-28 11:17:31,628 - sqlalchemy.engine.Engine - INFO - BEGIN (implicit)
2026-02-28 11:17:31,629 - sqlalchemy.engine.Engine - INFO - SELECT admins.id, admins.username, admins.password_hash, admins.created_at 
FROM admins 
WHERE admins.username = $1::VARCHAR
2026-02-28 11:17:31,629 - sqlalchemy.engine.Engine - INFO - [cached since 1474s ago] ('zhura2296@yandex.ru',)
2026-02-28 11:17:31,631 - sqlalchemy.engine.Engine - INFO - SELECT finance.order_id AS finance_order_id, finance.id AS finance_id, finance.revenue AS finance_revenue, finance.cost_of_goods AS finance_cost_of_goods, finance.installer_payments AS finance_installer_payments, finance.expenses AS finance_expenses, finance.warranty_costs_oleg AS finance_warranty_costs_oleg, finance.warranty_costs_installer AS finance_warranty_costs_installer, finance.profit AS finance_profit, finance.created_at AS finance_created_at, finance.updated_at AS finance_updated_at 
FROM finance 
WHERE finance.order_id IN ($1::INTEGER)
2026-02-28 11:17:31,631 - sqlalchemy.engine.Engine - INFO - [cached since 116.4s ago] (4,)
2026-02-28 11:17:31,632 - sqlalchemy.engine.Engine - INFO - SELECT installers.id, installers.full_name, installers.nickname, installers.phone, installers.backup_phone, installers.specialization, installers.rating, installers.base_price, installers.is_debtor, installers.comments, installers.is_active, installers.is_in_funnel, installers.total_orders, installers.poor_work_count, installers.warranty_visits_count, installers.last_incident_date, installers.updated_at, installers.created_at, installers.deleted_at 
FROM installers 
WHERE installers.deleted_at IS NULL 
 LIMIT $1::INTEGER OFFSET $2::INTEGER
2026-02-28 11:17:31,633 - sqlalchemy.engine.Engine - INFO - [cached since 1474s ago] (100, 0)
2026-02-28 11:17:31,635 - sqlalchemy.engine.Engine - INFO - SELECT clients.id AS clients_id, clients.full_name AS clients_full_name, clients.phone AS clients_phone, clients.address AS clients_address, clients.coordinates AS clients_coordinates, clients.created_at AS clients_created_at, clients.last_contact AS clients_last_contact, clients.comments AS clients_comments, clients.updated_at AS clients_updated_at, clients.backup_phone AS clients_backup_phone, clients.deleted_at AS clients_deleted_at 
FROM clients 
WHERE clients.id IN ($1::INTEGER)
2026-02-28 11:17:31,635 - sqlalchemy.engine.Engine - INFO - [cached since 116.4s ago] (2,)
2026-02-28 11:17:31,636 - sqlalchemy.engine.Engine - INFO - SELECT address_cache.address AS address_cache_address, address_cache.lat AS address_cache_lat, address_cache.lon AS address_cache_lon, address_cache.updated_at AS address_cache_updated_at 
FROM address_cache 
WHERE address_cache.address IN ($1::VARCHAR)
2026-02-28 11:17:31,636 - sqlalchemy.engine.Engine - INFO - [cached since 116.4s ago] ('Россия, Московская область, Мытищи, улица Карла Маркса, 4',)
2026-02-28 11:17:31,638 - sqlalchemy.engine.Engine - INFO - SELECT order_installers.order_id AS order_installers_order_id, order_installers.id AS order_installers_id, order_installers.installer_id AS order_installers_installer_id, order_installers.role AS order_installers_role, order_installers.base_payment AS order_installers_base_payment, order_installers.is_primary AS order_installers_is_primary, order_installers.created_at AS order_installers_created_at, order_installers.updated_at AS order_installers_updated_at 
FROM order_installers 
WHERE order_installers.order_id IN ($1::INTEGER)
2026-02-28 11:17:31,638 - sqlalchemy.engine.Engine - INFO - [cached since 116.4s ago] (4,)
2026-02-28 11:17:31,639 - sqlalchemy.engine.Engine - INFO - ROLLBACK
2026-02-28 11:17:31,639 - sqlalchemy.engine.Engine - INFO - BEGIN (implicit)
2026-02-28 11:17:31,640 - sqlalchemy.engine.Engine - INFO - SELECT admins.id, admins.username, admins.password_hash, admins.created_at 
FROM admins 
WHERE admins.username = $1::VARCHAR
2026-02-28 11:17:31,640 - sqlalchemy.engine.Engine - INFO - [cached since 1474s ago] ('zhura2296@yandex.ru',)
2026-02-28 11:17:31,641 - sqlalchemy.engine.Engine - INFO - ROLLBACK
2026-02-28 11:17:31,641 - sqlalchemy.engine.Engine - INFO - SELECT installers.id, installers.full_name, installers.nickname, installers.phone, installers.backup_phone, installers.specialization, installers.rating, installers.base_price, installers.is_debtor, installers.comments, installers.is_active, installers.is_in_funnel, installers.total_orders, installers.poor_work_count, installers.warranty_visits_count, installers.last_incident_date, installers.updated_at, installers.created_at, installers.deleted_at 
FROM installers 
WHERE installers.deleted_at IS NULL 
 LIMIT $1::INTEGER OFFSET $2::INTEGER
2026-02-28 11:17:31,642 - sqlalchemy.engine.Engine - INFO - [cached since 1474s ago] (100, 0)
2026-02-28 11:17:31,643 - sqlalchemy.engine.Engine - INFO - BEGIN (implicit)
2026-02-28 11:17:31,643 - sqlalchemy.engine.Engine - INFO - SELECT orders.id, orders.client_id, orders.status, orders.warehouse, orders.service_datetime, orders.delivery_datetime, orders.promise, orders.marker_color, orders.address_id, orders.address_text, orders.created_at, orders.updated_at 
FROM orders 
WHERE orders.id = $1::INTEGER
2026-02-28 11:17:31,643 - sqlalchemy.engine.Engine - INFO - [cached since 111.7s ago] (4,)
2026-02-28 11:17:31,645 - sqlalchemy.engine.Engine - INFO - SELECT finance.order_id AS finance_order_id, finance.id AS finance_id, finance.revenue AS finance_revenue, finance.cost_of_goods AS finance_cost_of_goods, finance.installer_payments AS finance_installer_payments, finance.expenses AS finance_expenses, finance.warranty_costs_oleg AS finance_warranty_costs_oleg, finance.warranty_costs_installer AS finance_warranty_costs_installer, finance.profit AS finance_profit, finance.created_at AS finance_created_at, finance.updated_at AS finance_updated_at 
FROM finance 
WHERE finance.order_id IN ($1::INTEGER)
2026-02-28 11:17:31,645 - sqlalchemy.engine.Engine - INFO - [cached since 116.4s ago] (4,)
2026-02-28 11:17:31,645 - sqlalchemy.engine.Engine - INFO - ROLLBACK
2026-02-28 11:17:31,646 - sqlalchemy.engine.Engine - INFO - SELECT clients.id AS clients_id, clients.full_name AS clients_full_name, clients.phone AS clients_phone, clients.address AS clients_address, clients.coordinates AS clients_coordinates, clients.created_at AS clients_created_at, clients.last_contact AS clients_last_contact, clients.comments AS clients_comments, clients.updated_at AS clients_updated_at, clients.backup_phone AS clients_backup_phone, clients.deleted_at AS clients_deleted_at 
FROM clients 
WHERE clients.id IN ($1::INTEGER)
2026-02-28 11:17:31,646 - sqlalchemy.engine.Engine - INFO - [cached since 116.4s ago] (2,)
2026-02-28 11:17:31,647 - sqlalchemy.engine.Engine - INFO - SELECT address_cache.address AS address_cache_address, address_cache.lat AS address_cache_lat, address_cache.lon AS address_cache_lon, address_cache.updated_at AS address_cache_updated_at 
FROM address_cache 
WHERE address_cache.address IN ($1::VARCHAR)
2026-02-28 11:17:31,647 - sqlalchemy.engine.Engine - INFO - [cached since 116.4s ago] ('Россия, Московская область, Мытищи, улица Карла Маркса, 4',)
2026-02-28 11:17:31,648 - sqlalchemy.engine.Engine - INFO - SELECT order_installers.order_id AS order_installers_order_id, order_installers.id AS order_installers_id, order_installers.installer_id AS order_installers_installer_id, order_installers.role AS order_installers_role, order_installers.base_payment AS order_installers_base_payment, order_installers.is_primary AS order_installers_is_primary, order_installers.created_at AS order_installers_created_at, order_installers.updated_at AS order_installers_updated_at 
FROM order_installers 
WHERE order_installers.order_id IN ($1::INTEGER)
2026-02-28 11:17:31,648 - sqlalchemy.engine.Engine - INFO - [cached since 116.4s ago] (4,)
2026-02-28 11:17:31,650 - sqlalchemy.engine.Engine - INFO - ROLLBACK
2026-02-28 11:20:51,326 - sqlalchemy.engine.Engine - INFO - BEGIN (implicit)
2026-02-28 11:20:51,327 - sqlalchemy.engine.Engine - INFO - SELECT orders.id, orders.client_id, orders.status, orders.warehouse, orders.service_datetime, orders.delivery_datetime, orders.promise, orders.marker_color, orders.address_id, orders.address_text, orders.created_at, orders.updated_at 
FROM orders 
 LIMIT $1::INTEGER OFFSET $2::INTEGER
2026-02-28 11:20:51,327 - sqlalchemy.engine.Engine - INFO - [cached since 316.1s ago] (100, 0)
2026-02-28 11:20:51,330 - sqlalchemy.engine.Engine - INFO - SELECT finance.order_id AS finance_order_id, finance.id AS finance_id, finance.revenue AS finance_revenue, finance.cost_of_goods AS finance_cost_of_goods, finance.installer_payments AS finance_installer_payments, finance.expenses AS finance_expenses, finance.warranty_costs_oleg AS finance_warranty_costs_oleg, finance.warranty_costs_installer AS finance_warranty_costs_installer, finance.profit AS finance_profit, finance.created_at AS finance_created_at, finance.updated_at AS finance_updated_at 
FROM finance 
WHERE finance.order_id IN ($1::INTEGER, $2::INTEGER, $3::INTEGER, $4::INTEGER, $5::INTEGER)
2026-02-28 11:20:51,330 - sqlalchemy.engine.Engine - INFO - [cached since 316.1s ago] (1, 2, 3, 4, 5)
2026-02-28 11:20:51,333 - sqlalchemy.engine.Engine - INFO - SELECT clients.id AS clients_id, clients.full_name AS clients_full_name, clients.phone AS clients_phone, clients.address AS clients_address, clients.coordinates AS clients_coordinates, clients.created_at AS clients_created_at, clients.last_contact AS clients_last_contact, clients.comments AS clients_comments, clients.updated_at AS clients_updated_at, clients.backup_phone AS clients_backup_phone, clients.deleted_at AS clients_deleted_at 
FROM clients 
WHERE clients.id IN ($1::INTEGER)
2026-02-28 11:20:51,333 - sqlalchemy.engine.Engine - INFO - [cached since 316.1s ago] (2,)
2026-02-28 11:20:51,335 - sqlalchemy.engine.Engine - INFO - SELECT address_cache.address AS address_cache_address, address_cache.lat AS address_cache_lat, address_cache.lon AS address_cache_lon, address_cache.updated_at AS address_cache_updated_at 
FROM address_cache 
WHERE address_cache.address IN ($1::VARCHAR, $2::VARCHAR, $3::VARCHAR)
2026-02-28 11:20:51,335 - sqlalchemy.engine.Engine - INFO - [cached since 316.1s ago] ('Москва, ул. Ленина, 10', 'Россия, Москва, улица Пресненский Вал, 19', 'Россия, Московская область, Мытищи, улица Карла Маркса, 4')
2026-02-28 11:20:51,336 - sqlalchemy.engine.Engine - INFO - SELECT order_installers.order_id AS order_installers_order_id, order_installers.id AS order_installers_id, order_installers.installer_id AS order_installers_installer_id, order_installers.role AS order_installers_role, order_installers.base_payment AS order_installers_base_payment, order_installers.is_primary AS order_installers_is_primary, order_installers.created_at AS order_installers_created_at, order_installers.updated_at AS order_installers_updated_at 
FROM order_installers 
WHERE order_installers.order_id IN ($1::INTEGER, $2::INTEGER, $3::INTEGER, $4::INTEGER, $5::INTEGER)
2026-02-28 11:20:51,337 - sqlalchemy.engine.Engine - INFO - [cached since 316.1s ago] (1, 2, 3, 4, 5)
2026-02-28 11:20:51,338 - sqlalchemy.engine.Engine - INFO - ROLLBACK
2026-02-28 11:20:51,339 - sqlalchemy.engine.Engine - INFO - BEGIN (implicit)
2026-02-28 11:20:51,340 - sqlalchemy.engine.Engine - INFO - SELECT orders.id, orders.client_id, orders.status, orders.warehouse, orders.service_datetime, orders.delivery_datetime, orders.promise, orders.marker_color, orders.address_id, orders.address_text, orders.created_at, orders.updated_at 
FROM orders 
 LIMIT $1::INTEGER OFFSET $2::INTEGER
2026-02-28 11:20:51,340 - sqlalchemy.engine.Engine - INFO - [cached since 316.1s ago] (100, 0)
2026-02-28 11:20:51,341 - sqlalchemy.engine.Engine - INFO - SELECT finance.order_id AS finance_order_id, finance.id AS finance_id, finance.revenue AS finance_revenue, finance.cost_of_goods AS finance_cost_of_goods, finance.installer_payments AS finance_installer_payments, finance.expenses AS finance_expenses, finance.warranty_costs_oleg AS finance_warranty_costs_oleg, finance.warranty_costs_installer AS finance_warranty_costs_installer, finance.profit AS finance_profit, finance.created_at AS finance_created_at, finance.updated_at AS finance_updated_at 
FROM finance 
WHERE finance.order_id IN ($1::INTEGER, $2::INTEGER, $3::INTEGER, $4::INTEGER, $5::INTEGER)
2026-02-28 11:20:51,341 - sqlalchemy.engine.Engine - INFO - [cached since 316.1s ago] (1, 2, 3, 4, 5)
2026-02-28 11:20:51,342 - sqlalchemy.engine.Engine - INFO - SELECT clients.id AS clients_id, clients.full_name AS clients_full_name, clients.phone AS clients_phone, clients.address AS clients_address, clients.coordinates AS clients_coordinates, clients.created_at AS clients_created_at, clients.last_contact AS clients_last_contact, clients.comments AS clients_comments, clients.updated_at AS clients_updated_at, clients.backup_phone AS clients_backup_phone, clients.deleted_at AS clients_deleted_at 
FROM clients 
WHERE clients.id IN ($1::INTEGER)
2026-02-28 11:20:51,342 - sqlalchemy.engine.Engine - INFO - [cached since 316.1s ago] (2,)
2026-02-28 11:20:51,343 - sqlalchemy.engine.Engine - INFO - SELECT address_cache.address AS address_cache_address, address_cache.lat AS address_cache_lat, address_cache.lon AS address_cache_lon, address_cache.updated_at AS address_cache_updated_at 
FROM address_cache 
WHERE address_cache.address IN ($1::VARCHAR, $2::VARCHAR, $3::VARCHAR)
2026-02-28 11:20:51,343 - sqlalchemy.engine.Engine - INFO - [cached since 316.1s ago] ('Москва, ул. Ленина, 10', 'Россия, Москва, улица Пресненский Вал, 19', 'Россия, Московская область, Мытищи, улица Карла Маркса, 4')
2026-02-28 11:20:51,344 - sqlalchemy.engine.Engine - INFO - SELECT order_installers.order_id AS order_installers_order_id, order_installers.id AS order_installers_id, order_installers.installer_id AS order_installers_installer_id, order_installers.role AS order_installers_role, order_installers.base_payment AS order_installers_base_payment, order_installers.is_primary AS order_installers_is_primary, order_installers.created_at AS order_installers_created_at, order_installers.updated_at AS order_installers_updated_at 
FROM order_installers 
WHERE order_installers.order_id IN ($1::INTEGER, $2::INTEGER, $3::INTEGER, $4::INTEGER, $5::INTEGER)
2026-02-28 11:20:51,344 - sqlalchemy.engine.Engine - INFO - [cached since 316.1s ago] (1, 2, 3, 4, 5)
2026-02-28 11:20:51,345 - sqlalchemy.engine.Engine - INFO - ROLLBACK
2026-02-28 11:20:52,773 - sqlalchemy.engine.Engine - INFO - BEGIN (implicit)
2026-02-28 11:20:52,773 - sqlalchemy.engine.Engine - INFO - SELECT orders.id, orders.client_id, orders.status, orders.warehouse, orders.service_datetime, orders.delivery_datetime, orders.promise, orders.marker_color, orders.address_id, orders.address_text, orders.created_at, orders.updated_at 
FROM orders 
WHERE orders.id = $1::INTEGER
2026-02-28 11:20:52,774 - sqlalchemy.engine.Engine - INFO - [cached since 312.8s ago] (4,)
2026-02-28 11:20:52,774 - sqlalchemy.engine.Engine - INFO - BEGIN (implicit)
2026-02-28 11:20:52,774 - sqlalchemy.engine.Engine - INFO - SELECT admins.id, admins.username, admins.password_hash, admins.created_at 
FROM admins 
WHERE admins.username = $1::VARCHAR
2026-02-28 11:20:52,774 - sqlalchemy.engine.Engine - INFO - [cached since 1675s ago] ('zhura2296@yandex.ru',)
2026-02-28 11:20:52,775 - sqlalchemy.engine.Engine - INFO - SELECT finance.order_id AS finance_order_id, finance.id AS finance_id, finance.revenue AS finance_revenue, finance.cost_of_goods AS finance_cost_of_goods, finance.installer_payments AS finance_installer_payments, finance.expenses AS finance_expenses, finance.warranty_costs_oleg AS finance_warranty_costs_oleg, finance.warranty_costs_installer AS finance_warranty_costs_installer, finance.profit AS finance_profit, finance.created_at AS finance_created_at, finance.updated_at AS finance_updated_at 
FROM finance 
WHERE finance.order_id IN ($1::INTEGER)
2026-02-28 11:20:52,776 - sqlalchemy.engine.Engine - INFO - [cached since 317.5s ago] (4,)
2026-02-28 11:20:52,776 - sqlalchemy.engine.Engine - INFO - SELECT installers.id, installers.full_name, installers.nickname, installers.phone, installers.backup_phone, installers.specialization, installers.rating, installers.base_price, installers.is_debtor, installers.comments, installers.is_active, installers.is_in_funnel, installers.total_orders, installers.poor_work_count, installers.warranty_visits_count, installers.last_incident_date, installers.updated_at, installers.created_at, installers.deleted_at 
FROM installers 
WHERE installers.deleted_at IS NULL 
 LIMIT $1::INTEGER OFFSET $2::INTEGER
2026-02-28 11:20:52,776 - sqlalchemy.engine.Engine - INFO - [cached since 1675s ago] (100, 0)
2026-02-28 11:20:52,777 - sqlalchemy.engine.Engine - INFO - SELECT clients.id AS clients_id, clients.full_name AS clients_full_name, clients.phone AS clients_phone, clients.address AS clients_address, clients.coordinates AS clients_coordinates, clients.created_at AS clients_created_at, clients.last_contact AS clients_last_contact, clients.comments AS clients_comments, clients.updated_at AS clients_updated_at, clients.backup_phone AS clients_backup_phone, clients.deleted_at AS clients_deleted_at 
FROM clients 
WHERE clients.id IN ($1::INTEGER)
2026-02-28 11:20:52,777 - sqlalchemy.engine.Engine - INFO - [cached since 317.5s ago] (2,)
2026-02-28 11:20:52,778 - sqlalchemy.engine.Engine - INFO - SELECT address_cache.address AS address_cache_address, address_cache.lat AS address_cache_lat, address_cache.lon AS address_cache_lon, address_cache.updated_at AS address_cache_updated_at 
FROM address_cache 
WHERE address_cache.address IN ($1::VARCHAR)
2026-02-28 11:20:52,778 - sqlalchemy.engine.Engine - INFO - [cached since 317.5s ago] ('Россия, Московская область, Мытищи, улица Карла Маркса, 4',)
2026-02-28 11:20:52,778 - sqlalchemy.engine.Engine - INFO - SELECT order_installers.order_id AS order_installers_order_id, order_installers.id AS order_installers_id, order_installers.installer_id AS order_installers_installer_id, order_installers.role AS order_installers_role, order_installers.base_payment AS order_installers_base_payment, order_installers.is_primary AS order_installers_is_primary, order_installers.created_at AS order_installers_created_at, order_installers.updated_at AS order_installers_updated_at 
FROM order_installers 
WHERE order_installers.order_id IN ($1::INTEGER)
2026-02-28 11:20:52,779 - sqlalchemy.engine.Engine - INFO - [cached since 317.5s ago] (4,)
2026-02-28 11:20:52,779 - sqlalchemy.engine.Engine - INFO - ROLLBACK
2026-02-28 11:20:52,780 - sqlalchemy.engine.Engine - INFO - BEGIN (implicit)
2026-02-28 11:20:52,780 - sqlalchemy.engine.Engine - INFO - SELECT admins.id, admins.username, admins.password_hash, admins.created_at 
FROM admins 
WHERE admins.username = $1::VARCHAR
2026-02-28 11:20:52,780 - sqlalchemy.engine.Engine - INFO - [cached since 1675s ago] ('zhura2296@yandex.ru',)
2026-02-28 11:20:52,783 - sqlalchemy.engine.Engine - INFO - ROLLBACK
2026-02-28 11:20:52,784 - sqlalchemy.engine.Engine - INFO - SELECT installers.id, installers.full_name, installers.nickname, installers.phone, installers.backup_phone, installers.specialization, installers.rating, installers.base_price, installers.is_debtor, installers.comments, installers.is_active, installers.is_in_funnel, installers.total_orders, installers.poor_work_count, installers.warranty_visits_count, installers.last_incident_date, installers.updated_at, installers.created_at, installers.deleted_at 
FROM installers 
WHERE installers.deleted_at IS NULL 
 LIMIT $1::INTEGER OFFSET $2::INTEGER
2026-02-28 11:20:52,784 - sqlalchemy.engine.Engine - INFO - [cached since 1675s ago] (100, 0)
2026-02-28 11:20:52,786 - sqlalchemy.engine.Engine - INFO - BEGIN (implicit)
2026-02-28 11:20:52,786 - sqlalchemy.engine.Engine - INFO - SELECT orders.id, orders.client_id, orders.status, orders.warehouse, orders.service_datetime, orders.delivery_datetime, orders.promise, orders.marker_color, orders.address_id, orders.address_text, orders.created_at, orders.updated_at 
FROM orders 
WHERE orders.id = $1::INTEGER
2026-02-28 11:20:52,786 - sqlalchemy.engine.Engine - INFO - [cached since 312.8s ago] (4,)
2026-02-28 11:20:52,787 - sqlalchemy.engine.Engine - INFO - ROLLBACK
2026-02-28 11:20:52,788 - sqlalchemy.engine.Engine - INFO - SELECT finance.order_id AS finance_order_id, finance.id AS finance_id, finance.revenue AS finance_revenue, finance.cost_of_goods AS finance_cost_of_goods, finance.installer_payments AS finance_installer_payments, finance.expenses AS finance_expenses, finance.warranty_costs_oleg AS finance_warranty_costs_oleg, finance.warranty_costs_installer AS finance_warranty_costs_installer, finance.profit AS finance_profit, finance.created_at AS finance_created_at, finance.updated_at AS finance_updated_at 
FROM finance 
WHERE finance.order_id IN ($1::INTEGER)
2026-02-28 11:20:52,788 - sqlalchemy.engine.Engine - INFO - [cached since 317.5s ago] (4,)
2026-02-28 11:20:52,789 - sqlalchemy.engine.Engine - INFO - SELECT clients.id AS clients_id, clients.full_name AS clients_full_name, clients.phone AS clients_phone, clients.address AS clients_address, clients.coordinates AS clients_coordinates, clients.created_at AS clients_created_at, clients.last_contact AS clients_last_contact, clients.comments AS clients_comments, clients.updated_at AS clients_updated_at, clients.backup_phone AS clients_backup_phone, clients.deleted_at AS clients_deleted_at 
FROM clients 
WHERE clients.id IN ($1::INTEGER)
2026-02-28 11:20:52,789 - sqlalchemy.engine.Engine - INFO - [cached since 317.5s ago] (2,)
2026-02-28 11:20:52,789 - sqlalchemy.engine.Engine - INFO - SELECT address_cache.address AS address_cache_address, address_cache.lat AS address_cache_lat, address_cache.lon AS address_cache_lon, address_cache.updated_at AS address_cache_updated_at 
FROM address_cache 
WHERE address_cache.address IN ($1::VARCHAR)
2026-02-28 11:20:52,789 - sqlalchemy.engine.Engine - INFO - [cached since 317.5s ago] ('Россия, Московская область, Мытищи, улица Карла Маркса, 4',)
2026-02-28 11:20:52,790 - sqlalchemy.engine.Engine - INFO - SELECT order_installers.order_id AS order_installers_order_id, order_installers.id AS order_installers_id, order_installers.installer_id AS order_installers_installer_id, order_installers.role AS order_installers_role, order_installers.base_payment AS order_installers_base_payment, order_installers.is_primary AS order_installers_is_primary, order_installers.created_at AS order_installers_created_at, order_installers.updated_at AS order_installers_updated_at 
FROM order_installers 
WHERE order_installers.order_id IN ($1::INTEGER)
2026-02-28 11:20:52,790 - sqlalchemy.engine.Engine - INFO - [cached since 317.5s ago] (4,)
2026-02-28 11:20:52,791 - sqlalchemy.engine.Engine - INFO - ROLLBACK
2026-02-28 11:20:56,123 - sqlalchemy.engine.Engine - INFO - BEGIN (implicit)
2026-02-28 11:20:56,124 - sqlalchemy.engine.Engine - INFO - SELECT orders.id, orders.client_id, orders.status, orders.warehouse, orders.service_datetime, orders.delivery_datetime, orders.promise, orders.marker_color, orders.address_id, orders.address_text, orders.created_at, orders.updated_at 
FROM orders 
 LIMIT $1::INTEGER OFFSET $2::INTEGER
2026-02-28 11:20:56,124 - sqlalchemy.engine.Engine - INFO - [cached since 320.9s ago] (100, 0)
2026-02-28 11:20:56,127 - sqlalchemy.engine.Engine - INFO - SELECT finance.order_id AS finance_order_id, finance.id AS finance_id, finance.revenue AS finance_revenue, finance.cost_of_goods AS finance_cost_of_goods, finance.installer_payments AS finance_installer_payments, finance.expenses AS finance_expenses, finance.warranty_costs_oleg AS finance_warranty_costs_oleg, finance.warranty_costs_installer AS finance_warranty_costs_installer, finance.profit AS finance_profit, finance.created_at AS finance_created_at, finance.updated_at AS finance_updated_at 
FROM finance 
WHERE finance.order_id IN ($1::INTEGER, $2::INTEGER, $3::INTEGER, $4::INTEGER, $5::INTEGER)
2026-02-28 11:20:56,127 - sqlalchemy.engine.Engine - INFO - [cached since 320.9s ago] (1, 2, 3, 4, 5)
2026-02-28 11:20:56,128 - sqlalchemy.engine.Engine - INFO - SELECT clients.id AS clients_id, clients.full_name AS clients_full_name, clients.phone AS clients_phone, clients.address AS clients_address, clients.coordinates AS clients_coordinates, clients.created_at AS clients_created_at, clients.last_contact AS clients_last_contact, clients.comments AS clients_comments, clients.updated_at AS clients_updated_at, clients.backup_phone AS clients_backup_phone, clients.deleted_at AS clients_deleted_at 
FROM clients 
WHERE clients.id IN ($1::INTEGER)
2026-02-28 11:20:56,128 - sqlalchemy.engine.Engine - INFO - [cached since 320.9s ago] (2,)
2026-02-28 11:20:56,129 - sqlalchemy.engine.Engine - INFO - SELECT address_cache.address AS address_cache_address, address_cache.lat AS address_cache_lat, address_cache.lon AS address_cache_lon, address_cache.updated_at AS address_cache_updated_at 
FROM address_cache 
WHERE address_cache.address IN ($1::VARCHAR, $2::VARCHAR, $3::VARCHAR)
2026-02-28 11:20:56,129 - sqlalchemy.engine.Engine - INFO - [cached since 320.9s ago] ('Москва, ул. Ленина, 10', 'Россия, Москва, улица Пресненский Вал, 19', 'Россия, Московская область, Мытищи, улица Карла Маркса, 4')
2026-02-28 11:20:56,130 - sqlalchemy.engine.Engine - INFO - SELECT order_installers.order_id AS order_installers_order_id, order_installers.id AS order_installers_id, order_installers.installer_id AS order_installers_installer_id, order_installers.role AS order_installers_role, order_installers.base_payment AS order_installers_base_payment, order_installers.is_primary AS order_installers_is_primary, order_installers.created_at AS order_installers_created_at, order_installers.updated_at AS order_installers_updated_at 
FROM order_installers 
WHERE order_installers.order_id IN ($1::INTEGER, $2::INTEGER, $3::INTEGER, $4::INTEGER, $5::INTEGER)
2026-02-28 11:20:56,131 - sqlalchemy.engine.Engine - INFO - [cached since 320.9s ago] (1, 2, 3, 4, 5)
2026-02-28 11:20:56,132 - sqlalchemy.engine.Engine - INFO - ROLLBACK
2026-02-28 11:20:56,133 - sqlalchemy.engine.Engine - INFO - BEGIN (implicit)
2026-02-28 11:20:56,133 - sqlalchemy.engine.Engine - INFO - SELECT orders.id, orders.client_id, orders.status, orders.warehouse, orders.service_datetime, orders.delivery_datetime, orders.promise, orders.marker_color, orders.address_id, orders.address_text, orders.created_at, orders.updated_at 
FROM orders 
 LIMIT $1::INTEGER OFFSET $2::INTEGER
2026-02-28 11:20:56,133 - sqlalchemy.engine.Engine - INFO - [cached since 320.9s ago] (100, 0)
2026-02-28 11:20:56,135 - sqlalchemy.engine.Engine - INFO - SELECT finance.order_id AS finance_order_id, finance.id AS finance_id, finance.revenue AS finance_revenue, finance.cost_of_goods AS finance_cost_of_goods, finance.installer_payments AS finance_installer_payments, finance.expenses AS finance_expenses, finance.warranty_costs_oleg AS finance_warranty_costs_oleg, finance.warranty_costs_installer AS finance_warranty_costs_installer, finance.profit AS finance_profit, finance.created_at AS finance_created_at, finance.updated_at AS finance_updated_at 
FROM finance 
WHERE finance.order_id IN ($1::INTEGER, $2::INTEGER, $3::INTEGER, $4::INTEGER, $5::INTEGER)
2026-02-28 11:20:56,135 - sqlalchemy.engine.Engine - INFO - [cached since 320.9s ago] (1, 2, 3, 4, 5)
2026-02-28 11:20:56,136 - sqlalchemy.engine.Engine - INFO - SELECT clients.id AS clients_id, clients.full_name AS clients_full_name, clients.phone AS clients_phone, clients.address AS clients_address, clients.coordinates AS clients_coordinates, clients.created_at AS clients_created_at, clients.last_contact AS clients_last_contact, clients.comments AS clients_comments, clients.updated_at AS clients_updated_at, clients.backup_phone AS clients_backup_phone, clients.deleted_at AS clients_deleted_at 
FROM clients 
WHERE clients.id IN ($1::INTEGER)
2026-02-28 11:20:56,136 - sqlalchemy.engine.Engine - INFO - [cached since 320.9s ago] (2,)
2026-02-28 11:20:56,137 - sqlalchemy.engine.Engine - INFO - SELECT address_cache.address AS address_cache_address, address_cache.lat AS address_cache_lat, address_cache.lon AS address_cache_lon, address_cache.updated_at AS address_cache_updated_at 
FROM address_cache 
WHERE address_cache.address IN ($1::VARCHAR, $2::VARCHAR, $3::VARCHAR)
2026-02-28 11:20:56,137 - sqlalchemy.engine.Engine - INFO - [cached since 320.9s ago] ('Москва, ул. Ленина, 10', 'Россия, Москва, улица Пресненский Вал, 19', 'Россия, Московская область, Мытищи, улица Карла Маркса, 4')
2026-02-28 11:20:56,138 - sqlalchemy.engine.Engine - INFO - SELECT order_installers.order_id AS order_installers_order_id, order_installers.id AS order_installers_id, order_installers.installer_id AS order_installers_installer_id, order_installers.role AS order_installers_role, order_installers.base_payment AS order_installers_base_payment, order_installers.is_primary AS order_installers_is_primary, order_installers.created_at AS order_installers_created_at, order_installers.updated_at AS order_installers_updated_at 
FROM order_installers 
WHERE order_installers.order_id IN ($1::INTEGER, $2::INTEGER, $3::INTEGER, $4::INTEGER, $5::INTEGER)
2026-02-28 11:20:56,138 - sqlalchemy.engine.Engine - INFO - [cached since 320.9s ago] (1, 2, 3, 4, 5)
2026-02-28 11:20:56,139 - sqlalchemy.engine.Engine - INFO - ROLLBACK
2026-02-28 11:21:03,998 - sqlalchemy.engine.Engine - INFO - BEGIN (implicit)
2026-02-28 11:21:03,998 - sqlalchemy.engine.Engine - INFO - SELECT admins.id, admins.username, admins.password_hash, admins.created_at 
FROM admins 
WHERE admins.username = $1::VARCHAR
2026-02-28 11:21:03,998 - sqlalchemy.engine.Engine - INFO - [cached since 1686s ago] ('zhura2296@yandex.ru',)
2026-02-28 11:21:04,196 - sqlalchemy.engine.Engine - INFO - ROLLBACK
2026-02-28 11:21:04,298 - sqlalchemy.engine.Engine - INFO - BEGIN (implicit)
2026-02-28 11:21:04,299 - sqlalchemy.engine.Engine - INFO - SELECT admins.id, admins.username, admins.password_hash, admins.created_at 
FROM admins 
WHERE admins.username = $1::VARCHAR
2026-02-28 11:21:04,299 - sqlalchemy.engine.Engine - INFO - [cached since 1687s ago] ('zhura2296@yandex.ru',)
2026-02-28 11:21:04,299 - sqlalchemy.engine.Engine - INFO - BEGIN (implicit)
2026-02-28 11:21:04,299 - sqlalchemy.engine.Engine - INFO - SELECT admins.id, admins.username, admins.password_hash, admins.created_at 
FROM admins 
WHERE admins.username = $1::VARCHAR
2026-02-28 11:21:04,299 - sqlalchemy.engine.Engine - INFO - [cached since 1687s ago] ('zhura2296@yandex.ru',)
2026-02-28 11:21:04,300 - sqlalchemy.engine.Engine - INFO - SELECT clients.id, clients.full_name, clients.phone, clients.address, clients.coordinates, clients.created_at, clients.last_contact, clients.comments, clients.updated_at, clients.backup_phone, clients.deleted_at 
FROM clients 
 LIMIT $1::INTEGER OFFSET $2::INTEGER
2026-02-28 11:21:04,300 - sqlalchemy.engine.Engine - INFO - [cached since 1686s ago] (100, 0)
2026-02-28 11:21:04,301 - sqlalchemy.engine.Engine - INFO - SELECT installers.id, installers.full_name, installers.nickname, installers.phone, installers.backup_phone, installers.specialization, installers.rating, installers.base_price, installers.is_debtor, installers.comments, installers.is_active, installers.is_in_funnel, installers.total_orders, installers.poor_work_count, installers.warranty_visits_count, installers.last_incident_date, installers.updated_at, installers.created_at, installers.deleted_at 
FROM installers 
WHERE installers.deleted_at IS NULL 
 LIMIT $1::INTEGER OFFSET $2::INTEGER
2026-02-28 11:21:04,301 - sqlalchemy.engine.Engine - INFO - [cached since 1686s ago] (100, 0)
2026-02-28 11:21:04,302 - sqlalchemy.engine.Engine - INFO - ROLLBACK
2026-02-28 11:21:04,302 - sqlalchemy.engine.Engine - INFO - ROLLBACK
2026-02-28 11:21:04,303 - sqlalchemy.engine.Engine - INFO - BEGIN (implicit)
2026-02-28 11:21:04,303 - sqlalchemy.engine.Engine - INFO - SELECT admins.id, admins.username, admins.password_hash, admins.created_at 
FROM admins 
WHERE admins.username = $1::VARCHAR
2026-02-28 11:21:04,303 - sqlalchemy.engine.Engine - INFO - [cached since 1687s ago] ('zhura2296@yandex.ru',)
2026-02-28 11:21:04,304 - sqlalchemy.engine.Engine - INFO - BEGIN (implicit)
2026-02-28 11:21:04,305 - sqlalchemy.engine.Engine - INFO - SELECT admins.id, admins.username, admins.password_hash, admins.created_at 
FROM admins 
WHERE admins.username = $1::VARCHAR
2026-02-28 11:21:04,305 - sqlalchemy.engine.Engine - INFO - [cached since 1687s ago] ('zhura2296@yandex.ru',)
2026-02-28 11:21:04,306 - sqlalchemy.engine.Engine - INFO - SELECT clients.id, clients.full_name, clients.phone, clients.address, clients.coordinates, clients.created_at, clients.last_contact, clients.comments, clients.updated_at, clients.backup_phone, clients.deleted_at 
FROM clients 
 LIMIT $1::INTEGER OFFSET $2::INTEGER
2026-02-28 11:21:04,306 - sqlalchemy.engine.Engine - INFO - [cached since 1686s ago] (100, 0)
2026-02-28 11:21:04,307 - sqlalchemy.engine.Engine - INFO - SELECT installers.id, installers.full_name, installers.nickname, installers.phone, installers.backup_phone, installers.specialization, installers.rating, installers.base_price, installers.is_debtor, installers.comments, installers.is_active, installers.is_in_funnel, installers.total_orders, installers.poor_work_count, installers.warranty_visits_count, installers.last_incident_date, installers.updated_at, installers.created_at, installers.deleted_at 
FROM installers 
WHERE installers.deleted_at IS NULL 
 LIMIT $1::INTEGER OFFSET $2::INTEGER
2026-02-28 11:21:04,307 - sqlalchemy.engine.Engine - INFO - [cached since 1686s ago] (100, 0)
2026-02-28 11:21:04,310 - sqlalchemy.engine.Engine - INFO - ROLLBACK
2026-02-28 11:21:04,310 - sqlalchemy.engine.Engine - INFO - ROLLBACK
2026-02-28 11:21:06,411 - sqlalchemy.engine.Engine - INFO - BEGIN (implicit)
2026-02-28 11:21:06,411 - sqlalchemy.engine.Engine - INFO - SELECT orders.id, orders.client_id, orders.status, orders.warehouse, orders.service_datetime, orders.delivery_datetime, orders.promise, orders.marker_color, orders.address_id, orders.address_text, orders.created_at, orders.updated_at 
FROM orders 
 LIMIT $1::INTEGER OFFSET $2::INTEGER
2026-02-28 11:21:06,411 - sqlalchemy.engine.Engine - INFO - [cached since 331.1s ago] (100, 0)
2026-02-28 11:21:06,415 - sqlalchemy.engine.Engine - INFO - SELECT finance.order_id AS finance_order_id, finance.id AS finance_id, finance.revenue AS finance_revenue, finance.cost_of_goods AS finance_cost_of_goods, finance.installer_payments AS finance_installer_payments, finance.expenses AS finance_expenses, finance.warranty_costs_oleg AS finance_warranty_costs_oleg, finance.warranty_costs_installer AS finance_warranty_costs_installer, finance.profit AS finance_profit, finance.created_at AS finance_created_at, finance.updated_at AS finance_updated_at 
FROM finance 
WHERE finance.order_id IN ($1::INTEGER, $2::INTEGER, $3::INTEGER, $4::INTEGER, $5::INTEGER)
2026-02-28 11:21:06,415 - sqlalchemy.engine.Engine - INFO - [cached since 331.1s ago] (1, 2, 3, 4, 5)
2026-02-28 11:21:06,417 - sqlalchemy.engine.Engine - INFO - SELECT clients.id AS clients_id, clients.full_name AS clients_full_name, clients.phone AS clients_phone, clients.address AS clients_address, clients.coordinates AS clients_coordinates, clients.created_at AS clients_created_at, clients.last_contact AS clients_last_contact, clients.comments AS clients_comments, clients.updated_at AS clients_updated_at, clients.backup_phone AS clients_backup_phone, clients.deleted_at AS clients_deleted_at 
FROM clients 
WHERE clients.id IN ($1::INTEGER)
2026-02-28 11:21:06,417 - sqlalchemy.engine.Engine - INFO - [cached since 331.1s ago] (2,)
2026-02-28 11:21:06,419 - sqlalchemy.engine.Engine - INFO - SELECT address_cache.address AS address_cache_address, address_cache.lat AS address_cache_lat, address_cache.lon AS address_cache_lon, address_cache.updated_at AS address_cache_updated_at 
FROM address_cache 
WHERE address_cache.address IN ($1::VARCHAR, $2::VARCHAR, $3::VARCHAR)
2026-02-28 11:21:06,419 - sqlalchemy.engine.Engine - INFO - [cached since 331.1s ago] ('Москва, ул. Ленина, 10', 'Россия, Москва, улица Пресненский Вал, 19', 'Россия, Московская область, Мытищи, улица Карла Маркса, 4')
2026-02-28 11:21:06,421 - sqlalchemy.engine.Engine - INFO - SELECT order_installers.order_id AS order_installers_order_id, order_installers.id AS order_installers_id, order_installers.installer_id AS order_installers_installer_id, order_installers.role AS order_installers_role, order_installers.base_payment AS order_installers_base_payment, order_installers.is_primary AS order_installers_is_primary, order_installers.created_at AS order_installers_created_at, order_installers.updated_at AS order_installers_updated_at 
FROM order_installers 
WHERE order_installers.order_id IN ($1::INTEGER, $2::INTEGER, $3::INTEGER, $4::INTEGER, $5::INTEGER)
2026-02-28 11:21:06,421 - sqlalchemy.engine.Engine - INFO - [cached since 331.1s ago] (1, 2, 3, 4, 5)
2026-02-28 11:21:06,422 - sqlalchemy.engine.Engine - INFO - ROLLBACK
2026-02-28 11:21:06,422 - sqlalchemy.engine.Engine - INFO - BEGIN (implicit)
2026-02-28 11:21:06,423 - sqlalchemy.engine.Engine - INFO - SELECT orders.id, orders.client_id, orders.status, orders.warehouse, orders.service_datetime, orders.delivery_datetime, orders.promise, orders.marker_color, orders.address_id, orders.address_text, orders.created_at, orders.updated_at 
FROM orders 
 LIMIT $1::INTEGER OFFSET $2::INTEGER
2026-02-28 11:21:06,423 - sqlalchemy.engine.Engine - INFO - [cached since 331.2s ago] (100, 0)
2026-02-28 11:21:06,424 - sqlalchemy.engine.Engine - INFO - SELECT finance.order_id AS finance_order_id, finance.id AS finance_id, finance.revenue AS finance_revenue, finance.cost_of_goods AS finance_cost_of_goods, finance.installer_payments AS finance_installer_payments, finance.expenses AS finance_expenses, finance.warranty_costs_oleg AS finance_warranty_costs_oleg, finance.warranty_costs_installer AS finance_warranty_costs_installer, finance.profit AS finance_profit, finance.created_at AS finance_created_at, finance.updated_at AS finance_updated_at 
FROM finance 
WHERE finance.order_id IN ($1::INTEGER, $2::INTEGER, $3::INTEGER, $4::INTEGER, $5::INTEGER)
2026-02-28 11:21:06,424 - sqlalchemy.engine.Engine - INFO - [cached since 331.2s ago] (1, 2, 3, 4, 5)
2026-02-28 11:21:06,425 - sqlalchemy.engine.Engine - INFO - SELECT clients.id AS clients_id, clients.full_name AS clients_full_name, clients.phone AS clients_phone, clients.address AS clients_address, clients.coordinates AS clients_coordinates, clients.created_at AS clients_created_at, clients.last_contact AS clients_last_contact, clients.comments AS clients_comments, clients.updated_at AS clients_updated_at, clients.backup_phone AS clients_backup_phone, clients.deleted_at AS clients_deleted_at 
FROM clients 
WHERE clients.id IN ($1::INTEGER)
2026-02-28 11:21:06,425 - sqlalchemy.engine.Engine - INFO - [cached since 331.1s ago] (2,)
2026-02-28 11:21:06,425 - sqlalchemy.engine.Engine - INFO - SELECT address_cache.address AS address_cache_address, address_cache.lat AS address_cache_lat, address_cache.lon AS address_cache_lon, address_cache.updated_at AS address_cache_updated_at 
FROM address_cache 
WHERE address_cache.address IN ($1::VARCHAR, $2::VARCHAR, $3::VARCHAR)
2026-02-28 11:21:06,426 - sqlalchemy.engine.Engine - INFO - [cached since 331.1s ago] ('Москва, ул. Ленина, 10', 'Россия, Москва, улица Пресненский Вал, 19', 'Россия, Московская область, Мытищи, улица Карла Маркса, 4')
2026-02-28 11:21:06,426 - sqlalchemy.engine.Engine - INFO - SELECT order_installers.order_id AS order_installers_order_id, order_installers.id AS order_installers_id, order_installers.installer_id AS order_installers_installer_id, order_installers.role AS order_installers_role, order_installers.base_payment AS order_installers_base_payment, order_installers.is_primary AS order_installers_is_primary, order_installers.created_at AS order_installers_created_at, order_installers.updated_at AS order_installers_updated_at 
FROM order_installers 
WHERE order_installers.order_id IN ($1::INTEGER, $2::INTEGER, $3::INTEGER, $4::INTEGER, $5::INTEGER)
2026-02-28 11:21:06,426 - sqlalchemy.engine.Engine - INFO - [cached since 331.1s ago] (1, 2, 3, 4, 5)
2026-02-28 11:21:06,427 - sqlalchemy.engine.Engine - INFO - ROLLBACK
2026-02-28 11:21:07,939 - sqlalchemy.engine.Engine - INFO - BEGIN (implicit)
2026-02-28 11:21:07,939 - sqlalchemy.engine.Engine - INFO - SELECT orders.id, orders.client_id, orders.status, orders.warehouse, orders.service_datetime, orders.delivery_datetime, orders.promise, orders.marker_color, orders.address_id, orders.address_text, orders.created_at, orders.updated_at 
FROM orders 
WHERE orders.id = $1::INTEGER
2026-02-28 11:21:07,939 - sqlalchemy.engine.Engine - INFO - [cached since 327.9s ago] (4,)
2026-02-28 11:21:07,940 - sqlalchemy.engine.Engine - INFO - BEGIN (implicit)
2026-02-28 11:21:07,940 - sqlalchemy.engine.Engine - INFO - SELECT admins.id, admins.username, admins.password_hash, admins.created_at 
FROM admins 
WHERE admins.username = $1::VARCHAR
2026-02-28 11:21:07,940 - sqlalchemy.engine.Engine - INFO - [cached since 1690s ago] ('zhura2296@yandex.ru',)
2026-02-28 11:21:07,941 - sqlalchemy.engine.Engine - INFO - SELECT finance.order_id AS finance_order_id, finance.id AS finance_id, finance.revenue AS finance_revenue, finance.cost_of_goods AS finance_cost_of_goods, finance.installer_payments AS finance_installer_payments, finance.expenses AS finance_expenses, finance.warranty_costs_oleg AS finance_warranty_costs_oleg, finance.warranty_costs_installer AS finance_warranty_costs_installer, finance.profit AS finance_profit, finance.created_at AS finance_created_at, finance.updated_at AS finance_updated_at 
FROM finance 
WHERE finance.order_id IN ($1::INTEGER)
2026-02-28 11:21:07,942 - sqlalchemy.engine.Engine - INFO - [cached since 332.7s ago] (4,)
2026-02-28 11:21:07,942 - sqlalchemy.engine.Engine - INFO - SELECT installers.id, installers.full_name, installers.nickname, installers.phone, installers.backup_phone, installers.specialization, installers.rating, installers.base_price, installers.is_debtor, installers.comments, installers.is_active, installers.is_in_funnel, installers.total_orders, installers.poor_work_count, installers.warranty_visits_count, installers.last_incident_date, installers.updated_at, installers.created_at, installers.deleted_at 
FROM installers 
WHERE installers.deleted_at IS NULL 
 LIMIT $1::INTEGER OFFSET $2::INTEGER
2026-02-28 11:21:07,942 - sqlalchemy.engine.Engine - INFO - [cached since 1690s ago] (100, 0)
2026-02-28 11:21:07,943 - sqlalchemy.engine.Engine - INFO - SELECT clients.id AS clients_id, clients.full_name AS clients_full_name, clients.phone AS clients_phone, clients.address AS clients_address, clients.coordinates AS clients_coordinates, clients.created_at AS clients_created_at, clients.last_contact AS clients_last_contact, clients.comments AS clients_comments, clients.updated_at AS clients_updated_at, clients.backup_phone AS clients_backup_phone, clients.deleted_at AS clients_deleted_at 
FROM clients 
WHERE clients.id IN ($1::INTEGER)
2026-02-28 11:21:07,943 - sqlalchemy.engine.Engine - INFO - [cached since 332.7s ago] (2,)
2026-02-28 11:21:07,944 - sqlalchemy.engine.Engine - INFO - SELECT address_cache.address AS address_cache_address, address_cache.lat AS address_cache_lat, address_cache.lon AS address_cache_lon, address_cache.updated_at AS address_cache_updated_at 
FROM address_cache 
WHERE address_cache.address IN ($1::VARCHAR)
2026-02-28 11:21:07,944 - sqlalchemy.engine.Engine - INFO - [cached since 332.7s ago] ('Россия, Московская область, Мытищи, улица Карла Маркса, 4',)
2026-02-28 11:21:07,945 - sqlalchemy.engine.Engine - INFO - SELECT order_installers.order_id AS order_installers_order_id, order_installers.id AS order_installers_id, order_installers.installer_id AS order_installers_installer_id, order_installers.role AS order_installers_role, order_installers.base_payment AS order_installers_base_payment, order_installers.is_primary AS order_installers_is_primary, order_installers.created_at AS order_installers_created_at, order_installers.updated_at AS order_installers_updated_at 
FROM order_installers 
WHERE order_installers.order_id IN ($1::INTEGER)
2026-02-28 11:21:07,945 - sqlalchemy.engine.Engine - INFO - [cached since 332.7s ago] (4,)
2026-02-28 11:21:07,946 - sqlalchemy.engine.Engine - INFO - BEGIN (implicit)
2026-02-28 11:21:07,946 - sqlalchemy.engine.Engine - INFO - SELECT admins.id, admins.username, admins.password_hash, admins.created_at 
FROM admins 
WHERE admins.username = $1::VARCHAR
2026-02-28 11:21:07,946 - sqlalchemy.engine.Engine - INFO - [cached since 1690s ago] ('zhura2296@yandex.ru',)
2026-02-28 11:21:07,946 - sqlalchemy.engine.Engine - INFO - ROLLBACK
2026-02-28 11:21:07,947 - sqlalchemy.engine.Engine - INFO - SELECT installers.id, installers.full_name, installers.nickname, installers.phone, installers.backup_phone, installers.specialization, installers.rating, installers.base_price, installers.is_debtor, installers.comments, installers.is_active, installers.is_in_funnel, installers.total_orders, installers.poor_work_count, installers.warranty_visits_count, installers.last_incident_date, installers.updated_at, installers.created_at, installers.deleted_at 
FROM installers 
WHERE installers.deleted_at IS NULL 
 LIMIT $1::INTEGER OFFSET $2::INTEGER
2026-02-28 11:21:07,947 - sqlalchemy.engine.Engine - INFO - [cached since 1690s ago] (100, 0)
2026-02-28 11:21:07,948 - sqlalchemy.engine.Engine - INFO - ROLLBACK
2026-02-28 11:21:07,949 - sqlalchemy.engine.Engine - INFO - BEGIN (implicit)
2026-02-28 11:21:07,949 - sqlalchemy.engine.Engine - INFO - SELECT orders.id, orders.client_id, orders.status, orders.warehouse, orders.service_datetime, orders.delivery_datetime, orders.promise, orders.marker_color, orders.address_id, orders.address_text, orders.created_at, orders.updated_at 
FROM orders 
WHERE orders.id = $1::INTEGER
2026-02-28 11:21:07,949 - sqlalchemy.engine.Engine - INFO - [cached since 328s ago] (4,)
2026-02-28 11:21:07,950 - sqlalchemy.engine.Engine - INFO - ROLLBACK
2026-02-28 11:21:07,950 - sqlalchemy.engine.Engine - INFO - SELECT finance.order_id AS finance_order_id, finance.id AS finance_id, finance.revenue AS finance_revenue, finance.cost_of_goods AS finance_cost_of_goods, finance.installer_payments AS finance_installer_payments, finance.expenses AS finance_expenses, finance.warranty_costs_oleg AS finance_warranty_costs_oleg, finance.warranty_costs_installer AS finance_warranty_costs_installer, finance.profit AS finance_profit, finance.created_at AS finance_created_at, finance.updated_at AS finance_updated_at 
FROM finance 
WHERE finance.order_id IN ($1::INTEGER)
2026-02-28 11:21:07,950 - sqlalchemy.engine.Engine - INFO - [cached since 332.7s ago] (4,)
2026-02-28 11:21:07,951 - sqlalchemy.engine.Engine - INFO - SELECT clients.id AS clients_id, clients.full_name AS clients_full_name, clients.phone AS clients_phone, clients.address AS clients_address, clients.coordinates AS clients_coordinates, clients.created_at AS clients_created_at, clients.last_contact AS clients_last_contact, clients.comments AS clients_comments, clients.updated_at AS clients_updated_at, clients.backup_phone AS clients_backup_phone, clients.deleted_at AS clients_deleted_at 
FROM clients 
WHERE clients.id IN ($1::INTEGER)
2026-02-28 11:21:07,951 - sqlalchemy.engine.Engine - INFO - [cached since 332.7s ago] (2,)
2026-02-28 11:21:07,952 - sqlalchemy.engine.Engine - INFO - SELECT address_cache.address AS address_cache_address, address_cache.lat AS address_cache_lat, address_cache.lon AS address_cache_lon, address_cache.updated_at AS address_cache_updated_at 
FROM address_cache 
WHERE address_cache.address IN ($1::VARCHAR)
2026-02-28 11:21:07,952 - sqlalchemy.engine.Engine - INFO - [cached since 332.7s ago] ('Россия, Московская область, Мытищи, улица Карла Маркса, 4',)
2026-02-28 11:21:07,953 - sqlalchemy.engine.Engine - INFO - SELECT order_installers.order_id AS order_installers_order_id, order_installers.id AS order_installers_id, order_installers.installer_id AS order_installers_installer_id, order_installers.role AS order_installers_role, order_installers.base_payment AS order_installers_base_payment, order_installers.is_primary AS order_installers_is_primary, order_installers.created_at AS order_installers_created_at, order_installers.updated_at AS order_installers_updated_at 
FROM order_installers 
WHERE order_installers.order_id IN ($1::INTEGER)
2026-02-28 11:21:07,953 - sqlalchemy.engine.Engine - INFO - [cached since 332.7s ago] (4,)
2026-02-28 11:21:07,953 - sqlalchemy.engine.Engine - INFO - ROLLBACK
2026-02-28 11:21:59,699 - sqlalchemy.engine.Engine - INFO - BEGIN (implicit)
2026-02-28 11:21:59,699 - sqlalchemy.engine.Engine - INFO - SELECT orders.id, orders.client_id, orders.status, orders.warehouse, orders.service_datetime, orders.delivery_datetime, orders.promise, orders.marker_color, orders.address_id, orders.address_text, orders.created_at, orders.updated_at 
FROM orders 
WHERE orders.id = $1::INTEGER
2026-02-28 11:21:59,699 - sqlalchemy.engine.Engine - INFO - [cached since 379.7s ago] (4,)
2026-02-28 11:21:59,700 - sqlalchemy.engine.Engine - INFO - BEGIN (implicit)
2026-02-28 11:21:59,700 - sqlalchemy.engine.Engine - INFO - SELECT admins.id, admins.username, admins.password_hash, admins.created_at 
FROM admins 
WHERE admins.username = $1::VARCHAR
2026-02-28 11:21:59,700 - sqlalchemy.engine.Engine - INFO - [cached since 1742s ago] ('zhura2296@yandex.ru',)
2026-02-28 11:21:59,701 - sqlalchemy.engine.Engine - INFO - SELECT finance.order_id AS finance_order_id, finance.id AS finance_id, finance.revenue AS finance_revenue, finance.cost_of_goods AS finance_cost_of_goods, finance.installer_payments AS finance_installer_payments, finance.expenses AS finance_expenses, finance.warranty_costs_oleg AS finance_warranty_costs_oleg, finance.warranty_costs_installer AS finance_warranty_costs_installer, finance.profit AS finance_profit, finance.created_at AS finance_created_at, finance.updated_at AS finance_updated_at 
FROM finance 
WHERE finance.order_id IN ($1::INTEGER)
2026-02-28 11:21:59,702 - sqlalchemy.engine.Engine - INFO - [cached since 384.4s ago] (4,)
2026-02-28 11:21:59,703 - sqlalchemy.engine.Engine - INFO - SELECT installers.id, installers.full_name, installers.nickname, installers.phone, installers.backup_phone, installers.specialization, installers.rating, installers.base_price, installers.is_debtor, installers.comments, installers.is_active, installers.is_in_funnel, installers.total_orders, installers.poor_work_count, installers.warranty_visits_count, installers.last_incident_date, installers.updated_at, installers.created_at, installers.deleted_at 
FROM installers 
WHERE installers.deleted_at IS NULL 
 LIMIT $1::INTEGER OFFSET $2::INTEGER
2026-02-28 11:21:59,703 - sqlalchemy.engine.Engine - INFO - [cached since 1742s ago] (100, 0)
2026-02-28 11:21:59,704 - sqlalchemy.engine.Engine - INFO - SELECT clients.id AS clients_id, clients.full_name AS clients_full_name, clients.phone AS clients_phone, clients.address AS clients_address, clients.coordinates AS clients_coordinates, clients.created_at AS clients_created_at, clients.last_contact AS clients_last_contact, clients.comments AS clients_comments, clients.updated_at AS clients_updated_at, clients.backup_phone AS clients_backup_phone, clients.deleted_at AS clients_deleted_at 
FROM clients 
WHERE clients.id IN ($1::INTEGER)
2026-02-28 11:21:59,704 - sqlalchemy.engine.Engine - INFO - [cached since 384.4s ago] (2,)
2026-02-28 11:21:59,706 - sqlalchemy.engine.Engine - INFO - SELECT address_cache.address AS address_cache_address, address_cache.lat AS address_cache_lat, address_cache.lon AS address_cache_lon, address_cache.updated_at AS address_cache_updated_at 
FROM address_cache 
WHERE address_cache.address IN ($1::VARCHAR)
2026-02-28 11:21:59,706 - sqlalchemy.engine.Engine - INFO - [cached since 384.4s ago] ('Россия, Московская область, Мытищи, улица Карла Маркса, 4',)
2026-02-28 11:21:59,707 - sqlalchemy.engine.Engine - INFO - SELECT order_installers.order_id AS order_installers_order_id, order_installers.id AS order_installers_id, order_installers.installer_id AS order_installers_installer_id, order_installers.role AS order_installers_role, order_installers.base_payment AS order_installers_base_payment, order_installers.is_primary AS order_installers_is_primary, order_installers.created_at AS order_installers_created_at, order_installers.updated_at AS order_installers_updated_at 
FROM order_installers 
WHERE order_installers.order_id IN ($1::INTEGER)
2026-02-28 11:21:59,707 - sqlalchemy.engine.Engine - INFO - [cached since 384.4s ago] (4,)
2026-02-28 11:21:59,708 - sqlalchemy.engine.Engine - INFO - ROLLBACK
2026-02-28 11:21:59,709 - sqlalchemy.engine.Engine - INFO - BEGIN (implicit)
2026-02-28 11:21:59,709 - sqlalchemy.engine.Engine - INFO - SELECT admins.id, admins.username, admins.password_hash, admins.created_at 
FROM admins 
WHERE admins.username = $1::VARCHAR
2026-02-28 11:21:59,709 - sqlalchemy.engine.Engine - INFO - [cached since 1742s ago] ('zhura2296@yandex.ru',)
2026-02-28 11:21:59,712 - sqlalchemy.engine.Engine - INFO - SELECT installers.id, installers.full_name, installers.nickname, installers.phone, installers.backup_phone, installers.specialization, installers.rating, installers.base_price, installers.is_debtor, installers.comments, installers.is_active, installers.is_in_funnel, installers.total_orders, installers.poor_work_count, installers.warranty_visits_count, installers.last_incident_date, installers.updated_at, installers.created_at, installers.deleted_at 
FROM installers 
WHERE installers.deleted_at IS NULL 
 LIMIT $1::INTEGER OFFSET $2::INTEGER
2026-02-28 11:21:59,713 - sqlalchemy.engine.Engine - INFO - [cached since 1742s ago] (100, 0)
2026-02-28 11:21:59,713 - sqlalchemy.engine.Engine - INFO - ROLLBACK
2026-02-28 11:21:59,714 - sqlalchemy.engine.Engine - INFO - BEGIN (implicit)
2026-02-28 11:21:59,715 - sqlalchemy.engine.Engine - INFO - SELECT orders.id, orders.client_id, orders.status, orders.warehouse, orders.service_datetime, orders.delivery_datetime, orders.promise, orders.marker_color, orders.address_id, orders.address_text, orders.created_at, orders.updated_at 
FROM orders 
WHERE orders.id = $1::INTEGER
2026-02-28 11:21:59,715 - sqlalchemy.engine.Engine - INFO - [cached since 379.7s ago] (4,)
2026-02-28 11:21:59,716 - sqlalchemy.engine.Engine - INFO - ROLLBACK
2026-02-28 11:21:59,717 - sqlalchemy.engine.Engine - INFO - SELECT finance.order_id AS finance_order_id, finance.id AS finance_id, finance.revenue AS finance_revenue, finance.cost_of_goods AS finance_cost_of_goods, finance.installer_payments AS finance_installer_payments, finance.expenses AS finance_expenses, finance.warranty_costs_oleg AS finance_warranty_costs_oleg, finance.warranty_costs_installer AS finance_warranty_costs_installer, finance.profit AS finance_profit, finance.created_at AS finance_created_at, finance.updated_at AS finance_updated_at 
FROM finance 
WHERE finance.order_id IN ($1::INTEGER)
2026-02-28 11:21:59,717 - sqlalchemy.engine.Engine - INFO - [cached since 384.4s ago] (4,)
2026-02-28 11:21:59,718 - sqlalchemy.engine.Engine - INFO - SELECT clients.id AS clients_id, clients.full_name AS clients_full_name, clients.phone AS clients_phone, clients.address AS clients_address, clients.coordinates AS clients_coordinates, clients.created_at AS clients_created_at, clients.last_contact AS clients_last_contact, clients.comments AS clients_comments, clients.updated_at AS clients_updated_at, clients.backup_phone AS clients_backup_phone, clients.deleted_at AS clients_deleted_at 
FROM clients 
WHERE clients.id IN ($1::INTEGER)
2026-02-28 11:21:59,718 - sqlalchemy.engine.Engine - INFO - [cached since 384.4s ago] (2,)
2026-02-28 11:21:59,719 - sqlalchemy.engine.Engine - INFO - SELECT address_cache.address AS address_cache_address, address_cache.lat AS address_cache_lat, address_cache.lon AS address_cache_lon, address_cache.updated_at AS address_cache_updated_at 
FROM address_cache 
WHERE address_cache.address IN ($1::VARCHAR)
2026-02-28 11:21:59,719 - sqlalchemy.engine.Engine - INFO - [cached since 384.4s ago] ('Россия, Московская область, Мытищи, улица Карла Маркса, 4',)
2026-02-28 11:21:59,720 - sqlalchemy.engine.Engine - INFO - SELECT order_installers.order_id AS order_installers_order_id, order_installers.id AS order_installers_id, order_installers.installer_id AS order_installers_installer_id, order_installers.role AS order_installers_role, order_installers.base_payment AS order_installers_base_payment, order_installers.is_primary AS order_installers_is_primary, order_installers.created_at AS order_installers_created_at, order_installers.updated_at AS order_installers_updated_at 
FROM order_installers 
WHERE order_installers.order_id IN ($1::INTEGER)
2026-02-28 11:21:59,720 - sqlalchemy.engine.Engine - INFO - [cached since 384.4s ago] (4,)
2026-02-28 11:21:59,721 - sqlalchemy.engine.Engine - INFO - ROLLBACK
2026-02-28 11:22:04,665 - sqlalchemy.engine.Engine - INFO - BEGIN (implicit)
2026-02-28 11:22:04,665 - sqlalchemy.engine.Engine - INFO - SELECT admins.id, admins.username, admins.password_hash, admins.created_at 
FROM admins 
WHERE admins.username = $1::VARCHAR
2026-02-28 11:22:04,665 - sqlalchemy.engine.Engine - INFO - [cached since 1747s ago] ('zhura2296@yandex.ru',)
2026-02-28 11:22:04,666 - sqlalchemy.engine.Engine - INFO - BEGIN (implicit)
2026-02-28 11:22:04,666 - sqlalchemy.engine.Engine - INFO - SELECT admins.id, admins.username, admins.password_hash, admins.created_at 
FROM admins 
WHERE admins.username = $1::VARCHAR
2026-02-28 11:22:04,666 - sqlalchemy.engine.Engine - INFO - [cached since 1747s ago] ('zhura2296@yandex.ru',)
2026-02-28 11:22:04,667 - sqlalchemy.engine.Engine - INFO - SELECT clients.id, clients.full_name, clients.phone, clients.address, clients.coordinates, clients.created_at, clients.last_contact, clients.comments, clients.updated_at, clients.backup_phone, clients.deleted_at 
FROM clients 
 LIMIT $1::INTEGER OFFSET $2::INTEGER
2026-02-28 11:22:04,667 - sqlalchemy.engine.Engine - INFO - [cached since 1747s ago] (100, 0)
2026-02-28 11:22:04,667 - sqlalchemy.engine.Engine - INFO - SELECT installers.id, installers.full_name, installers.nickname, installers.phone, installers.backup_phone, installers.specialization, installers.rating, installers.base_price, installers.is_debtor, installers.comments, installers.is_active, installers.is_in_funnel, installers.total_orders, installers.poor_work_count, installers.warranty_visits_count, installers.last_incident_date, installers.updated_at, installers.created_at, installers.deleted_at 
FROM installers 
WHERE installers.deleted_at IS NULL 
 LIMIT $1::INTEGER OFFSET $2::INTEGER
2026-02-28 11:22:04,667 - sqlalchemy.engine.Engine - INFO - [cached since 1747s ago] (100, 0)
2026-02-28 11:22:04,668 - sqlalchemy.engine.Engine - INFO - ROLLBACK
2026-02-28 11:22:04,668 - sqlalchemy.engine.Engine - INFO - ROLLBACK
2026-02-28 11:22:04,669 - sqlalchemy.engine.Engine - INFO - BEGIN (implicit)
2026-02-28 11:22:04,669 - sqlalchemy.engine.Engine - INFO - SELECT admins.id, admins.username, admins.password_hash, admins.created_at 
FROM admins 
WHERE admins.username = $1::VARCHAR
2026-02-28 11:22:04,669 - sqlalchemy.engine.Engine - INFO - [cached since 1747s ago] ('zhura2296@yandex.ru',)
2026-02-28 11:22:04,670 - sqlalchemy.engine.Engine - INFO - BEGIN (implicit)
2026-02-28 11:22:04,670 - sqlalchemy.engine.Engine - INFO - SELECT admins.id, admins.username, admins.password_hash, admins.created_at 
FROM admins 
WHERE admins.username = $1::VARCHAR
2026-02-28 11:22:04,670 - sqlalchemy.engine.Engine - INFO - [cached since 1747s ago] ('zhura2296@yandex.ru',)
2026-02-28 11:22:04,671 - sqlalchemy.engine.Engine - INFO - SELECT clients.id, clients.full_name, clients.phone, clients.address, clients.coordinates, clients.created_at, clients.last_contact, clients.comments, clients.updated_at, clients.backup_phone, clients.deleted_at 
FROM clients 
 LIMIT $1::INTEGER OFFSET $2::INTEGER
2026-02-28 11:22:04,671 - sqlalchemy.engine.Engine - INFO - [cached since 1747s ago] (100, 0)
2026-02-28 11:22:04,672 - sqlalchemy.engine.Engine - INFO - SELECT installers.id, installers.full_name, installers.nickname, installers.phone, installers.backup_phone, installers.specialization, installers.rating, installers.base_price, installers.is_debtor, installers.comments, installers.is_active, installers.is_in_funnel, installers.total_orders, installers.poor_work_count, installers.warranty_visits_count, installers.last_incident_date, installers.updated_at, installers.created_at, installers.deleted_at 
FROM installers 
WHERE installers.deleted_at IS NULL 
 LIMIT $1::INTEGER OFFSET $2::INTEGER
2026-02-28 11:22:04,672 - sqlalchemy.engine.Engine - INFO - [cached since 1747s ago] (100, 0)
2026-02-28 11:22:04,672 - sqlalchemy.engine.Engine - INFO - ROLLBACK
2026-02-28 11:22:04,673 - sqlalchemy.engine.Engine - INFO - ROLLBACK
2026-02-28 11:22:05,863 - sqlalchemy.engine.Engine - INFO - BEGIN (implicit)
2026-02-28 11:22:05,863 - sqlalchemy.engine.Engine - INFO - SELECT orders.id, orders.client_id, orders.status, orders.warehouse, orders.service_datetime, orders.delivery_datetime, orders.promise, orders.marker_color, orders.address_id, orders.address_text, orders.created_at, orders.updated_at 
FROM orders 
 LIMIT $1::INTEGER OFFSET $2::INTEGER
2026-02-28 11:22:05,863 - sqlalchemy.engine.Engine - INFO - [cached since 390.6s ago] (100, 0)
2026-02-28 11:22:05,866 - sqlalchemy.engine.Engine - INFO - SELECT finance.order_id AS finance_order_id, finance.id AS finance_id, finance.revenue AS finance_revenue, finance.cost_of_goods AS finance_cost_of_goods, finance.installer_payments AS finance_installer_payments, finance.expenses AS finance_expenses, finance.warranty_costs_oleg AS finance_warranty_costs_oleg, finance.warranty_costs_installer AS finance_warranty_costs_installer, finance.profit AS finance_profit, finance.created_at AS finance_created_at, finance.updated_at AS finance_updated_at 
FROM finance 
WHERE finance.order_id IN ($1::INTEGER, $2::INTEGER, $3::INTEGER, $4::INTEGER, $5::INTEGER)
2026-02-28 11:22:05,866 - sqlalchemy.engine.Engine - INFO - [cached since 390.6s ago] (1, 2, 3, 4, 5)
2026-02-28 11:22:05,867 - sqlalchemy.engine.Engine - INFO - SELECT clients.id AS clients_id, clients.full_name AS clients_full_name, clients.phone AS clients_phone, clients.address AS clients_address, clients.coordinates AS clients_coordinates, clients.created_at AS clients_created_at, clients.last_contact AS clients_last_contact, clients.comments AS clients_comments, clients.updated_at AS clients_updated_at, clients.backup_phone AS clients_backup_phone, clients.deleted_at AS clients_deleted_at 
FROM clients 
WHERE clients.id IN ($1::INTEGER)
2026-02-28 11:22:05,867 - sqlalchemy.engine.Engine - INFO - [cached since 390.6s ago] (2,)
2026-02-28 11:22:05,868 - sqlalchemy.engine.Engine - INFO - SELECT address_cache.address AS address_cache_address, address_cache.lat AS address_cache_lat, address_cache.lon AS address_cache_lon, address_cache.updated_at AS address_cache_updated_at 
FROM address_cache 
WHERE address_cache.address IN ($1::VARCHAR, $2::VARCHAR, $3::VARCHAR)
2026-02-28 11:22:05,868 - sqlalchemy.engine.Engine - INFO - [cached since 390.6s ago] ('Москва, ул. Ленина, 10', 'Россия, Москва, улица Пресненский Вал, 19', 'Россия, Московская область, Мытищи, улица Карла Маркса, 4')
2026-02-28 11:22:05,869 - sqlalchemy.engine.Engine - INFO - SELECT order_installers.order_id AS order_installers_order_id, order_installers.id AS order_installers_id, order_installers.installer_id AS order_installers_installer_id, order_installers.role AS order_installers_role, order_installers.base_payment AS order_installers_base_payment, order_installers.is_primary AS order_installers_is_primary, order_installers.created_at AS order_installers_created_at, order_installers.updated_at AS order_installers_updated_at 
FROM order_installers 
WHERE order_installers.order_id IN ($1::INTEGER, $2::INTEGER, $3::INTEGER, $4::INTEGER, $5::INTEGER)
2026-02-28 11:22:05,869 - sqlalchemy.engine.Engine - INFO - [cached since 390.6s ago] (1, 2, 3, 4, 5)
2026-02-28 11:22:05,871 - sqlalchemy.engine.Engine - INFO - ROLLBACK
2026-02-28 11:22:05,872 - sqlalchemy.engine.Engine - INFO - BEGIN (implicit)
2026-02-28 11:22:05,872 - sqlalchemy.engine.Engine - INFO - SELECT orders.id, orders.client_id, orders.status, orders.warehouse, orders.service_datetime, orders.delivery_datetime, orders.promise, orders.marker_color, orders.address_id, orders.address_text, orders.created_at, orders.updated_at 
FROM orders 
 LIMIT $1::INTEGER OFFSET $2::INTEGER
2026-02-28 11:22:05,872 - sqlalchemy.engine.Engine - INFO - [cached since 390.6s ago] (100, 0)
2026-02-28 11:22:05,873 - sqlalchemy.engine.Engine - INFO - SELECT finance.order_id AS finance_order_id, finance.id AS finance_id, finance.revenue AS finance_revenue, finance.cost_of_goods AS finance_cost_of_goods, finance.installer_payments AS finance_installer_payments, finance.expenses AS finance_expenses, finance.warranty_costs_oleg AS finance_warranty_costs_oleg, finance.warranty_costs_installer AS finance_warranty_costs_installer, finance.profit AS finance_profit, finance.created_at AS finance_created_at, finance.updated_at AS finance_updated_at 
FROM finance 
WHERE finance.order_id IN ($1::INTEGER, $2::INTEGER, $3::INTEGER, $4::INTEGER, $5::INTEGER)
2026-02-28 11:22:05,873 - sqlalchemy.engine.Engine - INFO - [cached since 390.6s ago] (1, 2, 3, 4, 5)
2026-02-28 11:22:05,874 - sqlalchemy.engine.Engine - INFO - SELECT clients.id AS clients_id, clients.full_name AS clients_full_name, clients.phone AS clients_phone, clients.address AS clients_address, clients.coordinates AS clients_coordinates, clients.created_at AS clients_created_at, clients.last_contact AS clients_last_contact, clients.comments AS clients_comments, clients.updated_at AS clients_updated_at, clients.backup_phone AS clients_backup_phone, clients.deleted_at AS clients_deleted_at 
FROM clients 
WHERE clients.id IN ($1::INTEGER)
2026-02-28 11:22:05,874 - sqlalchemy.engine.Engine - INFO - [cached since 390.6s ago] (2,)
2026-02-28 11:22:05,876 - sqlalchemy.engine.Engine - INFO - SELECT address_cache.address AS address_cache_address, address_cache.lat AS address_cache_lat, address_cache.lon AS address_cache_lon, address_cache.updated_at AS address_cache_updated_at 
FROM address_cache 
WHERE address_cache.address IN ($1::VARCHAR, $2::VARCHAR, $3::VARCHAR)
2026-02-28 11:22:05,876 - sqlalchemy.engine.Engine - INFO - [cached since 390.6s ago] ('Москва, ул. Ленина, 10', 'Россия, Москва, улица Пресненский Вал, 19', 'Россия, Московская область, Мытищи, улица Карла Маркса, 4')
2026-02-28 11:22:05,876 - sqlalchemy.engine.Engine - INFO - SELECT order_installers.order_id AS order_installers_order_id, order_installers.id AS order_installers_id, order_installers.installer_id AS order_installers_installer_id, order_installers.role AS order_installers_role, order_installers.base_payment AS order_installers_base_payment, order_installers.is_primary AS order_installers_is_primary, order_installers.created_at AS order_installers_created_at, order_installers.updated_at AS order_installers_updated_at 
FROM order_installers 
WHERE order_installers.order_id IN ($1::INTEGER, $2::INTEGER, $3::INTEGER, $4::INTEGER, $5::INTEGER)
2026-02-28 11:22:05,877 - sqlalchemy.engine.Engine - INFO - [cached since 390.6s ago] (1, 2, 3, 4, 5)
2026-02-28 11:22:05,878 - sqlalchemy.engine.Engine - INFO - ROLLBACK
2026-02-28 11:22:07,807 - sqlalchemy.engine.Engine - INFO - BEGIN (implicit)
2026-02-28 11:22:07,807 - sqlalchemy.engine.Engine - INFO - SELECT orders.id, orders.client_id, orders.status, orders.warehouse, orders.service_datetime, orders.delivery_datetime, orders.promise, orders.marker_color, orders.address_id, orders.address_text, orders.created_at, orders.updated_at 
FROM orders 
WHERE orders.id = $1::INTEGER
2026-02-28 11:22:07,807 - sqlalchemy.engine.Engine - INFO - [cached since 387.8s ago] (5,)
2026-02-28 11:22:07,808 - sqlalchemy.engine.Engine - INFO - BEGIN (implicit)
2026-02-28 11:22:07,808 - sqlalchemy.engine.Engine - INFO - SELECT admins.id, admins.username, admins.password_hash, admins.created_at 
FROM admins 
WHERE admins.username = $1::VARCHAR
2026-02-28 11:22:07,808 - sqlalchemy.engine.Engine - INFO - [cached since 1750s ago] ('zhura2296@yandex.ru',)
2026-02-28 11:22:07,809 - sqlalchemy.engine.Engine - INFO - SELECT installers.id, installers.full_name, installers.nickname, installers.phone, installers.backup_phone, installers.specialization, installers.rating, installers.base_price, installers.is_debtor, installers.comments, installers.is_active, installers.is_in_funnel, installers.total_orders, installers.poor_work_count, installers.warranty_visits_count, installers.last_incident_date, installers.updated_at, installers.created_at, installers.deleted_at 
FROM installers 
WHERE installers.deleted_at IS NULL 
 LIMIT $1::INTEGER OFFSET $2::INTEGER
2026-02-28 11:22:07,809 - sqlalchemy.engine.Engine - INFO - [cached since 1750s ago] (100, 0)
2026-02-28 11:22:07,809 - sqlalchemy.engine.Engine - INFO - SELECT finance.order_id AS finance_order_id, finance.id AS finance_id, finance.revenue AS finance_revenue, finance.cost_of_goods AS finance_cost_of_goods, finance.installer_payments AS finance_installer_payments, finance.expenses AS finance_expenses, finance.warranty_costs_oleg AS finance_warranty_costs_oleg, finance.warranty_costs_installer AS finance_warranty_costs_installer, finance.profit AS finance_profit, finance.created_at AS finance_created_at, finance.updated_at AS finance_updated_at 
FROM finance 
WHERE finance.order_id IN ($1::INTEGER)
2026-02-28 11:22:07,809 - sqlalchemy.engine.Engine - INFO - [cached since 392.5s ago] (5,)
2026-02-28 11:22:07,811 - sqlalchemy.engine.Engine - INFO - SELECT clients.id AS clients_id, clients.full_name AS clients_full_name, clients.phone AS clients_phone, clients.address AS clients_address, clients.coordinates AS clients_coordinates, clients.created_at AS clients_created_at, clients.last_contact AS clients_last_contact, clients.comments AS clients_comments, clients.updated_at AS clients_updated_at, clients.backup_phone AS clients_backup_phone, clients.deleted_at AS clients_deleted_at 
FROM clients 
WHERE clients.id IN ($1::INTEGER)
2026-02-28 11:22:07,811 - sqlalchemy.engine.Engine - INFO - [cached since 392.5s ago] (2,)
2026-02-28 11:22:07,811 - sqlalchemy.engine.Engine - INFO - SELECT address_cache.address AS address_cache_address, address_cache.lat AS address_cache_lat, address_cache.lon AS address_cache_lon, address_cache.updated_at AS address_cache_updated_at 
FROM address_cache 
WHERE address_cache.address IN ($1::VARCHAR)
2026-02-28 11:22:07,812 - sqlalchemy.engine.Engine - INFO - [cached since 392.5s ago] ('Россия, Москва, улица Пресненский Вал, 19',)
2026-02-28 11:22:07,812 - sqlalchemy.engine.Engine - INFO - ROLLBACK
2026-02-28 11:22:07,813 - sqlalchemy.engine.Engine - INFO - BEGIN (implicit)
2026-02-28 11:22:07,813 - sqlalchemy.engine.Engine - INFO - SELECT admins.id, admins.username, admins.password_hash, admins.created_at 
FROM admins 
WHERE admins.username = $1::VARCHAR
2026-02-28 11:22:07,813 - sqlalchemy.engine.Engine - INFO - [cached since 1750s ago] ('zhura2296@yandex.ru',)
2026-02-28 11:22:07,815 - sqlalchemy.engine.Engine - INFO - SELECT order_installers.order_id AS order_installers_order_id, order_installers.id AS order_installers_id, order_installers.installer_id AS order_installers_installer_id, order_installers.role AS order_installers_role, order_installers.base_payment AS order_installers_base_payment, order_installers.is_primary AS order_installers_is_primary, order_installers.created_at AS order_installers_created_at, order_installers.updated_at AS order_installers_updated_at 
FROM order_installers 
WHERE order_installers.order_id IN ($1::INTEGER)
2026-02-28 11:22:07,815 - sqlalchemy.engine.Engine - INFO - [cached since 392.5s ago] (5,)
2026-02-28 11:22:07,816 - sqlalchemy.engine.Engine - INFO - SELECT installers.id, installers.full_name, installers.nickname, installers.phone, installers.backup_phone, installers.specialization, installers.rating, installers.base_price, installers.is_debtor, installers.comments, installers.is_active, installers.is_in_funnel, installers.total_orders, installers.poor_work_count, installers.warranty_visits_count, installers.last_incident_date, installers.updated_at, installers.created_at, installers.deleted_at 
FROM installers 
WHERE installers.deleted_at IS NULL 
 LIMIT $1::INTEGER OFFSET $2::INTEGER
2026-02-28 11:22:07,816 - sqlalchemy.engine.Engine - INFO - [cached since 1750s ago] (100, 0)
2026-02-28 11:22:07,817 - sqlalchemy.engine.Engine - INFO - BEGIN (implicit)
2026-02-28 11:22:07,818 - sqlalchemy.engine.Engine - INFO - SELECT orders.id, orders.client_id, orders.status, orders.warehouse, orders.service_datetime, orders.delivery_datetime, orders.promise, orders.marker_color, orders.address_id, orders.address_text, orders.created_at, orders.updated_at 
FROM orders 
WHERE orders.id = $1::INTEGER
2026-02-28 11:22:07,818 - sqlalchemy.engine.Engine - INFO - [cached since 387.8s ago] (5,)
2026-02-28 11:22:07,818 - sqlalchemy.engine.Engine - INFO - ROLLBACK
2026-02-28 11:22:07,818 - sqlalchemy.engine.Engine - INFO - ROLLBACK
2026-02-28 11:22:07,819 - sqlalchemy.engine.Engine - INFO - SELECT finance.order_id AS finance_order_id, finance.id AS finance_id, finance.revenue AS finance_revenue, finance.cost_of_goods AS finance_cost_of_goods, finance.installer_payments AS finance_installer_payments, finance.expenses AS finance_expenses, finance.warranty_costs_oleg AS finance_warranty_costs_oleg, finance.warranty_costs_installer AS finance_warranty_costs_installer, finance.profit AS finance_profit, finance.created_at AS finance_created_at, finance.updated_at AS finance_updated_at 
FROM finance 
WHERE finance.order_id IN ($1::INTEGER)
2026-02-28 11:22:07,819 - sqlalchemy.engine.Engine - INFO - [cached since 392.5s ago] (5,)
2026-02-28 11:22:07,820 - sqlalchemy.engine.Engine - INFO - SELECT clients.id AS clients_id, clients.full_name AS clients_full_name, clients.phone AS clients_phone, clients.address AS clients_address, clients.coordinates AS clients_coordinates, clients.created_at AS clients_created_at, clients.last_contact AS clients_last_contact, clients.comments AS clients_comments, clients.updated_at AS clients_updated_at, clients.backup_phone AS clients_backup_phone, clients.deleted_at AS clients_deleted_at 
FROM clients 
WHERE clients.id IN ($1::INTEGER)
2026-02-28 11:22:07,820 - sqlalchemy.engine.Engine - INFO - [cached since 392.5s ago] (2,)
2026-02-28 11:22:07,821 - sqlalchemy.engine.Engine - INFO - SELECT address_cache.address AS address_cache_address, address_cache.lat AS address_cache_lat, address_cache.lon AS address_cache_lon, address_cache.updated_at AS address_cache_updated_at 
FROM address_cache 
WHERE address_cache.address IN ($1::VARCHAR)
2026-02-28 11:22:07,821 - sqlalchemy.engine.Engine - INFO - [cached since 392.5s ago] ('Россия, Москва, улица Пресненский Вал, 19',)
2026-02-28 11:22:07,822 - sqlalchemy.engine.Engine - INFO - SELECT order_installers.order_id AS order_installers_order_id, order_installers.id AS order_installers_id, order_installers.installer_id AS order_installers_installer_id, order_installers.role AS order_installers_role, order_installers.base_payment AS order_installers_base_payment, order_installers.is_primary AS order_installers_is_primary, order_installers.created_at AS order_installers_created_at, order_installers.updated_at AS order_installers_updated_at 
FROM order_installers 
WHERE order_installers.order_id IN ($1::INTEGER)
2026-02-28 11:22:07,822 - sqlalchemy.engine.Engine - INFO - [cached since 392.5s ago] (5,)
2026-02-28 11:22:07,823 - sqlalchemy.engine.Engine - INFO - ROLLBACK
2026-02-28 11:23:56,015 - sqlalchemy.engine.Engine - INFO - BEGIN (implicit)
2026-02-28 11:23:56,016 - sqlalchemy.engine.Engine - INFO - SELECT orders.id, orders.client_id, orders.status, orders.warehouse, orders.service_datetime, orders.delivery_datetime, orders.promise, orders.marker_color, orders.address_id, orders.address_text, orders.created_at, orders.updated_at 
FROM orders 
 LIMIT $1::INTEGER OFFSET $2::INTEGER
2026-02-28 11:23:56,016 - sqlalchemy.engine.Engine - INFO - [cached since 500.8s ago] (100, 0)
2026-02-28 11:23:56,017 - sqlalchemy.engine.Engine - INFO - SELECT finance.order_id AS finance_order_id, finance.id AS finance_id, finance.revenue AS finance_revenue, finance.cost_of_goods AS finance_cost_of_goods, finance.installer_payments AS finance_installer_payments, finance.expenses AS finance_expenses, finance.warranty_costs_oleg AS finance_warranty_costs_oleg, finance.warranty_costs_installer AS finance_warranty_costs_installer, finance.profit AS finance_profit, finance.created_at AS finance_created_at, finance.updated_at AS finance_updated_at 
FROM finance 
WHERE finance.order_id IN ($1::INTEGER, $2::INTEGER, $3::INTEGER, $4::INTEGER, $5::INTEGER)
2026-02-28 11:23:56,017 - sqlalchemy.engine.Engine - INFO - [cached since 500.7s ago] (1, 2, 3, 4, 5)
2026-02-28 11:23:56,019 - sqlalchemy.engine.Engine - INFO - SELECT clients.id AS clients_id, clients.full_name AS clients_full_name, clients.phone AS clients_phone, clients.address AS clients_address, clients.coordinates AS clients_coordinates, clients.created_at AS clients_created_at, clients.last_contact AS clients_last_contact, clients.comments AS clients_comments, clients.updated_at AS clients_updated_at, clients.backup_phone AS clients_backup_phone, clients.deleted_at AS clients_deleted_at 
FROM clients 
WHERE clients.id IN ($1::INTEGER)
2026-02-28 11:23:56,019 - sqlalchemy.engine.Engine - INFO - [cached since 500.7s ago] (2,)
2026-02-28 11:23:56,020 - sqlalchemy.engine.Engine - INFO - SELECT address_cache.address AS address_cache_address, address_cache.lat AS address_cache_lat, address_cache.lon AS address_cache_lon, address_cache.updated_at AS address_cache_updated_at 
FROM address_cache 
WHERE address_cache.address IN ($1::VARCHAR, $2::VARCHAR, $3::VARCHAR)
2026-02-28 11:23:56,020 - sqlalchemy.engine.Engine - INFO - [cached since 500.7s ago] ('Москва, ул. Ленина, 10', 'Россия, Москва, улица Пресненский Вал, 19', 'Россия, Московская область, Мытищи, улица Карла Маркса, 4')
2026-02-28 11:23:56,021 - sqlalchemy.engine.Engine - INFO - SELECT order_installers.order_id AS order_installers_order_id, order_installers.id AS order_installers_id, order_installers.installer_id AS order_installers_installer_id, order_installers.role AS order_installers_role, order_installers.base_payment AS order_installers_base_payment, order_installers.is_primary AS order_installers_is_primary, order_installers.created_at AS order_installers_created_at, order_installers.updated_at AS order_installers_updated_at 
FROM order_installers 
WHERE order_installers.order_id IN ($1::INTEGER, $2::INTEGER, $3::INTEGER, $4::INTEGER, $5::INTEGER)
2026-02-28 11:23:56,021 - sqlalchemy.engine.Engine - INFO - [cached since 500.7s ago] (1, 2, 3, 4, 5)
2026-02-28 11:23:56,022 - sqlalchemy.engine.Engine - INFO - ROLLBACK
2026-02-28 11:23:56,023 - sqlalchemy.engine.Engine - INFO - BEGIN (implicit)
2026-02-28 11:23:56,023 - sqlalchemy.engine.Engine - INFO - SELECT orders.id, orders.client_id, orders.status, orders.warehouse, orders.service_datetime, orders.delivery_datetime, orders.promise, orders.marker_color, orders.address_id, orders.address_text, orders.created_at, orders.updated_at 
FROM orders 
 LIMIT $1::INTEGER OFFSET $2::INTEGER
2026-02-28 11:23:56,023 - sqlalchemy.engine.Engine - INFO - [cached since 500.8s ago] (100, 0)
2026-02-28 11:23:56,024 - sqlalchemy.engine.Engine - INFO - SELECT finance.order_id AS finance_order_id, finance.id AS finance_id, finance.revenue AS finance_revenue, finance.cost_of_goods AS finance_cost_of_goods, finance.installer_payments AS finance_installer_payments, finance.expenses AS finance_expenses, finance.warranty_costs_oleg AS finance_warranty_costs_oleg, finance.warranty_costs_installer AS finance_warranty_costs_installer, finance.profit AS finance_profit, finance.created_at AS finance_created_at, finance.updated_at AS finance_updated_at 
FROM finance 
WHERE finance.order_id IN ($1::INTEGER, $2::INTEGER, $3::INTEGER, $4::INTEGER, $5::INTEGER)
2026-02-28 11:23:56,024 - sqlalchemy.engine.Engine - INFO - [cached since 500.8s ago] (1, 2, 3, 4, 5)
2026-02-28 11:23:56,027 - sqlalchemy.engine.Engine - INFO - SELECT clients.id AS clients_id, clients.full_name AS clients_full_name, clients.phone AS clients_phone, clients.address AS clients_address, clients.coordinates AS clients_coordinates, clients.created_at AS clients_created_at, clients.last_contact AS clients_last_contact, clients.comments AS clients_comments, clients.updated_at AS clients_updated_at, clients.backup_phone AS clients_backup_phone, clients.deleted_at AS clients_deleted_at 
FROM clients 
WHERE clients.id IN ($1::INTEGER)
2026-02-28 11:23:56,027 - sqlalchemy.engine.Engine - INFO - [cached since 500.7s ago] (2,)
2026-02-28 11:23:56,028 - sqlalchemy.engine.Engine - INFO - SELECT address_cache.address AS address_cache_address, address_cache.lat AS address_cache_lat, address_cache.lon AS address_cache_lon, address_cache.updated_at AS address_cache_updated_at 
FROM address_cache 
WHERE address_cache.address IN ($1::VARCHAR, $2::VARCHAR, $3::VARCHAR)
2026-02-28 11:23:56,028 - sqlalchemy.engine.Engine - INFO - [cached since 500.7s ago] ('Москва, ул. Ленина, 10', 'Россия, Москва, улица Пресненский Вал, 19', 'Россия, Московская область, Мытищи, улица Карла Маркса, 4')
2026-02-28 11:23:56,029 - sqlalchemy.engine.Engine - INFO - SELECT order_installers.order_id AS order_installers_order_id, order_installers.id AS order_installers_id, order_installers.installer_id AS order_installers_installer_id, order_installers.role AS order_installers_role, order_installers.base_payment AS order_installers_base_payment, order_installers.is_primary AS order_installers_is_primary, order_installers.created_at AS order_installers_created_at, order_installers.updated_at AS order_installers_updated_at 
FROM order_installers 
WHERE order_installers.order_id IN ($1::INTEGER, $2::INTEGER, $3::INTEGER, $4::INTEGER, $5::INTEGER)
2026-02-28 11:23:56,029 - sqlalchemy.engine.Engine - INFO - [cached since 500.7s ago] (1, 2, 3, 4, 5)
2026-02-28 11:23:56,031 - sqlalchemy.engine.Engine - INFO - ROLLBACK
2026-02-28 11:23:57,371 - sqlalchemy.engine.Engine - INFO - BEGIN (implicit)
2026-02-28 11:23:57,371 - sqlalchemy.engine.Engine - INFO - SELECT orders.id, orders.client_id, orders.status, orders.warehouse, orders.service_datetime, orders.delivery_datetime, orders.promise, orders.marker_color, orders.address_id, orders.address_text, orders.created_at, orders.updated_at 
FROM orders 
WHERE orders.id = $1::INTEGER
2026-02-28 11:23:57,371 - sqlalchemy.engine.Engine - INFO - [cached since 497.4s ago] (4,)
2026-02-28 11:23:57,373 - sqlalchemy.engine.Engine - INFO - SELECT finance.order_id AS finance_order_id, finance.id AS finance_id, finance.revenue AS finance_revenue, finance.cost_of_goods AS finance_cost_of_goods, finance.installer_payments AS finance_installer_payments, finance.expenses AS finance_expenses, finance.warranty_costs_oleg AS finance_warranty_costs_oleg, finance.warranty_costs_installer AS finance_warranty_costs_installer, finance.profit AS finance_profit, finance.created_at AS finance_created_at, finance.updated_at AS finance_updated_at 
FROM finance 
WHERE finance.order_id IN ($1::INTEGER)
2026-02-28 11:23:57,373 - sqlalchemy.engine.Engine - INFO - [cached since 502.1s ago] (4,)
2026-02-28 11:23:57,374 - sqlalchemy.engine.Engine - INFO - SELECT clients.id AS clients_id, clients.full_name AS clients_full_name, clients.phone AS clients_phone, clients.address AS clients_address, clients.coordinates AS clients_coordinates, clients.created_at AS clients_created_at, clients.last_contact AS clients_last_contact, clients.comments AS clients_comments, clients.updated_at AS clients_updated_at, clients.backup_phone AS clients_backup_phone, clients.deleted_at AS clients_deleted_at 
FROM clients 
WHERE clients.id IN ($1::INTEGER)
2026-02-28 11:23:57,374 - sqlalchemy.engine.Engine - INFO - [cached since 502.1s ago] (2,)
2026-02-28 11:23:57,375 - sqlalchemy.engine.Engine - INFO - BEGIN (implicit)
2026-02-28 11:23:57,375 - sqlalchemy.engine.Engine - INFO - SELECT admins.id, admins.username, admins.password_hash, admins.created_at 
FROM admins 
WHERE admins.username = $1::VARCHAR
2026-02-28 11:23:57,375 - sqlalchemy.engine.Engine - INFO - [cached since 1860s ago] ('zhura2296@yandex.ru',)
2026-02-28 11:23:57,375 - sqlalchemy.engine.Engine - INFO - SELECT address_cache.address AS address_cache_address, address_cache.lat AS address_cache_lat, address_cache.lon AS address_cache_lon, address_cache.updated_at AS address_cache_updated_at 
FROM address_cache 
WHERE address_cache.address IN ($1::VARCHAR)
2026-02-28 11:23:57,375 - sqlalchemy.engine.Engine - INFO - [cached since 502.1s ago] ('Россия, Московская область, Мытищи, улица Карла Маркса, 4',)
2026-02-28 11:23:57,376 - sqlalchemy.engine.Engine - INFO - SELECT order_installers.order_id AS order_installers_order_id, order_installers.id AS order_installers_id, order_installers.installer_id AS order_installers_installer_id, order_installers.role AS order_installers_role, order_installers.base_payment AS order_installers_base_payment, order_installers.is_primary AS order_installers_is_primary, order_installers.created_at AS order_installers_created_at, order_installers.updated_at AS order_installers_updated_at 
FROM order_installers 
WHERE order_installers.order_id IN ($1::INTEGER)
2026-02-28 11:23:57,376 - sqlalchemy.engine.Engine - INFO - [cached since 502.1s ago] (4,)
2026-02-28 11:23:57,376 - sqlalchemy.engine.Engine - INFO - SELECT installers.id, installers.full_name, installers.nickname, installers.phone, installers.backup_phone, installers.specialization, installers.rating, installers.base_price, installers.is_debtor, installers.comments, installers.is_active, installers.is_in_funnel, installers.total_orders, installers.poor_work_count, installers.warranty_visits_count, installers.last_incident_date, installers.updated_at, installers.created_at, installers.deleted_at 
FROM installers 
WHERE installers.deleted_at IS NULL 
 LIMIT $1::INTEGER OFFSET $2::INTEGER
2026-02-28 11:23:57,377 - sqlalchemy.engine.Engine - INFO - [cached since 1860s ago] (100, 0)
2026-02-28 11:23:57,378 - sqlalchemy.engine.Engine - INFO - ROLLBACK
2026-02-28 11:23:57,378 - sqlalchemy.engine.Engine - INFO - ROLLBACK
2026-02-28 11:23:57,379 - sqlalchemy.engine.Engine - INFO - BEGIN (implicit)
2026-02-28 11:23:57,379 - sqlalchemy.engine.Engine - INFO - SELECT orders.id, orders.client_id, orders.status, orders.warehouse, orders.service_datetime, orders.delivery_datetime, orders.promise, orders.marker_color, orders.address_id, orders.address_text, orders.created_at, orders.updated_at 
FROM orders 
WHERE orders.id = $1::INTEGER
2026-02-28 11:23:57,379 - sqlalchemy.engine.Engine - INFO - [cached since 497.4s ago] (4,)
2026-02-28 11:23:57,380 - sqlalchemy.engine.Engine - INFO - BEGIN (implicit)
2026-02-28 11:23:57,380 - sqlalchemy.engine.Engine - INFO - SELECT admins.id, admins.username, admins.password_hash, admins.created_at 
FROM admins 
WHERE admins.username = $1::VARCHAR
2026-02-28 11:23:57,381 - sqlalchemy.engine.Engine - INFO - [cached since 1860s ago] ('zhura2296@yandex.ru',)
2026-02-28 11:23:57,382 - sqlalchemy.engine.Engine - INFO - SELECT installers.id, installers.full_name, installers.nickname, installers.phone, installers.backup_phone, installers.specialization, installers.rating, installers.base_price, installers.is_debtor, installers.comments, installers.is_active, installers.is_in_funnel, installers.total_orders, installers.poor_work_count, installers.warranty_visits_count, installers.last_incident_date, installers.updated_at, installers.created_at, installers.deleted_at 
FROM installers 
WHERE installers.deleted_at IS NULL 
 LIMIT $1::INTEGER OFFSET $2::INTEGER
2026-02-28 11:23:57,382 - sqlalchemy.engine.Engine - INFO - [cached since 1860s ago] (100, 0)
2026-02-28 11:23:57,383 - sqlalchemy.engine.Engine - INFO - SELECT finance.order_id AS finance_order_id, finance.id AS finance_id, finance.revenue AS finance_revenue, finance.cost_of_goods AS finance_cost_of_goods, finance.installer_payments AS finance_installer_payments, finance.expenses AS finance_expenses, finance.warranty_costs_oleg AS finance_warranty_costs_oleg, finance.warranty_costs_installer AS finance_warranty_costs_installer, finance.profit AS finance_profit, finance.created_at AS finance_created_at, finance.updated_at AS finance_updated_at 
FROM finance 
WHERE finance.order_id IN ($1::INTEGER)
2026-02-28 11:23:57,383 - sqlalchemy.engine.Engine - INFO - [cached since 502.1s ago] (4,)
2026-02-28 11:23:57,383 - sqlalchemy.engine.Engine - INFO - SELECT clients.id AS clients_id, clients.full_name AS clients_full_name, clients.phone AS clients_phone, clients.address AS clients_address, clients.coordinates AS clients_coordinates, clients.created_at AS clients_created_at, clients.last_contact AS clients_last_contact, clients.comments AS clients_comments, clients.updated_at AS clients_updated_at, clients.backup_phone AS clients_backup_phone, clients.deleted_at AS clients_deleted_at 
FROM clients 
WHERE clients.id IN ($1::INTEGER)
2026-02-28 11:23:57,384 - sqlalchemy.engine.Engine - INFO - [cached since 502.1s ago] (2,)
2026-02-28 11:23:57,384 - sqlalchemy.engine.Engine - INFO - SELECT address_cache.address AS address_cache_address, address_cache.lat AS address_cache_lat, address_cache.lon AS address_cache_lon, address_cache.updated_at AS address_cache_updated_at 
FROM address_cache 
WHERE address_cache.address IN ($1::VARCHAR)
2026-02-28 11:23:57,384 - sqlalchemy.engine.Engine - INFO - [cached since 502.1s ago] ('Россия, Московская область, Мытищи, улица Карла Маркса, 4',)
2026-02-28 11:23:57,384 - sqlalchemy.engine.Engine - INFO - ROLLBACK
2026-02-28 11:23:57,385 - sqlalchemy.engine.Engine - INFO - SELECT order_installers.order_id AS order_installers_order_id, order_installers.id AS order_installers_id, order_installers.installer_id AS order_installers_installer_id, order_installers.role AS order_installers_role, order_installers.base_payment AS order_installers_base_payment, order_installers.is_primary AS order_installers_is_primary, order_installers.created_at AS order_installers_created_at, order_installers.updated_at AS order_installers_updated_at 
FROM order_installers 
WHERE order_installers.order_id IN ($1::INTEGER)
2026-02-28 11:23:57,385 - sqlalchemy.engine.Engine - INFO - [cached since 502.1s ago] (4,)
2026-02-28 11:23:57,386 - sqlalchemy.engine.Engine - INFO - ROLLBACK
2026-02-28 11:24:07,460 - sqlalchemy.engine.Engine - INFO - BEGIN (implicit)
2026-02-28 11:24:07,460 - sqlalchemy.engine.Engine - INFO - SELECT admins.id, admins.username, admins.password_hash, admins.created_at 
FROM admins 
WHERE admins.username = $1::VARCHAR
2026-02-28 11:24:07,460 - sqlalchemy.engine.Engine - INFO - [cached since 1870s ago] ('zhura2296@yandex.ru',)
2026-02-28 11:24:07,660 - sqlalchemy.engine.Engine - INFO - ROLLBACK
2026-02-28 11:24:07,761 - sqlalchemy.engine.Engine - INFO - BEGIN (implicit)
2026-02-28 11:24:07,761 - sqlalchemy.engine.Engine - INFO - SELECT admins.id, admins.username, admins.password_hash, admins.created_at 
FROM admins 
WHERE admins.username = $1::VARCHAR
2026-02-28 11:24:07,761 - sqlalchemy.engine.Engine - INFO - [cached since 1870s ago] ('zhura2296@yandex.ru',)
2026-02-28 11:24:07,763 - sqlalchemy.engine.Engine - INFO - BEGIN (implicit)
2026-02-28 11:24:07,763 - sqlalchemy.engine.Engine - INFO - SELECT admins.id, admins.username, admins.password_hash, admins.created_at 
FROM admins 
WHERE admins.username = $1::VARCHAR
2026-02-28 11:24:07,763 - sqlalchemy.engine.Engine - INFO - [cached since 1870s ago] ('zhura2296@yandex.ru',)
2026-02-28 11:24:07,763 - sqlalchemy.engine.Engine - INFO - SELECT installers.id, installers.full_name, installers.nickname, installers.phone, installers.backup_phone, installers.specialization, installers.rating, installers.base_price, installers.is_debtor, installers.comments, installers.is_active, installers.is_in_funnel, installers.total_orders, installers.poor_work_count, installers.warranty_visits_count, installers.last_incident_date, installers.updated_at, installers.created_at, installers.deleted_at 
FROM installers 
WHERE installers.deleted_at IS NULL 
 LIMIT $1::INTEGER OFFSET $2::INTEGER
2026-02-28 11:24:07,763 - sqlalchemy.engine.Engine - INFO - [cached since 1870s ago] (100, 0)
2026-02-28 11:24:07,765 - sqlalchemy.engine.Engine - INFO - SELECT clients.id, clients.full_name, clients.phone, clients.address, clients.coordinates, clients.created_at, clients.last_contact, clients.comments, clients.updated_at, clients.backup_phone, clients.deleted_at 
FROM clients 
 LIMIT $1::INTEGER OFFSET $2::INTEGER
2026-02-28 11:24:07,765 - sqlalchemy.engine.Engine - INFO - [cached since 1870s ago] (100, 0)
2026-02-28 11:24:07,766 - sqlalchemy.engine.Engine - INFO - BEGIN (implicit)
2026-02-28 11:24:07,766 - sqlalchemy.engine.Engine - INFO - SELECT admins.id, admins.username, admins.password_hash, admins.created_at 
FROM admins 
WHERE admins.username = $1::VARCHAR
2026-02-28 11:24:07,767 - sqlalchemy.engine.Engine - INFO - [cached since 1870s ago] ('zhura2296@yandex.ru',)
2026-02-28 11:24:07,767 - sqlalchemy.engine.Engine - INFO - ROLLBACK
2026-02-28 11:24:07,767 - sqlalchemy.engine.Engine - INFO - ROLLBACK
2026-02-28 11:24:07,768 - sqlalchemy.engine.Engine - INFO - SELECT installers.id, installers.full_name, installers.nickname, installers.phone, installers.backup_phone, installers.specialization, installers.rating, installers.base_price, installers.is_debtor, installers.comments, installers.is_active, installers.is_in_funnel, installers.total_orders, installers.poor_work_count, installers.warranty_visits_count, installers.last_incident_date, installers.updated_at, installers.created_at, installers.deleted_at 
FROM installers 
WHERE installers.deleted_at IS NULL 
 LIMIT $1::INTEGER OFFSET $2::INTEGER
2026-02-28 11:24:07,768 - sqlalchemy.engine.Engine - INFO - [cached since 1870s ago] (100, 0)
2026-02-28 11:24:07,769 - sqlalchemy.engine.Engine - INFO - BEGIN (implicit)
2026-02-28 11:24:07,769 - sqlalchemy.engine.Engine - INFO - SELECT admins.id, admins.username, admins.password_hash, admins.created_at 
FROM admins 
WHERE admins.username = $1::VARCHAR
2026-02-28 11:24:07,769 - sqlalchemy.engine.Engine - INFO - [cached since 1870s ago] ('zhura2296@yandex.ru',)
2026-02-28 11:24:07,770 - sqlalchemy.engine.Engine - INFO - SELECT clients.id, clients.full_name, clients.phone, clients.address, clients.coordinates, clients.created_at, clients.last_contact, clients.comments, clients.updated_at, clients.backup_phone, clients.deleted_at 
FROM clients 
 LIMIT $1::INTEGER OFFSET $2::INTEGER
2026-02-28 11:24:07,770 - sqlalchemy.engine.Engine - INFO - [cached since 1870s ago] (100, 0)
2026-02-28 11:24:07,770 - sqlalchemy.engine.Engine - INFO - ROLLBACK
2026-02-28 11:24:07,771 - sqlalchemy.engine.Engine - INFO - ROLLBACK
2026-02-28 11:24:09,328 - sqlalchemy.engine.Engine - INFO - BEGIN (implicit)
2026-02-28 11:24:09,328 - sqlalchemy.engine.Engine - INFO - SELECT orders.id, orders.client_id, orders.status, orders.warehouse, orders.service_datetime, orders.delivery_datetime, orders.promise, orders.marker_color, orders.address_id, orders.address_text, orders.created_at, orders.updated_at 
FROM orders 
 LIMIT $1::INTEGER OFFSET $2::INTEGER
2026-02-28 11:24:09,329 - sqlalchemy.engine.Engine - INFO - [cached since 514.1s ago] (100, 0)
2026-02-28 11:24:09,331 - sqlalchemy.engine.Engine - INFO - SELECT finance.order_id AS finance_order_id, finance.id AS finance_id, finance.revenue AS finance_revenue, finance.cost_of_goods AS finance_cost_of_goods, finance.installer_payments AS finance_installer_payments, finance.expenses AS finance_expenses, finance.warranty_costs_oleg AS finance_warranty_costs_oleg, finance.warranty_costs_installer AS finance_warranty_costs_installer, finance.profit AS finance_profit, finance.created_at AS finance_created_at, finance.updated_at AS finance_updated_at 
FROM finance 
WHERE finance.order_id IN ($1::INTEGER, $2::INTEGER, $3::INTEGER, $4::INTEGER, $5::INTEGER)
2026-02-28 11:24:09,331 - sqlalchemy.engine.Engine - INFO - [cached since 514.1s ago] (1, 2, 3, 4, 5)
2026-02-28 11:24:09,332 - sqlalchemy.engine.Engine - INFO - SELECT clients.id AS clients_id, clients.full_name AS clients_full_name, clients.phone AS clients_phone, clients.address AS clients_address, clients.coordinates AS clients_coordinates, clients.created_at AS clients_created_at, clients.last_contact AS clients_last_contact, clients.comments AS clients_comments, clients.updated_at AS clients_updated_at, clients.backup_phone AS clients_backup_phone, clients.deleted_at AS clients_deleted_at 
FROM clients 
WHERE clients.id IN ($1::INTEGER)
2026-02-28 11:24:09,332 - sqlalchemy.engine.Engine - INFO - [cached since 514.1s ago] (2,)
2026-02-28 11:24:09,332 - sqlalchemy.engine.Engine - INFO - SELECT address_cache.address AS address_cache_address, address_cache.lat AS address_cache_lat, address_cache.lon AS address_cache_lon, address_cache.updated_at AS address_cache_updated_at 
FROM address_cache 
WHERE address_cache.address IN ($1::VARCHAR, $2::VARCHAR, $3::VARCHAR)
2026-02-28 11:24:09,333 - sqlalchemy.engine.Engine - INFO - [cached since 514.1s ago] ('Москва, ул. Ленина, 10', 'Россия, Москва, улица Пресненский Вал, 19', 'Россия, Московская область, Мытищи, улица Карла Маркса, 4')
2026-02-28 11:24:09,333 - sqlalchemy.engine.Engine - INFO - SELECT order_installers.order_id AS order_installers_order_id, order_installers.id AS order_installers_id, order_installers.installer_id AS order_installers_installer_id, order_installers.role AS order_installers_role, order_installers.base_payment AS order_installers_base_payment, order_installers.is_primary AS order_installers_is_primary, order_installers.created_at AS order_installers_created_at, order_installers.updated_at AS order_installers_updated_at 
FROM order_installers 
WHERE order_installers.order_id IN ($1::INTEGER, $2::INTEGER, $3::INTEGER, $4::INTEGER, $5::INTEGER)
2026-02-28 11:24:09,333 - sqlalchemy.engine.Engine - INFO - [cached since 514.1s ago] (1, 2, 3, 4, 5)
2026-02-28 11:24:09,335 - sqlalchemy.engine.Engine - INFO - ROLLBACK
2026-02-28 11:24:09,335 - sqlalchemy.engine.Engine - INFO - BEGIN (implicit)
2026-02-28 11:24:09,336 - sqlalchemy.engine.Engine - INFO - SELECT orders.id, orders.client_id, orders.status, orders.warehouse, orders.service_datetime, orders.delivery_datetime, orders.promise, orders.marker_color, orders.address_id, orders.address_text, orders.created_at, orders.updated_at 
FROM orders 
 LIMIT $1::INTEGER OFFSET $2::INTEGER
2026-02-28 11:24:09,336 - sqlalchemy.engine.Engine - INFO - [cached since 514.1s ago] (100, 0)
2026-02-28 11:24:09,337 - sqlalchemy.engine.Engine - INFO - SELECT finance.order_id AS finance_order_id, finance.id AS finance_id, finance.revenue AS finance_revenue, finance.cost_of_goods AS finance_cost_of_goods, finance.installer_payments AS finance_installer_payments, finance.expenses AS finance_expenses, finance.warranty_costs_oleg AS finance_warranty_costs_oleg, finance.warranty_costs_installer AS finance_warranty_costs_installer, finance.profit AS finance_profit, finance.created_at AS finance_created_at, finance.updated_at AS finance_updated_at 
FROM finance 
WHERE finance.order_id IN ($1::INTEGER, $2::INTEGER, $3::INTEGER, $4::INTEGER, $5::INTEGER)
2026-02-28 11:24:09,337 - sqlalchemy.engine.Engine - INFO - [cached since 514.1s ago] (1, 2, 3, 4, 5)
2026-02-28 11:24:09,338 - sqlalchemy.engine.Engine - INFO - SELECT clients.id AS clients_id, clients.full_name AS clients_full_name, clients.phone AS clients_phone, clients.address AS clients_address, clients.coordinates AS clients_coordinates, clients.created_at AS clients_created_at, clients.last_contact AS clients_last_contact, clients.comments AS clients_comments, clients.updated_at AS clients_updated_at, clients.backup_phone AS clients_backup_phone, clients.deleted_at AS clients_deleted_at 
FROM clients 
WHERE clients.id IN ($1::INTEGER)
2026-02-28 11:24:09,338 - sqlalchemy.engine.Engine - INFO - [cached since 514.1s ago] (2,)
2026-02-28 11:24:09,339 - sqlalchemy.engine.Engine - INFO - SELECT address_cache.address AS address_cache_address, address_cache.lat AS address_cache_lat, address_cache.lon AS address_cache_lon, address_cache.updated_at AS address_cache_updated_at 
FROM address_cache 
WHERE address_cache.address IN ($1::VARCHAR, $2::VARCHAR, $3::VARCHAR)
2026-02-28 11:24:09,339 - sqlalchemy.engine.Engine - INFO - [cached since 514.1s ago] ('Москва, ул. Ленина, 10', 'Россия, Москва, улица Пресненский Вал, 19', 'Россия, Московская область, Мытищи, улица Карла Маркса, 4')
2026-02-28 11:24:09,340 - sqlalchemy.engine.Engine - INFO - SELECT order_installers.order_id AS order_installers_order_id, order_installers.id AS order_installers_id, order_installers.installer_id AS order_installers_installer_id, order_installers.role AS order_installers_role, order_installers.base_payment AS order_installers_base_payment, order_installers.is_primary AS order_installers_is_primary, order_installers.created_at AS order_installers_created_at, order_installers.updated_at AS order_installers_updated_at 
FROM order_installers 
WHERE order_installers.order_id IN ($1::INTEGER, $2::INTEGER, $3::INTEGER, $4::INTEGER, $5::INTEGER)
2026-02-28 11:24:09,340 - sqlalchemy.engine.Engine - INFO - [cached since 514.1s ago] (1, 2, 3, 4, 5)
2026-02-28 11:24:09,341 - sqlalchemy.engine.Engine - INFO - ROLLBACK
2026-02-28 11:24:10,745 - sqlalchemy.engine.Engine - INFO - BEGIN (implicit)
2026-02-28 11:24:10,746 - sqlalchemy.engine.Engine - INFO - SELECT orders.id, orders.client_id, orders.status, orders.warehouse, orders.service_datetime, orders.delivery_datetime, orders.promise, orders.marker_color, orders.address_id, orders.address_text, orders.created_at, orders.updated_at 
FROM orders 
WHERE orders.id = $1::INTEGER
2026-02-28 11:24:10,746 - sqlalchemy.engine.Engine - INFO - [cached since 510.8s ago] (4,)
2026-02-28 11:24:10,746 - sqlalchemy.engine.Engine - INFO - BEGIN (implicit)
2026-02-28 11:24:10,747 - sqlalchemy.engine.Engine - INFO - SELECT admins.id, admins.username, admins.password_hash, admins.created_at 
FROM admins 
WHERE admins.username = $1::VARCHAR
2026-02-28 11:24:10,747 - sqlalchemy.engine.Engine - INFO - [cached since 1873s ago] ('zhura2296@yandex.ru',)
2026-02-28 11:24:10,747 - sqlalchemy.engine.Engine - INFO - SELECT installers.id, installers.full_name, installers.nickname, installers.phone, installers.backup_phone, installers.specialization, installers.rating, installers.base_price, installers.is_debtor, installers.comments, installers.is_active, installers.is_in_funnel, installers.total_orders, installers.poor_work_count, installers.warranty_visits_count, installers.last_incident_date, installers.updated_at, installers.created_at, installers.deleted_at 
FROM installers 
WHERE installers.deleted_at IS NULL 
 LIMIT $1::INTEGER OFFSET $2::INTEGER
2026-02-28 11:24:10,747 - sqlalchemy.engine.Engine - INFO - [cached since 1873s ago] (100, 0)
2026-02-28 11:24:10,748 - sqlalchemy.engine.Engine - INFO - SELECT finance.order_id AS finance_order_id, finance.id AS finance_id, finance.revenue AS finance_revenue, finance.cost_of_goods AS finance_cost_of_goods, finance.installer_payments AS finance_installer_payments, finance.expenses AS finance_expenses, finance.warranty_costs_oleg AS finance_warranty_costs_oleg, finance.warranty_costs_installer AS finance_warranty_costs_installer, finance.profit AS finance_profit, finance.created_at AS finance_created_at, finance.updated_at AS finance_updated_at 
FROM finance 
WHERE finance.order_id IN ($1::INTEGER)
2026-02-28 11:24:10,748 - sqlalchemy.engine.Engine - INFO - [cached since 515.5s ago] (4,)
2026-02-28 11:24:10,749 - sqlalchemy.engine.Engine - INFO - SELECT clients.id AS clients_id, clients.full_name AS clients_full_name, clients.phone AS clients_phone, clients.address AS clients_address, clients.coordinates AS clients_coordinates, clients.created_at AS clients_created_at, clients.last_contact AS clients_last_contact, clients.comments AS clients_comments, clients.updated_at AS clients_updated_at, clients.backup_phone AS clients_backup_phone, clients.deleted_at AS clients_deleted_at 
FROM clients 
WHERE clients.id IN ($1::INTEGER)
2026-02-28 11:24:10,749 - sqlalchemy.engine.Engine - INFO - [cached since 515.5s ago] (2,)
2026-02-28 11:24:10,750 - sqlalchemy.engine.Engine - INFO - SELECT address_cache.address AS address_cache_address, address_cache.lat AS address_cache_lat, address_cache.lon AS address_cache_lon, address_cache.updated_at AS address_cache_updated_at 
FROM address_cache 
WHERE address_cache.address IN ($1::VARCHAR)
2026-02-28 11:24:10,750 - sqlalchemy.engine.Engine - INFO - [cached since 515.5s ago] ('Россия, Московская область, Мытищи, улица Карла Маркса, 4',)
2026-02-28 11:24:10,750 - sqlalchemy.engine.Engine - INFO - BEGIN (implicit)
2026-02-28 11:24:10,750 - sqlalchemy.engine.Engine - INFO - SELECT admins.id, admins.username, admins.password_hash, admins.created_at 
FROM admins 
WHERE admins.username = $1::VARCHAR
2026-02-28 11:24:10,750 - sqlalchemy.engine.Engine - INFO - [cached since 1873s ago] ('zhura2296@yandex.ru',)
2026-02-28 11:24:10,751 - sqlalchemy.engine.Engine - INFO - ROLLBACK
2026-02-28 11:24:10,751 - sqlalchemy.engine.Engine - INFO - SELECT order_installers.order_id AS order_installers_order_id, order_installers.id AS order_installers_id, order_installers.installer_id AS order_installers_installer_id, order_installers.role AS order_installers_role, order_installers.base_payment AS order_installers_base_payment, order_installers.is_primary AS order_installers_is_primary, order_installers.created_at AS order_installers_created_at, order_installers.updated_at AS order_installers_updated_at 
FROM order_installers 
WHERE order_installers.order_id IN ($1::INTEGER)
2026-02-28 11:24:10,751 - sqlalchemy.engine.Engine - INFO - [cached since 515.5s ago] (4,)
2026-02-28 11:24:10,752 - sqlalchemy.engine.Engine - INFO - SELECT installers.id, installers.full_name, installers.nickname, installers.phone, installers.backup_phone, installers.specialization, installers.rating, installers.base_price, installers.is_debtor, installers.comments, installers.is_active, installers.is_in_funnel, installers.total_orders, installers.poor_work_count, installers.warranty_visits_count, installers.last_incident_date, installers.updated_at, installers.created_at, installers.deleted_at 
FROM installers 
WHERE installers.deleted_at IS NULL 
 LIMIT $1::INTEGER OFFSET $2::INTEGER
2026-02-28 11:24:10,752 - sqlalchemy.engine.Engine - INFO - [cached since 1873s ago] (100, 0)
2026-02-28 11:24:10,753 - sqlalchemy.engine.Engine - INFO - ROLLBACK
2026-02-28 11:24:10,753 - sqlalchemy.engine.Engine - INFO - ROLLBACK
2026-02-28 11:24:10,754 - sqlalchemy.engine.Engine - INFO - BEGIN (implicit)
2026-02-28 11:24:10,754 - sqlalchemy.engine.Engine - INFO - SELECT orders.id, orders.client_id, orders.status, orders.warehouse, orders.service_datetime, orders.delivery_datetime, orders.promise, orders.marker_color, orders.address_id, orders.address_text, orders.created_at, orders.updated_at 
FROM orders 
WHERE orders.id = $1::INTEGER
2026-02-28 11:24:10,754 - sqlalchemy.engine.Engine - INFO - [cached since 510.8s ago] (4,)
2026-02-28 11:24:10,755 - sqlalchemy.engine.Engine - INFO - SELECT finance.order_id AS finance_order_id, finance.id AS finance_id, finance.revenue AS finance_revenue, finance.cost_of_goods AS finance_cost_of_goods, finance.installer_payments AS finance_installer_payments, finance.expenses AS finance_expenses, finance.warranty_costs_oleg AS finance_warranty_costs_oleg, finance.warranty_costs_installer AS finance_warranty_costs_installer, finance.profit AS finance_profit, finance.created_at AS finance_created_at, finance.updated_at AS finance_updated_at 
FROM finance 
WHERE finance.order_id IN ($1::INTEGER)
2026-02-28 11:24:10,755 - sqlalchemy.engine.Engine - INFO - [cached since 515.5s ago] (4,)
2026-02-28 11:24:10,756 - sqlalchemy.engine.Engine - INFO - SELECT clients.id AS clients_id, clients.full_name AS clients_full_name, clients.phone AS clients_phone, clients.address AS clients_address, clients.coordinates AS clients_coordinates, clients.created_at AS clients_created_at, clients.last_contact AS clients_last_contact, clients.comments AS clients_comments, clients.updated_at AS clients_updated_at, clients.backup_phone AS clients_backup_phone, clients.deleted_at AS clients_deleted_at 
FROM clients 
WHERE clients.id IN ($1::INTEGER)
2026-02-28 11:24:10,756 - sqlalchemy.engine.Engine - INFO - [cached since 515.5s ago] (2,)
2026-02-28 11:24:10,757 - sqlalchemy.engine.Engine - INFO - SELECT address_cache.address AS address_cache_address, address_cache.lat AS address_cache_lat, address_cache.lon AS address_cache_lon, address_cache.updated_at AS address_cache_updated_at 
FROM address_cache 
WHERE address_cache.address IN ($1::VARCHAR)
2026-02-28 11:24:10,757 - sqlalchemy.engine.Engine - INFO - [cached since 515.5s ago] ('Россия, Московская область, Мытищи, улица Карла Маркса, 4',)
2026-02-28 11:24:10,757 - sqlalchemy.engine.Engine - INFO - SELECT order_installers.order_id AS order_installers_order_id, order_installers.id AS order_installers_id, order_installers.installer_id AS order_installers_installer_id, order_installers.role AS order_installers_role, order_installers.base_payment AS order_installers_base_payment, order_installers.is_primary AS order_installers_is_primary, order_installers.created_at AS order_installers_created_at, order_installers.updated_at AS order_installers_updated_at 
FROM order_installers 
WHERE order_installers.order_id IN ($1::INTEGER)
2026-02-28 11:24:10,757 - sqlalchemy.engine.Engine - INFO - [cached since 515.5s ago] (4,)
2026-02-28 11:24:10,758 - sqlalchemy.engine.Engine - INFO - ROLLBACK
2026-02-28 11:24:18,402 - sqlalchemy.engine.Engine - INFO - BEGIN (implicit)
2026-02-28 11:24:18,402 - sqlalchemy.engine.Engine - INFO - SELECT orders.id, orders.client_id, orders.status, orders.warehouse, orders.service_datetime, orders.delivery_datetime, orders.promise, orders.marker_color, orders.address_id, orders.address_text, orders.created_at, orders.updated_at 
FROM orders 
 LIMIT $1::INTEGER OFFSET $2::INTEGER
2026-02-28 11:24:18,402 - sqlalchemy.engine.Engine - INFO - [cached since 523.1s ago] (100, 0)
2026-02-28 11:24:18,404 - sqlalchemy.engine.Engine - INFO - SELECT finance.order_id AS finance_order_id, finance.id AS finance_id, finance.revenue AS finance_revenue, finance.cost_of_goods AS finance_cost_of_goods, finance.installer_payments AS finance_installer_payments, finance.expenses AS finance_expenses, finance.warranty_costs_oleg AS finance_warranty_costs_oleg, finance.warranty_costs_installer AS finance_warranty_costs_installer, finance.profit AS finance_profit, finance.created_at AS finance_created_at, finance.updated_at AS finance_updated_at 
FROM finance 
WHERE finance.order_id IN ($1::INTEGER, $2::INTEGER, $3::INTEGER, $4::INTEGER, $5::INTEGER)
2026-02-28 11:24:18,404 - sqlalchemy.engine.Engine - INFO - [cached since 523.1s ago] (1, 2, 3, 4, 5)
2026-02-28 11:24:18,405 - sqlalchemy.engine.Engine - INFO - SELECT clients.id AS clients_id, clients.full_name AS clients_full_name, clients.phone AS clients_phone, clients.address AS clients_address, clients.coordinates AS clients_coordinates, clients.created_at AS clients_created_at, clients.last_contact AS clients_last_contact, clients.comments AS clients_comments, clients.updated_at AS clients_updated_at, clients.backup_phone AS clients_backup_phone, clients.deleted_at AS clients_deleted_at 
FROM clients 
WHERE clients.id IN ($1::INTEGER)
2026-02-28 11:24:18,405 - sqlalchemy.engine.Engine - INFO - [cached since 523.1s ago] (2,)
2026-02-28 11:24:18,406 - sqlalchemy.engine.Engine - INFO - SELECT address_cache.address AS address_cache_address, address_cache.lat AS address_cache_lat, address_cache.lon AS address_cache_lon, address_cache.updated_at AS address_cache_updated_at 
FROM address_cache 
WHERE address_cache.address IN ($1::VARCHAR, $2::VARCHAR, $3::VARCHAR)
2026-02-28 11:24:18,406 - sqlalchemy.engine.Engine - INFO - [cached since 523.1s ago] ('Москва, ул. Ленина, 10', 'Россия, Москва, улица Пресненский Вал, 19', 'Россия, Московская область, Мытищи, улица Карла Маркса, 4')
2026-02-28 11:24:18,407 - sqlalchemy.engine.Engine - INFO - SELECT order_installers.order_id AS order_installers_order_id, order_installers.id AS order_installers_id, order_installers.installer_id AS order_installers_installer_id, order_installers.role AS order_installers_role, order_installers.base_payment AS order_installers_base_payment, order_installers.is_primary AS order_installers_is_primary, order_installers.created_at AS order_installers_created_at, order_installers.updated_at AS order_installers_updated_at 
FROM order_installers 
WHERE order_installers.order_id IN ($1::INTEGER, $2::INTEGER, $3::INTEGER, $4::INTEGER, $5::INTEGER)
2026-02-28 11:24:18,407 - sqlalchemy.engine.Engine - INFO - [cached since 523.1s ago] (1, 2, 3, 4, 5)
2026-02-28 11:24:18,410 - sqlalchemy.engine.Engine - INFO - ROLLBACK
2026-02-28 11:24:18,411 - sqlalchemy.engine.Engine - INFO - BEGIN (implicit)
2026-02-28 11:24:18,412 - sqlalchemy.engine.Engine - INFO - SELECT orders.id, orders.client_id, orders.status, orders.warehouse, orders.service_datetime, orders.delivery_datetime, orders.promise, orders.marker_color, orders.address_id, orders.address_text, orders.created_at, orders.updated_at 
FROM orders 
 LIMIT $1::INTEGER OFFSET $2::INTEGER
2026-02-28 11:24:18,412 - sqlalchemy.engine.Engine - INFO - [cached since 523.1s ago] (100, 0)
2026-02-28 11:24:18,413 - sqlalchemy.engine.Engine - INFO - SELECT finance.order_id AS finance_order_id, finance.id AS finance_id, finance.revenue AS finance_revenue, finance.cost_of_goods AS finance_cost_of_goods, finance.installer_payments AS finance_installer_payments, finance.expenses AS finance_expenses, finance.warranty_costs_oleg AS finance_warranty_costs_oleg, finance.warranty_costs_installer AS finance_warranty_costs_installer, finance.profit AS finance_profit, finance.created_at AS finance_created_at, finance.updated_at AS finance_updated_at 
FROM finance 
WHERE finance.order_id IN ($1::INTEGER, $2::INTEGER, $3::INTEGER, $4::INTEGER, $5::INTEGER)
2026-02-28 11:24:18,413 - sqlalchemy.engine.Engine - INFO - [cached since 523.1s ago] (1, 2, 3, 4, 5)
2026-02-28 11:24:18,415 - sqlalchemy.engine.Engine - INFO - SELECT clients.id AS clients_id, clients.full_name AS clients_full_name, clients.phone AS clients_phone, clients.address AS clients_address, clients.coordinates AS clients_coordinates, clients.created_at AS clients_created_at, clients.last_contact AS clients_last_contact, clients.comments AS clients_comments, clients.updated_at AS clients_updated_at, clients.backup_phone AS clients_backup_phone, clients.deleted_at AS clients_deleted_at 
FROM clients 
WHERE clients.id IN ($1::INTEGER)
2026-02-28 11:24:18,415 - sqlalchemy.engine.Engine - INFO - [cached since 523.1s ago] (2,)
2026-02-28 11:24:18,416 - sqlalchemy.engine.Engine - INFO - SELECT address_cache.address AS address_cache_address, address_cache.lat AS address_cache_lat, address_cache.lon AS address_cache_lon, address_cache.updated_at AS address_cache_updated_at 
FROM address_cache 
WHERE address_cache.address IN ($1::VARCHAR, $2::VARCHAR, $3::VARCHAR)
2026-02-28 11:24:18,416 - sqlalchemy.engine.Engine - INFO - [cached since 523.1s ago] ('Москва, ул. Ленина, 10', 'Россия, Москва, улица Пресненский Вал, 19', 'Россия, Московская область, Мытищи, улица Карла Маркса, 4')
2026-02-28 11:24:18,417 - sqlalchemy.engine.Engine - INFO - SELECT order_installers.order_id AS order_installers_order_id, order_installers.id AS order_installers_id, order_installers.installer_id AS order_installers_installer_id, order_installers.role AS order_installers_role, order_installers.base_payment AS order_installers_base_payment, order_installers.is_primary AS order_installers_is_primary, order_installers.created_at AS order_installers_created_at, order_installers.updated_at AS order_installers_updated_at 
FROM order_installers 
WHERE order_installers.order_id IN ($1::INTEGER, $2::INTEGER, $3::INTEGER, $4::INTEGER, $5::INTEGER)
2026-02-28 11:24:18,417 - sqlalchemy.engine.Engine - INFO - [cached since 523.1s ago] (1, 2, 3, 4, 5)
2026-02-28 11:24:18,418 - sqlalchemy.engine.Engine - INFO - ROLLBACK
2026-02-28 11:24:27,891 - sqlalchemy.engine.Engine - INFO - BEGIN (implicit)
2026-02-28 11:24:27,892 - sqlalchemy.engine.Engine - INFO - SELECT orders.id, orders.client_id, orders.status, orders.warehouse, orders.service_datetime, orders.delivery_datetime, orders.promise, orders.marker_color, orders.address_id, orders.address_text, orders.created_at, orders.updated_at 
FROM orders 
WHERE orders.id = $1::INTEGER
2026-02-28 11:24:27,892 - sqlalchemy.engine.Engine - INFO - [cached since 527.9s ago] (5,)
2026-02-28 11:24:27,894 - sqlalchemy.engine.Engine - INFO - BEGIN (implicit)
2026-02-28 11:24:27,895 - sqlalchemy.engine.Engine - INFO - SELECT admins.id, admins.username, admins.password_hash, admins.created_at 
FROM admins 
WHERE admins.username = $1::VARCHAR
2026-02-28 11:24:27,895 - sqlalchemy.engine.Engine - INFO - [cached since 1890s ago] ('zhura2296@yandex.ru',)
2026-02-28 11:24:27,896 - sqlalchemy.engine.Engine - INFO - SELECT finance.order_id AS finance_order_id, finance.id AS finance_id, finance.revenue AS finance_revenue, finance.cost_of_goods AS finance_cost_of_goods, finance.installer_payments AS finance_installer_payments, finance.expenses AS finance_expenses, finance.warranty_costs_oleg AS finance_warranty_costs_oleg, finance.warranty_costs_installer AS finance_warranty_costs_installer, finance.profit AS finance_profit, finance.created_at AS finance_created_at, finance.updated_at AS finance_updated_at 
FROM finance 
WHERE finance.order_id IN ($1::INTEGER)
2026-02-28 11:24:27,896 - sqlalchemy.engine.Engine - INFO - [cached since 532.6s ago] (5,)
2026-02-28 11:24:27,897 - sqlalchemy.engine.Engine - INFO - SELECT installers.id, installers.full_name, installers.nickname, installers.phone, installers.backup_phone, installers.specialization, installers.rating, installers.base_price, installers.is_debtor, installers.comments, installers.is_active, installers.is_in_funnel, installers.total_orders, installers.poor_work_count, installers.warranty_visits_count, installers.last_incident_date, installers.updated_at, installers.created_at, installers.deleted_at 
FROM installers 
WHERE installers.deleted_at IS NULL 
 LIMIT $1::INTEGER OFFSET $2::INTEGER
2026-02-28 11:24:27,897 - sqlalchemy.engine.Engine - INFO - [cached since 1890s ago] (100, 0)
2026-02-28 11:24:27,898 - sqlalchemy.engine.Engine - INFO - SELECT clients.id AS clients_id, clients.full_name AS clients_full_name, clients.phone AS clients_phone, clients.address AS clients_address, clients.coordinates AS clients_coordinates, clients.created_at AS clients_created_at, clients.last_contact AS clients_last_contact, clients.comments AS clients_comments, clients.updated_at AS clients_updated_at, clients.backup_phone AS clients_backup_phone, clients.deleted_at AS clients_deleted_at 
FROM clients 
WHERE clients.id IN ($1::INTEGER)
2026-02-28 11:24:27,898 - sqlalchemy.engine.Engine - INFO - [cached since 532.6s ago] (2,)
2026-02-28 11:24:27,899 - sqlalchemy.engine.Engine - INFO - SELECT address_cache.address AS address_cache_address, address_cache.lat AS address_cache_lat, address_cache.lon AS address_cache_lon, address_cache.updated_at AS address_cache_updated_at 
FROM address_cache 
WHERE address_cache.address IN ($1::VARCHAR)
2026-02-28 11:24:27,899 - sqlalchemy.engine.Engine - INFO - [cached since 532.6s ago] ('Россия, Москва, улица Пресненский Вал, 19',)
2026-02-28 11:24:27,899 - sqlalchemy.engine.Engine - INFO - SELECT order_installers.order_id AS order_installers_order_id, order_installers.id AS order_installers_id, order_installers.installer_id AS order_installers_installer_id, order_installers.role AS order_installers_role, order_installers.base_payment AS order_installers_base_payment, order_installers.is_primary AS order_installers_is_primary, order_installers.created_at AS order_installers_created_at, order_installers.updated_at AS order_installers_updated_at 
FROM order_installers 
WHERE order_installers.order_id IN ($1::INTEGER)
2026-02-28 11:24:27,899 - sqlalchemy.engine.Engine - INFO - [cached since 532.6s ago] (5,)
2026-02-28 11:24:27,900 - sqlalchemy.engine.Engine - INFO - ROLLBACK
2026-02-28 11:24:27,901 - sqlalchemy.engine.Engine - INFO - BEGIN (implicit)
2026-02-28 11:24:27,901 - sqlalchemy.engine.Engine - INFO - SELECT admins.id, admins.username, admins.password_hash, admins.created_at 
FROM admins 
WHERE admins.username = $1::VARCHAR
2026-02-28 11:24:27,901 - sqlalchemy.engine.Engine - INFO - [cached since 1890s ago] ('zhura2296@yandex.ru',)
2026-02-28 11:24:27,902 - sqlalchemy.engine.Engine - INFO - ROLLBACK
2026-02-28 11:24:27,902 - sqlalchemy.engine.Engine - INFO - BEGIN (implicit)
2026-02-28 11:24:27,903 - sqlalchemy.engine.Engine - INFO - SELECT orders.id, orders.client_id, orders.status, orders.warehouse, orders.service_datetime, orders.delivery_datetime, orders.promise, orders.marker_color, orders.address_id, orders.address_text, orders.created_at, orders.updated_at 
FROM orders 
WHERE orders.id = $1::INTEGER
2026-02-28 11:24:27,903 - sqlalchemy.engine.Engine - INFO - [cached since 527.9s ago] (5,)
2026-02-28 11:24:27,903 - sqlalchemy.engine.Engine - INFO - SELECT installers.id, installers.full_name, installers.nickname, installers.phone, installers.backup_phone, installers.specialization, installers.rating, installers.base_price, installers.is_debtor, installers.comments, installers.is_active, installers.is_in_funnel, installers.total_orders, installers.poor_work_count, installers.warranty_visits_count, installers.last_incident_date, installers.updated_at, installers.created_at, installers.deleted_at 
FROM installers 
WHERE installers.deleted_at IS NULL 
 LIMIT $1::INTEGER OFFSET $2::INTEGER
2026-02-28 11:24:27,903 - sqlalchemy.engine.Engine - INFO - [cached since 1890s ago] (100, 0)
2026-02-28 11:24:27,904 - sqlalchemy.engine.Engine - INFO - SELECT finance.order_id AS finance_order_id, finance.id AS finance_id, finance.revenue AS finance_revenue, finance.cost_of_goods AS finance_cost_of_goods, finance.installer_payments AS finance_installer_payments, finance.expenses AS finance_expenses, finance.warranty_costs_oleg AS finance_warranty_costs_oleg, finance.warranty_costs_installer AS finance_warranty_costs_installer, finance.profit AS finance_profit, finance.created_at AS finance_created_at, finance.updated_at AS finance_updated_at 
FROM finance 
WHERE finance.order_id IN ($1::INTEGER)
2026-02-28 11:24:27,904 - sqlalchemy.engine.Engine - INFO - [cached since 532.6s ago] (5,)
2026-02-28 11:24:27,905 - sqlalchemy.engine.Engine - INFO - SELECT clients.id AS clients_id, clients.full_name AS clients_full_name, clients.phone AS clients_phone, clients.address AS clients_address, clients.coordinates AS clients_coordinates, clients.created_at AS clients_created_at, clients.last_contact AS clients_last_contact, clients.comments AS clients_comments, clients.updated_at AS clients_updated_at, clients.backup_phone AS clients_backup_phone, clients.deleted_at AS clients_deleted_at 
FROM clients 
WHERE clients.id IN ($1::INTEGER)
2026-02-28 11:24:27,905 - sqlalchemy.engine.Engine - INFO - [cached since 532.6s ago] (2,)
2026-02-28 11:24:27,905 - sqlalchemy.engine.Engine - INFO - ROLLBACK
2026-02-28 11:24:27,906 - sqlalchemy.engine.Engine - INFO - SELECT address_cache.address AS address_cache_address, address_cache.lat AS address_cache_lat, address_cache.lon AS address_cache_lon, address_cache.updated_at AS address_cache_updated_at 
FROM address_cache 
WHERE address_cache.address IN ($1::VARCHAR)
2026-02-28 11:24:27,906 - sqlalchemy.engine.Engine - INFO - [cached since 532.6s ago] ('Россия, Москва, улица Пресненский Вал, 19',)
2026-02-28 11:24:27,907 - sqlalchemy.engine.Engine - INFO - SELECT order_installers.order_id AS order_installers_order_id, order_installers.id AS order_installers_id, order_installers.installer_id AS order_installers_installer_id, order_installers.role AS order_installers_role, order_installers.base_payment AS order_installers_base_payment, order_installers.is_primary AS order_installers_is_primary, order_installers.created_at AS order_installers_created_at, order_installers.updated_at AS order_installers_updated_at 
FROM order_installers 
WHERE order_installers.order_id IN ($1::INTEGER)
2026-02-28 11:24:27,907 - sqlalchemy.engine.Engine - INFO - [cached since 532.6s ago] (5,)
2026-02-28 11:24:27,907 - sqlalchemy.engine.Engine - INFO - ROLLBACK
2026-02-28 11:26:44,257 - sqlalchemy.engine.Engine - INFO - BEGIN (implicit)
2026-02-28 11:26:44,258 - sqlalchemy.engine.Engine - INFO - SELECT orders.id, orders.client_id, orders.status, orders.warehouse, orders.service_datetime, orders.delivery_datetime, orders.promise, orders.marker_color, orders.address_id, orders.address_text, orders.created_at, orders.updated_at 
FROM orders 
 LIMIT $1::INTEGER OFFSET $2::INTEGER
2026-02-28 11:26:44,258 - sqlalchemy.engine.Engine - INFO - [cached since 669s ago] (100, 0)
2026-02-28 11:26:44,260 - sqlalchemy.engine.Engine - INFO - SELECT finance.order_id AS finance_order_id, finance.id AS finance_id, finance.revenue AS finance_revenue, finance.cost_of_goods AS finance_cost_of_goods, finance.installer_payments AS finance_installer_payments, finance.expenses AS finance_expenses, finance.warranty_costs_oleg AS finance_warranty_costs_oleg, finance.warranty_costs_installer AS finance_warranty_costs_installer, finance.profit AS finance_profit, finance.created_at AS finance_created_at, finance.updated_at AS finance_updated_at 
FROM finance 
WHERE finance.order_id IN ($1::INTEGER, $2::INTEGER, $3::INTEGER, $4::INTEGER, $5::INTEGER)
2026-02-28 11:26:44,260 - sqlalchemy.engine.Engine - INFO - [cached since 669s ago] (1, 2, 3, 4, 5)
2026-02-28 11:26:44,262 - sqlalchemy.engine.Engine - INFO - SELECT clients.id AS clients_id, clients.full_name AS clients_full_name, clients.phone AS clients_phone, clients.address AS clients_address, clients.coordinates AS clients_coordinates, clients.created_at AS clients_created_at, clients.last_contact AS clients_last_contact, clients.comments AS clients_comments, clients.updated_at AS clients_updated_at, clients.backup_phone AS clients_backup_phone, clients.deleted_at AS clients_deleted_at 
FROM clients 
WHERE clients.id IN ($1::INTEGER)
2026-02-28 11:26:44,262 - sqlalchemy.engine.Engine - INFO - [cached since 669s ago] (2,)
2026-02-28 11:26:44,321 - sqlalchemy.engine.Engine - INFO - SELECT address_cache.address AS address_cache_address, address_cache.lat AS address_cache_lat, address_cache.lon AS address_cache_lon, address_cache.updated_at AS address_cache_updated_at 
FROM address_cache 
WHERE address_cache.address IN ($1::VARCHAR, $2::VARCHAR, $3::VARCHAR)
2026-02-28 11:26:44,322 - sqlalchemy.engine.Engine - INFO - [cached since 669s ago] ('Москва, ул. Ленина, 10', 'Россия, Москва, улица Пресненский Вал, 19', 'Россия, Московская область, Мытищи, улица Карла Маркса, 4')
2026-02-28 11:26:44,323 - sqlalchemy.engine.Engine - INFO - SELECT order_installers.order_id AS order_installers_order_id, order_installers.id AS order_installers_id, order_installers.installer_id AS order_installers_installer_id, order_installers.role AS order_installers_role, order_installers.base_payment AS order_installers_base_payment, order_installers.is_primary AS order_installers_is_primary, order_installers.created_at AS order_installers_created_at, order_installers.updated_at AS order_installers_updated_at 
FROM order_installers 
WHERE order_installers.order_id IN ($1::INTEGER, $2::INTEGER, $3::INTEGER, $4::INTEGER, $5::INTEGER)
2026-02-28 11:26:44,323 - sqlalchemy.engine.Engine - INFO - [cached since 669s ago] (1, 2, 3, 4, 5)
2026-02-28 11:26:44,324 - sqlalchemy.engine.Engine - INFO - ROLLBACK
2026-02-28 11:26:44,325 - sqlalchemy.engine.Engine - INFO - BEGIN (implicit)
2026-02-28 11:26:44,326 - sqlalchemy.engine.Engine - INFO - SELECT orders.id, orders.client_id, orders.status, orders.warehouse, orders.service_datetime, orders.delivery_datetime, orders.promise, orders.marker_color, orders.address_id, orders.address_text, orders.created_at, orders.updated_at 
FROM orders 
 LIMIT $1::INTEGER OFFSET $2::INTEGER
2026-02-28 11:26:44,326 - sqlalchemy.engine.Engine - INFO - [cached since 669.1s ago] (100, 0)
2026-02-28 11:26:44,327 - sqlalchemy.engine.Engine - INFO - SELECT finance.order_id AS finance_order_id, finance.id AS finance_id, finance.revenue AS finance_revenue, finance.cost_of_goods AS finance_cost_of_goods, finance.installer_payments AS finance_installer_payments, finance.expenses AS finance_expenses, finance.warranty_costs_oleg AS finance_warranty_costs_oleg, finance.warranty_costs_installer AS finance_warranty_costs_installer, finance.profit AS finance_profit, finance.created_at AS finance_created_at, finance.updated_at AS finance_updated_at 
FROM finance 
WHERE finance.order_id IN ($1::INTEGER, $2::INTEGER, $3::INTEGER, $4::INTEGER, $5::INTEGER)
2026-02-28 11:26:44,327 - sqlalchemy.engine.Engine - INFO - [cached since 669.1s ago] (1, 2, 3, 4, 5)
2026-02-28 11:26:44,328 - sqlalchemy.engine.Engine - INFO - SELECT clients.id AS clients_id, clients.full_name AS clients_full_name, clients.phone AS clients_phone, clients.address AS clients_address, clients.coordinates AS clients_coordinates, clients.created_at AS clients_created_at, clients.last_contact AS clients_last_contact, clients.comments AS clients_comments, clients.updated_at AS clients_updated_at, clients.backup_phone AS clients_backup_phone, clients.deleted_at AS clients_deleted_at 
FROM clients 
WHERE clients.id IN ($1::INTEGER)
2026-02-28 11:26:44,328 - sqlalchemy.engine.Engine - INFO - [cached since 669.1s ago] (2,)
2026-02-28 11:26:44,329 - sqlalchemy.engine.Engine - INFO - SELECT address_cache.address AS address_cache_address, address_cache.lat AS address_cache_lat, address_cache.lon AS address_cache_lon, address_cache.updated_at AS address_cache_updated_at 
FROM address_cache 
WHERE address_cache.address IN ($1::VARCHAR, $2::VARCHAR, $3::VARCHAR)
2026-02-28 11:26:44,329 - sqlalchemy.engine.Engine - INFO - [cached since 669.1s ago] ('Москва, ул. Ленина, 10', 'Россия, Москва, улица Пресненский Вал, 19', 'Россия, Московская область, Мытищи, улица Карла Маркса, 4')
2026-02-28 11:26:44,330 - sqlalchemy.engine.Engine - INFO - SELECT order_installers.order_id AS order_installers_order_id, order_installers.id AS order_installers_id, order_installers.installer_id AS order_installers_installer_id, order_installers.role AS order_installers_role, order_installers.base_payment AS order_installers_base_payment, order_installers.is_primary AS order_installers_is_primary, order_installers.created_at AS order_installers_created_at, order_installers.updated_at AS order_installers_updated_at 
FROM order_installers 
WHERE order_installers.order_id IN ($1::INTEGER, $2::INTEGER, $3::INTEGER, $4::INTEGER, $5::INTEGER)
2026-02-28 11:26:44,330 - sqlalchemy.engine.Engine - INFO - [cached since 669.1s ago] (1, 2, 3, 4, 5)
2026-02-28 11:26:44,332 - sqlalchemy.engine.Engine - INFO - ROLLBACK
2026-02-28 11:26:49,597 - sqlalchemy.engine.Engine - INFO - BEGIN (implicit)
2026-02-28 11:26:49,598 - sqlalchemy.engine.Engine - INFO - SELECT admins.id, admins.username, admins.password_hash, admins.created_at 
FROM admins 
WHERE admins.username = $1::VARCHAR
2026-02-28 11:26:49,598 - sqlalchemy.engine.Engine - INFO - [cached since 2032s ago] ('zhura2296@yandex.ru',)
2026-02-28 11:26:49,599 - sqlalchemy.engine.Engine - INFO - BEGIN (implicit)
2026-02-28 11:26:49,599 - sqlalchemy.engine.Engine - INFO - SELECT orders.id, orders.client_id, orders.status, orders.warehouse, orders.service_datetime, orders.delivery_datetime, orders.promise, orders.marker_color, orders.address_id, orders.address_text, orders.created_at, orders.updated_at 
FROM orders 
WHERE orders.id = $1::INTEGER
2026-02-28 11:26:49,600 - sqlalchemy.engine.Engine - INFO - [cached since 669.6s ago] (5,)
2026-02-28 11:26:49,600 - sqlalchemy.engine.Engine - INFO - SELECT installers.id, installers.full_name, installers.nickname, installers.phone, installers.backup_phone, installers.specialization, installers.rating, installers.base_price, installers.is_debtor, installers.comments, installers.is_active, installers.is_in_funnel, installers.total_orders, installers.poor_work_count, installers.warranty_visits_count, installers.last_incident_date, installers.updated_at, installers.created_at, installers.deleted_at 
FROM installers 
WHERE installers.deleted_at IS NULL 
 LIMIT $1::INTEGER OFFSET $2::INTEGER
2026-02-28 11:26:49,600 - sqlalchemy.engine.Engine - INFO - [cached since 2032s ago] (100, 0)
2026-02-28 11:26:49,601 - sqlalchemy.engine.Engine - INFO - SELECT finance.order_id AS finance_order_id, finance.id AS finance_id, finance.revenue AS finance_revenue, finance.cost_of_goods AS finance_cost_of_goods, finance.installer_payments AS finance_installer_payments, finance.expenses AS finance_expenses, finance.warranty_costs_oleg AS finance_warranty_costs_oleg, finance.warranty_costs_installer AS finance_warranty_costs_installer, finance.profit AS finance_profit, finance.created_at AS finance_created_at, finance.updated_at AS finance_updated_at 
FROM finance 
WHERE finance.order_id IN ($1::INTEGER)
2026-02-28 11:26:49,601 - sqlalchemy.engine.Engine - INFO - [cached since 674.3s ago] (5,)
2026-02-28 11:26:49,603 - sqlalchemy.engine.Engine - INFO - SELECT clients.id AS clients_id, clients.full_name AS clients_full_name, clients.phone AS clients_phone, clients.address AS clients_address, clients.coordinates AS clients_coordinates, clients.created_at AS clients_created_at, clients.last_contact AS clients_last_contact, clients.comments AS clients_comments, clients.updated_at AS clients_updated_at, clients.backup_phone AS clients_backup_phone, clients.deleted_at AS clients_deleted_at 
FROM clients 
WHERE clients.id IN ($1::INTEGER)
2026-02-28 11:26:49,603 - sqlalchemy.engine.Engine - INFO - [cached since 674.3s ago] (2,)
2026-02-28 11:26:49,603 - sqlalchemy.engine.Engine - INFO - ROLLBACK
2026-02-28 11:26:49,604 - sqlalchemy.engine.Engine - INFO - BEGIN (implicit)
2026-02-28 11:26:49,604 - sqlalchemy.engine.Engine - INFO - SELECT admins.id, admins.username, admins.password_hash, admins.created_at 
FROM admins 
WHERE admins.username = $1::VARCHAR
2026-02-28 11:26:49,604 - sqlalchemy.engine.Engine - INFO - [cached since 2032s ago] ('zhura2296@yandex.ru',)
2026-02-28 11:26:49,605 - sqlalchemy.engine.Engine - INFO - SELECT address_cache.address AS address_cache_address, address_cache.lat AS address_cache_lat, address_cache.lon AS address_cache_lon, address_cache.updated_at AS address_cache_updated_at 
FROM address_cache 
WHERE address_cache.address IN ($1::VARCHAR)
2026-02-28 11:26:49,605 - sqlalchemy.engine.Engine - INFO - [cached since 674.3s ago] ('Россия, Москва, улица Пресненский Вал, 19',)
2026-02-28 11:26:49,605 - sqlalchemy.engine.Engine - INFO - SELECT order_installers.order_id AS order_installers_order_id, order_installers.id AS order_installers_id, order_installers.installer_id AS order_installers_installer_id, order_installers.role AS order_installers_role, order_installers.base_payment AS order_installers_base_payment, order_installers.is_primary AS order_installers_is_primary, order_installers.created_at AS order_installers_created_at, order_installers.updated_at AS order_installers_updated_at 
FROM order_installers 
WHERE order_installers.order_id IN ($1::INTEGER)
2026-02-28 11:26:49,606 - sqlalchemy.engine.Engine - INFO - [cached since 674.3s ago] (5,)
2026-02-28 11:26:49,606 - sqlalchemy.engine.Engine - INFO - SELECT installers.id, installers.full_name, installers.nickname, installers.phone, installers.backup_phone, installers.specialization, installers.rating, installers.base_price, installers.is_debtor, installers.comments, installers.is_active, installers.is_in_funnel, installers.total_orders, installers.poor_work_count, installers.warranty_visits_count, installers.last_incident_date, installers.updated_at, installers.created_at, installers.deleted_at 
FROM installers 
WHERE installers.deleted_at IS NULL 
 LIMIT $1::INTEGER OFFSET $2::INTEGER
2026-02-28 11:26:49,606 - sqlalchemy.engine.Engine - INFO - [cached since 2032s ago] (100, 0)
2026-02-28 11:26:49,608 - sqlalchemy.engine.Engine - INFO - ROLLBACK
2026-02-28 11:26:49,609 - sqlalchemy.engine.Engine - INFO - BEGIN (implicit)
2026-02-28 11:26:49,609 - sqlalchemy.engine.Engine - INFO - SELECT orders.id, orders.client_id, orders.status, orders.warehouse, orders.service_datetime, orders.delivery_datetime, orders.promise, orders.marker_color, orders.address_id, orders.address_text, orders.created_at, orders.updated_at 
FROM orders 
WHERE orders.id = $1::INTEGER
2026-02-28 11:26:49,609 - sqlalchemy.engine.Engine - INFO - [cached since 669.6s ago] (5,)
2026-02-28 11:26:49,609 - sqlalchemy.engine.Engine - INFO - ROLLBACK
2026-02-28 11:26:49,610 - sqlalchemy.engine.Engine - INFO - SELECT finance.order_id AS finance_order_id, finance.id AS finance_id, finance.revenue AS finance_revenue, finance.cost_of_goods AS finance_cost_of_goods, finance.installer_payments AS finance_installer_payments, finance.expenses AS finance_expenses, finance.warranty_costs_oleg AS finance_warranty_costs_oleg, finance.warranty_costs_installer AS finance_warranty_costs_installer, finance.profit AS finance_profit, finance.created_at AS finance_created_at, finance.updated_at AS finance_updated_at 
FROM finance 
WHERE finance.order_id IN ($1::INTEGER)
2026-02-28 11:26:49,611 - sqlalchemy.engine.Engine - INFO - [cached since 674.3s ago] (5,)
2026-02-28 11:26:49,611 - sqlalchemy.engine.Engine - INFO - SELECT clients.id AS clients_id, clients.full_name AS clients_full_name, clients.phone AS clients_phone, clients.address AS clients_address, clients.coordinates AS clients_coordinates, clients.created_at AS clients_created_at, clients.last_contact AS clients_last_contact, clients.comments AS clients_comments, clients.updated_at AS clients_updated_at, clients.backup_phone AS clients_backup_phone, clients.deleted_at AS clients_deleted_at 
FROM clients 
WHERE clients.id IN ($1::INTEGER)
2026-02-28 11:26:49,612 - sqlalchemy.engine.Engine - INFO - [cached since 674.3s ago] (2,)
2026-02-28 11:26:49,612 - sqlalchemy.engine.Engine - INFO - SELECT address_cache.address AS address_cache_address, address_cache.lat AS address_cache_lat, address_cache.lon AS address_cache_lon, address_cache.updated_at AS address_cache_updated_at 
FROM address_cache 
WHERE address_cache.address IN ($1::VARCHAR)
2026-02-28 11:26:49,612 - sqlalchemy.engine.Engine - INFO - [cached since 674.3s ago] ('Россия, Москва, улица Пресненский Вал, 19',)
2026-02-28 11:26:49,613 - sqlalchemy.engine.Engine - INFO - SELECT order_installers.order_id AS order_installers_order_id, order_installers.id AS order_installers_id, order_installers.installer_id AS order_installers_installer_id, order_installers.role AS order_installers_role, order_installers.base_payment AS order_installers_base_payment, order_installers.is_primary AS order_installers_is_primary, order_installers.created_at AS order_installers_created_at, order_installers.updated_at AS order_installers_updated_at 
FROM order_installers 
WHERE order_installers.order_id IN ($1::INTEGER)
2026-02-28 11:26:49,613 - sqlalchemy.engine.Engine - INFO - [cached since 674.3s ago] (5,)
2026-02-28 11:26:49,614 - sqlalchemy.engine.Engine - INFO - ROLLBACK
2026-02-28 11:29:25,777 - sqlalchemy.engine.Engine - INFO - BEGIN (implicit)
2026-02-28 11:29:25,778 - sqlalchemy.engine.Engine - INFO - SELECT orders.id, orders.client_id, orders.status, orders.warehouse, orders.service_datetime, orders.delivery_datetime, orders.promise, orders.marker_color, orders.address_id, orders.address_text, orders.created_at, orders.updated_at 
FROM orders 
 LIMIT $1::INTEGER OFFSET $2::INTEGER
2026-02-28 11:29:25,778 - sqlalchemy.engine.Engine - INFO - [cached since 830.5s ago] (100, 0)
2026-02-28 11:29:25,779 - sqlalchemy.engine.Engine - INFO - SELECT finance.order_id AS finance_order_id, finance.id AS finance_id, finance.revenue AS finance_revenue, finance.cost_of_goods AS finance_cost_of_goods, finance.installer_payments AS finance_installer_payments, finance.expenses AS finance_expenses, finance.warranty_costs_oleg AS finance_warranty_costs_oleg, finance.warranty_costs_installer AS finance_warranty_costs_installer, finance.profit AS finance_profit, finance.created_at AS finance_created_at, finance.updated_at AS finance_updated_at 
FROM finance 
WHERE finance.order_id IN ($1::INTEGER, $2::INTEGER, $3::INTEGER, $4::INTEGER, $5::INTEGER)
2026-02-28 11:29:25,780 - sqlalchemy.engine.Engine - INFO - [cached since 830.5s ago] (1, 2, 3, 4, 5)
2026-02-28 11:29:25,781 - sqlalchemy.engine.Engine - INFO - SELECT clients.id AS clients_id, clients.full_name AS clients_full_name, clients.phone AS clients_phone, clients.address AS clients_address, clients.coordinates AS clients_coordinates, clients.created_at AS clients_created_at, clients.last_contact AS clients_last_contact, clients.comments AS clients_comments, clients.updated_at AS clients_updated_at, clients.backup_phone AS clients_backup_phone, clients.deleted_at AS clients_deleted_at 
FROM clients 
WHERE clients.id IN ($1::INTEGER)
2026-02-28 11:29:25,781 - sqlalchemy.engine.Engine - INFO - [cached since 830.5s ago] (2,)
2026-02-28 11:29:25,782 - sqlalchemy.engine.Engine - INFO - SELECT address_cache.address AS address_cache_address, address_cache.lat AS address_cache_lat, address_cache.lon AS address_cache_lon, address_cache.updated_at AS address_cache_updated_at 
FROM address_cache 
WHERE address_cache.address IN ($1::VARCHAR, $2::VARCHAR, $3::VARCHAR)
2026-02-28 11:29:25,782 - sqlalchemy.engine.Engine - INFO - [cached since 830.5s ago] ('Москва, ул. Ленина, 10', 'Россия, Москва, улица Пресненский Вал, 19', 'Россия, Московская область, Мытищи, улица Карла Маркса, 4')
2026-02-28 11:29:25,783 - sqlalchemy.engine.Engine - INFO - SELECT order_installers.order_id AS order_installers_order_id, order_installers.id AS order_installers_id, order_installers.installer_id AS order_installers_installer_id, order_installers.role AS order_installers_role, order_installers.base_payment AS order_installers_base_payment, order_installers.is_primary AS order_installers_is_primary, order_installers.created_at AS order_installers_created_at, order_installers.updated_at AS order_installers_updated_at 
FROM order_installers 
WHERE order_installers.order_id IN ($1::INTEGER, $2::INTEGER, $3::INTEGER, $4::INTEGER, $5::INTEGER)
2026-02-28 11:29:25,783 - sqlalchemy.engine.Engine - INFO - [cached since 830.5s ago] (1, 2, 3, 4, 5)
2026-02-28 11:29:25,784 - sqlalchemy.engine.Engine - INFO - ROLLBACK
2026-02-28 11:29:25,785 - sqlalchemy.engine.Engine - INFO - BEGIN (implicit)
2026-02-28 11:29:25,786 - sqlalchemy.engine.Engine - INFO - SELECT orders.id, orders.client_id, orders.status, orders.warehouse, orders.service_datetime, orders.delivery_datetime, orders.promise, orders.marker_color, orders.address_id, orders.address_text, orders.created_at, orders.updated_at 
FROM orders 
 LIMIT $1::INTEGER OFFSET $2::INTEGER
2026-02-28 11:29:25,786 - sqlalchemy.engine.Engine - INFO - [cached since 830.5s ago] (100, 0)
2026-02-28 11:29:25,788 - sqlalchemy.engine.Engine - INFO - SELECT finance.order_id AS finance_order_id, finance.id AS finance_id, finance.revenue AS finance_revenue, finance.cost_of_goods AS finance_cost_of_goods, finance.installer_payments AS finance_installer_payments, finance.expenses AS finance_expenses, finance.warranty_costs_oleg AS finance_warranty_costs_oleg, finance.warranty_costs_installer AS finance_warranty_costs_installer, finance.profit AS finance_profit, finance.created_at AS finance_created_at, finance.updated_at AS finance_updated_at 
FROM finance 
WHERE finance.order_id IN ($1::INTEGER, $2::INTEGER, $3::INTEGER, $4::INTEGER, $5::INTEGER)
2026-02-28 11:29:25,788 - sqlalchemy.engine.Engine - INFO - [cached since 830.5s ago] (1, 2, 3, 4, 5)
2026-02-28 11:29:25,789 - sqlalchemy.engine.Engine - INFO - SELECT clients.id AS clients_id, clients.full_name AS clients_full_name, clients.phone AS clients_phone, clients.address AS clients_address, clients.coordinates AS clients_coordinates, clients.created_at AS clients_created_at, clients.last_contact AS clients_last_contact, clients.comments AS clients_comments, clients.updated_at AS clients_updated_at, clients.backup_phone AS clients_backup_phone, clients.deleted_at AS clients_deleted_at 
FROM clients 
WHERE clients.id IN ($1::INTEGER)
2026-02-28 11:29:25,789 - sqlalchemy.engine.Engine - INFO - [cached since 830.5s ago] (2,)
2026-02-28 11:29:25,790 - sqlalchemy.engine.Engine - INFO - SELECT address_cache.address AS address_cache_address, address_cache.lat AS address_cache_lat, address_cache.lon AS address_cache_lon, address_cache.updated_at AS address_cache_updated_at 
FROM address_cache 
WHERE address_cache.address IN ($1::VARCHAR, $2::VARCHAR, $3::VARCHAR)
2026-02-28 11:29:25,790 - sqlalchemy.engine.Engine - INFO - [cached since 830.5s ago] ('Москва, ул. Ленина, 10', 'Россия, Москва, улица Пресненский Вал, 19', 'Россия, Московская область, Мытищи, улица Карла Маркса, 4')
2026-02-28 11:29:25,791 - sqlalchemy.engine.Engine - INFO - SELECT order_installers.order_id AS order_installers_order_id, order_installers.id AS order_installers_id, order_installers.installer_id AS order_installers_installer_id, order_installers.role AS order_installers_role, order_installers.base_payment AS order_installers_base_payment, order_installers.is_primary AS order_installers_is_primary, order_installers.created_at AS order_installers_created_at, order_installers.updated_at AS order_installers_updated_at 
FROM order_installers 
WHERE order_installers.order_id IN ($1::INTEGER, $2::INTEGER, $3::INTEGER, $4::INTEGER, $5::INTEGER)
2026-02-28 11:29:25,791 - sqlalchemy.engine.Engine - INFO - [cached since 830.5s ago] (1, 2, 3, 4, 5)
2026-02-28 11:29:25,792 - sqlalchemy.engine.Engine - INFO - ROLLBACK
2026-02-28 11:29:29,227 - sqlalchemy.engine.Engine - INFO - BEGIN (implicit)
2026-02-28 11:29:29,228 - sqlalchemy.engine.Engine - INFO - SELECT admins.id, admins.username, admins.password_hash, admins.created_at 
FROM admins 
WHERE admins.username = $1::VARCHAR
2026-02-28 11:29:29,228 - sqlalchemy.engine.Engine - INFO - [cached since 2192s ago] ('zhura2296@yandex.ru',)
2026-02-28 11:29:29,229 - sqlalchemy.engine.Engine - INFO - SELECT installers.id, installers.full_name, installers.nickname, installers.phone, installers.backup_phone, installers.specialization, installers.rating, installers.base_price, installers.is_debtor, installers.comments, installers.is_active, installers.is_in_funnel, installers.total_orders, installers.poor_work_count, installers.warranty_visits_count, installers.last_incident_date, installers.updated_at, installers.created_at, installers.deleted_at 
FROM installers 
WHERE installers.deleted_at IS NULL 
 LIMIT $1::INTEGER OFFSET $2::INTEGER
2026-02-28 11:29:29,229 - sqlalchemy.engine.Engine - INFO - [cached since 2191s ago] (100, 0)
2026-02-28 11:29:29,230 - sqlalchemy.engine.Engine - INFO - BEGIN (implicit)
2026-02-28 11:29:29,230 - sqlalchemy.engine.Engine - INFO - SELECT orders.id, orders.client_id, orders.status, orders.warehouse, orders.service_datetime, orders.delivery_datetime, orders.promise, orders.marker_color, orders.address_id, orders.address_text, orders.created_at, orders.updated_at 
FROM orders 
WHERE orders.id = $1::INTEGER
2026-02-28 11:29:29,230 - sqlalchemy.engine.Engine - INFO - [cached since 829.2s ago] (4,)
2026-02-28 11:29:29,231 - sqlalchemy.engine.Engine - INFO - ROLLBACK
2026-02-28 11:29:29,231 - sqlalchemy.engine.Engine - INFO - BEGIN (implicit)
2026-02-28 11:29:29,231 - sqlalchemy.engine.Engine - INFO - SELECT admins.id, admins.username, admins.password_hash, admins.created_at 
FROM admins 
WHERE admins.username = $1::VARCHAR
2026-02-28 11:29:29,231 - sqlalchemy.engine.Engine - INFO - [cached since 2192s ago] ('zhura2296@yandex.ru',)
2026-02-28 11:29:29,232 - sqlalchemy.engine.Engine - INFO - SELECT finance.order_id AS finance_order_id, finance.id AS finance_id, finance.revenue AS finance_revenue, finance.cost_of_goods AS finance_cost_of_goods, finance.installer_payments AS finance_installer_payments, finance.expenses AS finance_expenses, finance.warranty_costs_oleg AS finance_warranty_costs_oleg, finance.warranty_costs_installer AS finance_warranty_costs_installer, finance.profit AS finance_profit, finance.created_at AS finance_created_at, finance.updated_at AS finance_updated_at 
FROM finance 
WHERE finance.order_id IN ($1::INTEGER)
2026-02-28 11:29:29,232 - sqlalchemy.engine.Engine - INFO - [cached since 834s ago] (4,)
2026-02-28 11:29:29,233 - sqlalchemy.engine.Engine - INFO - SELECT installers.id, installers.full_name, installers.nickname, installers.phone, installers.backup_phone, installers.specialization, installers.rating, installers.base_price, installers.is_debtor, installers.comments, installers.is_active, installers.is_in_funnel, installers.total_orders, installers.poor_work_count, installers.warranty_visits_count, installers.last_incident_date, installers.updated_at, installers.created_at, installers.deleted_at 
FROM installers 
WHERE installers.deleted_at IS NULL 
 LIMIT $1::INTEGER OFFSET $2::INTEGER
2026-02-28 11:29:29,233 - sqlalchemy.engine.Engine - INFO - [cached since 2191s ago] (100, 0)
2026-02-28 11:29:29,233 - sqlalchemy.engine.Engine - INFO - SELECT clients.id AS clients_id, clients.full_name AS clients_full_name, clients.phone AS clients_phone, clients.address AS clients_address, clients.coordinates AS clients_coordinates, clients.created_at AS clients_created_at, clients.last_contact AS clients_last_contact, clients.comments AS clients_comments, clients.updated_at AS clients_updated_at, clients.backup_phone AS clients_backup_phone, clients.deleted_at AS clients_deleted_at 
FROM clients 
WHERE clients.id IN ($1::INTEGER)
2026-02-28 11:29:29,233 - sqlalchemy.engine.Engine - INFO - [cached since 834s ago] (2,)
2026-02-28 11:29:29,234 - sqlalchemy.engine.Engine - INFO - SELECT address_cache.address AS address_cache_address, address_cache.lat AS address_cache_lat, address_cache.lon AS address_cache_lon, address_cache.updated_at AS address_cache_updated_at 
FROM address_cache 
WHERE address_cache.address IN ($1::VARCHAR)
2026-02-28 11:29:29,234 - sqlalchemy.engine.Engine - INFO - [cached since 834s ago] ('Россия, Московская область, Мытищи, улица Карла Маркса, 4',)
2026-02-28 11:29:29,235 - sqlalchemy.engine.Engine - INFO - SELECT order_installers.order_id AS order_installers_order_id, order_installers.id AS order_installers_id, order_installers.installer_id AS order_installers_installer_id, order_installers.role AS order_installers_role, order_installers.base_payment AS order_installers_base_payment, order_installers.is_primary AS order_installers_is_primary, order_installers.created_at AS order_installers_created_at, order_installers.updated_at AS order_installers_updated_at 
FROM order_installers 
WHERE order_installers.order_id IN ($1::INTEGER)
2026-02-28 11:29:29,235 - sqlalchemy.engine.Engine - INFO - [cached since 834s ago] (4,)
2026-02-28 11:29:29,235 - sqlalchemy.engine.Engine - INFO - ROLLBACK
2026-02-28 11:29:29,236 - sqlalchemy.engine.Engine - INFO - ROLLBACK
2026-02-28 11:29:29,237 - sqlalchemy.engine.Engine - INFO - BEGIN (implicit)
2026-02-28 11:29:29,237 - sqlalchemy.engine.Engine - INFO - SELECT orders.id, orders.client_id, orders.status, orders.warehouse, orders.service_datetime, orders.delivery_datetime, orders.promise, orders.marker_color, orders.address_id, orders.address_text, orders.created_at, orders.updated_at 
FROM orders 
WHERE orders.id = $1::INTEGER
2026-02-28 11:29:29,237 - sqlalchemy.engine.Engine - INFO - [cached since 829.2s ago] (4,)
2026-02-28 11:29:29,238 - sqlalchemy.engine.Engine - INFO - SELECT finance.order_id AS finance_order_id, finance.id AS finance_id, finance.revenue AS finance_revenue, finance.cost_of_goods AS finance_cost_of_goods, finance.installer_payments AS finance_installer_payments, finance.expenses AS finance_expenses, finance.warranty_costs_oleg AS finance_warranty_costs_oleg, finance.warranty_costs_installer AS finance_warranty_costs_installer, finance.profit AS finance_profit, finance.created_at AS finance_created_at, finance.updated_at AS finance_updated_at 
FROM finance 
WHERE finance.order_id IN ($1::INTEGER)
2026-02-28 11:29:29,238 - sqlalchemy.engine.Engine - INFO - [cached since 834s ago] (4,)
2026-02-28 11:29:29,239 - sqlalchemy.engine.Engine - INFO - SELECT clients.id AS clients_id, clients.full_name AS clients_full_name, clients.phone AS clients_phone, clients.address AS clients_address, clients.coordinates AS clients_coordinates, clients.created_at AS clients_created_at, clients.last_contact AS clients_last_contact, clients.comments AS clients_comments, clients.updated_at AS clients_updated_at, clients.backup_phone AS clients_backup_phone, clients.deleted_at AS clients_deleted_at 
FROM clients 
WHERE clients.id IN ($1::INTEGER)
2026-02-28 11:29:29,239 - sqlalchemy.engine.Engine - INFO - [cached since 834s ago] (2,)
2026-02-28 11:29:29,240 - sqlalchemy.engine.Engine - INFO - SELECT address_cache.address AS address_cache_address, address_cache.lat AS address_cache_lat, address_cache.lon AS address_cache_lon, address_cache.updated_at AS address_cache_updated_at 
FROM address_cache 
WHERE address_cache.address IN ($1::VARCHAR)
2026-02-28 11:29:29,240 - sqlalchemy.engine.Engine - INFO - [cached since 834s ago] ('Россия, Московская область, Мытищи, улица Карла Маркса, 4',)
2026-02-28 11:29:29,241 - sqlalchemy.engine.Engine - INFO - SELECT order_installers.order_id AS order_installers_order_id, order_installers.id AS order_installers_id, order_installers.installer_id AS order_installers_installer_id, order_installers.role AS order_installers_role, order_installers.base_payment AS order_installers_base_payment, order_installers.is_primary AS order_installers_is_primary, order_installers.created_at AS order_installers_created_at, order_installers.updated_at AS order_installers_updated_at 
FROM order_installers 
WHERE order_installers.order_id IN ($1::INTEGER)
2026-02-28 11:29:29,241 - sqlalchemy.engine.Engine - INFO - [cached since 834s ago] (4,)
2026-02-28 11:29:29,242 - sqlalchemy.engine.Engine - INFO - ROLLBACK
2026-02-28 11:29:31,833 - sqlalchemy.engine.Engine - INFO - BEGIN (implicit)
2026-02-28 11:29:31,833 - sqlalchemy.engine.Engine - INFO - SELECT orders.id, orders.client_id, orders.status, orders.warehouse, orders.service_datetime, orders.delivery_datetime, orders.promise, orders.marker_color, orders.address_id, orders.address_text, orders.created_at, orders.updated_at 
FROM orders 
 LIMIT $1::INTEGER OFFSET $2::INTEGER
2026-02-28 11:29:31,833 - sqlalchemy.engine.Engine - INFO - [cached since 836.6s ago] (100, 0)
2026-02-28 11:29:31,835 - sqlalchemy.engine.Engine - INFO - SELECT finance.order_id AS finance_order_id, finance.id AS finance_id, finance.revenue AS finance_revenue, finance.cost_of_goods AS finance_cost_of_goods, finance.installer_payments AS finance_installer_payments, finance.expenses AS finance_expenses, finance.warranty_costs_oleg AS finance_warranty_costs_oleg, finance.warranty_costs_installer AS finance_warranty_costs_installer, finance.profit AS finance_profit, finance.created_at AS finance_created_at, finance.updated_at AS finance_updated_at 
FROM finance 
WHERE finance.order_id IN ($1::INTEGER, $2::INTEGER, $3::INTEGER, $4::INTEGER, $5::INTEGER)
2026-02-28 11:29:31,835 - sqlalchemy.engine.Engine - INFO - [cached since 836.6s ago] (1, 2, 3, 4, 5)
2026-02-28 11:29:31,836 - sqlalchemy.engine.Engine - INFO - SELECT clients.id AS clients_id, clients.full_name AS clients_full_name, clients.phone AS clients_phone, clients.address AS clients_address, clients.coordinates AS clients_coordinates, clients.created_at AS clients_created_at, clients.last_contact AS clients_last_contact, clients.comments AS clients_comments, clients.updated_at AS clients_updated_at, clients.backup_phone AS clients_backup_phone, clients.deleted_at AS clients_deleted_at 
FROM clients 
WHERE clients.id IN ($1::INTEGER)
2026-02-28 11:29:31,836 - sqlalchemy.engine.Engine - INFO - [cached since 836.6s ago] (2,)
2026-02-28 11:29:31,837 - sqlalchemy.engine.Engine - INFO - SELECT address_cache.address AS address_cache_address, address_cache.lat AS address_cache_lat, address_cache.lon AS address_cache_lon, address_cache.updated_at AS address_cache_updated_at 
FROM address_cache 
WHERE address_cache.address IN ($1::VARCHAR, $2::VARCHAR, $3::VARCHAR)
2026-02-28 11:29:31,837 - sqlalchemy.engine.Engine - INFO - [cached since 836.6s ago] ('Москва, ул. Ленина, 10', 'Россия, Москва, улица Пресненский Вал, 19', 'Россия, Московская область, Мытищи, улица Карла Маркса, 4')
2026-02-28 11:29:31,839 - sqlalchemy.engine.Engine - INFO - SELECT order_installers.order_id AS order_installers_order_id, order_installers.id AS order_installers_id, order_installers.installer_id AS order_installers_installer_id, order_installers.role AS order_installers_role, order_installers.base_payment AS order_installers_base_payment, order_installers.is_primary AS order_installers_is_primary, order_installers.created_at AS order_installers_created_at, order_installers.updated_at AS order_installers_updated_at 
FROM order_installers 
WHERE order_installers.order_id IN ($1::INTEGER, $2::INTEGER, $3::INTEGER, $4::INTEGER, $5::INTEGER)
2026-02-28 11:29:31,840 - sqlalchemy.engine.Engine - INFO - [cached since 836.6s ago] (1, 2, 3, 4, 5)
2026-02-28 11:29:31,842 - sqlalchemy.engine.Engine - INFO - ROLLBACK
2026-02-28 11:29:31,843 - sqlalchemy.engine.Engine - INFO - BEGIN (implicit)
2026-02-28 11:29:31,843 - sqlalchemy.engine.Engine - INFO - SELECT orders.id, orders.client_id, orders.status, orders.warehouse, orders.service_datetime, orders.delivery_datetime, orders.promise, orders.marker_color, orders.address_id, orders.address_text, orders.created_at, orders.updated_at 
FROM orders 
 LIMIT $1::INTEGER OFFSET $2::INTEGER
2026-02-28 11:29:31,843 - sqlalchemy.engine.Engine - INFO - [cached since 836.6s ago] (100, 0)
2026-02-28 11:29:31,845 - sqlalchemy.engine.Engine - INFO - SELECT finance.order_id AS finance_order_id, finance.id AS finance_id, finance.revenue AS finance_revenue, finance.cost_of_goods AS finance_cost_of_goods, finance.installer_payments AS finance_installer_payments, finance.expenses AS finance_expenses, finance.warranty_costs_oleg AS finance_warranty_costs_oleg, finance.warranty_costs_installer AS finance_warranty_costs_installer, finance.profit AS finance_profit, finance.created_at AS finance_created_at, finance.updated_at AS finance_updated_at 
FROM finance 
WHERE finance.order_id IN ($1::INTEGER, $2::INTEGER, $3::INTEGER, $4::INTEGER, $5::INTEGER)
2026-02-28 11:29:31,845 - sqlalchemy.engine.Engine - INFO - [cached since 836.6s ago] (1, 2, 3, 4, 5)
2026-02-28 11:29:31,846 - sqlalchemy.engine.Engine - INFO - SELECT clients.id AS clients_id, clients.full_name AS clients_full_name, clients.phone AS clients_phone, clients.address AS clients_address, clients.coordinates AS clients_coordinates, clients.created_at AS clients_created_at, clients.last_contact AS clients_last_contact, clients.comments AS clients_comments, clients.updated_at AS clients_updated_at, clients.backup_phone AS clients_backup_phone, clients.deleted_at AS clients_deleted_at 
FROM clients 
WHERE clients.id IN ($1::INTEGER)
2026-02-28 11:29:31,846 - sqlalchemy.engine.Engine - INFO - [cached since 836.6s ago] (2,)
2026-02-28 11:29:31,847 - sqlalchemy.engine.Engine - INFO - SELECT address_cache.address AS address_cache_address, address_cache.lat AS address_cache_lat, address_cache.lon AS address_cache_lon, address_cache.updated_at AS address_cache_updated_at 
FROM address_cache 
WHERE address_cache.address IN ($1::VARCHAR, $2::VARCHAR, $3::VARCHAR)
2026-02-28 11:29:31,847 - sqlalchemy.engine.Engine - INFO - [cached since 836.6s ago] ('Москва, ул. Ленина, 10', 'Россия, Москва, улица Пресненский Вал, 19', 'Россия, Московская область, Мытищи, улица Карла Маркса, 4')
2026-02-28 11:29:31,848 - sqlalchemy.engine.Engine - INFO - SELECT order_installers.order_id AS order_installers_order_id, order_installers.id AS order_installers_id, order_installers.installer_id AS order_installers_installer_id, order_installers.role AS order_installers_role, order_installers.base_payment AS order_installers_base_payment, order_installers.is_primary AS order_installers_is_primary, order_installers.created_at AS order_installers_created_at, order_installers.updated_at AS order_installers_updated_at 
FROM order_installers 
WHERE order_installers.order_id IN ($1::INTEGER, $2::INTEGER, $3::INTEGER, $4::INTEGER, $5::INTEGER)
2026-02-28 11:29:31,848 - sqlalchemy.engine.Engine - INFO - [cached since 836.6s ago] (1, 2, 3, 4, 5)
2026-02-28 11:29:31,849 - sqlalchemy.engine.Engine - INFO - ROLLBACK
2026-02-28 11:29:33,179 - sqlalchemy.engine.Engine - INFO - BEGIN (implicit)
2026-02-28 11:29:33,179 - sqlalchemy.engine.Engine - INFO - SELECT orders.id, orders.client_id, orders.status, orders.warehouse, orders.service_datetime, orders.delivery_datetime, orders.promise, orders.marker_color, orders.address_id, orders.address_text, orders.created_at, orders.updated_at 
FROM orders 
WHERE orders.id = $1::INTEGER
2026-02-28 11:29:33,179 - sqlalchemy.engine.Engine - INFO - [cached since 833.2s ago] (5,)
2026-02-28 11:29:33,181 - sqlalchemy.engine.Engine - INFO - BEGIN (implicit)
2026-02-28 11:29:33,182 - sqlalchemy.engine.Engine - INFO - SELECT admins.id, admins.username, admins.password_hash, admins.created_at 
FROM admins 
WHERE admins.username = $1::VARCHAR
2026-02-28 11:29:33,182 - sqlalchemy.engine.Engine - INFO - [cached since 2196s ago] ('zhura2296@yandex.ru',)
2026-02-28 11:29:33,185 - sqlalchemy.engine.Engine - INFO - SELECT installers.id, installers.full_name, installers.nickname, installers.phone, installers.backup_phone, installers.specialization, installers.rating, installers.base_price, installers.is_debtor, installers.comments, installers.is_active, installers.is_in_funnel, installers.total_orders, installers.poor_work_count, installers.warranty_visits_count, installers.last_incident_date, installers.updated_at, installers.created_at, installers.deleted_at 
FROM installers 
WHERE installers.deleted_at IS NULL 
 LIMIT $1::INTEGER OFFSET $2::INTEGER
2026-02-28 11:29:33,185 - sqlalchemy.engine.Engine - INFO - [cached since 2195s ago] (100, 0)
2026-02-28 11:29:33,188 - sqlalchemy.engine.Engine - INFO - SELECT finance.order_id AS finance_order_id, finance.id AS finance_id, finance.revenue AS finance_revenue, finance.cost_of_goods AS finance_cost_of_goods, finance.installer_payments AS finance_installer_payments, finance.expenses AS finance_expenses, finance.warranty_costs_oleg AS finance_warranty_costs_oleg, finance.warranty_costs_installer AS finance_warranty_costs_installer, finance.profit AS finance_profit, finance.created_at AS finance_created_at, finance.updated_at AS finance_updated_at 
FROM finance 
WHERE finance.order_id IN ($1::INTEGER)
2026-02-28 11:29:33,188 - sqlalchemy.engine.Engine - INFO - [cached since 837.9s ago] (5,)
2026-02-28 11:29:33,189 - sqlalchemy.engine.Engine - INFO - SELECT clients.id AS clients_id, clients.full_name AS clients_full_name, clients.phone AS clients_phone, clients.address AS clients_address, clients.coordinates AS clients_coordinates, clients.created_at AS clients_created_at, clients.last_contact AS clients_last_contact, clients.comments AS clients_comments, clients.updated_at AS clients_updated_at, clients.backup_phone AS clients_backup_phone, clients.deleted_at AS clients_deleted_at 
FROM clients 
WHERE clients.id IN ($1::INTEGER)
2026-02-28 11:29:33,190 - sqlalchemy.engine.Engine - INFO - [cached since 837.9s ago] (2,)
2026-02-28 11:29:33,191 - sqlalchemy.engine.Engine - INFO - SELECT address_cache.address AS address_cache_address, address_cache.lat AS address_cache_lat, address_cache.lon AS address_cache_lon, address_cache.updated_at AS address_cache_updated_at 
FROM address_cache 
WHERE address_cache.address IN ($1::VARCHAR)
2026-02-28 11:29:33,191 - sqlalchemy.engine.Engine - INFO - [cached since 837.9s ago] ('Россия, Москва, улица Пресненский Вал, 19',)
2026-02-28 11:29:33,192 - sqlalchemy.engine.Engine - INFO - ROLLBACK
2026-02-28 11:29:33,194 - sqlalchemy.engine.Engine - INFO - BEGIN (implicit)
2026-02-28 11:29:33,194 - sqlalchemy.engine.Engine - INFO - SELECT admins.id, admins.username, admins.password_hash, admins.created_at 
FROM admins 
WHERE admins.username = $1::VARCHAR
2026-02-28 11:29:33,195 - sqlalchemy.engine.Engine - INFO - [cached since 2196s ago] ('zhura2296@yandex.ru',)
2026-02-28 11:29:33,196 - sqlalchemy.engine.Engine - INFO - SELECT order_installers.order_id AS order_installers_order_id, order_installers.id AS order_installers_id, order_installers.installer_id AS order_installers_installer_id, order_installers.role AS order_installers_role, order_installers.base_payment AS order_installers_base_payment, order_installers.is_primary AS order_installers_is_primary, order_installers.created_at AS order_installers_created_at, order_installers.updated_at AS order_installers_updated_at 
FROM order_installers 
WHERE order_installers.order_id IN ($1::INTEGER)
2026-02-28 11:29:33,196 - sqlalchemy.engine.Engine - INFO - [cached since 837.9s ago] (5,)
2026-02-28 11:29:33,197 - sqlalchemy.engine.Engine - INFO - SELECT installers.id, installers.full_name, installers.nickname, installers.phone, installers.backup_phone, installers.specialization, installers.rating, installers.base_price, installers.is_debtor, installers.comments, installers.is_active, installers.is_in_funnel, installers.total_orders, installers.poor_work_count, installers.warranty_visits_count, installers.last_incident_date, installers.updated_at, installers.created_at, installers.deleted_at 
FROM installers 
WHERE installers.deleted_at IS NULL 
 LIMIT $1::INTEGER OFFSET $2::INTEGER
2026-02-28 11:29:33,197 - sqlalchemy.engine.Engine - INFO - [cached since 2195s ago] (100, 0)
2026-02-28 11:29:33,199 - sqlalchemy.engine.Engine - INFO - BEGIN (implicit)
2026-02-28 11:29:33,199 - sqlalchemy.engine.Engine - INFO - SELECT orders.id, orders.client_id, orders.status, orders.warehouse, orders.service_datetime, orders.delivery_datetime, orders.promise, orders.marker_color, orders.address_id, orders.address_text, orders.created_at, orders.updated_at 
FROM orders 
WHERE orders.id = $1::INTEGER
2026-02-28 11:29:33,199 - sqlalchemy.engine.Engine - INFO - [cached since 833.2s ago] (5,)
2026-02-28 11:29:33,200 - sqlalchemy.engine.Engine - INFO - ROLLBACK
2026-02-28 11:29:33,201 - sqlalchemy.engine.Engine - INFO - ROLLBACK
2026-02-28 11:29:33,202 - sqlalchemy.engine.Engine - INFO - SELECT finance.order_id AS finance_order_id, finance.id AS finance_id, finance.revenue AS finance_revenue, finance.cost_of_goods AS finance_cost_of_goods, finance.installer_payments AS finance_installer_payments, finance.expenses AS finance_expenses, finance.warranty_costs_oleg AS finance_warranty_costs_oleg, finance.warranty_costs_installer AS finance_warranty_costs_installer, finance.profit AS finance_profit, finance.created_at AS finance_created_at, finance.updated_at AS finance_updated_at 
FROM finance 
WHERE finance.order_id IN ($1::INTEGER)
2026-02-28 11:29:33,202 - sqlalchemy.engine.Engine - INFO - [cached since 837.9s ago] (5,)
2026-02-28 11:29:33,204 - sqlalchemy.engine.Engine - INFO - SELECT clients.id AS clients_id, clients.full_name AS clients_full_name, clients.phone AS clients_phone, clients.address AS clients_address, clients.coordinates AS clients_coordinates, clients.created_at AS clients_created_at, clients.last_contact AS clients_last_contact, clients.comments AS clients_comments, clients.updated_at AS clients_updated_at, clients.backup_phone AS clients_backup_phone, clients.deleted_at AS clients_deleted_at 
FROM clients 
WHERE clients.id IN ($1::INTEGER)
2026-02-28 11:29:33,204 - sqlalchemy.engine.Engine - INFO - [cached since 837.9s ago] (2,)
2026-02-28 11:29:33,205 - sqlalchemy.engine.Engine - INFO - SELECT address_cache.address AS address_cache_address, address_cache.lat AS address_cache_lat, address_cache.lon AS address_cache_lon, address_cache.updated_at AS address_cache_updated_at 
FROM address_cache 
WHERE address_cache.address IN ($1::VARCHAR)
2026-02-28 11:29:33,205 - sqlalchemy.engine.Engine - INFO - [cached since 837.9s ago] ('Россия, Москва, улица Пресненский Вал, 19',)
2026-02-28 11:29:33,206 - sqlalchemy.engine.Engine - INFO - SELECT order_installers.order_id AS order_installers_order_id, order_installers.id AS order_installers_id, order_installers.installer_id AS order_installers_installer_id, order_installers.role AS order_installers_role, order_installers.base_payment AS order_installers_base_payment, order_installers.is_primary AS order_installers_is_primary, order_installers.created_at AS order_installers_created_at, order_installers.updated_at AS order_installers_updated_at 
FROM order_installers 
WHERE order_installers.order_id IN ($1::INTEGER)
2026-02-28 11:29:33,206 - sqlalchemy.engine.Engine - INFO - [cached since 837.9s ago] (5,)
2026-02-28 11:29:33,207 - sqlalchemy.engine.Engine - INFO - ROLLBACK
2026-02-28 11:33:02,095 - sqlalchemy.engine.Engine - INFO - BEGIN (implicit)
2026-02-28 11:33:02,095 - sqlalchemy.engine.Engine - INFO - SELECT orders.id, orders.client_id, orders.status, orders.warehouse, orders.service_datetime, orders.delivery_datetime, orders.promise, orders.marker_color, orders.address_id, orders.address_text, orders.created_at, orders.updated_at 
FROM orders 
WHERE orders.id = $1::INTEGER
2026-02-28 11:33:02,095 - sqlalchemy.engine.Engine - INFO - [cached since 1042s ago] (5,)
2026-02-28 11:33:02,096 - sqlalchemy.engine.Engine - INFO - BEGIN (implicit)
2026-02-28 11:33:02,096 - sqlalchemy.engine.Engine - INFO - SELECT admins.id, admins.username, admins.password_hash, admins.created_at 
FROM admins 
WHERE admins.username = $1::VARCHAR
2026-02-28 11:33:02,096 - sqlalchemy.engine.Engine - INFO - [cached since 2405s ago] ('zhura2296@yandex.ru',)
2026-02-28 11:33:02,097 - sqlalchemy.engine.Engine - INFO - SELECT finance.order_id AS finance_order_id, finance.id AS finance_id, finance.revenue AS finance_revenue, finance.cost_of_goods AS finance_cost_of_goods, finance.installer_payments AS finance_installer_payments, finance.expenses AS finance_expenses, finance.warranty_costs_oleg AS finance_warranty_costs_oleg, finance.warranty_costs_installer AS finance_warranty_costs_installer, finance.profit AS finance_profit, finance.created_at AS finance_created_at, finance.updated_at AS finance_updated_at 
FROM finance 
WHERE finance.order_id IN ($1::INTEGER)
2026-02-28 11:33:02,097 - sqlalchemy.engine.Engine - INFO - [cached since 1047s ago] (5,)
2026-02-28 11:33:02,098 - sqlalchemy.engine.Engine - INFO - SELECT installers.id, installers.full_name, installers.nickname, installers.phone, installers.backup_phone, installers.specialization, installers.rating, installers.base_price, installers.is_debtor, installers.comments, installers.is_active, installers.is_in_funnel, installers.total_orders, installers.poor_work_count, installers.warranty_visits_count, installers.last_incident_date, installers.updated_at, installers.created_at, installers.deleted_at 
FROM installers 
WHERE installers.deleted_at IS NULL 
 LIMIT $1::INTEGER OFFSET $2::INTEGER
2026-02-28 11:33:02,098 - sqlalchemy.engine.Engine - INFO - [cached since 2404s ago] (100, 0)
2026-02-28 11:33:02,098 - sqlalchemy.engine.Engine - INFO - SELECT clients.id AS clients_id, clients.full_name AS clients_full_name, clients.phone AS clients_phone, clients.address AS clients_address, clients.coordinates AS clients_coordinates, clients.created_at AS clients_created_at, clients.last_contact AS clients_last_contact, clients.comments AS clients_comments, clients.updated_at AS clients_updated_at, clients.backup_phone AS clients_backup_phone, clients.deleted_at AS clients_deleted_at 
FROM clients 
WHERE clients.id IN ($1::INTEGER)
2026-02-28 11:33:02,098 - sqlalchemy.engine.Engine - INFO - [cached since 1047s ago] (2,)
2026-02-28 11:33:02,099 - sqlalchemy.engine.Engine - INFO - SELECT address_cache.address AS address_cache_address, address_cache.lat AS address_cache_lat, address_cache.lon AS address_cache_lon, address_cache.updated_at AS address_cache_updated_at 
FROM address_cache 
WHERE address_cache.address IN ($1::VARCHAR)
2026-02-28 11:33:02,099 - sqlalchemy.engine.Engine - INFO - [cached since 1047s ago] ('Россия, Москва, улица Пресненский Вал, 19',)
2026-02-28 11:33:02,100 - sqlalchemy.engine.Engine - INFO - SELECT order_installers.order_id AS order_installers_order_id, order_installers.id AS order_installers_id, order_installers.installer_id AS order_installers_installer_id, order_installers.role AS order_installers_role, order_installers.base_payment AS order_installers_base_payment, order_installers.is_primary AS order_installers_is_primary, order_installers.created_at AS order_installers_created_at, order_installers.updated_at AS order_installers_updated_at 
FROM order_installers 
WHERE order_installers.order_id IN ($1::INTEGER)
2026-02-28 11:33:02,100 - sqlalchemy.engine.Engine - INFO - [cached since 1047s ago] (5,)
2026-02-28 11:33:02,100 - sqlalchemy.engine.Engine - INFO - ROLLBACK
2026-02-28 11:33:02,101 - sqlalchemy.engine.Engine - INFO - BEGIN (implicit)
2026-02-28 11:33:02,101 - sqlalchemy.engine.Engine - INFO - SELECT admins.id, admins.username, admins.password_hash, admins.created_at 
FROM admins 
WHERE admins.username = $1::VARCHAR
2026-02-28 11:33:02,101 - sqlalchemy.engine.Engine - INFO - [cached since 2405s ago] ('zhura2296@yandex.ru',)
2026-02-28 11:33:02,102 - sqlalchemy.engine.Engine - INFO - ROLLBACK
2026-02-28 11:33:02,103 - sqlalchemy.engine.Engine - INFO - SELECT installers.id, installers.full_name, installers.nickname, installers.phone, installers.backup_phone, installers.specialization, installers.rating, installers.base_price, installers.is_debtor, installers.comments, installers.is_active, installers.is_in_funnel, installers.total_orders, installers.poor_work_count, installers.warranty_visits_count, installers.last_incident_date, installers.updated_at, installers.created_at, installers.deleted_at 
FROM installers 
WHERE installers.deleted_at IS NULL 
 LIMIT $1::INTEGER OFFSET $2::INTEGER
2026-02-28 11:33:02,103 - sqlalchemy.engine.Engine - INFO - [cached since 2404s ago] (100, 0)
2026-02-28 11:33:02,103 - sqlalchemy.engine.Engine - INFO - BEGIN (implicit)
2026-02-28 11:33:02,103 - sqlalchemy.engine.Engine - INFO - SELECT orders.id, orders.client_id, orders.status, orders.warehouse, orders.service_datetime, orders.delivery_datetime, orders.promise, orders.marker_color, orders.address_id, orders.address_text, orders.created_at, orders.updated_at 
FROM orders 
WHERE orders.id = $1::INTEGER
2026-02-28 11:33:02,104 - sqlalchemy.engine.Engine - INFO - [cached since 1042s ago] (5,)
2026-02-28 11:33:02,104 - sqlalchemy.engine.Engine - INFO - ROLLBACK
2026-02-28 11:33:02,105 - sqlalchemy.engine.Engine - INFO - SELECT finance.order_id AS finance_order_id, finance.id AS finance_id, finance.revenue AS finance_revenue, finance.cost_of_goods AS finance_cost_of_goods, finance.installer_payments AS finance_installer_payments, finance.expenses AS finance_expenses, finance.warranty_costs_oleg AS finance_warranty_costs_oleg, finance.warranty_costs_installer AS finance_warranty_costs_installer, finance.profit AS finance_profit, finance.created_at AS finance_created_at, finance.updated_at AS finance_updated_at 
FROM finance 
WHERE finance.order_id IN ($1::INTEGER)
2026-02-28 11:33:02,105 - sqlalchemy.engine.Engine - INFO - [cached since 1047s ago] (5,)
2026-02-28 11:33:02,106 - sqlalchemy.engine.Engine - INFO - SELECT clients.id AS clients_id, clients.full_name AS clients_full_name, clients.phone AS clients_phone, clients.address AS clients_address, clients.coordinates AS clients_coordinates, clients.created_at AS clients_created_at, clients.last_contact AS clients_last_contact, clients.comments AS clients_comments, clients.updated_at AS clients_updated_at, clients.backup_phone AS clients_backup_phone, clients.deleted_at AS clients_deleted_at 
FROM clients 
WHERE clients.id IN ($1::INTEGER)
2026-02-28 11:33:02,106 - sqlalchemy.engine.Engine - INFO - [cached since 1047s ago] (2,)
2026-02-28 11:33:02,107 - sqlalchemy.engine.Engine - INFO - SELECT address_cache.address AS address_cache_address, address_cache.lat AS address_cache_lat, address_cache.lon AS address_cache_lon, address_cache.updated_at AS address_cache_updated_at 
FROM address_cache 
WHERE address_cache.address IN ($1::VARCHAR)
2026-02-28 11:33:02,107 - sqlalchemy.engine.Engine - INFO - [cached since 1047s ago] ('Россия, Москва, улица Пресненский Вал, 19',)
2026-02-28 11:33:02,108 - sqlalchemy.engine.Engine - INFO - SELECT order_installers.order_id AS order_installers_order_id, order_installers.id AS order_installers_id, order_installers.installer_id AS order_installers_installer_id, order_installers.role AS order_installers_role, order_installers.base_payment AS order_installers_base_payment, order_installers.is_primary AS order_installers_is_primary, order_installers.created_at AS order_installers_created_at, order_installers.updated_at AS order_installers_updated_at 
FROM order_installers 
WHERE order_installers.order_id IN ($1::INTEGER)
2026-02-28 11:33:02,108 - sqlalchemy.engine.Engine - INFO - [cached since 1047s ago] (5,)
2026-02-28 11:33:02,109 - sqlalchemy.engine.Engine - INFO - ROLLBACK
2026-02-28 11:33:37,004 - sqlalchemy.engine.Engine - INFO - BEGIN (implicit)
2026-02-28 11:33:37,004 - sqlalchemy.engine.Engine - INFO - SELECT admins.id, admins.username, admins.password_hash, admins.created_at 
FROM admins 
WHERE admins.username = $1::VARCHAR
2026-02-28 11:33:37,004 - sqlalchemy.engine.Engine - INFO - [cached since 2440s ago] ('zhura2296@yandex.ru',)
2026-02-28 11:33:37,199 - sqlalchemy.engine.Engine - INFO - ROLLBACK
2026-02-28 11:33:37,418 - sqlalchemy.engine.Engine - INFO - BEGIN (implicit)
2026-02-28 11:33:37,418 - sqlalchemy.engine.Engine - INFO - SELECT admins.id, admins.username, admins.password_hash, admins.created_at 
FROM admins 
WHERE admins.username = $1::VARCHAR
2026-02-28 11:33:37,419 - sqlalchemy.engine.Engine - INFO - [cached since 2440s ago] ('zhura2296@yandex.ru',)
2026-02-28 11:33:37,419 - sqlalchemy.engine.Engine - INFO - BEGIN (implicit)
2026-02-28 11:33:37,419 - sqlalchemy.engine.Engine - INFO - SELECT admins.id, admins.username, admins.password_hash, admins.created_at 
FROM admins 
WHERE admins.username = $1::VARCHAR
2026-02-28 11:33:37,419 - sqlalchemy.engine.Engine - INFO - [cached since 2440s ago] ('zhura2296@yandex.ru',)
2026-02-28 11:33:37,420 - sqlalchemy.engine.Engine - INFO - SELECT clients.id, clients.full_name, clients.phone, clients.address, clients.coordinates, clients.created_at, clients.last_contact, clients.comments, clients.updated_at, clients.backup_phone, clients.deleted_at 
FROM clients 
 LIMIT $1::INTEGER OFFSET $2::INTEGER
2026-02-28 11:33:37,420 - sqlalchemy.engine.Engine - INFO - [cached since 2440s ago] (100, 0)
2026-02-28 11:33:37,421 - sqlalchemy.engine.Engine - INFO - SELECT installers.id, installers.full_name, installers.nickname, installers.phone, installers.backup_phone, installers.specialization, installers.rating, installers.base_price, installers.is_debtor, installers.comments, installers.is_active, installers.is_in_funnel, installers.total_orders, installers.poor_work_count, installers.warranty_visits_count, installers.last_incident_date, installers.updated_at, installers.created_at, installers.deleted_at 
FROM installers 
WHERE installers.deleted_at IS NULL 
 LIMIT $1::INTEGER OFFSET $2::INTEGER
2026-02-28 11:33:37,421 - sqlalchemy.engine.Engine - INFO - [cached since 2440s ago] (100, 0)
2026-02-28 11:33:37,422 - sqlalchemy.engine.Engine - INFO - ROLLBACK
2026-02-28 11:33:37,422 - sqlalchemy.engine.Engine - INFO - ROLLBACK
2026-02-28 11:33:37,426 - sqlalchemy.engine.Engine - INFO - BEGIN (implicit)
2026-02-28 11:33:37,427 - sqlalchemy.engine.Engine - INFO - SELECT admins.id, admins.username, admins.password_hash, admins.created_at 
FROM admins 
WHERE admins.username = $1::VARCHAR
2026-02-28 11:33:37,427 - sqlalchemy.engine.Engine - INFO - [cached since 2440s ago] ('zhura2296@yandex.ru',)
2026-02-28 11:33:37,427 - sqlalchemy.engine.Engine - INFO - BEGIN (implicit)
2026-02-28 11:33:37,427 - sqlalchemy.engine.Engine - INFO - SELECT admins.id, admins.username, admins.password_hash, admins.created_at 
FROM admins 
WHERE admins.username = $1::VARCHAR
2026-02-28 11:33:37,427 - sqlalchemy.engine.Engine - INFO - [cached since 2440s ago] ('zhura2296@yandex.ru',)
2026-02-28 11:33:37,428 - sqlalchemy.engine.Engine - INFO - SELECT clients.id, clients.full_name, clients.phone, clients.address, clients.coordinates, clients.created_at, clients.last_contact, clients.comments, clients.updated_at, clients.backup_phone, clients.deleted_at 
FROM clients 
 LIMIT $1::INTEGER OFFSET $2::INTEGER
2026-02-28 11:33:37,428 - sqlalchemy.engine.Engine - INFO - [cached since 2440s ago] (100, 0)
2026-02-28 11:33:37,429 - sqlalchemy.engine.Engine - INFO - SELECT installers.id, installers.full_name, installers.nickname, installers.phone, installers.backup_phone, installers.specialization, installers.rating, installers.base_price, installers.is_debtor, installers.comments, installers.is_active, installers.is_in_funnel, installers.total_orders, installers.poor_work_count, installers.warranty_visits_count, installers.last_incident_date, installers.updated_at, installers.created_at, installers.deleted_at 
FROM installers 
WHERE installers.deleted_at IS NULL 
 LIMIT $1::INTEGER OFFSET $2::INTEGER
2026-02-28 11:33:37,429 - sqlalchemy.engine.Engine - INFO - [cached since 2440s ago] (100, 0)
2026-02-28 11:33:37,430 - sqlalchemy.engine.Engine - INFO - ROLLBACK
2026-02-28 11:33:37,430 - sqlalchemy.engine.Engine - INFO - ROLLBACK
2026-02-28 11:33:40,003 - sqlalchemy.engine.Engine - INFO - BEGIN (implicit)
2026-02-28 11:33:40,003 - sqlalchemy.engine.Engine - INFO - SELECT orders.id, orders.client_id, orders.status, orders.warehouse, orders.service_datetime, orders.delivery_datetime, orders.promise, orders.marker_color, orders.address_id, orders.address_text, orders.created_at, orders.updated_at 
FROM orders 
 LIMIT $1::INTEGER OFFSET $2::INTEGER
2026-02-28 11:33:40,003 - sqlalchemy.engine.Engine - INFO - [cached since 1085s ago] (100, 0)
2026-02-28 11:33:40,004 - sqlalchemy.engine.Engine - INFO - SELECT finance.order_id AS finance_order_id, finance.id AS finance_id, finance.revenue AS finance_revenue, finance.cost_of_goods AS finance_cost_of_goods, finance.installer_payments AS finance_installer_payments, finance.expenses AS finance_expenses, finance.warranty_costs_oleg AS finance_warranty_costs_oleg, finance.warranty_costs_installer AS finance_warranty_costs_installer, finance.profit AS finance_profit, finance.created_at AS finance_created_at, finance.updated_at AS finance_updated_at 
FROM finance 
WHERE finance.order_id IN ($1::INTEGER, $2::INTEGER, $3::INTEGER, $4::INTEGER, $5::INTEGER)
2026-02-28 11:33:40,004 - sqlalchemy.engine.Engine - INFO - [cached since 1085s ago] (1, 2, 3, 4, 5)
2026-02-28 11:33:40,005 - sqlalchemy.engine.Engine - INFO - SELECT clients.id AS clients_id, clients.full_name AS clients_full_name, clients.phone AS clients_phone, clients.address AS clients_address, clients.coordinates AS clients_coordinates, clients.created_at AS clients_created_at, clients.last_contact AS clients_last_contact, clients.comments AS clients_comments, clients.updated_at AS clients_updated_at, clients.backup_phone AS clients_backup_phone, clients.deleted_at AS clients_deleted_at 
FROM clients 
WHERE clients.id IN ($1::INTEGER)
2026-02-28 11:33:40,005 - sqlalchemy.engine.Engine - INFO - [cached since 1085s ago] (2,)
2026-02-28 11:33:40,006 - sqlalchemy.engine.Engine - INFO - SELECT address_cache.address AS address_cache_address, address_cache.lat AS address_cache_lat, address_cache.lon AS address_cache_lon, address_cache.updated_at AS address_cache_updated_at 
FROM address_cache 
WHERE address_cache.address IN ($1::VARCHAR, $2::VARCHAR, $3::VARCHAR)
2026-02-28 11:33:40,006 - sqlalchemy.engine.Engine - INFO - [cached since 1085s ago] ('Москва, ул. Ленина, 10', 'Россия, Москва, улица Пресненский Вал, 19', 'Россия, Московская область, Мытищи, улица Карла Маркса, 4')
2026-02-28 11:33:40,006 - sqlalchemy.engine.Engine - INFO - SELECT order_installers.order_id AS order_installers_order_id, order_installers.id AS order_installers_id, order_installers.installer_id AS order_installers_installer_id, order_installers.role AS order_installers_role, order_installers.base_payment AS order_installers_base_payment, order_installers.is_primary AS order_installers_is_primary, order_installers.created_at AS order_installers_created_at, order_installers.updated_at AS order_installers_updated_at 
FROM order_installers 
WHERE order_installers.order_id IN ($1::INTEGER, $2::INTEGER, $3::INTEGER, $4::INTEGER, $5::INTEGER)
2026-02-28 11:33:40,006 - sqlalchemy.engine.Engine - INFO - [cached since 1085s ago] (1, 2, 3, 4, 5)
2026-02-28 11:33:40,008 - sqlalchemy.engine.Engine - INFO - ROLLBACK
2026-02-28 11:33:40,008 - sqlalchemy.engine.Engine - INFO - BEGIN (implicit)
2026-02-28 11:33:40,008 - sqlalchemy.engine.Engine - INFO - SELECT orders.id, orders.client_id, orders.status, orders.warehouse, orders.service_datetime, orders.delivery_datetime, orders.promise, orders.marker_color, orders.address_id, orders.address_text, orders.created_at, orders.updated_at 
FROM orders 
 LIMIT $1::INTEGER OFFSET $2::INTEGER
2026-02-28 11:33:40,009 - sqlalchemy.engine.Engine - INFO - [cached since 1085s ago] (100, 0)
2026-02-28 11:33:40,010 - sqlalchemy.engine.Engine - INFO - SELECT finance.order_id AS finance_order_id, finance.id AS finance_id, finance.revenue AS finance_revenue, finance.cost_of_goods AS finance_cost_of_goods, finance.installer_payments AS finance_installer_payments, finance.expenses AS finance_expenses, finance.warranty_costs_oleg AS finance_warranty_costs_oleg, finance.warranty_costs_installer AS finance_warranty_costs_installer, finance.profit AS finance_profit, finance.created_at AS finance_created_at, finance.updated_at AS finance_updated_at 
FROM finance 
WHERE finance.order_id IN ($1::INTEGER, $2::INTEGER, $3::INTEGER, $4::INTEGER, $5::INTEGER)
2026-02-28 11:33:40,010 - sqlalchemy.engine.Engine - INFO - [cached since 1085s ago] (1, 2, 3, 4, 5)
2026-02-28 11:33:40,011 - sqlalchemy.engine.Engine - INFO - SELECT clients.id AS clients_id, clients.full_name AS clients_full_name, clients.phone AS clients_phone, clients.address AS clients_address, clients.coordinates AS clients_coordinates, clients.created_at AS clients_created_at, clients.last_contact AS clients_last_contact, clients.comments AS clients_comments, clients.updated_at AS clients_updated_at, clients.backup_phone AS clients_backup_phone, clients.deleted_at AS clients_deleted_at 
FROM clients 
WHERE clients.id IN ($1::INTEGER)
2026-02-28 11:33:40,011 - sqlalchemy.engine.Engine - INFO - [cached since 1085s ago] (2,)
2026-02-28 11:33:40,012 - sqlalchemy.engine.Engine - INFO - SELECT address_cache.address AS address_cache_address, address_cache.lat AS address_cache_lat, address_cache.lon AS address_cache_lon, address_cache.updated_at AS address_cache_updated_at 
FROM address_cache 
WHERE address_cache.address IN ($1::VARCHAR, $2::VARCHAR, $3::VARCHAR)
2026-02-28 11:33:40,012 - sqlalchemy.engine.Engine - INFO - [cached since 1085s ago] ('Москва, ул. Ленина, 10', 'Россия, Москва, улица Пресненский Вал, 19', 'Россия, Московская область, Мытищи, улица Карла Маркса, 4')
2026-02-28 11:33:40,012 - sqlalchemy.engine.Engine - INFO - SELECT order_installers.order_id AS order_installers_order_id, order_installers.id AS order_installers_id, order_installers.installer_id AS order_installers_installer_id, order_installers.role AS order_installers_role, order_installers.base_payment AS order_installers_base_payment, order_installers.is_primary AS order_installers_is_primary, order_installers.created_at AS order_installers_created_at, order_installers.updated_at AS order_installers_updated_at 
FROM order_installers 
WHERE order_installers.order_id IN ($1::INTEGER, $2::INTEGER, $3::INTEGER, $4::INTEGER, $5::INTEGER)
2026-02-28 11:33:40,012 - sqlalchemy.engine.Engine - INFO - [cached since 1085s ago] (1, 2, 3, 4, 5)
2026-02-28 11:33:40,013 - sqlalchemy.engine.Engine - INFO - ROLLBACK
2026-02-28 11:33:45,335 - sqlalchemy.engine.Engine - INFO - BEGIN (implicit)
2026-02-28 11:33:45,335 - sqlalchemy.engine.Engine - INFO - SELECT admins.id, admins.username, admins.password_hash, admins.created_at 
FROM admins 
WHERE admins.username = $1::VARCHAR
2026-02-28 11:33:45,335 - sqlalchemy.engine.Engine - INFO - [cached since 2448s ago] ('zhura2296@yandex.ru',)
2026-02-28 11:33:45,337 - sqlalchemy.engine.Engine - INFO - SELECT installers.id, installers.full_name, installers.nickname, installers.phone, installers.backup_phone, installers.specialization, installers.rating, installers.base_price, installers.is_debtor, installers.comments, installers.is_active, installers.is_in_funnel, installers.total_orders, installers.poor_work_count, installers.warranty_visits_count, installers.last_incident_date, installers.updated_at, installers.created_at, installers.deleted_at 
FROM installers 
WHERE installers.deleted_at IS NULL 
 LIMIT $1::INTEGER OFFSET $2::INTEGER
2026-02-28 11:33:45,337 - sqlalchemy.engine.Engine - INFO - [cached since 2447s ago] (100, 0)
2026-02-28 11:33:45,338 - sqlalchemy.engine.Engine - INFO - BEGIN (implicit)
2026-02-28 11:33:45,338 - sqlalchemy.engine.Engine - INFO - SELECT orders.id, orders.client_id, orders.status, orders.warehouse, orders.service_datetime, orders.delivery_datetime, orders.promise, orders.marker_color, orders.address_id, orders.address_text, orders.created_at, orders.updated_at 
FROM orders 
WHERE orders.id = $1::INTEGER
2026-02-28 11:33:45,338 - sqlalchemy.engine.Engine - INFO - [cached since 1085s ago] (2,)
2026-02-28 11:33:45,339 - sqlalchemy.engine.Engine - INFO - ROLLBACK
2026-02-28 11:33:45,340 - sqlalchemy.engine.Engine - INFO - SELECT finance.order_id AS finance_order_id, finance.id AS finance_id, finance.revenue AS finance_revenue, finance.cost_of_goods AS finance_cost_of_goods, finance.installer_payments AS finance_installer_payments, finance.expenses AS finance_expenses, finance.warranty_costs_oleg AS finance_warranty_costs_oleg, finance.warranty_costs_installer AS finance_warranty_costs_installer, finance.profit AS finance_profit, finance.created_at AS finance_created_at, finance.updated_at AS finance_updated_at 
FROM finance 
WHERE finance.order_id IN ($1::INTEGER)
2026-02-28 11:33:45,340 - sqlalchemy.engine.Engine - INFO - [cached since 1090s ago] (2,)
2026-02-28 11:33:45,341 - sqlalchemy.engine.Engine - INFO - BEGIN (implicit)
2026-02-28 11:33:45,341 - sqlalchemy.engine.Engine - INFO - SELECT admins.id, admins.username, admins.password_hash, admins.created_at 
FROM admins 
WHERE admins.username = $1::VARCHAR
2026-02-28 11:33:45,341 - sqlalchemy.engine.Engine - INFO - [cached since 2448s ago] ('zhura2296@yandex.ru',)
2026-02-28 11:33:45,342 - sqlalchemy.engine.Engine - INFO - SELECT order_installers.order_id AS order_installers_order_id, order_installers.id AS order_installers_id, order_installers.installer_id AS order_installers_installer_id, order_installers.role AS order_installers_role, order_installers.base_payment AS order_installers_base_payment, order_installers.is_primary AS order_installers_is_primary, order_installers.created_at AS order_installers_created_at, order_installers.updated_at AS order_installers_updated_at 
FROM order_installers 
WHERE order_installers.order_id IN ($1::INTEGER)
2026-02-28 11:33:45,342 - sqlalchemy.engine.Engine - INFO - [cached since 1090s ago] (2,)
2026-02-28 11:33:45,343 - sqlalchemy.engine.Engine - INFO - SELECT installers.id, installers.full_name, installers.nickname, installers.phone, installers.backup_phone, installers.specialization, installers.rating, installers.base_price, installers.is_debtor, installers.comments, installers.is_active, installers.is_in_funnel, installers.total_orders, installers.poor_work_count, installers.warranty_visits_count, installers.last_incident_date, installers.updated_at, installers.created_at, installers.deleted_at 
FROM installers 
WHERE installers.deleted_at IS NULL 
 LIMIT $1::INTEGER OFFSET $2::INTEGER
2026-02-28 11:33:45,343 - sqlalchemy.engine.Engine - INFO - [cached since 2447s ago] (100, 0)
2026-02-28 11:33:45,344 - sqlalchemy.engine.Engine - INFO - BEGIN (implicit)
2026-02-28 11:33:45,345 - sqlalchemy.engine.Engine - INFO - SELECT orders.id, orders.client_id, orders.status, orders.warehouse, orders.service_datetime, orders.delivery_datetime, orders.promise, orders.marker_color, orders.address_id, orders.address_text, orders.created_at, orders.updated_at 
FROM orders 
WHERE orders.id = $1::INTEGER
2026-02-28 11:33:45,345 - sqlalchemy.engine.Engine - INFO - [cached since 1085s ago] (2,)
2026-02-28 11:33:45,345 - sqlalchemy.engine.Engine - INFO - ROLLBACK
2026-02-28 11:33:45,346 - sqlalchemy.engine.Engine - INFO - ROLLBACK
2026-02-28 11:33:45,347 - sqlalchemy.engine.Engine - INFO - SELECT finance.order_id AS finance_order_id, finance.id AS finance_id, finance.revenue AS finance_revenue, finance.cost_of_goods AS finance_cost_of_goods, finance.installer_payments AS finance_installer_payments, finance.expenses AS finance_expenses, finance.warranty_costs_oleg AS finance_warranty_costs_oleg, finance.warranty_costs_installer AS finance_warranty_costs_installer, finance.profit AS finance_profit, finance.created_at AS finance_created_at, finance.updated_at AS finance_updated_at 
FROM finance 
WHERE finance.order_id IN ($1::INTEGER)
2026-02-28 11:33:45,348 - sqlalchemy.engine.Engine - INFO - [cached since 1090s ago] (2,)
2026-02-28 11:33:45,349 - sqlalchemy.engine.Engine - INFO - SELECT order_installers.order_id AS order_installers_order_id, order_installers.id AS order_installers_id, order_installers.installer_id AS order_installers_installer_id, order_installers.role AS order_installers_role, order_installers.base_payment AS order_installers_base_payment, order_installers.is_primary AS order_installers_is_primary, order_installers.created_at AS order_installers_created_at, order_installers.updated_at AS order_installers_updated_at 
FROM order_installers 
WHERE order_installers.order_id IN ($1::INTEGER)
2026-02-28 11:33:45,350 - sqlalchemy.engine.Engine - INFO - [cached since 1090s ago] (2,)
2026-02-28 11:33:45,351 - sqlalchemy.engine.Engine - INFO - ROLLBACK
2026-02-28 11:33:47,667 - sqlalchemy.engine.Engine - INFO - BEGIN (implicit)
2026-02-28 11:33:47,668 - sqlalchemy.engine.Engine - INFO - SELECT orders.id, orders.client_id, orders.status, orders.warehouse, orders.service_datetime, orders.delivery_datetime, orders.promise, orders.marker_color, orders.address_id, orders.address_text, orders.created_at, orders.updated_at 
FROM orders 
 LIMIT $1::INTEGER OFFSET $2::INTEGER
2026-02-28 11:33:47,668 - sqlalchemy.engine.Engine - INFO - [cached since 1092s ago] (100, 0)
2026-02-28 11:33:47,669 - sqlalchemy.engine.Engine - INFO - SELECT finance.order_id AS finance_order_id, finance.id AS finance_id, finance.revenue AS finance_revenue, finance.cost_of_goods AS finance_cost_of_goods, finance.installer_payments AS finance_installer_payments, finance.expenses AS finance_expenses, finance.warranty_costs_oleg AS finance_warranty_costs_oleg, finance.warranty_costs_installer AS finance_warranty_costs_installer, finance.profit AS finance_profit, finance.created_at AS finance_created_at, finance.updated_at AS finance_updated_at 
FROM finance 
WHERE finance.order_id IN ($1::INTEGER, $2::INTEGER, $3::INTEGER, $4::INTEGER, $5::INTEGER)
2026-02-28 11:33:47,669 - sqlalchemy.engine.Engine - INFO - [cached since 1092s ago] (1, 2, 3, 4, 5)
2026-02-28 11:33:47,670 - sqlalchemy.engine.Engine - INFO - SELECT clients.id AS clients_id, clients.full_name AS clients_full_name, clients.phone AS clients_phone, clients.address AS clients_address, clients.coordinates AS clients_coordinates, clients.created_at AS clients_created_at, clients.last_contact AS clients_last_contact, clients.comments AS clients_comments, clients.updated_at AS clients_updated_at, clients.backup_phone AS clients_backup_phone, clients.deleted_at AS clients_deleted_at 
FROM clients 
WHERE clients.id IN ($1::INTEGER)
2026-02-28 11:33:47,670 - sqlalchemy.engine.Engine - INFO - [cached since 1092s ago] (2,)
2026-02-28 11:33:47,671 - sqlalchemy.engine.Engine - INFO - SELECT address_cache.address AS address_cache_address, address_cache.lat AS address_cache_lat, address_cache.lon AS address_cache_lon, address_cache.updated_at AS address_cache_updated_at 
FROM address_cache 
WHERE address_cache.address IN ($1::VARCHAR, $2::VARCHAR, $3::VARCHAR)
2026-02-28 11:33:47,671 - sqlalchemy.engine.Engine - INFO - [cached since 1092s ago] ('Москва, ул. Ленина, 10', 'Россия, Москва, улица Пресненский Вал, 19', 'Россия, Московская область, Мытищи, улица Карла Маркса, 4')
2026-02-28 11:33:47,674 - sqlalchemy.engine.Engine - INFO - SELECT order_installers.order_id AS order_installers_order_id, order_installers.id AS order_installers_id, order_installers.installer_id AS order_installers_installer_id, order_installers.role AS order_installers_role, order_installers.base_payment AS order_installers_base_payment, order_installers.is_primary AS order_installers_is_primary, order_installers.created_at AS order_installers_created_at, order_installers.updated_at AS order_installers_updated_at 
FROM order_installers 
WHERE order_installers.order_id IN ($1::INTEGER, $2::INTEGER, $3::INTEGER, $4::INTEGER, $5::INTEGER)
2026-02-28 11:33:47,674 - sqlalchemy.engine.Engine - INFO - [cached since 1092s ago] (1, 2, 3, 4, 5)
2026-02-28 11:33:47,677 - sqlalchemy.engine.Engine - INFO - ROLLBACK
2026-02-28 11:33:47,678 - sqlalchemy.engine.Engine - INFO - BEGIN (implicit)
2026-02-28 11:33:47,678 - sqlalchemy.engine.Engine - INFO - SELECT orders.id, orders.client_id, orders.status, orders.warehouse, orders.service_datetime, orders.delivery_datetime, orders.promise, orders.marker_color, orders.address_id, orders.address_text, orders.created_at, orders.updated_at 
FROM orders 
 LIMIT $1::INTEGER OFFSET $2::INTEGER
2026-02-28 11:33:47,678 - sqlalchemy.engine.Engine - INFO - [cached since 1092s ago] (100, 0)
2026-02-28 11:33:47,680 - sqlalchemy.engine.Engine - INFO - SELECT finance.order_id AS finance_order_id, finance.id AS finance_id, finance.revenue AS finance_revenue, finance.cost_of_goods AS finance_cost_of_goods, finance.installer_payments AS finance_installer_payments, finance.expenses AS finance_expenses, finance.warranty_costs_oleg AS finance_warranty_costs_oleg, finance.warranty_costs_installer AS finance_warranty_costs_installer, finance.profit AS finance_profit, finance.created_at AS finance_created_at, finance.updated_at AS finance_updated_at 
FROM finance 
WHERE finance.order_id IN ($1::INTEGER, $2::INTEGER, $3::INTEGER, $4::INTEGER, $5::INTEGER)
2026-02-28 11:33:47,680 - sqlalchemy.engine.Engine - INFO - [cached since 1092s ago] (1, 2, 3, 4, 5)
2026-02-28 11:33:47,682 - sqlalchemy.engine.Engine - INFO - SELECT clients.id AS clients_id, clients.full_name AS clients_full_name, clients.phone AS clients_phone, clients.address AS clients_address, clients.coordinates AS clients_coordinates, clients.created_at AS clients_created_at, clients.last_contact AS clients_last_contact, clients.comments AS clients_comments, clients.updated_at AS clients_updated_at, clients.backup_phone AS clients_backup_phone, clients.deleted_at AS clients_deleted_at 
FROM clients 
WHERE clients.id IN ($1::INTEGER)
2026-02-28 11:33:47,682 - sqlalchemy.engine.Engine - INFO - [cached since 1092s ago] (2,)
2026-02-28 11:33:47,683 - sqlalchemy.engine.Engine - INFO - SELECT address_cache.address AS address_cache_address, address_cache.lat AS address_cache_lat, address_cache.lon AS address_cache_lon, address_cache.updated_at AS address_cache_updated_at 
FROM address_cache 
WHERE address_cache.address IN ($1::VARCHAR, $2::VARCHAR, $3::VARCHAR)
2026-02-28 11:33:47,683 - sqlalchemy.engine.Engine - INFO - [cached since 1092s ago] ('Москва, ул. Ленина, 10', 'Россия, Москва, улица Пресненский Вал, 19', 'Россия, Московская область, Мытищи, улица Карла Маркса, 4')
2026-02-28 11:33:47,684 - sqlalchemy.engine.Engine - INFO - SELECT order_installers.order_id AS order_installers_order_id, order_installers.id AS order_installers_id, order_installers.installer_id AS order_installers_installer_id, order_installers.role AS order_installers_role, order_installers.base_payment AS order_installers_base_payment, order_installers.is_primary AS order_installers_is_primary, order_installers.created_at AS order_installers_created_at, order_installers.updated_at AS order_installers_updated_at 
FROM order_installers 
WHERE order_installers.order_id IN ($1::INTEGER, $2::INTEGER, $3::INTEGER, $4::INTEGER, $5::INTEGER)
2026-02-28 11:33:47,684 - sqlalchemy.engine.Engine - INFO - [cached since 1092s ago] (1, 2, 3, 4, 5)
2026-02-28 11:33:47,686 - sqlalchemy.engine.Engine - INFO - ROLLBACK
2026-02-28 11:33:49,999 - sqlalchemy.engine.Engine - INFO - BEGIN (implicit)
2026-02-28 11:33:49,999 - sqlalchemy.engine.Engine - INFO - SELECT orders.id, orders.client_id, orders.status, orders.warehouse, orders.service_datetime, orders.delivery_datetime, orders.promise, orders.marker_color, orders.address_id, orders.address_text, orders.created_at, orders.updated_at 
FROM orders 
WHERE orders.id = $1::INTEGER
2026-02-28 11:33:50,000 - sqlalchemy.engine.Engine - INFO - [cached since 1090s ago] (4,)
2026-02-28 11:33:50,001 - sqlalchemy.engine.Engine - INFO - BEGIN (implicit)
2026-02-28 11:33:50,001 - sqlalchemy.engine.Engine - INFO - SELECT admins.id, admins.username, admins.password_hash, admins.created_at 
FROM admins 
WHERE admins.username = $1::VARCHAR
2026-02-28 11:33:50,001 - sqlalchemy.engine.Engine - INFO - [cached since 2452s ago] ('zhura2296@yandex.ru',)
2026-02-28 11:33:50,002 - sqlalchemy.engine.Engine - INFO - SELECT finance.order_id AS finance_order_id, finance.id AS finance_id, finance.revenue AS finance_revenue, finance.cost_of_goods AS finance_cost_of_goods, finance.installer_payments AS finance_installer_payments, finance.expenses AS finance_expenses, finance.warranty_costs_oleg AS finance_warranty_costs_oleg, finance.warranty_costs_installer AS finance_warranty_costs_installer, finance.profit AS finance_profit, finance.created_at AS finance_created_at, finance.updated_at AS finance_updated_at 
FROM finance 
WHERE finance.order_id IN ($1::INTEGER)
2026-02-28 11:33:50,002 - sqlalchemy.engine.Engine - INFO - [cached since 1095s ago] (4,)
2026-02-28 11:33:50,003 - sqlalchemy.engine.Engine - INFO - SELECT installers.id, installers.full_name, installers.nickname, installers.phone, installers.backup_phone, installers.specialization, installers.rating, installers.base_price, installers.is_debtor, installers.comments, installers.is_active, installers.is_in_funnel, installers.total_orders, installers.poor_work_count, installers.warranty_visits_count, installers.last_incident_date, installers.updated_at, installers.created_at, installers.deleted_at 
FROM installers 
WHERE installers.deleted_at IS NULL 
 LIMIT $1::INTEGER OFFSET $2::INTEGER
2026-02-28 11:33:50,003 - sqlalchemy.engine.Engine - INFO - [cached since 2452s ago] (100, 0)
2026-02-28 11:33:50,004 - sqlalchemy.engine.Engine - INFO - SELECT clients.id AS clients_id, clients.full_name AS clients_full_name, clients.phone AS clients_phone, clients.address AS clients_address, clients.coordinates AS clients_coordinates, clients.created_at AS clients_created_at, clients.last_contact AS clients_last_contact, clients.comments AS clients_comments, clients.updated_at AS clients_updated_at, clients.backup_phone AS clients_backup_phone, clients.deleted_at AS clients_deleted_at 
FROM clients 
WHERE clients.id IN ($1::INTEGER)
2026-02-28 11:33:50,004 - sqlalchemy.engine.Engine - INFO - [cached since 1095s ago] (2,)
2026-02-28 11:33:50,005 - sqlalchemy.engine.Engine - INFO - SELECT address_cache.address AS address_cache_address, address_cache.lat AS address_cache_lat, address_cache.lon AS address_cache_lon, address_cache.updated_at AS address_cache_updated_at 
FROM address_cache 
WHERE address_cache.address IN ($1::VARCHAR)
2026-02-28 11:33:50,005 - sqlalchemy.engine.Engine - INFO - [cached since 1095s ago] ('Россия, Московская область, Мытищи, улица Карла Маркса, 4',)
2026-02-28 11:33:50,005 - sqlalchemy.engine.Engine - INFO - SELECT order_installers.order_id AS order_installers_order_id, order_installers.id AS order_installers_id, order_installers.installer_id AS order_installers_installer_id, order_installers.role AS order_installers_role, order_installers.base_payment AS order_installers_base_payment, order_installers.is_primary AS order_installers_is_primary, order_installers.created_at AS order_installers_created_at, order_installers.updated_at AS order_installers_updated_at 
FROM order_installers 
WHERE order_installers.order_id IN ($1::INTEGER)
2026-02-28 11:33:50,006 - sqlalchemy.engine.Engine - INFO - [cached since 1095s ago] (4,)
2026-02-28 11:33:50,007 - sqlalchemy.engine.Engine - INFO - BEGIN (implicit)
2026-02-28 11:33:50,007 - sqlalchemy.engine.Engine - INFO - SELECT admins.id, admins.username, admins.password_hash, admins.created_at 
FROM admins 
WHERE admins.username = $1::VARCHAR
2026-02-28 11:33:50,007 - sqlalchemy.engine.Engine - INFO - [cached since 2453s ago] ('zhura2296@yandex.ru',)
2026-02-28 11:33:50,008 - sqlalchemy.engine.Engine - INFO - ROLLBACK
2026-02-28 11:33:50,009 - sqlalchemy.engine.Engine - INFO - SELECT installers.id, installers.full_name, installers.nickname, installers.phone, installers.backup_phone, installers.specialization, installers.rating, installers.base_price, installers.is_debtor, installers.comments, installers.is_active, installers.is_in_funnel, installers.total_orders, installers.poor_work_count, installers.warranty_visits_count, installers.last_incident_date, installers.updated_at, installers.created_at, installers.deleted_at 
FROM installers 
WHERE installers.deleted_at IS NULL 
 LIMIT $1::INTEGER OFFSET $2::INTEGER
2026-02-28 11:33:50,009 - sqlalchemy.engine.Engine - INFO - [cached since 2452s ago] (100, 0)
2026-02-28 11:33:50,010 - sqlalchemy.engine.Engine - INFO - ROLLBACK
2026-02-28 11:33:50,011 - sqlalchemy.engine.Engine - INFO - BEGIN (implicit)
2026-02-28 11:33:50,012 - sqlalchemy.engine.Engine - INFO - SELECT orders.id, orders.client_id, orders.status, orders.warehouse, orders.service_datetime, orders.delivery_datetime, orders.promise, orders.marker_color, orders.address_id, orders.address_text, orders.created_at, orders.updated_at 
FROM orders 
WHERE orders.id = $1::INTEGER
2026-02-28 11:33:50,012 - sqlalchemy.engine.Engine - INFO - [cached since 1090s ago] (4,)
2026-02-28 11:33:50,013 - sqlalchemy.engine.Engine - INFO - ROLLBACK
2026-02-28 11:33:50,014 - sqlalchemy.engine.Engine - INFO - SELECT finance.order_id AS finance_order_id, finance.id AS finance_id, finance.revenue AS finance_revenue, finance.cost_of_goods AS finance_cost_of_goods, finance.installer_payments AS finance_installer_payments, finance.expenses AS finance_expenses, finance.warranty_costs_oleg AS finance_warranty_costs_oleg, finance.warranty_costs_installer AS finance_warranty_costs_installer, finance.profit AS finance_profit, finance.created_at AS finance_created_at, finance.updated_at AS finance_updated_at 
FROM finance 
WHERE finance.order_id IN ($1::INTEGER)
2026-02-28 11:33:50,014 - sqlalchemy.engine.Engine - INFO - [cached since 1095s ago] (4,)
2026-02-28 11:33:50,015 - sqlalchemy.engine.Engine - INFO - SELECT clients.id AS clients_id, clients.full_name AS clients_full_name, clients.phone AS clients_phone, clients.address AS clients_address, clients.coordinates AS clients_coordinates, clients.created_at AS clients_created_at, clients.last_contact AS clients_last_contact, clients.comments AS clients_comments, clients.updated_at AS clients_updated_at, clients.backup_phone AS clients_backup_phone, clients.deleted_at AS clients_deleted_at 
FROM clients 
WHERE clients.id IN ($1::INTEGER)
2026-02-28 11:33:50,015 - sqlalchemy.engine.Engine - INFO - [cached since 1095s ago] (2,)
2026-02-28 11:33:50,016 - sqlalchemy.engine.Engine - INFO - SELECT address_cache.address AS address_cache_address, address_cache.lat AS address_cache_lat, address_cache.lon AS address_cache_lon, address_cache.updated_at AS address_cache_updated_at 
FROM address_cache 
WHERE address_cache.address IN ($1::VARCHAR)
2026-02-28 11:33:50,016 - sqlalchemy.engine.Engine - INFO - [cached since 1095s ago] ('Россия, Московская область, Мытищи, улица Карла Маркса, 4',)
2026-02-28 11:33:50,017 - sqlalchemy.engine.Engine - INFO - SELECT order_installers.order_id AS order_installers_order_id, order_installers.id AS order_installers_id, order_installers.installer_id AS order_installers_installer_id, order_installers.role AS order_installers_role, order_installers.base_payment AS order_installers_base_payment, order_installers.is_primary AS order_installers_is_primary, order_installers.created_at AS order_installers_created_at, order_installers.updated_at AS order_installers_updated_at 
FROM order_installers 
WHERE order_installers.order_id IN ($1::INTEGER)
2026-02-28 11:33:50,017 - sqlalchemy.engine.Engine - INFO - [cached since 1095s ago] (4,)
2026-02-28 11:33:50,018 - sqlalchemy.engine.Engine - INFO - ROLLBACK
2026-02-28 11:33:53,479 - sqlalchemy.engine.Engine - INFO - BEGIN (implicit)
2026-02-28 11:33:53,479 - sqlalchemy.engine.Engine - INFO - SELECT orders.id, orders.client_id, orders.status, orders.warehouse, orders.service_datetime, orders.delivery_datetime, orders.promise, orders.marker_color, orders.address_id, orders.address_text, orders.created_at, orders.updated_at 
FROM orders 
 LIMIT $1::INTEGER OFFSET $2::INTEGER
2026-02-28 11:33:53,480 - sqlalchemy.engine.Engine - INFO - [cached since 1098s ago] (100, 0)
2026-02-28 11:33:53,482 - sqlalchemy.engine.Engine - INFO - SELECT finance.order_id AS finance_order_id, finance.id AS finance_id, finance.revenue AS finance_revenue, finance.cost_of_goods AS finance_cost_of_goods, finance.installer_payments AS finance_installer_payments, finance.expenses AS finance_expenses, finance.warranty_costs_oleg AS finance_warranty_costs_oleg, finance.warranty_costs_installer AS finance_warranty_costs_installer, finance.profit AS finance_profit, finance.created_at AS finance_created_at, finance.updated_at AS finance_updated_at 
FROM finance 
WHERE finance.order_id IN ($1::INTEGER, $2::INTEGER, $3::INTEGER, $4::INTEGER, $5::INTEGER)
2026-02-28 11:33:53,482 - sqlalchemy.engine.Engine - INFO - [cached since 1098s ago] (1, 2, 3, 4, 5)
2026-02-28 11:33:53,483 - sqlalchemy.engine.Engine - INFO - SELECT clients.id AS clients_id, clients.full_name AS clients_full_name, clients.phone AS clients_phone, clients.address AS clients_address, clients.coordinates AS clients_coordinates, clients.created_at AS clients_created_at, clients.last_contact AS clients_last_contact, clients.comments AS clients_comments, clients.updated_at AS clients_updated_at, clients.backup_phone AS clients_backup_phone, clients.deleted_at AS clients_deleted_at 
FROM clients 
WHERE clients.id IN ($1::INTEGER)
2026-02-28 11:33:53,483 - sqlalchemy.engine.Engine - INFO - [cached since 1098s ago] (2,)
2026-02-28 11:33:53,484 - sqlalchemy.engine.Engine - INFO - SELECT address_cache.address AS address_cache_address, address_cache.lat AS address_cache_lat, address_cache.lon AS address_cache_lon, address_cache.updated_at AS address_cache_updated_at 
FROM address_cache 
WHERE address_cache.address IN ($1::VARCHAR, $2::VARCHAR, $3::VARCHAR)
2026-02-28 11:33:53,484 - sqlalchemy.engine.Engine - INFO - [cached since 1098s ago] ('Москва, ул. Ленина, 10', 'Россия, Москва, улица Пресненский Вал, 19', 'Россия, Московская область, Мытищи, улица Карла Маркса, 4')
2026-02-28 11:33:53,485 - sqlalchemy.engine.Engine - INFO - SELECT order_installers.order_id AS order_installers_order_id, order_installers.id AS order_installers_id, order_installers.installer_id AS order_installers_installer_id, order_installers.role AS order_installers_role, order_installers.base_payment AS order_installers_base_payment, order_installers.is_primary AS order_installers_is_primary, order_installers.created_at AS order_installers_created_at, order_installers.updated_at AS order_installers_updated_at 
FROM order_installers 
WHERE order_installers.order_id IN ($1::INTEGER, $2::INTEGER, $3::INTEGER, $4::INTEGER, $5::INTEGER)
2026-02-28 11:33:53,485 - sqlalchemy.engine.Engine - INFO - [cached since 1098s ago] (1, 2, 3, 4, 5)
2026-02-28 11:33:53,488 - sqlalchemy.engine.Engine - INFO - ROLLBACK
2026-02-28 11:33:53,489 - sqlalchemy.engine.Engine - INFO - BEGIN (implicit)
2026-02-28 11:33:53,490 - sqlalchemy.engine.Engine - INFO - SELECT orders.id, orders.client_id, orders.status, orders.warehouse, orders.service_datetime, orders.delivery_datetime, orders.promise, orders.marker_color, orders.address_id, orders.address_text, orders.created_at, orders.updated_at 
FROM orders 
 LIMIT $1::INTEGER OFFSET $2::INTEGER
2026-02-28 11:33:53,490 - sqlalchemy.engine.Engine - INFO - [cached since 1098s ago] (100, 0)
2026-02-28 11:33:53,492 - sqlalchemy.engine.Engine - INFO - SELECT finance.order_id AS finance_order_id, finance.id AS finance_id, finance.revenue AS finance_revenue, finance.cost_of_goods AS finance_cost_of_goods, finance.installer_payments AS finance_installer_payments, finance.expenses AS finance_expenses, finance.warranty_costs_oleg AS finance_warranty_costs_oleg, finance.warranty_costs_installer AS finance_warranty_costs_installer, finance.profit AS finance_profit, finance.created_at AS finance_created_at, finance.updated_at AS finance_updated_at 
FROM finance 
WHERE finance.order_id IN ($1::INTEGER, $2::INTEGER, $3::INTEGER, $4::INTEGER, $5::INTEGER)
2026-02-28 11:33:53,492 - sqlalchemy.engine.Engine - INFO - [cached since 1098s ago] (1, 2, 3, 4, 5)
2026-02-28 11:33:53,493 - sqlalchemy.engine.Engine - INFO - SELECT clients.id AS clients_id, clients.full_name AS clients_full_name, clients.phone AS clients_phone, clients.address AS clients_address, clients.coordinates AS clients_coordinates, clients.created_at AS clients_created_at, clients.last_contact AS clients_last_contact, clients.comments AS clients_comments, clients.updated_at AS clients_updated_at, clients.backup_phone AS clients_backup_phone, clients.deleted_at AS clients_deleted_at 
FROM clients 
WHERE clients.id IN ($1::INTEGER)
2026-02-28 11:33:53,493 - sqlalchemy.engine.Engine - INFO - [cached since 1098s ago] (2,)
2026-02-28 11:33:53,494 - sqlalchemy.engine.Engine - INFO - SELECT address_cache.address AS address_cache_address, address_cache.lat AS address_cache_lat, address_cache.lon AS address_cache_lon, address_cache.updated_at AS address_cache_updated_at 
FROM address_cache 
WHERE address_cache.address IN ($1::VARCHAR, $2::VARCHAR, $3::VARCHAR)
2026-02-28 11:33:53,494 - sqlalchemy.engine.Engine - INFO - [cached since 1098s ago] ('Москва, ул. Ленина, 10', 'Россия, Москва, улица Пресненский Вал, 19', 'Россия, Московская область, Мытищи, улица Карла Маркса, 4')
2026-02-28 11:33:53,495 - sqlalchemy.engine.Engine - INFO - SELECT order_installers.order_id AS order_installers_order_id, order_installers.id AS order_installers_id, order_installers.installer_id AS order_installers_installer_id, order_installers.role AS order_installers_role, order_installers.base_payment AS order_installers_base_payment, order_installers.is_primary AS order_installers_is_primary, order_installers.created_at AS order_installers_created_at, order_installers.updated_at AS order_installers_updated_at 
FROM order_installers 
WHERE order_installers.order_id IN ($1::INTEGER, $2::INTEGER, $3::INTEGER, $4::INTEGER, $5::INTEGER)
2026-02-28 11:33:53,495 - sqlalchemy.engine.Engine - INFO - [cached since 1098s ago] (1, 2, 3, 4, 5)
2026-02-28 11:33:53,498 - sqlalchemy.engine.Engine - INFO - ROLLBACK
2026-02-28 11:33:56,545 - sqlalchemy.engine.Engine - INFO - BEGIN (implicit)
2026-02-28 11:33:56,546 - sqlalchemy.engine.Engine - INFO - SELECT orders.id, orders.client_id, orders.status, orders.warehouse, orders.service_datetime, orders.delivery_datetime, orders.promise, orders.marker_color, orders.address_id, orders.address_text, orders.created_at, orders.updated_at 
FROM orders 
WHERE orders.id = $1::INTEGER
2026-02-28 11:33:56,546 - sqlalchemy.engine.Engine - INFO - [cached since 1097s ago] (5,)
2026-02-28 11:33:56,547 - sqlalchemy.engine.Engine - INFO - BEGIN (implicit)
2026-02-28 11:33:56,547 - sqlalchemy.engine.Engine - INFO - SELECT admins.id, admins.username, admins.password_hash, admins.created_at 
FROM admins 
WHERE admins.username = $1::VARCHAR
2026-02-28 11:33:56,547 - sqlalchemy.engine.Engine - INFO - [cached since 2459s ago] ('zhura2296@yandex.ru',)
2026-02-28 11:33:56,548 - sqlalchemy.engine.Engine - INFO - SELECT installers.id, installers.full_name, installers.nickname, installers.phone, installers.backup_phone, installers.specialization, installers.rating, installers.base_price, installers.is_debtor, installers.comments, installers.is_active, installers.is_in_funnel, installers.total_orders, installers.poor_work_count, installers.warranty_visits_count, installers.last_incident_date, installers.updated_at, installers.created_at, installers.deleted_at 
FROM installers 
WHERE installers.deleted_at IS NULL 
 LIMIT $1::INTEGER OFFSET $2::INTEGER
2026-02-28 11:33:56,548 - sqlalchemy.engine.Engine - INFO - [cached since 2459s ago] (100, 0)
2026-02-28 11:33:56,549 - sqlalchemy.engine.Engine - INFO - SELECT finance.order_id AS finance_order_id, finance.id AS finance_id, finance.revenue AS finance_revenue, finance.cost_of_goods AS finance_cost_of_goods, finance.installer_payments AS finance_installer_payments, finance.expenses AS finance_expenses, finance.warranty_costs_oleg AS finance_warranty_costs_oleg, finance.warranty_costs_installer AS finance_warranty_costs_installer, finance.profit AS finance_profit, finance.created_at AS finance_created_at, finance.updated_at AS finance_updated_at 
FROM finance 
WHERE finance.order_id IN ($1::INTEGER)
2026-02-28 11:33:56,549 - sqlalchemy.engine.Engine - INFO - [cached since 1101s ago] (5,)
2026-02-28 11:33:56,549 - sqlalchemy.engine.Engine - INFO - SELECT clients.id AS clients_id, clients.full_name AS clients_full_name, clients.phone AS clients_phone, clients.address AS clients_address, clients.coordinates AS clients_coordinates, clients.created_at AS clients_created_at, clients.last_contact AS clients_last_contact, clients.comments AS clients_comments, clients.updated_at AS clients_updated_at, clients.backup_phone AS clients_backup_phone, clients.deleted_at AS clients_deleted_at 
FROM clients 
WHERE clients.id IN ($1::INTEGER)
2026-02-28 11:33:56,550 - sqlalchemy.engine.Engine - INFO - [cached since 1101s ago] (2,)
2026-02-28 11:33:56,550 - sqlalchemy.engine.Engine - INFO - SELECT address_cache.address AS address_cache_address, address_cache.lat AS address_cache_lat, address_cache.lon AS address_cache_lon, address_cache.updated_at AS address_cache_updated_at 
FROM address_cache 
WHERE address_cache.address IN ($1::VARCHAR)
2026-02-28 11:33:56,550 - sqlalchemy.engine.Engine - INFO - [cached since 1101s ago] ('Россия, Москва, улица Пресненский Вал, 19',)
2026-02-28 11:33:56,551 - sqlalchemy.engine.Engine - INFO - SELECT order_installers.order_id AS order_installers_order_id, order_installers.id AS order_installers_id, order_installers.installer_id AS order_installers_installer_id, order_installers.role AS order_installers_role, order_installers.base_payment AS order_installers_base_payment, order_installers.is_primary AS order_installers_is_primary, order_installers.created_at AS order_installers_created_at, order_installers.updated_at AS order_installers_updated_at 
FROM order_installers 
WHERE order_installers.order_id IN ($1::INTEGER)
2026-02-28 11:33:56,551 - sqlalchemy.engine.Engine - INFO - [cached since 1101s ago] (5,)
2026-02-28 11:33:56,552 - sqlalchemy.engine.Engine - INFO - ROLLBACK
2026-02-28 11:33:56,553 - sqlalchemy.engine.Engine - INFO - BEGIN (implicit)
2026-02-28 11:33:56,553 - sqlalchemy.engine.Engine - INFO - SELECT admins.id, admins.username, admins.password_hash, admins.created_at 
FROM admins 
WHERE admins.username = $1::VARCHAR
2026-02-28 11:33:56,553 - sqlalchemy.engine.Engine - INFO - [cached since 2459s ago] ('zhura2296@yandex.ru',)
2026-02-28 11:33:56,554 - sqlalchemy.engine.Engine - INFO - ROLLBACK
2026-02-28 11:33:56,555 - sqlalchemy.engine.Engine - INFO - SELECT installers.id, installers.full_name, installers.nickname, installers.phone, installers.backup_phone, installers.specialization, installers.rating, installers.base_price, installers.is_debtor, installers.comments, installers.is_active, installers.is_in_funnel, installers.total_orders, installers.poor_work_count, installers.warranty_visits_count, installers.last_incident_date, installers.updated_at, installers.created_at, installers.deleted_at 
FROM installers 
WHERE installers.deleted_at IS NULL 
 LIMIT $1::INTEGER OFFSET $2::INTEGER
2026-02-28 11:33:56,555 - sqlalchemy.engine.Engine - INFO - [cached since 2459s ago] (100, 0)
2026-02-28 11:33:56,556 - sqlalchemy.engine.Engine - INFO - BEGIN (implicit)
2026-02-28 11:33:56,556 - sqlalchemy.engine.Engine - INFO - SELECT orders.id, orders.client_id, orders.status, orders.warehouse, orders.service_datetime, orders.delivery_datetime, orders.promise, orders.marker_color, orders.address_id, orders.address_text, orders.created_at, orders.updated_at 
FROM orders 
WHERE orders.id = $1::INTEGER
2026-02-28 11:33:56,556 - sqlalchemy.engine.Engine - INFO - [cached since 1097s ago] (5,)
2026-02-28 11:33:56,557 - sqlalchemy.engine.Engine - INFO - ROLLBACK
2026-02-28 11:33:56,558 - sqlalchemy.engine.Engine - INFO - SELECT finance.order_id AS finance_order_id, finance.id AS finance_id, finance.revenue AS finance_revenue, finance.cost_of_goods AS finance_cost_of_goods, finance.installer_payments AS finance_installer_payments, finance.expenses AS finance_expenses, finance.warranty_costs_oleg AS finance_warranty_costs_oleg, finance.warranty_costs_installer AS finance_warranty_costs_installer, finance.profit AS finance_profit, finance.created_at AS finance_created_at, finance.updated_at AS finance_updated_at 
FROM finance 
WHERE finance.order_id IN ($1::INTEGER)
2026-02-28 11:33:56,558 - sqlalchemy.engine.Engine - INFO - [cached since 1101s ago] (5,)
2026-02-28 11:33:56,559 - sqlalchemy.engine.Engine - INFO - SELECT clients.id AS clients_id, clients.full_name AS clients_full_name, clients.phone AS clients_phone, clients.address AS clients_address, clients.coordinates AS clients_coordinates, clients.created_at AS clients_created_at, clients.last_contact AS clients_last_contact, clients.comments AS clients_comments, clients.updated_at AS clients_updated_at, clients.backup_phone AS clients_backup_phone, clients.deleted_at AS clients_deleted_at 
FROM clients 
WHERE clients.id IN ($1::INTEGER)
2026-02-28 11:33:56,559 - sqlalchemy.engine.Engine - INFO - [cached since 1101s ago] (2,)
2026-02-28 11:33:56,559 - sqlalchemy.engine.Engine - INFO - SELECT address_cache.address AS address_cache_address, address_cache.lat AS address_cache_lat, address_cache.lon AS address_cache_lon, address_cache.updated_at AS address_cache_updated_at 
FROM address_cache 
WHERE address_cache.address IN ($1::VARCHAR)
2026-02-28 11:33:56,559 - sqlalchemy.engine.Engine - INFO - [cached since 1101s ago] ('Россия, Москва, улица Пресненский Вал, 19',)
2026-02-28 11:33:56,560 - sqlalchemy.engine.Engine - INFO - SELECT order_installers.order_id AS order_installers_order_id, order_installers.id AS order_installers_id, order_installers.installer_id AS order_installers_installer_id, order_installers.role AS order_installers_role, order_installers.base_payment AS order_installers_base_payment, order_installers.is_primary AS order_installers_is_primary, order_installers.created_at AS order_installers_created_at, order_installers.updated_at AS order_installers_updated_at 
FROM order_installers 
WHERE order_installers.order_id IN ($1::INTEGER)
2026-02-28 11:33:56,560 - sqlalchemy.engine.Engine - INFO - [cached since 1101s ago] (5,)
2026-02-28 11:33:56,561 - sqlalchemy.engine.Engine - INFO - ROLLBACK
2026-02-28 11:34:33,522 - sqlalchemy.engine.Engine - INFO - BEGIN (implicit)
2026-02-28 11:34:33,523 - sqlalchemy.engine.Engine - INFO - SELECT orders.id, orders.client_id, orders.status, orders.warehouse, orders.service_datetime, orders.delivery_datetime, orders.promise, orders.marker_color, orders.address_id, orders.address_text, orders.created_at, orders.updated_at 
FROM orders 
 LIMIT $1::INTEGER OFFSET $2::INTEGER
2026-02-28 11:34:33,523 - sqlalchemy.engine.Engine - INFO - [cached since 1138s ago] (100, 0)
2026-02-28 11:34:33,527 - sqlalchemy.engine.Engine - INFO - SELECT finance.order_id AS finance_order_id, finance.id AS finance_id, finance.revenue AS finance_revenue, finance.cost_of_goods AS finance_cost_of_goods, finance.installer_payments AS finance_installer_payments, finance.expenses AS finance_expenses, finance.warranty_costs_oleg AS finance_warranty_costs_oleg, finance.warranty_costs_installer AS finance_warranty_costs_installer, finance.profit AS finance_profit, finance.created_at AS finance_created_at, finance.updated_at AS finance_updated_at 
FROM finance 
WHERE finance.order_id IN ($1::INTEGER, $2::INTEGER, $3::INTEGER, $4::INTEGER, $5::INTEGER)
2026-02-28 11:34:33,527 - sqlalchemy.engine.Engine - INFO - [cached since 1138s ago] (1, 2, 3, 4, 5)
2026-02-28 11:34:33,530 - sqlalchemy.engine.Engine - INFO - SELECT clients.id AS clients_id, clients.full_name AS clients_full_name, clients.phone AS clients_phone, clients.address AS clients_address, clients.coordinates AS clients_coordinates, clients.created_at AS clients_created_at, clients.last_contact AS clients_last_contact, clients.comments AS clients_comments, clients.updated_at AS clients_updated_at, clients.backup_phone AS clients_backup_phone, clients.deleted_at AS clients_deleted_at 
FROM clients 
WHERE clients.id IN ($1::INTEGER)
2026-02-28 11:34:33,530 - sqlalchemy.engine.Engine - INFO - [cached since 1138s ago] (2,)
2026-02-28 11:34:33,533 - sqlalchemy.engine.Engine - INFO - SELECT address_cache.address AS address_cache_address, address_cache.lat AS address_cache_lat, address_cache.lon AS address_cache_lon, address_cache.updated_at AS address_cache_updated_at 
FROM address_cache 
WHERE address_cache.address IN ($1::VARCHAR, $2::VARCHAR, $3::VARCHAR)
2026-02-28 11:34:33,533 - sqlalchemy.engine.Engine - INFO - [cached since 1138s ago] ('Москва, ул. Ленина, 10', 'Россия, Москва, улица Пресненский Вал, 19', 'Россия, Московская область, Мытищи, улица Карла Маркса, 4')
2026-02-28 11:34:33,534 - sqlalchemy.engine.Engine - INFO - SELECT order_installers.order_id AS order_installers_order_id, order_installers.id AS order_installers_id, order_installers.installer_id AS order_installers_installer_id, order_installers.role AS order_installers_role, order_installers.base_payment AS order_installers_base_payment, order_installers.is_primary AS order_installers_is_primary, order_installers.created_at AS order_installers_created_at, order_installers.updated_at AS order_installers_updated_at 
FROM order_installers 
WHERE order_installers.order_id IN ($1::INTEGER, $2::INTEGER, $3::INTEGER, $4::INTEGER, $5::INTEGER)
2026-02-28 11:34:33,535 - sqlalchemy.engine.Engine - INFO - [cached since 1138s ago] (1, 2, 3, 4, 5)
2026-02-28 11:34:33,537 - sqlalchemy.engine.Engine - INFO - ROLLBACK
2026-02-28 11:34:33,539 - sqlalchemy.engine.Engine - INFO - BEGIN (implicit)
2026-02-28 11:34:33,539 - sqlalchemy.engine.Engine - INFO - SELECT orders.id, orders.client_id, orders.status, orders.warehouse, orders.service_datetime, orders.delivery_datetime, orders.promise, orders.marker_color, orders.address_id, orders.address_text, orders.created_at, orders.updated_at 
FROM orders 
 LIMIT $1::INTEGER OFFSET $2::INTEGER
2026-02-28 11:34:33,539 - sqlalchemy.engine.Engine - INFO - [cached since 1138s ago] (100, 0)
2026-02-28 11:34:33,541 - sqlalchemy.engine.Engine - INFO - SELECT finance.order_id AS finance_order_id, finance.id AS finance_id, finance.revenue AS finance_revenue, finance.cost_of_goods AS finance_cost_of_goods, finance.installer_payments AS finance_installer_payments, finance.expenses AS finance_expenses, finance.warranty_costs_oleg AS finance_warranty_costs_oleg, finance.warranty_costs_installer AS finance_warranty_costs_installer, finance.profit AS finance_profit, finance.created_at AS finance_created_at, finance.updated_at AS finance_updated_at 
FROM finance 
WHERE finance.order_id IN ($1::INTEGER, $2::INTEGER, $3::INTEGER, $4::INTEGER, $5::INTEGER)
2026-02-28 11:34:33,541 - sqlalchemy.engine.Engine - INFO - [cached since 1138s ago] (1, 2, 3, 4, 5)
2026-02-28 11:34:33,543 - sqlalchemy.engine.Engine - INFO - SELECT clients.id AS clients_id, clients.full_name AS clients_full_name, clients.phone AS clients_phone, clients.address AS clients_address, clients.coordinates AS clients_coordinates, clients.created_at AS clients_created_at, clients.last_contact AS clients_last_contact, clients.comments AS clients_comments, clients.updated_at AS clients_updated_at, clients.backup_phone AS clients_backup_phone, clients.deleted_at AS clients_deleted_at 
FROM clients 
WHERE clients.id IN ($1::INTEGER)
2026-02-28 11:34:33,543 - sqlalchemy.engine.Engine - INFO - [cached since 1138s ago] (2,)
2026-02-28 11:34:33,545 - sqlalchemy.engine.Engine - INFO - SELECT address_cache.address AS address_cache_address, address_cache.lat AS address_cache_lat, address_cache.lon AS address_cache_lon, address_cache.updated_at AS address_cache_updated_at 
FROM address_cache 
WHERE address_cache.address IN ($1::VARCHAR, $2::VARCHAR, $3::VARCHAR)
2026-02-28 11:34:33,545 - sqlalchemy.engine.Engine - INFO - [cached since 1138s ago] ('Москва, ул. Ленина, 10', 'Россия, Москва, улица Пресненский Вал, 19', 'Россия, Московская область, Мытищи, улица Карла Маркса, 4')
2026-02-28 11:34:33,546 - sqlalchemy.engine.Engine - INFO - SELECT order_installers.order_id AS order_installers_order_id, order_installers.id AS order_installers_id, order_installers.installer_id AS order_installers_installer_id, order_installers.role AS order_installers_role, order_installers.base_payment AS order_installers_base_payment, order_installers.is_primary AS order_installers_is_primary, order_installers.created_at AS order_installers_created_at, order_installers.updated_at AS order_installers_updated_at 
FROM order_installers 
WHERE order_installers.order_id IN ($1::INTEGER, $2::INTEGER, $3::INTEGER, $4::INTEGER, $5::INTEGER)
2026-02-28 11:34:33,546 - sqlalchemy.engine.Engine - INFO - [cached since 1138s ago] (1, 2, 3, 4, 5)
2026-02-28 11:34:33,547 - sqlalchemy.engine.Engine - INFO - ROLLBACK
2026-02-28 11:34:37,181 - sqlalchemy.engine.Engine - INFO - BEGIN (implicit)
2026-02-28 11:34:37,181 - sqlalchemy.engine.Engine - INFO - SELECT orders.id, orders.client_id, orders.status, orders.warehouse, orders.service_datetime, orders.delivery_datetime, orders.promise, orders.marker_color, orders.address_id, orders.address_text, orders.created_at, orders.updated_at 
FROM orders 
WHERE orders.id = $1::INTEGER
2026-02-28 11:34:37,181 - sqlalchemy.engine.Engine - INFO - [cached since 1137s ago] (4,)
2026-02-28 11:34:37,184 - sqlalchemy.engine.Engine - INFO - SELECT finance.order_id AS finance_order_id, finance.id AS finance_id, finance.revenue AS finance_revenue, finance.cost_of_goods AS finance_cost_of_goods, finance.installer_payments AS finance_installer_payments, finance.expenses AS finance_expenses, finance.warranty_costs_oleg AS finance_warranty_costs_oleg, finance.warranty_costs_installer AS finance_warranty_costs_installer, finance.profit AS finance_profit, finance.created_at AS finance_created_at, finance.updated_at AS finance_updated_at 
FROM finance 
WHERE finance.order_id IN ($1::INTEGER)
2026-02-28 11:34:37,185 - sqlalchemy.engine.Engine - INFO - [cached since 1142s ago] (4,)
2026-02-28 11:34:37,187 - sqlalchemy.engine.Engine - INFO - SELECT clients.id AS clients_id, clients.full_name AS clients_full_name, clients.phone AS clients_phone, clients.address AS clients_address, clients.coordinates AS clients_coordinates, clients.created_at AS clients_created_at, clients.last_contact AS clients_last_contact, clients.comments AS clients_comments, clients.updated_at AS clients_updated_at, clients.backup_phone AS clients_backup_phone, clients.deleted_at AS clients_deleted_at 
FROM clients 
WHERE clients.id IN ($1::INTEGER)
2026-02-28 11:34:37,188 - sqlalchemy.engine.Engine - INFO - [cached since 1142s ago] (2,)
2026-02-28 11:34:37,190 - sqlalchemy.engine.Engine - INFO - SELECT address_cache.address AS address_cache_address, address_cache.lat AS address_cache_lat, address_cache.lon AS address_cache_lon, address_cache.updated_at AS address_cache_updated_at 
FROM address_cache 
WHERE address_cache.address IN ($1::VARCHAR)
2026-02-28 11:34:37,190 - sqlalchemy.engine.Engine - INFO - [cached since 1142s ago] ('Россия, Московская область, Мытищи, улица Карла Маркса, 4',)
2026-02-28 11:34:37,191 - sqlalchemy.engine.Engine - INFO - BEGIN (implicit)
2026-02-28 11:34:37,191 - sqlalchemy.engine.Engine - INFO - SELECT admins.id, admins.username, admins.password_hash, admins.created_at 
FROM admins 
WHERE admins.username = $1::VARCHAR
2026-02-28 11:34:37,192 - sqlalchemy.engine.Engine - INFO - [cached since 2500s ago] ('zhura2296@yandex.ru',)
2026-02-28 11:34:37,193 - sqlalchemy.engine.Engine - INFO - SELECT order_installers.order_id AS order_installers_order_id, order_installers.id AS order_installers_id, order_installers.installer_id AS order_installers_installer_id, order_installers.role AS order_installers_role, order_installers.base_payment AS order_installers_base_payment, order_installers.is_primary AS order_installers_is_primary, order_installers.created_at AS order_installers_created_at, order_installers.updated_at AS order_installers_updated_at 
FROM order_installers 
WHERE order_installers.order_id IN ($1::INTEGER)
2026-02-28 11:34:37,193 - sqlalchemy.engine.Engine - INFO - [cached since 1142s ago] (4,)
2026-02-28 11:34:37,196 - sqlalchemy.engine.Engine - INFO - SELECT installers.id, installers.full_name, installers.nickname, installers.phone, installers.backup_phone, installers.specialization, installers.rating, installers.base_price, installers.is_debtor, installers.comments, installers.is_active, installers.is_in_funnel, installers.total_orders, installers.poor_work_count, installers.warranty_visits_count, installers.last_incident_date, installers.updated_at, installers.created_at, installers.deleted_at 
FROM installers 
WHERE installers.deleted_at IS NULL 
 LIMIT $1::INTEGER OFFSET $2::INTEGER
2026-02-28 11:34:37,196 - sqlalchemy.engine.Engine - INFO - [cached since 2499s ago] (100, 0)
2026-02-28 11:34:37,198 - sqlalchemy.engine.Engine - INFO - ROLLBACK
2026-02-28 11:34:37,200 - sqlalchemy.engine.Engine - INFO - BEGIN (implicit)
2026-02-28 11:34:37,201 - sqlalchemy.engine.Engine - INFO - SELECT orders.id, orders.client_id, orders.status, orders.warehouse, orders.service_datetime, orders.delivery_datetime, orders.promise, orders.marker_color, orders.address_id, orders.address_text, orders.created_at, orders.updated_at 
FROM orders 
WHERE orders.id = $1::INTEGER
2026-02-28 11:34:37,201 - sqlalchemy.engine.Engine - INFO - [cached since 1137s ago] (4,)
2026-02-28 11:34:37,203 - sqlalchemy.engine.Engine - INFO - ROLLBACK
2026-02-28 11:34:37,205 - sqlalchemy.engine.Engine - INFO - SELECT finance.order_id AS finance_order_id, finance.id AS finance_id, finance.revenue AS finance_revenue, finance.cost_of_goods AS finance_cost_of_goods, finance.installer_payments AS finance_installer_payments, finance.expenses AS finance_expenses, finance.warranty_costs_oleg AS finance_warranty_costs_oleg, finance.warranty_costs_installer AS finance_warranty_costs_installer, finance.profit AS finance_profit, finance.created_at AS finance_created_at, finance.updated_at AS finance_updated_at 
FROM finance 
WHERE finance.order_id IN ($1::INTEGER)
2026-02-28 11:34:37,205 - sqlalchemy.engine.Engine - INFO - [cached since 1142s ago] (4,)
2026-02-28 11:34:37,206 - sqlalchemy.engine.Engine - INFO - BEGIN (implicit)
2026-02-28 11:34:37,207 - sqlalchemy.engine.Engine - INFO - SELECT admins.id, admins.username, admins.password_hash, admins.created_at 
FROM admins 
WHERE admins.username = $1::VARCHAR
2026-02-28 11:34:37,207 - sqlalchemy.engine.Engine - INFO - [cached since 2500s ago] ('zhura2296@yandex.ru',)
2026-02-28 11:34:37,207 - sqlalchemy.engine.Engine - INFO - SELECT clients.id AS clients_id, clients.full_name AS clients_full_name, clients.phone AS clients_phone, clients.address AS clients_address, clients.coordinates AS clients_coordinates, clients.created_at AS clients_created_at, clients.last_contact AS clients_last_contact, clients.comments AS clients_comments, clients.updated_at AS clients_updated_at, clients.backup_phone AS clients_backup_phone, clients.deleted_at AS clients_deleted_at 
FROM clients 
WHERE clients.id IN ($1::INTEGER)
2026-02-28 11:34:37,208 - sqlalchemy.engine.Engine - INFO - [cached since 1142s ago] (2,)
2026-02-28 11:34:37,208 - sqlalchemy.engine.Engine - INFO - SELECT address_cache.address AS address_cache_address, address_cache.lat AS address_cache_lat, address_cache.lon AS address_cache_lon, address_cache.updated_at AS address_cache_updated_at 
FROM address_cache 
WHERE address_cache.address IN ($1::VARCHAR)
2026-02-28 11:34:37,208 - sqlalchemy.engine.Engine - INFO - [cached since 1142s ago] ('Россия, Московская область, Мытищи, улица Карла Маркса, 4',)
2026-02-28 11:34:37,209 - sqlalchemy.engine.Engine - INFO - SELECT installers.id, installers.full_name, installers.nickname, installers.phone, installers.backup_phone, installers.specialization, installers.rating, installers.base_price, installers.is_debtor, installers.comments, installers.is_active, installers.is_in_funnel, installers.total_orders, installers.poor_work_count, installers.warranty_visits_count, installers.last_incident_date, installers.updated_at, installers.created_at, installers.deleted_at 
FROM installers 
WHERE installers.deleted_at IS NULL 
 LIMIT $1::INTEGER OFFSET $2::INTEGER
2026-02-28 11:34:37,209 - sqlalchemy.engine.Engine - INFO - [cached since 2499s ago] (100, 0)
2026-02-28 11:34:37,210 - sqlalchemy.engine.Engine - INFO - SELECT order_installers.order_id AS order_installers_order_id, order_installers.id AS order_installers_id, order_installers.installer_id AS order_installers_installer_id, order_installers.role AS order_installers_role, order_installers.base_payment AS order_installers_base_payment, order_installers.is_primary AS order_installers_is_primary, order_installers.created_at AS order_installers_created_at, order_installers.updated_at AS order_installers_updated_at 
FROM order_installers 
WHERE order_installers.order_id IN ($1::INTEGER)
2026-02-28 11:34:37,210 - sqlalchemy.engine.Engine - INFO - [cached since 1142s ago] (4,)
2026-02-28 11:34:37,211 - sqlalchemy.engine.Engine - INFO - ROLLBACK
2026-02-28 11:34:37,211 - sqlalchemy.engine.Engine - INFO - ROLLBACK
2026-02-28 11:34:47,607 - sqlalchemy.engine.Engine - INFO - BEGIN (implicit)
2026-02-28 11:34:47,607 - sqlalchemy.engine.Engine - INFO - SELECT orders.id, orders.client_id, orders.status, orders.warehouse, orders.service_datetime, orders.delivery_datetime, orders.promise, orders.marker_color, orders.address_id, orders.address_text, orders.created_at, orders.updated_at 
FROM orders 
 LIMIT $1::INTEGER OFFSET $2::INTEGER
2026-02-28 11:34:47,607 - sqlalchemy.engine.Engine - INFO - [cached since 1152s ago] (100, 0)
2026-02-28 11:34:47,608 - sqlalchemy.engine.Engine - INFO - SELECT finance.order_id AS finance_order_id, finance.id AS finance_id, finance.revenue AS finance_revenue, finance.cost_of_goods AS finance_cost_of_goods, finance.installer_payments AS finance_installer_payments, finance.expenses AS finance_expenses, finance.warranty_costs_oleg AS finance_warranty_costs_oleg, finance.warranty_costs_installer AS finance_warranty_costs_installer, finance.profit AS finance_profit, finance.created_at AS finance_created_at, finance.updated_at AS finance_updated_at 
FROM finance 
WHERE finance.order_id IN ($1::INTEGER, $2::INTEGER, $3::INTEGER, $4::INTEGER, $5::INTEGER)
2026-02-28 11:34:47,609 - sqlalchemy.engine.Engine - INFO - [cached since 1152s ago] (1, 2, 3, 4, 5)
2026-02-28 11:34:47,609 - sqlalchemy.engine.Engine - INFO - SELECT clients.id AS clients_id, clients.full_name AS clients_full_name, clients.phone AS clients_phone, clients.address AS clients_address, clients.coordinates AS clients_coordinates, clients.created_at AS clients_created_at, clients.last_contact AS clients_last_contact, clients.comments AS clients_comments, clients.updated_at AS clients_updated_at, clients.backup_phone AS clients_backup_phone, clients.deleted_at AS clients_deleted_at 
FROM clients 
WHERE clients.id IN ($1::INTEGER)
2026-02-28 11:34:47,609 - sqlalchemy.engine.Engine - INFO - [cached since 1152s ago] (2,)
2026-02-28 11:34:47,610 - sqlalchemy.engine.Engine - INFO - SELECT address_cache.address AS address_cache_address, address_cache.lat AS address_cache_lat, address_cache.lon AS address_cache_lon, address_cache.updated_at AS address_cache_updated_at 
FROM address_cache 
WHERE address_cache.address IN ($1::VARCHAR, $2::VARCHAR, $3::VARCHAR)
2026-02-28 11:34:47,610 - sqlalchemy.engine.Engine - INFO - [cached since 1152s ago] ('Москва, ул. Ленина, 10', 'Россия, Москва, улица Пресненский Вал, 19', 'Россия, Московская область, Мытищи, улица Карла Маркса, 4')
2026-02-28 11:34:47,611 - sqlalchemy.engine.Engine - INFO - SELECT order_installers.order_id AS order_installers_order_id, order_installers.id AS order_installers_id, order_installers.installer_id AS order_installers_installer_id, order_installers.role AS order_installers_role, order_installers.base_payment AS order_installers_base_payment, order_installers.is_primary AS order_installers_is_primary, order_installers.created_at AS order_installers_created_at, order_installers.updated_at AS order_installers_updated_at 
FROM order_installers 
WHERE order_installers.order_id IN ($1::INTEGER, $2::INTEGER, $3::INTEGER, $4::INTEGER, $5::INTEGER)
2026-02-28 11:34:47,611 - sqlalchemy.engine.Engine - INFO - [cached since 1152s ago] (1, 2, 3, 4, 5)
2026-02-28 11:34:47,613 - sqlalchemy.engine.Engine - INFO - ROLLBACK
2026-02-28 11:34:47,615 - sqlalchemy.engine.Engine - INFO - BEGIN (implicit)
2026-02-28 11:34:47,615 - sqlalchemy.engine.Engine - INFO - SELECT orders.id, orders.client_id, orders.status, orders.warehouse, orders.service_datetime, orders.delivery_datetime, orders.promise, orders.marker_color, orders.address_id, orders.address_text, orders.created_at, orders.updated_at 
FROM orders 
 LIMIT $1::INTEGER OFFSET $2::INTEGER
2026-02-28 11:34:47,615 - sqlalchemy.engine.Engine - INFO - [cached since 1152s ago] (100, 0)
2026-02-28 11:34:47,618 - sqlalchemy.engine.Engine - INFO - SELECT finance.order_id AS finance_order_id, finance.id AS finance_id, finance.revenue AS finance_revenue, finance.cost_of_goods AS finance_cost_of_goods, finance.installer_payments AS finance_installer_payments, finance.expenses AS finance_expenses, finance.warranty_costs_oleg AS finance_warranty_costs_oleg, finance.warranty_costs_installer AS finance_warranty_costs_installer, finance.profit AS finance_profit, finance.created_at AS finance_created_at, finance.updated_at AS finance_updated_at 
FROM finance 
WHERE finance.order_id IN ($1::INTEGER, $2::INTEGER, $3::INTEGER, $4::INTEGER, $5::INTEGER)
2026-02-28 11:34:47,618 - sqlalchemy.engine.Engine - INFO - [cached since 1152s ago] (1, 2, 3, 4, 5)
2026-02-28 11:34:47,621 - sqlalchemy.engine.Engine - INFO - SELECT clients.id AS clients_id, clients.full_name AS clients_full_name, clients.phone AS clients_phone, clients.address AS clients_address, clients.coordinates AS clients_coordinates, clients.created_at AS clients_created_at, clients.last_contact AS clients_last_contact, clients.comments AS clients_comments, clients.updated_at AS clients_updated_at, clients.backup_phone AS clients_backup_phone, clients.deleted_at AS clients_deleted_at 
FROM clients 
WHERE clients.id IN ($1::INTEGER)
2026-02-28 11:34:47,621 - sqlalchemy.engine.Engine - INFO - [cached since 1152s ago] (2,)
2026-02-28 11:34:47,622 - sqlalchemy.engine.Engine - INFO - SELECT address_cache.address AS address_cache_address, address_cache.lat AS address_cache_lat, address_cache.lon AS address_cache_lon, address_cache.updated_at AS address_cache_updated_at 
FROM address_cache 
WHERE address_cache.address IN ($1::VARCHAR, $2::VARCHAR, $3::VARCHAR)
2026-02-28 11:34:47,622 - sqlalchemy.engine.Engine - INFO - [cached since 1152s ago] ('Москва, ул. Ленина, 10', 'Россия, Москва, улица Пресненский Вал, 19', 'Россия, Московская область, Мытищи, улица Карла Маркса, 4')
2026-02-28 11:34:47,623 - sqlalchemy.engine.Engine - INFO - SELECT order_installers.order_id AS order_installers_order_id, order_installers.id AS order_installers_id, order_installers.installer_id AS order_installers_installer_id, order_installers.role AS order_installers_role, order_installers.base_payment AS order_installers_base_payment, order_installers.is_primary AS order_installers_is_primary, order_installers.created_at AS order_installers_created_at, order_installers.updated_at AS order_installers_updated_at 
FROM order_installers 
WHERE order_installers.order_id IN ($1::INTEGER, $2::INTEGER, $3::INTEGER, $4::INTEGER, $5::INTEGER)
2026-02-28 11:34:47,623 - sqlalchemy.engine.Engine - INFO - [cached since 1152s ago] (1, 2, 3, 4, 5)
2026-02-28 11:34:47,624 - sqlalchemy.engine.Engine - INFO - ROLLBACK
2026-02-28 11:34:53,236 - sqlalchemy.engine.Engine - INFO - BEGIN (implicit)
2026-02-28 11:34:53,236 - sqlalchemy.engine.Engine - INFO - SELECT orders.id, orders.client_id, orders.status, orders.warehouse, orders.service_datetime, orders.delivery_datetime, orders.promise, orders.marker_color, orders.address_id, orders.address_text, orders.created_at, orders.updated_at 
FROM orders 
WHERE orders.id = $1::INTEGER
2026-02-28 11:34:53,236 - sqlalchemy.engine.Engine - INFO - [cached since 1153s ago] (5,)
2026-02-28 11:34:53,237 - sqlalchemy.engine.Engine - INFO - BEGIN (implicit)
2026-02-28 11:34:53,237 - sqlalchemy.engine.Engine - INFO - SELECT admins.id, admins.username, admins.password_hash, admins.created_at 
FROM admins 
WHERE admins.username = $1::VARCHAR
2026-02-28 11:34:53,238 - sqlalchemy.engine.Engine - INFO - [cached since 2516s ago] ('zhura2296@yandex.ru',)
2026-02-28 11:34:53,239 - sqlalchemy.engine.Engine - INFO - SELECT finance.order_id AS finance_order_id, finance.id AS finance_id, finance.revenue AS finance_revenue, finance.cost_of_goods AS finance_cost_of_goods, finance.installer_payments AS finance_installer_payments, finance.expenses AS finance_expenses, finance.warranty_costs_oleg AS finance_warranty_costs_oleg, finance.warranty_costs_installer AS finance_warranty_costs_installer, finance.profit AS finance_profit, finance.created_at AS finance_created_at, finance.updated_at AS finance_updated_at 
FROM finance 
WHERE finance.order_id IN ($1::INTEGER)
2026-02-28 11:34:53,239 - sqlalchemy.engine.Engine - INFO - [cached since 1158s ago] (5,)
2026-02-28 11:34:53,239 - sqlalchemy.engine.Engine - INFO - SELECT installers.id, installers.full_name, installers.nickname, installers.phone, installers.backup_phone, installers.specialization, installers.rating, installers.base_price, installers.is_debtor, installers.comments, installers.is_active, installers.is_in_funnel, installers.total_orders, installers.poor_work_count, installers.warranty_visits_count, installers.last_incident_date, installers.updated_at, installers.created_at, installers.deleted_at 
FROM installers 
WHERE installers.deleted_at IS NULL 
 LIMIT $1::INTEGER OFFSET $2::INTEGER
2026-02-28 11:34:53,239 - sqlalchemy.engine.Engine - INFO - [cached since 2515s ago] (100, 0)
2026-02-28 11:34:53,240 - sqlalchemy.engine.Engine - INFO - SELECT clients.id AS clients_id, clients.full_name AS clients_full_name, clients.phone AS clients_phone, clients.address AS clients_address, clients.coordinates AS clients_coordinates, clients.created_at AS clients_created_at, clients.last_contact AS clients_last_contact, clients.comments AS clients_comments, clients.updated_at AS clients_updated_at, clients.backup_phone AS clients_backup_phone, clients.deleted_at AS clients_deleted_at 
FROM clients 
WHERE clients.id IN ($1::INTEGER)
2026-02-28 11:34:53,240 - sqlalchemy.engine.Engine - INFO - [cached since 1158s ago] (2,)
2026-02-28 11:34:53,241 - sqlalchemy.engine.Engine - INFO - SELECT address_cache.address AS address_cache_address, address_cache.lat AS address_cache_lat, address_cache.lon AS address_cache_lon, address_cache.updated_at AS address_cache_updated_at 
FROM address_cache 
WHERE address_cache.address IN ($1::VARCHAR)
2026-02-28 11:34:53,241 - sqlalchemy.engine.Engine - INFO - [cached since 1158s ago] ('Россия, Москва, улица Пресненский Вал, 19',)
2026-02-28 11:34:53,242 - sqlalchemy.engine.Engine - INFO - SELECT order_installers.order_id AS order_installers_order_id, order_installers.id AS order_installers_id, order_installers.installer_id AS order_installers_installer_id, order_installers.role AS order_installers_role, order_installers.base_payment AS order_installers_base_payment, order_installers.is_primary AS order_installers_is_primary, order_installers.created_at AS order_installers_created_at, order_installers.updated_at AS order_installers_updated_at 
FROM order_installers 
WHERE order_installers.order_id IN ($1::INTEGER)
2026-02-28 11:34:53,242 - sqlalchemy.engine.Engine - INFO - [cached since 1158s ago] (5,)
2026-02-28 11:34:53,242 - sqlalchemy.engine.Engine - INFO - ROLLBACK
2026-02-28 11:34:53,243 - sqlalchemy.engine.Engine - INFO - BEGIN (implicit)
2026-02-28 11:34:53,244 - sqlalchemy.engine.Engine - INFO - SELECT admins.id, admins.username, admins.password_hash, admins.created_at 
FROM admins 
WHERE admins.username = $1::VARCHAR
2026-02-28 11:34:53,244 - sqlalchemy.engine.Engine - INFO - [cached since 2516s ago] ('zhura2296@yandex.ru',)
2026-02-28 11:34:53,246 - sqlalchemy.engine.Engine - INFO - SELECT installers.id, installers.full_name, installers.nickname, installers.phone, installers.backup_phone, installers.specialization, installers.rating, installers.base_price, installers.is_debtor, installers.comments, installers.is_active, installers.is_in_funnel, installers.total_orders, installers.poor_work_count, installers.warranty_visits_count, installers.last_incident_date, installers.updated_at, installers.created_at, installers.deleted_at 
FROM installers 
WHERE installers.deleted_at IS NULL 
 LIMIT $1::INTEGER OFFSET $2::INTEGER
2026-02-28 11:34:53,247 - sqlalchemy.engine.Engine - INFO - [cached since 2515s ago] (100, 0)
2026-02-28 11:34:53,247 - sqlalchemy.engine.Engine - INFO - BEGIN (implicit)
2026-02-28 11:34:53,248 - sqlalchemy.engine.Engine - INFO - SELECT orders.id, orders.client_id, orders.status, orders.warehouse, orders.service_datetime, orders.delivery_datetime, orders.promise, orders.marker_color, orders.address_id, orders.address_text, orders.created_at, orders.updated_at 
FROM orders 
WHERE orders.id = $1::INTEGER
2026-02-28 11:34:53,248 - sqlalchemy.engine.Engine - INFO - [cached since 1153s ago] (5,)
2026-02-28 11:34:53,248 - sqlalchemy.engine.Engine - INFO - ROLLBACK
2026-02-28 11:34:53,249 - sqlalchemy.engine.Engine - INFO - SELECT finance.order_id AS finance_order_id, finance.id AS finance_id, finance.revenue AS finance_revenue, finance.cost_of_goods AS finance_cost_of_goods, finance.installer_payments AS finance_installer_payments, finance.expenses AS finance_expenses, finance.warranty_costs_oleg AS finance_warranty_costs_oleg, finance.warranty_costs_installer AS finance_warranty_costs_installer, finance.profit AS finance_profit, finance.created_at AS finance_created_at, finance.updated_at AS finance_updated_at 
FROM finance 
WHERE finance.order_id IN ($1::INTEGER)
2026-02-28 11:34:53,249 - sqlalchemy.engine.Engine - INFO - [cached since 1158s ago] (5,)
2026-02-28 11:34:53,250 - sqlalchemy.engine.Engine - INFO - ROLLBACK
2026-02-28 11:34:53,250 - sqlalchemy.engine.Engine - INFO - SELECT clients.id AS clients_id, clients.full_name AS clients_full_name, clients.phone AS clients_phone, clients.address AS clients_address, clients.coordinates AS clients_coordinates, clients.created_at AS clients_created_at, clients.last_contact AS clients_last_contact, clients.comments AS clients_comments, clients.updated_at AS clients_updated_at, clients.backup_phone AS clients_backup_phone, clients.deleted_at AS clients_deleted_at 
FROM clients 
WHERE clients.id IN ($1::INTEGER)
2026-02-28 11:34:53,250 - sqlalchemy.engine.Engine - INFO - [cached since 1158s ago] (2,)
2026-02-28 11:34:53,251 - sqlalchemy.engine.Engine - INFO - SELECT address_cache.address AS address_cache_address, address_cache.lat AS address_cache_lat, address_cache.lon AS address_cache_lon, address_cache.updated_at AS address_cache_updated_at 
FROM address_cache 
WHERE address_cache.address IN ($1::VARCHAR)
2026-02-28 11:34:53,251 - sqlalchemy.engine.Engine - INFO - [cached since 1158s ago] ('Россия, Москва, улица Пресненский Вал, 19',)
2026-02-28 11:34:53,252 - sqlalchemy.engine.Engine - INFO - SELECT order_installers.order_id AS order_installers_order_id, order_installers.id AS order_installers_id, order_installers.installer_id AS order_installers_installer_id, order_installers.role AS order_installers_role, order_installers.base_payment AS order_installers_base_payment, order_installers.is_primary AS order_installers_is_primary, order_installers.created_at AS order_installers_created_at, order_installers.updated_at AS order_installers_updated_at 
FROM order_installers 
WHERE order_installers.order_id IN ($1::INTEGER)
2026-02-28 11:34:53,252 - sqlalchemy.engine.Engine - INFO - [cached since 1158s ago] (5,)
2026-02-28 11:34:53,253 - sqlalchemy.engine.Engine - INFO - ROLLBACK
2026-02-28 11:41:19,095 - sqlalchemy.engine.Engine - INFO - BEGIN (implicit)
2026-02-28 11:41:19,095 - sqlalchemy.engine.Engine - INFO - SELECT orders.id, orders.client_id, orders.status, orders.warehouse, orders.service_datetime, orders.delivery_datetime, orders.promise, orders.marker_color, orders.address_id, orders.address_text, orders.created_at, orders.updated_at 
FROM orders 
 LIMIT $1::INTEGER OFFSET $2::INTEGER
2026-02-28 11:41:19,095 - sqlalchemy.engine.Engine - INFO - [cached since 1544s ago] (100, 0)
2026-02-28 11:41:19,097 - sqlalchemy.engine.Engine - INFO - SELECT finance.order_id AS finance_order_id, finance.id AS finance_id, finance.revenue AS finance_revenue, finance.cost_of_goods AS finance_cost_of_goods, finance.installer_payments AS finance_installer_payments, finance.expenses AS finance_expenses, finance.warranty_costs_oleg AS finance_warranty_costs_oleg, finance.warranty_costs_installer AS finance_warranty_costs_installer, finance.profit AS finance_profit, finance.created_at AS finance_created_at, finance.updated_at AS finance_updated_at 
FROM finance 
WHERE finance.order_id IN ($1::INTEGER, $2::INTEGER, $3::INTEGER, $4::INTEGER, $5::INTEGER)
2026-02-28 11:41:19,097 - sqlalchemy.engine.Engine - INFO - [cached since 1544s ago] (1, 2, 3, 4, 5)
2026-02-28 11:41:19,098 - sqlalchemy.engine.Engine - INFO - SELECT clients.id AS clients_id, clients.full_name AS clients_full_name, clients.phone AS clients_phone, clients.address AS clients_address, clients.coordinates AS clients_coordinates, clients.created_at AS clients_created_at, clients.last_contact AS clients_last_contact, clients.comments AS clients_comments, clients.updated_at AS clients_updated_at, clients.backup_phone AS clients_backup_phone, clients.deleted_at AS clients_deleted_at 
FROM clients 
WHERE clients.id IN ($1::INTEGER)
2026-02-28 11:41:19,098 - sqlalchemy.engine.Engine - INFO - [cached since 1544s ago] (2,)
2026-02-28 11:41:19,099 - sqlalchemy.engine.Engine - INFO - SELECT address_cache.address AS address_cache_address, address_cache.lat AS address_cache_lat, address_cache.lon AS address_cache_lon, address_cache.updated_at AS address_cache_updated_at 
FROM address_cache 
WHERE address_cache.address IN ($1::VARCHAR, $2::VARCHAR, $3::VARCHAR)
2026-02-28 11:41:19,100 - sqlalchemy.engine.Engine - INFO - [cached since 1544s ago] ('Москва, ул. Ленина, 10', 'Россия, Москва, улица Пресненский Вал, 19', 'Россия, Московская область, Мытищи, улица Карла Маркса, 4')
2026-02-28 11:41:19,100 - sqlalchemy.engine.Engine - INFO - SELECT order_installers.order_id AS order_installers_order_id, order_installers.id AS order_installers_id, order_installers.installer_id AS order_installers_installer_id, order_installers.role AS order_installers_role, order_installers.base_payment AS order_installers_base_payment, order_installers.is_primary AS order_installers_is_primary, order_installers.created_at AS order_installers_created_at, order_installers.updated_at AS order_installers_updated_at 
FROM order_installers 
WHERE order_installers.order_id IN ($1::INTEGER, $2::INTEGER, $3::INTEGER, $4::INTEGER, $5::INTEGER)
2026-02-28 11:41:19,100 - sqlalchemy.engine.Engine - INFO - [cached since 1544s ago] (1, 2, 3, 4, 5)
2026-02-28 11:41:19,102 - sqlalchemy.engine.Engine - INFO - ROLLBACK
2026-02-28 11:41:19,103 - sqlalchemy.engine.Engine - INFO - BEGIN (implicit)
2026-02-28 11:41:19,103 - sqlalchemy.engine.Engine - INFO - SELECT orders.id, orders.client_id, orders.status, orders.warehouse, orders.service_datetime, orders.delivery_datetime, orders.promise, orders.marker_color, orders.address_id, orders.address_text, orders.created_at, orders.updated_at 
FROM orders 
 LIMIT $1::INTEGER OFFSET $2::INTEGER
2026-02-28 11:41:19,103 - sqlalchemy.engine.Engine - INFO - [cached since 1544s ago] (100, 0)
2026-02-28 11:41:19,104 - sqlalchemy.engine.Engine - INFO - SELECT finance.order_id AS finance_order_id, finance.id AS finance_id, finance.revenue AS finance_revenue, finance.cost_of_goods AS finance_cost_of_goods, finance.installer_payments AS finance_installer_payments, finance.expenses AS finance_expenses, finance.warranty_costs_oleg AS finance_warranty_costs_oleg, finance.warranty_costs_installer AS finance_warranty_costs_installer, finance.profit AS finance_profit, finance.created_at AS finance_created_at, finance.updated_at AS finance_updated_at 
FROM finance 
WHERE finance.order_id IN ($1::INTEGER, $2::INTEGER, $3::INTEGER, $4::INTEGER, $5::INTEGER)
2026-02-28 11:41:19,104 - sqlalchemy.engine.Engine - INFO - [cached since 1544s ago] (1, 2, 3, 4, 5)
2026-02-28 11:41:19,106 - sqlalchemy.engine.Engine - INFO - SELECT clients.id AS clients_id, clients.full_name AS clients_full_name, clients.phone AS clients_phone, clients.address AS clients_address, clients.coordinates AS clients_coordinates, clients.created_at AS clients_created_at, clients.last_contact AS clients_last_contact, clients.comments AS clients_comments, clients.updated_at AS clients_updated_at, clients.backup_phone AS clients_backup_phone, clients.deleted_at AS clients_deleted_at 
FROM clients 
WHERE clients.id IN ($1::INTEGER)
2026-02-28 11:41:19,106 - sqlalchemy.engine.Engine - INFO - [cached since 1544s ago] (2,)
2026-02-28 11:41:19,107 - sqlalchemy.engine.Engine - INFO - SELECT address_cache.address AS address_cache_address, address_cache.lat AS address_cache_lat, address_cache.lon AS address_cache_lon, address_cache.updated_at AS address_cache_updated_at 
FROM address_cache 
WHERE address_cache.address IN ($1::VARCHAR, $2::VARCHAR, $3::VARCHAR)
2026-02-28 11:41:19,107 - sqlalchemy.engine.Engine - INFO - [cached since 1544s ago] ('Москва, ул. Ленина, 10', 'Россия, Москва, улица Пресненский Вал, 19', 'Россия, Московская область, Мытищи, улица Карла Маркса, 4')
2026-02-28 11:41:19,108 - sqlalchemy.engine.Engine - INFO - SELECT order_installers.order_id AS order_installers_order_id, order_installers.id AS order_installers_id, order_installers.installer_id AS order_installers_installer_id, order_installers.role AS order_installers_role, order_installers.base_payment AS order_installers_base_payment, order_installers.is_primary AS order_installers_is_primary, order_installers.created_at AS order_installers_created_at, order_installers.updated_at AS order_installers_updated_at 
FROM order_installers 
WHERE order_installers.order_id IN ($1::INTEGER, $2::INTEGER, $3::INTEGER, $4::INTEGER, $5::INTEGER)
2026-02-28 11:41:19,108 - sqlalchemy.engine.Engine - INFO - [cached since 1544s ago] (1, 2, 3, 4, 5)
2026-02-28 11:41:19,110 - sqlalchemy.engine.Engine - INFO - ROLLBACK
2026-02-28 11:41:28,400 - sqlalchemy.engine.Engine - INFO - BEGIN (implicit)
2026-02-28 11:41:28,400 - sqlalchemy.engine.Engine - INFO - SELECT admins.id, admins.username, admins.password_hash, admins.created_at 
FROM admins 
WHERE admins.username = $1::VARCHAR
2026-02-28 11:41:28,400 - sqlalchemy.engine.Engine - INFO - [cached since 2911s ago] ('zhura2296@yandex.ru',)
2026-02-28 11:41:28,600 - sqlalchemy.engine.Engine - INFO - ROLLBACK
2026-02-28 11:41:28,693 - sqlalchemy.engine.Engine - INFO - BEGIN (implicit)
2026-02-28 11:41:28,693 - sqlalchemy.engine.Engine - INFO - SELECT admins.id, admins.username, admins.password_hash, admins.created_at 
FROM admins 
WHERE admins.username = $1::VARCHAR
2026-02-28 11:41:28,693 - sqlalchemy.engine.Engine - INFO - [cached since 2911s ago] ('zhura2296@yandex.ru',)
2026-02-28 11:41:28,694 - sqlalchemy.engine.Engine - INFO - BEGIN (implicit)
2026-02-28 11:41:28,694 - sqlalchemy.engine.Engine - INFO - SELECT admins.id, admins.username, admins.password_hash, admins.created_at 
FROM admins 
WHERE admins.username = $1::VARCHAR
2026-02-28 11:41:28,694 - sqlalchemy.engine.Engine - INFO - [cached since 2911s ago] ('zhura2296@yandex.ru',)
2026-02-28 11:41:28,695 - sqlalchemy.engine.Engine - INFO - SELECT installers.id, installers.full_name, installers.nickname, installers.phone, installers.backup_phone, installers.specialization, installers.rating, installers.base_price, installers.is_debtor, installers.comments, installers.is_active, installers.is_in_funnel, installers.total_orders, installers.poor_work_count, installers.warranty_visits_count, installers.last_incident_date, installers.updated_at, installers.created_at, installers.deleted_at 
FROM installers 
WHERE installers.deleted_at IS NULL 
 LIMIT $1::INTEGER OFFSET $2::INTEGER
2026-02-28 11:41:28,695 - sqlalchemy.engine.Engine - INFO - [cached since 2911s ago] (100, 0)
2026-02-28 11:41:28,696 - sqlalchemy.engine.Engine - INFO - SELECT clients.id, clients.full_name, clients.phone, clients.address, clients.coordinates, clients.created_at, clients.last_contact, clients.comments, clients.updated_at, clients.backup_phone, clients.deleted_at 
FROM clients 
 LIMIT $1::INTEGER OFFSET $2::INTEGER
2026-02-28 11:41:28,696 - sqlalchemy.engine.Engine - INFO - [cached since 2911s ago] (100, 0)
2026-02-28 11:41:28,697 - sqlalchemy.engine.Engine - INFO - ROLLBACK
2026-02-28 11:41:28,697 - sqlalchemy.engine.Engine - INFO - BEGIN (implicit)
2026-02-28 11:41:28,698 - sqlalchemy.engine.Engine - INFO - SELECT admins.id, admins.username, admins.password_hash, admins.created_at 
FROM admins 
WHERE admins.username = $1::VARCHAR
2026-02-28 11:41:28,698 - sqlalchemy.engine.Engine - INFO - [cached since 2911s ago] ('zhura2296@yandex.ru',)
2026-02-28 11:41:28,699 - sqlalchemy.engine.Engine - INFO - ROLLBACK
2026-02-28 11:41:28,699 - sqlalchemy.engine.Engine - INFO - SELECT installers.id, installers.full_name, installers.nickname, installers.phone, installers.backup_phone, installers.specialization, installers.rating, installers.base_price, installers.is_debtor, installers.comments, installers.is_active, installers.is_in_funnel, installers.total_orders, installers.poor_work_count, installers.warranty_visits_count, installers.last_incident_date, installers.updated_at, installers.created_at, installers.deleted_at 
FROM installers 
WHERE installers.deleted_at IS NULL 
 LIMIT $1::INTEGER OFFSET $2::INTEGER
2026-02-28 11:41:28,699 - sqlalchemy.engine.Engine - INFO - [cached since 2911s ago] (100, 0)
2026-02-28 11:41:28,700 - sqlalchemy.engine.Engine - INFO - BEGIN (implicit)
2026-02-28 11:41:28,700 - sqlalchemy.engine.Engine - INFO - SELECT admins.id, admins.username, admins.password_hash, admins.created_at 
FROM admins 
WHERE admins.username = $1::VARCHAR
2026-02-28 11:41:28,700 - sqlalchemy.engine.Engine - INFO - [cached since 2911s ago] ('zhura2296@yandex.ru',)
2026-02-28 11:41:28,701 - sqlalchemy.engine.Engine - INFO - SELECT clients.id, clients.full_name, clients.phone, clients.address, clients.coordinates, clients.created_at, clients.last_contact, clients.comments, clients.updated_at, clients.backup_phone, clients.deleted_at 
FROM clients 
 LIMIT $1::INTEGER OFFSET $2::INTEGER
2026-02-28 11:41:28,701 - sqlalchemy.engine.Engine - INFO - [cached since 2911s ago] (100, 0)
2026-02-28 11:41:28,702 - sqlalchemy.engine.Engine - INFO - ROLLBACK
2026-02-28 11:41:28,702 - sqlalchemy.engine.Engine - INFO - ROLLBACK
2026-02-28 11:41:34,271 - sqlalchemy.engine.Engine - INFO - BEGIN (implicit)
2026-02-28 11:41:34,271 - sqlalchemy.engine.Engine - INFO - SELECT orders.id, orders.client_id, orders.status, orders.warehouse, orders.service_datetime, orders.delivery_datetime, orders.promise, orders.marker_color, orders.address_id, orders.address_text, orders.created_at, orders.updated_at 
FROM orders 
 LIMIT $1::INTEGER OFFSET $2::INTEGER
2026-02-28 11:41:34,271 - sqlalchemy.engine.Engine - INFO - [cached since 1559s ago] (100, 0)
2026-02-28 11:41:34,272 - sqlalchemy.engine.Engine - INFO - SELECT finance.order_id AS finance_order_id, finance.id AS finance_id, finance.revenue AS finance_revenue, finance.cost_of_goods AS finance_cost_of_goods, finance.installer_payments AS finance_installer_payments, finance.expenses AS finance_expenses, finance.warranty_costs_oleg AS finance_warranty_costs_oleg, finance.warranty_costs_installer AS finance_warranty_costs_installer, finance.profit AS finance_profit, finance.created_at AS finance_created_at, finance.updated_at AS finance_updated_at 
FROM finance 
WHERE finance.order_id IN ($1::INTEGER, $2::INTEGER, $3::INTEGER, $4::INTEGER, $5::INTEGER)
2026-02-28 11:41:34,272 - sqlalchemy.engine.Engine - INFO - [cached since 1559s ago] (1, 2, 3, 4, 5)
2026-02-28 11:41:34,273 - sqlalchemy.engine.Engine - INFO - SELECT clients.id AS clients_id, clients.full_name AS clients_full_name, clients.phone AS clients_phone, clients.address AS clients_address, clients.coordinates AS clients_coordinates, clients.created_at AS clients_created_at, clients.last_contact AS clients_last_contact, clients.comments AS clients_comments, clients.updated_at AS clients_updated_at, clients.backup_phone AS clients_backup_phone, clients.deleted_at AS clients_deleted_at 
FROM clients 
WHERE clients.id IN ($1::INTEGER)
2026-02-28 11:41:34,273 - sqlalchemy.engine.Engine - INFO - [cached since 1559s ago] (2,)
2026-02-28 11:41:34,274 - sqlalchemy.engine.Engine - INFO - SELECT address_cache.address AS address_cache_address, address_cache.lat AS address_cache_lat, address_cache.lon AS address_cache_lon, address_cache.updated_at AS address_cache_updated_at 
FROM address_cache 
WHERE address_cache.address IN ($1::VARCHAR, $2::VARCHAR, $3::VARCHAR)
2026-02-28 11:41:34,274 - sqlalchemy.engine.Engine - INFO - [cached since 1559s ago] ('Москва, ул. Ленина, 10', 'Россия, Москва, улица Пресненский Вал, 19', 'Россия, Московская область, Мытищи, улица Карла Маркса, 4')
2026-02-28 11:41:34,274 - sqlalchemy.engine.Engine - INFO - SELECT order_installers.order_id AS order_installers_order_id, order_installers.id AS order_installers_id, order_installers.installer_id AS order_installers_installer_id, order_installers.role AS order_installers_role, order_installers.base_payment AS order_installers_base_payment, order_installers.is_primary AS order_installers_is_primary, order_installers.created_at AS order_installers_created_at, order_installers.updated_at AS order_installers_updated_at 
FROM order_installers 
WHERE order_installers.order_id IN ($1::INTEGER, $2::INTEGER, $3::INTEGER, $4::INTEGER, $5::INTEGER)
2026-02-28 11:41:34,274 - sqlalchemy.engine.Engine - INFO - [cached since 1559s ago] (1, 2, 3, 4, 5)
2026-02-28 11:41:34,276 - sqlalchemy.engine.Engine - INFO - ROLLBACK
2026-02-28 11:41:34,277 - sqlalchemy.engine.Engine - INFO - BEGIN (implicit)
2026-02-28 11:41:34,277 - sqlalchemy.engine.Engine - INFO - SELECT orders.id, orders.client_id, orders.status, orders.warehouse, orders.service_datetime, orders.delivery_datetime, orders.promise, orders.marker_color, orders.address_id, orders.address_text, orders.created_at, orders.updated_at 
FROM orders 
 LIMIT $1::INTEGER OFFSET $2::INTEGER
2026-02-28 11:41:34,277 - sqlalchemy.engine.Engine - INFO - [cached since 1559s ago] (100, 0)
2026-02-28 11:41:34,278 - sqlalchemy.engine.Engine - INFO - SELECT finance.order_id AS finance_order_id, finance.id AS finance_id, finance.revenue AS finance_revenue, finance.cost_of_goods AS finance_cost_of_goods, finance.installer_payments AS finance_installer_payments, finance.expenses AS finance_expenses, finance.warranty_costs_oleg AS finance_warranty_costs_oleg, finance.warranty_costs_installer AS finance_warranty_costs_installer, finance.profit AS finance_profit, finance.created_at AS finance_created_at, finance.updated_at AS finance_updated_at 
FROM finance 
WHERE finance.order_id IN ($1::INTEGER, $2::INTEGER, $3::INTEGER, $4::INTEGER, $5::INTEGER)
2026-02-28 11:41:34,278 - sqlalchemy.engine.Engine - INFO - [cached since 1559s ago] (1, 2, 3, 4, 5)
2026-02-28 11:41:34,279 - sqlalchemy.engine.Engine - INFO - SELECT clients.id AS clients_id, clients.full_name AS clients_full_name, clients.phone AS clients_phone, clients.address AS clients_address, clients.coordinates AS clients_coordinates, clients.created_at AS clients_created_at, clients.last_contact AS clients_last_contact, clients.comments AS clients_comments, clients.updated_at AS clients_updated_at, clients.backup_phone AS clients_backup_phone, clients.deleted_at AS clients_deleted_at 
FROM clients 
WHERE clients.id IN ($1::INTEGER)
2026-02-28 11:41:34,279 - sqlalchemy.engine.Engine - INFO - [cached since 1559s ago] (2,)
2026-02-28 11:41:34,280 - sqlalchemy.engine.Engine - INFO - SELECT address_cache.address AS address_cache_address, address_cache.lat AS address_cache_lat, address_cache.lon AS address_cache_lon, address_cache.updated_at AS address_cache_updated_at 
FROM address_cache 
WHERE address_cache.address IN ($1::VARCHAR, $2::VARCHAR, $3::VARCHAR)
2026-02-28 11:41:34,280 - sqlalchemy.engine.Engine - INFO - [cached since 1559s ago] ('Москва, ул. Ленина, 10', 'Россия, Москва, улица Пресненский Вал, 19', 'Россия, Московская область, Мытищи, улица Карла Маркса, 4')
2026-02-28 11:41:34,280 - sqlalchemy.engine.Engine - INFO - SELECT order_installers.order_id AS order_installers_order_id, order_installers.id AS order_installers_id, order_installers.installer_id AS order_installers_installer_id, order_installers.role AS order_installers_role, order_installers.base_payment AS order_installers_base_payment, order_installers.is_primary AS order_installers_is_primary, order_installers.created_at AS order_installers_created_at, order_installers.updated_at AS order_installers_updated_at 
FROM order_installers 
WHERE order_installers.order_id IN ($1::INTEGER, $2::INTEGER, $3::INTEGER, $4::INTEGER, $5::INTEGER)
2026-02-28 11:41:34,280 - sqlalchemy.engine.Engine - INFO - [cached since 1559s ago] (1, 2, 3, 4, 5)
2026-02-28 11:41:34,281 - sqlalchemy.engine.Engine - INFO - ROLLBACK
2026-02-28 11:41:38,888 - sqlalchemy.engine.Engine - INFO - BEGIN (implicit)
2026-02-28 11:41:38,889 - sqlalchemy.engine.Engine - INFO - SELECT admins.id, admins.username, admins.password_hash, admins.created_at 
FROM admins 
WHERE admins.username = $1::VARCHAR
2026-02-28 11:41:38,889 - sqlalchemy.engine.Engine - INFO - [cached since 2921s ago] ('zhura2296@yandex.ru',)
2026-02-28 11:41:38,891 - sqlalchemy.engine.Engine - INFO - SELECT installers.id, installers.full_name, installers.nickname, installers.phone, installers.backup_phone, installers.specialization, installers.rating, installers.base_price, installers.is_debtor, installers.comments, installers.is_active, installers.is_in_funnel, installers.total_orders, installers.poor_work_count, installers.warranty_visits_count, installers.last_incident_date, installers.updated_at, installers.created_at, installers.deleted_at 
FROM installers 
WHERE installers.deleted_at IS NULL 
 LIMIT $1::INTEGER OFFSET $2::INTEGER
2026-02-28 11:41:38,891 - sqlalchemy.engine.Engine - INFO - [cached since 2921s ago] (100, 0)
2026-02-28 11:41:38,893 - sqlalchemy.engine.Engine - INFO - BEGIN (implicit)
2026-02-28 11:41:38,894 - sqlalchemy.engine.Engine - INFO - SELECT orders.id, orders.client_id, orders.status, orders.warehouse, orders.service_datetime, orders.delivery_datetime, orders.promise, orders.marker_color, orders.address_id, orders.address_text, orders.created_at, orders.updated_at 
FROM orders 
WHERE orders.id = $1::INTEGER
2026-02-28 11:41:38,894 - sqlalchemy.engine.Engine - INFO - [cached since 1559s ago] (5,)
2026-02-28 11:41:38,895 - sqlalchemy.engine.Engine - INFO - ROLLBACK
2026-02-28 11:41:38,896 - sqlalchemy.engine.Engine - INFO - SELECT finance.order_id AS finance_order_id, finance.id AS finance_id, finance.revenue AS finance_revenue, finance.cost_of_goods AS finance_cost_of_goods, finance.installer_payments AS finance_installer_payments, finance.expenses AS finance_expenses, finance.warranty_costs_oleg AS finance_warranty_costs_oleg, finance.warranty_costs_installer AS finance_warranty_costs_installer, finance.profit AS finance_profit, finance.created_at AS finance_created_at, finance.updated_at AS finance_updated_at 
FROM finance 
WHERE finance.order_id IN ($1::INTEGER)
2026-02-28 11:41:38,896 - sqlalchemy.engine.Engine - INFO - [cached since 1564s ago] (5,)
2026-02-28 11:41:38,897 - sqlalchemy.engine.Engine - INFO - BEGIN (implicit)
2026-02-28 11:41:38,897 - sqlalchemy.engine.Engine - INFO - SELECT admins.id, admins.username, admins.password_hash, admins.created_at 
FROM admins 
WHERE admins.username = $1::VARCHAR
2026-02-28 11:41:38,897 - sqlalchemy.engine.Engine - INFO - [cached since 2921s ago] ('zhura2296@yandex.ru',)
2026-02-28 11:41:38,898 - sqlalchemy.engine.Engine - INFO - SELECT clients.id AS clients_id, clients.full_name AS clients_full_name, clients.phone AS clients_phone, clients.address AS clients_address, clients.coordinates AS clients_coordinates, clients.created_at AS clients_created_at, clients.last_contact AS clients_last_contact, clients.comments AS clients_comments, clients.updated_at AS clients_updated_at, clients.backup_phone AS clients_backup_phone, clients.deleted_at AS clients_deleted_at 
FROM clients 
WHERE clients.id IN ($1::INTEGER)
2026-02-28 11:41:38,898 - sqlalchemy.engine.Engine - INFO - [cached since 1564s ago] (2,)
2026-02-28 11:41:38,900 - sqlalchemy.engine.Engine - INFO - SELECT address_cache.address AS address_cache_address, address_cache.lat AS address_cache_lat, address_cache.lon AS address_cache_lon, address_cache.updated_at AS address_cache_updated_at 
FROM address_cache 
WHERE address_cache.address IN ($1::VARCHAR)
2026-02-28 11:41:38,900 - sqlalchemy.engine.Engine - INFO - [cached since 1564s ago] ('Россия, Москва, улица Пресненский Вал, 19',)
2026-02-28 11:41:38,900 - sqlalchemy.engine.Engine - INFO - SELECT installers.id, installers.full_name, installers.nickname, installers.phone, installers.backup_phone, installers.specialization, installers.rating, installers.base_price, installers.is_debtor, installers.comments, installers.is_active, installers.is_in_funnel, installers.total_orders, installers.poor_work_count, installers.warranty_visits_count, installers.last_incident_date, installers.updated_at, installers.created_at, installers.deleted_at 
FROM installers 
WHERE installers.deleted_at IS NULL 
 LIMIT $1::INTEGER OFFSET $2::INTEGER
2026-02-28 11:41:38,901 - sqlalchemy.engine.Engine - INFO - [cached since 2921s ago] (100, 0)
2026-02-28 11:41:38,901 - sqlalchemy.engine.Engine - INFO - SELECT order_installers.order_id AS order_installers_order_id, order_installers.id AS order_installers_id, order_installers.installer_id AS order_installers_installer_id, order_installers.role AS order_installers_role, order_installers.base_payment AS order_installers_base_payment, order_installers.is_primary AS order_installers_is_primary, order_installers.created_at AS order_installers_created_at, order_installers.updated_at AS order_installers_updated_at 
FROM order_installers 
WHERE order_installers.order_id IN ($1::INTEGER)
2026-02-28 11:41:38,901 - sqlalchemy.engine.Engine - INFO - [cached since 1564s ago] (5,)
2026-02-28 11:41:38,902 - sqlalchemy.engine.Engine - INFO - ROLLBACK
2026-02-28 11:41:38,902 - sqlalchemy.engine.Engine - INFO - ROLLBACK
2026-02-28 11:41:38,903 - sqlalchemy.engine.Engine - INFO - BEGIN (implicit)
2026-02-28 11:41:38,903 - sqlalchemy.engine.Engine - INFO - SELECT orders.id, orders.client_id, orders.status, orders.warehouse, orders.service_datetime, orders.delivery_datetime, orders.promise, orders.marker_color, orders.address_id, orders.address_text, orders.created_at, orders.updated_at 
FROM orders 
WHERE orders.id = $1::INTEGER
2026-02-28 11:41:38,903 - sqlalchemy.engine.Engine - INFO - [cached since 1559s ago] (5,)
2026-02-28 11:41:38,905 - sqlalchemy.engine.Engine - INFO - SELECT finance.order_id AS finance_order_id, finance.id AS finance_id, finance.revenue AS finance_revenue, finance.cost_of_goods AS finance_cost_of_goods, finance.installer_payments AS finance_installer_payments, finance.expenses AS finance_expenses, finance.warranty_costs_oleg AS finance_warranty_costs_oleg, finance.warranty_costs_installer AS finance_warranty_costs_installer, finance.profit AS finance_profit, finance.created_at AS finance_created_at, finance.updated_at AS finance_updated_at 
FROM finance 
WHERE finance.order_id IN ($1::INTEGER)
2026-02-28 11:41:38,905 - sqlalchemy.engine.Engine - INFO - [cached since 1564s ago] (5,)
2026-02-28 11:41:38,906 - sqlalchemy.engine.Engine - INFO - SELECT clients.id AS clients_id, clients.full_name AS clients_full_name, clients.phone AS clients_phone, clients.address AS clients_address, clients.coordinates AS clients_coordinates, clients.created_at AS clients_created_at, clients.last_contact AS clients_last_contact, clients.comments AS clients_comments, clients.updated_at AS clients_updated_at, clients.backup_phone AS clients_backup_phone, clients.deleted_at AS clients_deleted_at 
FROM clients 
WHERE clients.id IN ($1::INTEGER)
2026-02-28 11:41:38,906 - sqlalchemy.engine.Engine - INFO - [cached since 1564s ago] (2,)
2026-02-28 11:41:38,907 - sqlalchemy.engine.Engine - INFO - SELECT address_cache.address AS address_cache_address, address_cache.lat AS address_cache_lat, address_cache.lon AS address_cache_lon, address_cache.updated_at AS address_cache_updated_at 
FROM address_cache 
WHERE address_cache.address IN ($1::VARCHAR)
2026-02-28 11:41:38,907 - sqlalchemy.engine.Engine - INFO - [cached since 1564s ago] ('Россия, Москва, улица Пресненский Вал, 19',)
2026-02-28 11:41:38,907 - sqlalchemy.engine.Engine - INFO - SELECT order_installers.order_id AS order_installers_order_id, order_installers.id AS order_installers_id, order_installers.installer_id AS order_installers_installer_id, order_installers.role AS order_installers_role, order_installers.base_payment AS order_installers_base_payment, order_installers.is_primary AS order_installers_is_primary, order_installers.created_at AS order_installers_created_at, order_installers.updated_at AS order_installers_updated_at 
FROM order_installers 
WHERE order_installers.order_id IN ($1::INTEGER)
2026-02-28 11:41:38,907 - sqlalchemy.engine.Engine - INFO - [cached since 1564s ago] (5,)
2026-02-28 11:41:38,908 - sqlalchemy.engine.Engine - INFO - ROLLBACK
2026-02-28 11:42:01,886 - sqlalchemy.engine.Engine - INFO - BEGIN (implicit)
2026-02-28 11:42:01,886 - sqlalchemy.engine.Engine - INFO - SELECT orders.id, orders.client_id, orders.status, orders.warehouse, orders.service_datetime, orders.delivery_datetime, orders.promise, orders.marker_color, orders.address_id, orders.address_text, orders.created_at, orders.updated_at 
FROM orders 
 LIMIT $1::INTEGER OFFSET $2::INTEGER
2026-02-28 11:42:01,887 - sqlalchemy.engine.Engine - INFO - [cached since 1587s ago] (100, 0)
2026-02-28 11:42:01,888 - sqlalchemy.engine.Engine - INFO - SELECT finance.order_id AS finance_order_id, finance.id AS finance_id, finance.revenue AS finance_revenue, finance.cost_of_goods AS finance_cost_of_goods, finance.installer_payments AS finance_installer_payments, finance.expenses AS finance_expenses, finance.warranty_costs_oleg AS finance_warranty_costs_oleg, finance.warranty_costs_installer AS finance_warranty_costs_installer, finance.profit AS finance_profit, finance.created_at AS finance_created_at, finance.updated_at AS finance_updated_at 
FROM finance 
WHERE finance.order_id IN ($1::INTEGER, $2::INTEGER, $3::INTEGER, $4::INTEGER, $5::INTEGER)
2026-02-28 11:42:01,888 - sqlalchemy.engine.Engine - INFO - [cached since 1587s ago] (1, 2, 3, 4, 5)
2026-02-28 11:42:01,890 - sqlalchemy.engine.Engine - INFO - SELECT clients.id AS clients_id, clients.full_name AS clients_full_name, clients.phone AS clients_phone, clients.address AS clients_address, clients.coordinates AS clients_coordinates, clients.created_at AS clients_created_at, clients.last_contact AS clients_last_contact, clients.comments AS clients_comments, clients.updated_at AS clients_updated_at, clients.backup_phone AS clients_backup_phone, clients.deleted_at AS clients_deleted_at 
FROM clients 
WHERE clients.id IN ($1::INTEGER)
2026-02-28 11:42:01,890 - sqlalchemy.engine.Engine - INFO - [cached since 1587s ago] (2,)
2026-02-28 11:42:01,891 - sqlalchemy.engine.Engine - INFO - SELECT address_cache.address AS address_cache_address, address_cache.lat AS address_cache_lat, address_cache.lon AS address_cache_lon, address_cache.updated_at AS address_cache_updated_at 
FROM address_cache 
WHERE address_cache.address IN ($1::VARCHAR, $2::VARCHAR, $3::VARCHAR)
2026-02-28 11:42:01,891 - sqlalchemy.engine.Engine - INFO - [cached since 1587s ago] ('Москва, ул. Ленина, 10', 'Россия, Москва, улица Пресненский Вал, 19', 'Россия, Московская область, Мытищи, улица Карла Маркса, 4')
2026-02-28 11:42:01,892 - sqlalchemy.engine.Engine - INFO - SELECT order_installers.order_id AS order_installers_order_id, order_installers.id AS order_installers_id, order_installers.installer_id AS order_installers_installer_id, order_installers.role AS order_installers_role, order_installers.base_payment AS order_installers_base_payment, order_installers.is_primary AS order_installers_is_primary, order_installers.created_at AS order_installers_created_at, order_installers.updated_at AS order_installers_updated_at 
FROM order_installers 
WHERE order_installers.order_id IN ($1::INTEGER, $2::INTEGER, $3::INTEGER, $4::INTEGER, $5::INTEGER)
2026-02-28 11:42:01,892 - sqlalchemy.engine.Engine - INFO - [cached since 1587s ago] (1, 2, 3, 4, 5)
2026-02-28 11:42:01,894 - sqlalchemy.engine.Engine - INFO - ROLLBACK
2026-02-28 11:42:01,895 - sqlalchemy.engine.Engine - INFO - BEGIN (implicit)
2026-02-28 11:42:01,895 - sqlalchemy.engine.Engine - INFO - SELECT orders.id, orders.client_id, orders.status, orders.warehouse, orders.service_datetime, orders.delivery_datetime, orders.promise, orders.marker_color, orders.address_id, orders.address_text, orders.created_at, orders.updated_at 
FROM orders 
 LIMIT $1::INTEGER OFFSET $2::INTEGER
2026-02-28 11:42:01,895 - sqlalchemy.engine.Engine - INFO - [cached since 1587s ago] (100, 0)
2026-02-28 11:42:01,897 - sqlalchemy.engine.Engine - INFO - SELECT finance.order_id AS finance_order_id, finance.id AS finance_id, finance.revenue AS finance_revenue, finance.cost_of_goods AS finance_cost_of_goods, finance.installer_payments AS finance_installer_payments, finance.expenses AS finance_expenses, finance.warranty_costs_oleg AS finance_warranty_costs_oleg, finance.warranty_costs_installer AS finance_warranty_costs_installer, finance.profit AS finance_profit, finance.created_at AS finance_created_at, finance.updated_at AS finance_updated_at 
FROM finance 
WHERE finance.order_id IN ($1::INTEGER, $2::INTEGER, $3::INTEGER, $4::INTEGER, $5::INTEGER)
2026-02-28 11:42:01,897 - sqlalchemy.engine.Engine - INFO - [cached since 1587s ago] (1, 2, 3, 4, 5)
2026-02-28 11:42:01,898 - sqlalchemy.engine.Engine - INFO - SELECT clients.id AS clients_id, clients.full_name AS clients_full_name, clients.phone AS clients_phone, clients.address AS clients_address, clients.coordinates AS clients_coordinates, clients.created_at AS clients_created_at, clients.last_contact AS clients_last_contact, clients.comments AS clients_comments, clients.updated_at AS clients_updated_at, clients.backup_phone AS clients_backup_phone, clients.deleted_at AS clients_deleted_at 
FROM clients 
WHERE clients.id IN ($1::INTEGER)
2026-02-28 11:42:01,898 - sqlalchemy.engine.Engine - INFO - [cached since 1587s ago] (2,)
2026-02-28 11:42:01,898 - sqlalchemy.engine.Engine - INFO - SELECT address_cache.address AS address_cache_address, address_cache.lat AS address_cache_lat, address_cache.lon AS address_cache_lon, address_cache.updated_at AS address_cache_updated_at 
FROM address_cache 
WHERE address_cache.address IN ($1::VARCHAR, $2::VARCHAR, $3::VARCHAR)
2026-02-28 11:42:01,899 - sqlalchemy.engine.Engine - INFO - [cached since 1587s ago] ('Москва, ул. Ленина, 10', 'Россия, Москва, улица Пресненский Вал, 19', 'Россия, Московская область, Мытищи, улица Карла Маркса, 4')
2026-02-28 11:42:01,899 - sqlalchemy.engine.Engine - INFO - SELECT order_installers.order_id AS order_installers_order_id, order_installers.id AS order_installers_id, order_installers.installer_id AS order_installers_installer_id, order_installers.role AS order_installers_role, order_installers.base_payment AS order_installers_base_payment, order_installers.is_primary AS order_installers_is_primary, order_installers.created_at AS order_installers_created_at, order_installers.updated_at AS order_installers_updated_at 
FROM order_installers 
WHERE order_installers.order_id IN ($1::INTEGER, $2::INTEGER, $3::INTEGER, $4::INTEGER, $5::INTEGER)
2026-02-28 11:42:01,899 - sqlalchemy.engine.Engine - INFO - [cached since 1587s ago] (1, 2, 3, 4, 5)
2026-02-28 11:42:01,900 - sqlalchemy.engine.Engine - INFO - ROLLBACK
2026-02-28 11:42:04,919 - sqlalchemy.engine.Engine - INFO - BEGIN (implicit)
2026-02-28 11:42:04,919 - sqlalchemy.engine.Engine - INFO - SELECT orders.id, orders.client_id, orders.status, orders.warehouse, orders.service_datetime, orders.delivery_datetime, orders.promise, orders.marker_color, orders.address_id, orders.address_text, orders.created_at, orders.updated_at 
FROM orders 
WHERE orders.id = $1::INTEGER
2026-02-28 11:42:04,919 - sqlalchemy.engine.Engine - INFO - [cached since 1585s ago] (5,)
2026-02-28 11:42:04,920 - sqlalchemy.engine.Engine - INFO - BEGIN (implicit)
2026-02-28 11:42:04,920 - sqlalchemy.engine.Engine - INFO - SELECT admins.id, admins.username, admins.password_hash, admins.created_at 
FROM admins 
WHERE admins.username = $1::VARCHAR
2026-02-28 11:42:04,920 - sqlalchemy.engine.Engine - INFO - [cached since 2947s ago] ('zhura2296@yandex.ru',)
2026-02-28 11:42:04,921 - sqlalchemy.engine.Engine - INFO - SELECT finance.order_id AS finance_order_id, finance.id AS finance_id, finance.revenue AS finance_revenue, finance.cost_of_goods AS finance_cost_of_goods, finance.installer_payments AS finance_installer_payments, finance.expenses AS finance_expenses, finance.warranty_costs_oleg AS finance_warranty_costs_oleg, finance.warranty_costs_installer AS finance_warranty_costs_installer, finance.profit AS finance_profit, finance.created_at AS finance_created_at, finance.updated_at AS finance_updated_at 
FROM finance 
WHERE finance.order_id IN ($1::INTEGER)
2026-02-28 11:42:04,921 - sqlalchemy.engine.Engine - INFO - [cached since 1590s ago] (5,)
2026-02-28 11:42:04,922 - sqlalchemy.engine.Engine - INFO - SELECT installers.id, installers.full_name, installers.nickname, installers.phone, installers.backup_phone, installers.specialization, installers.rating, installers.base_price, installers.is_debtor, installers.comments, installers.is_active, installers.is_in_funnel, installers.total_orders, installers.poor_work_count, installers.warranty_visits_count, installers.last_incident_date, installers.updated_at, installers.created_at, installers.deleted_at 
FROM installers 
WHERE installers.deleted_at IS NULL 
 LIMIT $1::INTEGER OFFSET $2::INTEGER
2026-02-28 11:42:04,922 - sqlalchemy.engine.Engine - INFO - [cached since 2947s ago] (100, 0)
2026-02-28 11:42:04,922 - sqlalchemy.engine.Engine - INFO - SELECT clients.id AS clients_id, clients.full_name AS clients_full_name, clients.phone AS clients_phone, clients.address AS clients_address, clients.coordinates AS clients_coordinates, clients.created_at AS clients_created_at, clients.last_contact AS clients_last_contact, clients.comments AS clients_comments, clients.updated_at AS clients_updated_at, clients.backup_phone AS clients_backup_phone, clients.deleted_at AS clients_deleted_at 
FROM clients 
WHERE clients.id IN ($1::INTEGER)
2026-02-28 11:42:04,922 - sqlalchemy.engine.Engine - INFO - [cached since 1590s ago] (2,)
2026-02-28 11:42:04,923 - sqlalchemy.engine.Engine - INFO - SELECT address_cache.address AS address_cache_address, address_cache.lat AS address_cache_lat, address_cache.lon AS address_cache_lon, address_cache.updated_at AS address_cache_updated_at 
FROM address_cache 
WHERE address_cache.address IN ($1::VARCHAR)
2026-02-28 11:42:04,923 - sqlalchemy.engine.Engine - INFO - [cached since 1590s ago] ('Россия, Москва, улица Пресненский Вал, 19',)
2026-02-28 11:42:04,924 - sqlalchemy.engine.Engine - INFO - SELECT order_installers.order_id AS order_installers_order_id, order_installers.id AS order_installers_id, order_installers.installer_id AS order_installers_installer_id, order_installers.role AS order_installers_role, order_installers.base_payment AS order_installers_base_payment, order_installers.is_primary AS order_installers_is_primary, order_installers.created_at AS order_installers_created_at, order_installers.updated_at AS order_installers_updated_at 
FROM order_installers 
WHERE order_installers.order_id IN ($1::INTEGER)
2026-02-28 11:42:04,924 - sqlalchemy.engine.Engine - INFO - [cached since 1590s ago] (5,)
2026-02-28 11:42:04,925 - sqlalchemy.engine.Engine - INFO - ROLLBACK
2026-02-28 11:42:04,926 - sqlalchemy.engine.Engine - INFO - BEGIN (implicit)
2026-02-28 11:42:04,926 - sqlalchemy.engine.Engine - INFO - SELECT admins.id, admins.username, admins.password_hash, admins.created_at 
FROM admins 
WHERE admins.username = $1::VARCHAR
2026-02-28 11:42:04,926 - sqlalchemy.engine.Engine - INFO - [cached since 2947s ago] ('zhura2296@yandex.ru',)
2026-02-28 11:42:04,928 - sqlalchemy.engine.Engine - INFO - SELECT installers.id, installers.full_name, installers.nickname, installers.phone, installers.backup_phone, installers.specialization, installers.rating, installers.base_price, installers.is_debtor, installers.comments, installers.is_active, installers.is_in_funnel, installers.total_orders, installers.poor_work_count, installers.warranty_visits_count, installers.last_incident_date, installers.updated_at, installers.created_at, installers.deleted_at 
FROM installers 
WHERE installers.deleted_at IS NULL 
 LIMIT $1::INTEGER OFFSET $2::INTEGER
2026-02-28 11:42:04,928 - sqlalchemy.engine.Engine - INFO - [cached since 2947s ago] (100, 0)
2026-02-28 11:42:04,929 - sqlalchemy.engine.Engine - INFO - BEGIN (implicit)
2026-02-28 11:42:04,929 - sqlalchemy.engine.Engine - INFO - SELECT orders.id, orders.client_id, orders.status, orders.warehouse, orders.service_datetime, orders.delivery_datetime, orders.promise, orders.marker_color, orders.address_id, orders.address_text, orders.created_at, orders.updated_at 
FROM orders 
WHERE orders.id = $1::INTEGER
2026-02-28 11:42:04,929 - sqlalchemy.engine.Engine - INFO - [cached since 1585s ago] (5,)
2026-02-28 11:42:04,929 - sqlalchemy.engine.Engine - INFO - ROLLBACK
2026-02-28 11:42:04,930 - sqlalchemy.engine.Engine - INFO - SELECT finance.order_id AS finance_order_id, finance.id AS finance_id, finance.revenue AS finance_revenue, finance.cost_of_goods AS finance_cost_of_goods, finance.installer_payments AS finance_installer_payments, finance.expenses AS finance_expenses, finance.warranty_costs_oleg AS finance_warranty_costs_oleg, finance.warranty_costs_installer AS finance_warranty_costs_installer, finance.profit AS finance_profit, finance.created_at AS finance_created_at, finance.updated_at AS finance_updated_at 
FROM finance 
WHERE finance.order_id IN ($1::INTEGER)
2026-02-28 11:42:04,930 - sqlalchemy.engine.Engine - INFO - [cached since 1590s ago] (5,)
2026-02-28 11:42:04,931 - sqlalchemy.engine.Engine - INFO - ROLLBACK
2026-02-28 11:42:04,931 - sqlalchemy.engine.Engine - INFO - SELECT clients.id AS clients_id, clients.full_name AS clients_full_name, clients.phone AS clients_phone, clients.address AS clients_address, clients.coordinates AS clients_coordinates, clients.created_at AS clients_created_at, clients.last_contact AS clients_last_contact, clients.comments AS clients_comments, clients.updated_at AS clients_updated_at, clients.backup_phone AS clients_backup_phone, clients.deleted_at AS clients_deleted_at 
FROM clients 
WHERE clients.id IN ($1::INTEGER)
2026-02-28 11:42:04,931 - sqlalchemy.engine.Engine - INFO - [cached since 1590s ago] (2,)
2026-02-28 11:42:04,932 - sqlalchemy.engine.Engine - INFO - SELECT address_cache.address AS address_cache_address, address_cache.lat AS address_cache_lat, address_cache.lon AS address_cache_lon, address_cache.updated_at AS address_cache_updated_at 
FROM address_cache 
WHERE address_cache.address IN ($1::VARCHAR)
2026-02-28 11:42:04,932 - sqlalchemy.engine.Engine - INFO - [cached since 1590s ago] ('Россия, Москва, улица Пресненский Вал, 19',)
2026-02-28 11:42:04,933 - sqlalchemy.engine.Engine - INFO - SELECT order_installers.order_id AS order_installers_order_id, order_installers.id AS order_installers_id, order_installers.installer_id AS order_installers_installer_id, order_installers.role AS order_installers_role, order_installers.base_payment AS order_installers_base_payment, order_installers.is_primary AS order_installers_is_primary, order_installers.created_at AS order_installers_created_at, order_installers.updated_at AS order_installers_updated_at 
FROM order_installers 
WHERE order_installers.order_id IN ($1::INTEGER)
2026-02-28 11:42:04,933 - sqlalchemy.engine.Engine - INFO - [cached since 1590s ago] (5,)
2026-02-28 11:42:04,933 - sqlalchemy.engine.Engine - INFO - ROLLBACK
2026-02-28 11:42:09,045 - sqlalchemy.engine.Engine - INFO - BEGIN (implicit)
2026-02-28 11:42:09,045 - sqlalchemy.engine.Engine - INFO - SELECT orders.id, orders.client_id, orders.status, orders.warehouse, orders.service_datetime, orders.delivery_datetime, orders.promise, orders.marker_color, orders.address_id, orders.address_text, orders.created_at, orders.updated_at 
FROM orders 
 LIMIT $1::INTEGER OFFSET $2::INTEGER
2026-02-28 11:42:09,045 - sqlalchemy.engine.Engine - INFO - [cached since 1594s ago] (100, 0)
2026-02-28 11:42:09,047 - sqlalchemy.engine.Engine - INFO - SELECT finance.order_id AS finance_order_id, finance.id AS finance_id, finance.revenue AS finance_revenue, finance.cost_of_goods AS finance_cost_of_goods, finance.installer_payments AS finance_installer_payments, finance.expenses AS finance_expenses, finance.warranty_costs_oleg AS finance_warranty_costs_oleg, finance.warranty_costs_installer AS finance_warranty_costs_installer, finance.profit AS finance_profit, finance.created_at AS finance_created_at, finance.updated_at AS finance_updated_at 
FROM finance 
WHERE finance.order_id IN ($1::INTEGER, $2::INTEGER, $3::INTEGER, $4::INTEGER, $5::INTEGER)
2026-02-28 11:42:09,047 - sqlalchemy.engine.Engine - INFO - [cached since 1594s ago] (1, 2, 3, 4, 5)
2026-02-28 11:42:09,048 - sqlalchemy.engine.Engine - INFO - SELECT clients.id AS clients_id, clients.full_name AS clients_full_name, clients.phone AS clients_phone, clients.address AS clients_address, clients.coordinates AS clients_coordinates, clients.created_at AS clients_created_at, clients.last_contact AS clients_last_contact, clients.comments AS clients_comments, clients.updated_at AS clients_updated_at, clients.backup_phone AS clients_backup_phone, clients.deleted_at AS clients_deleted_at 
FROM clients 
WHERE clients.id IN ($1::INTEGER)
2026-02-28 11:42:09,048 - sqlalchemy.engine.Engine - INFO - [cached since 1594s ago] (2,)
2026-02-28 11:42:09,048 - sqlalchemy.engine.Engine - INFO - SELECT address_cache.address AS address_cache_address, address_cache.lat AS address_cache_lat, address_cache.lon AS address_cache_lon, address_cache.updated_at AS address_cache_updated_at 
FROM address_cache 
WHERE address_cache.address IN ($1::VARCHAR, $2::VARCHAR, $3::VARCHAR)
2026-02-28 11:42:09,048 - sqlalchemy.engine.Engine - INFO - [cached since 1594s ago] ('Москва, ул. Ленина, 10', 'Россия, Москва, улица Пресненский Вал, 19', 'Россия, Московская область, Мытищи, улица Карла Маркса, 4')
2026-02-28 11:42:09,049 - sqlalchemy.engine.Engine - INFO - SELECT order_installers.order_id AS order_installers_order_id, order_installers.id AS order_installers_id, order_installers.installer_id AS order_installers_installer_id, order_installers.role AS order_installers_role, order_installers.base_payment AS order_installers_base_payment, order_installers.is_primary AS order_installers_is_primary, order_installers.created_at AS order_installers_created_at, order_installers.updated_at AS order_installers_updated_at 
FROM order_installers 
WHERE order_installers.order_id IN ($1::INTEGER, $2::INTEGER, $3::INTEGER, $4::INTEGER, $5::INTEGER)
2026-02-28 11:42:09,049 - sqlalchemy.engine.Engine - INFO - [cached since 1594s ago] (1, 2, 3, 4, 5)
2026-02-28 11:42:09,050 - sqlalchemy.engine.Engine - INFO - ROLLBACK
2026-02-28 11:42:09,051 - sqlalchemy.engine.Engine - INFO - BEGIN (implicit)
2026-02-28 11:42:09,051 - sqlalchemy.engine.Engine - INFO - SELECT orders.id, orders.client_id, orders.status, orders.warehouse, orders.service_datetime, orders.delivery_datetime, orders.promise, orders.marker_color, orders.address_id, orders.address_text, orders.created_at, orders.updated_at 
FROM orders 
 LIMIT $1::INTEGER OFFSET $2::INTEGER
2026-02-28 11:42:09,051 - sqlalchemy.engine.Engine - INFO - [cached since 1594s ago] (100, 0)
2026-02-28 11:42:09,052 - sqlalchemy.engine.Engine - INFO - SELECT finance.order_id AS finance_order_id, finance.id AS finance_id, finance.revenue AS finance_revenue, finance.cost_of_goods AS finance_cost_of_goods, finance.installer_payments AS finance_installer_payments, finance.expenses AS finance_expenses, finance.warranty_costs_oleg AS finance_warranty_costs_oleg, finance.warranty_costs_installer AS finance_warranty_costs_installer, finance.profit AS finance_profit, finance.created_at AS finance_created_at, finance.updated_at AS finance_updated_at 
FROM finance 
WHERE finance.order_id IN ($1::INTEGER, $2::INTEGER, $3::INTEGER, $4::INTEGER, $5::INTEGER)
2026-02-28 11:42:09,052 - sqlalchemy.engine.Engine - INFO - [cached since 1594s ago] (1, 2, 3, 4, 5)
2026-02-28 11:42:09,053 - sqlalchemy.engine.Engine - INFO - SELECT clients.id AS clients_id, clients.full_name AS clients_full_name, clients.phone AS clients_phone, clients.address AS clients_address, clients.coordinates AS clients_coordinates, clients.created_at AS clients_created_at, clients.last_contact AS clients_last_contact, clients.comments AS clients_comments, clients.updated_at AS clients_updated_at, clients.backup_phone AS clients_backup_phone, clients.deleted_at AS clients_deleted_at 
FROM clients 
WHERE clients.id IN ($1::INTEGER)
2026-02-28 11:42:09,053 - sqlalchemy.engine.Engine - INFO - [cached since 1594s ago] (2,)
2026-02-28 11:42:09,054 - sqlalchemy.engine.Engine - INFO - SELECT address_cache.address AS address_cache_address, address_cache.lat AS address_cache_lat, address_cache.lon AS address_cache_lon, address_cache.updated_at AS address_cache_updated_at 
FROM address_cache 
WHERE address_cache.address IN ($1::VARCHAR, $2::VARCHAR, $3::VARCHAR)
2026-02-28 11:42:09,054 - sqlalchemy.engine.Engine - INFO - [cached since 1594s ago] ('Москва, ул. Ленина, 10', 'Россия, Москва, улица Пресненский Вал, 19', 'Россия, Московская область, Мытищи, улица Карла Маркса, 4')
2026-02-28 11:42:09,055 - sqlalchemy.engine.Engine - INFO - SELECT order_installers.order_id AS order_installers_order_id, order_installers.id AS order_installers_id, order_installers.installer_id AS order_installers_installer_id, order_installers.role AS order_installers_role, order_installers.base_payment AS order_installers_base_payment, order_installers.is_primary AS order_installers_is_primary, order_installers.created_at AS order_installers_created_at, order_installers.updated_at AS order_installers_updated_at 
FROM order_installers 
WHERE order_installers.order_id IN ($1::INTEGER, $2::INTEGER, $3::INTEGER, $4::INTEGER, $5::INTEGER)
2026-02-28 11:42:09,055 - sqlalchemy.engine.Engine - INFO - [cached since 1594s ago] (1, 2, 3, 4, 5)
2026-02-28 11:42:09,056 - sqlalchemy.engine.Engine - INFO - ROLLBACK
2026-02-28 11:42:12,353 - sqlalchemy.engine.Engine - INFO - BEGIN (implicit)
2026-02-28 11:42:12,353 - sqlalchemy.engine.Engine - INFO - SELECT admins.id, admins.username, admins.password_hash, admins.created_at 
FROM admins 
WHERE admins.username = $1::VARCHAR
2026-02-28 11:42:12,354 - sqlalchemy.engine.Engine - INFO - [cached since 2955s ago] ('zhura2296@yandex.ru',)
2026-02-28 11:42:12,356 - sqlalchemy.engine.Engine - INFO - SELECT installers.id, installers.full_name, installers.nickname, installers.phone, installers.backup_phone, installers.specialization, installers.rating, installers.base_price, installers.is_debtor, installers.comments, installers.is_active, installers.is_in_funnel, installers.total_orders, installers.poor_work_count, installers.warranty_visits_count, installers.last_incident_date, installers.updated_at, installers.created_at, installers.deleted_at 
FROM installers 
WHERE installers.deleted_at IS NULL 
 LIMIT $1::INTEGER OFFSET $2::INTEGER
2026-02-28 11:42:12,357 - sqlalchemy.engine.Engine - INFO - [cached since 2954s ago] (100, 0)
2026-02-28 11:42:12,358 - sqlalchemy.engine.Engine - INFO - BEGIN (implicit)
2026-02-28 11:42:12,359 - sqlalchemy.engine.Engine - INFO - SELECT orders.id, orders.client_id, orders.status, orders.warehouse, orders.service_datetime, orders.delivery_datetime, orders.promise, orders.marker_color, orders.address_id, orders.address_text, orders.created_at, orders.updated_at 
FROM orders 
WHERE orders.id = $1::INTEGER
2026-02-28 11:42:12,359 - sqlalchemy.engine.Engine - INFO - [cached since 1592s ago] (4,)
2026-02-28 11:42:12,361 - sqlalchemy.engine.Engine - INFO - SELECT finance.order_id AS finance_order_id, finance.id AS finance_id, finance.revenue AS finance_revenue, finance.cost_of_goods AS finance_cost_of_goods, finance.installer_payments AS finance_installer_payments, finance.expenses AS finance_expenses, finance.warranty_costs_oleg AS finance_warranty_costs_oleg, finance.warranty_costs_installer AS finance_warranty_costs_installer, finance.profit AS finance_profit, finance.created_at AS finance_created_at, finance.updated_at AS finance_updated_at 
FROM finance 
WHERE finance.order_id IN ($1::INTEGER)
2026-02-28 11:42:12,361 - sqlalchemy.engine.Engine - INFO - [cached since 1597s ago] (4,)
2026-02-28 11:42:12,362 - sqlalchemy.engine.Engine - INFO - BEGIN (implicit)
2026-02-28 11:42:12,362 - sqlalchemy.engine.Engine - INFO - SELECT admins.id, admins.username, admins.password_hash, admins.created_at 
FROM admins 
WHERE admins.username = $1::VARCHAR
2026-02-28 11:42:12,363 - sqlalchemy.engine.Engine - INFO - [cached since 2955s ago] ('zhura2296@yandex.ru',)
2026-02-28 11:42:12,363 - sqlalchemy.engine.Engine - INFO - ROLLBACK
2026-02-28 11:42:12,363 - sqlalchemy.engine.Engine - INFO - SELECT clients.id AS clients_id, clients.full_name AS clients_full_name, clients.phone AS clients_phone, clients.address AS clients_address, clients.coordinates AS clients_coordinates, clients.created_at AS clients_created_at, clients.last_contact AS clients_last_contact, clients.comments AS clients_comments, clients.updated_at AS clients_updated_at, clients.backup_phone AS clients_backup_phone, clients.deleted_at AS clients_deleted_at 
FROM clients 
WHERE clients.id IN ($1::INTEGER)
2026-02-28 11:42:12,363 - sqlalchemy.engine.Engine - INFO - [cached since 1597s ago] (2,)
2026-02-28 11:42:12,364 - sqlalchemy.engine.Engine - INFO - SELECT installers.id, installers.full_name, installers.nickname, installers.phone, installers.backup_phone, installers.specialization, installers.rating, installers.base_price, installers.is_debtor, installers.comments, installers.is_active, installers.is_in_funnel, installers.total_orders, installers.poor_work_count, installers.warranty_visits_count, installers.last_incident_date, installers.updated_at, installers.created_at, installers.deleted_at 
FROM installers 
WHERE installers.deleted_at IS NULL 
 LIMIT $1::INTEGER OFFSET $2::INTEGER
2026-02-28 11:42:12,364 - sqlalchemy.engine.Engine - INFO - [cached since 2955s ago] (100, 0)
2026-02-28 11:42:12,364 - sqlalchemy.engine.Engine - INFO - SELECT address_cache.address AS address_cache_address, address_cache.lat AS address_cache_lat, address_cache.lon AS address_cache_lon, address_cache.updated_at AS address_cache_updated_at 
FROM address_cache 
WHERE address_cache.address IN ($1::VARCHAR)
2026-02-28 11:42:12,364 - sqlalchemy.engine.Engine - INFO - [cached since 1597s ago] ('Россия, Московская область, Мытищи, улица Карла Маркса, 4',)
2026-02-28 11:42:12,365 - sqlalchemy.engine.Engine - INFO - SELECT order_installers.order_id AS order_installers_order_id, order_installers.id AS order_installers_id, order_installers.installer_id AS order_installers_installer_id, order_installers.role AS order_installers_role, order_installers.base_payment AS order_installers_base_payment, order_installers.is_primary AS order_installers_is_primary, order_installers.created_at AS order_installers_created_at, order_installers.updated_at AS order_installers_updated_at 
FROM order_installers 
WHERE order_installers.order_id IN ($1::INTEGER)
2026-02-28 11:42:12,365 - sqlalchemy.engine.Engine - INFO - [cached since 1597s ago] (4,)
2026-02-28 11:42:12,366 - sqlalchemy.engine.Engine - INFO - ROLLBACK
2026-02-28 11:42:12,366 - sqlalchemy.engine.Engine - INFO - ROLLBACK
2026-02-28 11:42:12,367 - sqlalchemy.engine.Engine - INFO - BEGIN (implicit)
2026-02-28 11:42:12,367 - sqlalchemy.engine.Engine - INFO - SELECT orders.id, orders.client_id, orders.status, orders.warehouse, orders.service_datetime, orders.delivery_datetime, orders.promise, orders.marker_color, orders.address_id, orders.address_text, orders.created_at, orders.updated_at 
FROM orders 
WHERE orders.id = $1::INTEGER
2026-02-28 11:42:12,367 - sqlalchemy.engine.Engine - INFO - [cached since 1592s ago] (4,)
2026-02-28 11:42:12,368 - sqlalchemy.engine.Engine - INFO - SELECT finance.order_id AS finance_order_id, finance.id AS finance_id, finance.revenue AS finance_revenue, finance.cost_of_goods AS finance_cost_of_goods, finance.installer_payments AS finance_installer_payments, finance.expenses AS finance_expenses, finance.warranty_costs_oleg AS finance_warranty_costs_oleg, finance.warranty_costs_installer AS finance_warranty_costs_installer, finance.profit AS finance_profit, finance.created_at AS finance_created_at, finance.updated_at AS finance_updated_at 
FROM finance 
WHERE finance.order_id IN ($1::INTEGER)
2026-02-28 11:42:12,368 - sqlalchemy.engine.Engine - INFO - [cached since 1597s ago] (4,)
2026-02-28 11:42:12,369 - sqlalchemy.engine.Engine - INFO - SELECT clients.id AS clients_id, clients.full_name AS clients_full_name, clients.phone AS clients_phone, clients.address AS clients_address, clients.coordinates AS clients_coordinates, clients.created_at AS clients_created_at, clients.last_contact AS clients_last_contact, clients.comments AS clients_comments, clients.updated_at AS clients_updated_at, clients.backup_phone AS clients_backup_phone, clients.deleted_at AS clients_deleted_at 
FROM clients 
WHERE clients.id IN ($1::INTEGER)
2026-02-28 11:42:12,369 - sqlalchemy.engine.Engine - INFO - [cached since 1597s ago] (2,)
2026-02-28 11:42:12,369 - sqlalchemy.engine.Engine - INFO - SELECT address_cache.address AS address_cache_address, address_cache.lat AS address_cache_lat, address_cache.lon AS address_cache_lon, address_cache.updated_at AS address_cache_updated_at 
FROM address_cache 
WHERE address_cache.address IN ($1::VARCHAR)
2026-02-28 11:42:12,369 - sqlalchemy.engine.Engine - INFO - [cached since 1597s ago] ('Россия, Московская область, Мытищи, улица Карла Маркса, 4',)
2026-02-28 11:42:12,370 - sqlalchemy.engine.Engine - INFO - SELECT order_installers.order_id AS order_installers_order_id, order_installers.id AS order_installers_id, order_installers.installer_id AS order_installers_installer_id, order_installers.role AS order_installers_role, order_installers.base_payment AS order_installers_base_payment, order_installers.is_primary AS order_installers_is_primary, order_installers.created_at AS order_installers_created_at, order_installers.updated_at AS order_installers_updated_at 
FROM order_installers 
WHERE order_installers.order_id IN ($1::INTEGER)
2026-02-28 11:42:12,370 - sqlalchemy.engine.Engine - INFO - [cached since 1597s ago] (4,)
2026-02-28 11:42:12,371 - sqlalchemy.engine.Engine - INFO - ROLLBACK
2026-02-28 11:43:56,683 - sqlalchemy.engine.Engine - INFO - BEGIN (implicit)
2026-02-28 11:43:56,683 - sqlalchemy.engine.Engine - INFO - SELECT admins.id, admins.username, admins.password_hash, admins.created_at 
FROM admins 
WHERE admins.username = $1::VARCHAR
2026-02-28 11:43:56,683 - sqlalchemy.engine.Engine - INFO - [cached since 3059s ago] ('zhura2296@yandex.ru',)
2026-02-28 11:43:56,878 - sqlalchemy.engine.Engine - INFO - ROLLBACK
2026-02-28 11:43:56,972 - sqlalchemy.engine.Engine - INFO - BEGIN (implicit)
2026-02-28 11:43:56,973 - sqlalchemy.engine.Engine - INFO - SELECT admins.id, admins.username, admins.password_hash, admins.created_at 
FROM admins 
WHERE admins.username = $1::VARCHAR
2026-02-28 11:43:56,973 - sqlalchemy.engine.Engine - INFO - [cached since 3059s ago] ('zhura2296@yandex.ru',)
2026-02-28 11:43:56,974 - sqlalchemy.engine.Engine - INFO - BEGIN (implicit)
2026-02-28 11:43:56,974 - sqlalchemy.engine.Engine - INFO - SELECT admins.id, admins.username, admins.password_hash, admins.created_at 
FROM admins 
WHERE admins.username = $1::VARCHAR
2026-02-28 11:43:56,974 - sqlalchemy.engine.Engine - INFO - [cached since 3059s ago] ('zhura2296@yandex.ru',)
2026-02-28 11:43:56,975 - sqlalchemy.engine.Engine - INFO - SELECT clients.id, clients.full_name, clients.phone, clients.address, clients.coordinates, clients.created_at, clients.last_contact, clients.comments, clients.updated_at, clients.backup_phone, clients.deleted_at 
FROM clients 
 LIMIT $1::INTEGER OFFSET $2::INTEGER
2026-02-28 11:43:56,975 - sqlalchemy.engine.Engine - INFO - [cached since 3059s ago] (100, 0)
2026-02-28 11:43:56,976 - sqlalchemy.engine.Engine - INFO - SELECT installers.id, installers.full_name, installers.nickname, installers.phone, installers.backup_phone, installers.specialization, installers.rating, installers.base_price, installers.is_debtor, installers.comments, installers.is_active, installers.is_in_funnel, installers.total_orders, installers.poor_work_count, installers.warranty_visits_count, installers.last_incident_date, installers.updated_at, installers.created_at, installers.deleted_at 
FROM installers 
WHERE installers.deleted_at IS NULL 
 LIMIT $1::INTEGER OFFSET $2::INTEGER
2026-02-28 11:43:56,976 - sqlalchemy.engine.Engine - INFO - [cached since 3059s ago] (100, 0)
2026-02-28 11:43:56,977 - sqlalchemy.engine.Engine - INFO - ROLLBACK
2026-02-28 11:43:56,977 - sqlalchemy.engine.Engine - INFO - ROLLBACK
2026-02-28 11:43:56,979 - sqlalchemy.engine.Engine - INFO - BEGIN (implicit)
2026-02-28 11:43:56,979 - sqlalchemy.engine.Engine - INFO - SELECT admins.id, admins.username, admins.password_hash, admins.created_at 
FROM admins 
WHERE admins.username = $1::VARCHAR
2026-02-28 11:43:56,979 - sqlalchemy.engine.Engine - INFO - [cached since 3059s ago] ('zhura2296@yandex.ru',)
2026-02-28 11:43:56,980 - sqlalchemy.engine.Engine - INFO - BEGIN (implicit)
2026-02-28 11:43:56,980 - sqlalchemy.engine.Engine - INFO - SELECT admins.id, admins.username, admins.password_hash, admins.created_at 
FROM admins 
WHERE admins.username = $1::VARCHAR
2026-02-28 11:43:56,980 - sqlalchemy.engine.Engine - INFO - [cached since 3059s ago] ('zhura2296@yandex.ru',)
2026-02-28 11:43:56,981 - sqlalchemy.engine.Engine - INFO - SELECT clients.id, clients.full_name, clients.phone, clients.address, clients.coordinates, clients.created_at, clients.last_contact, clients.comments, clients.updated_at, clients.backup_phone, clients.deleted_at 
FROM clients 
 LIMIT $1::INTEGER OFFSET $2::INTEGER
2026-02-28 11:43:56,981 - sqlalchemy.engine.Engine - INFO - [cached since 3059s ago] (100, 0)
2026-02-28 11:43:56,981 - sqlalchemy.engine.Engine - INFO - SELECT installers.id, installers.full_name, installers.nickname, installers.phone, installers.backup_phone, installers.specialization, installers.rating, installers.base_price, installers.is_debtor, installers.comments, installers.is_active, installers.is_in_funnel, installers.total_orders, installers.poor_work_count, installers.warranty_visits_count, installers.last_incident_date, installers.updated_at, installers.created_at, installers.deleted_at 
FROM installers 
WHERE installers.deleted_at IS NULL 
 LIMIT $1::INTEGER OFFSET $2::INTEGER
2026-02-28 11:43:56,982 - sqlalchemy.engine.Engine - INFO - [cached since 3059s ago] (100, 0)
2026-02-28 11:43:56,983 - sqlalchemy.engine.Engine - INFO - ROLLBACK
2026-02-28 11:43:56,983 - sqlalchemy.engine.Engine - INFO - ROLLBACK
2026-02-28 11:43:58,753 - sqlalchemy.engine.Engine - INFO - BEGIN (implicit)
2026-02-28 11:43:58,754 - sqlalchemy.engine.Engine - INFO - SELECT orders.id, orders.client_id, orders.status, orders.warehouse, orders.service_datetime, orders.delivery_datetime, orders.promise, orders.marker_color, orders.address_id, orders.address_text, orders.created_at, orders.updated_at 
FROM orders 
 LIMIT $1::INTEGER OFFSET $2::INTEGER
2026-02-28 11:43:58,754 - sqlalchemy.engine.Engine - INFO - [cached since 1703s ago] (100, 0)
2026-02-28 11:43:58,757 - sqlalchemy.engine.Engine - INFO - SELECT finance.order_id AS finance_order_id, finance.id AS finance_id, finance.revenue AS finance_revenue, finance.cost_of_goods AS finance_cost_of_goods, finance.installer_payments AS finance_installer_payments, finance.expenses AS finance_expenses, finance.warranty_costs_oleg AS finance_warranty_costs_oleg, finance.warranty_costs_installer AS finance_warranty_costs_installer, finance.profit AS finance_profit, finance.created_at AS finance_created_at, finance.updated_at AS finance_updated_at 
FROM finance 
WHERE finance.order_id IN ($1::INTEGER, $2::INTEGER, $3::INTEGER, $4::INTEGER, $5::INTEGER)
2026-02-28 11:43:58,757 - sqlalchemy.engine.Engine - INFO - [cached since 1703s ago] (1, 2, 3, 4, 5)
2026-02-28 11:43:58,758 - sqlalchemy.engine.Engine - INFO - SELECT clients.id AS clients_id, clients.full_name AS clients_full_name, clients.phone AS clients_phone, clients.address AS clients_address, clients.coordinates AS clients_coordinates, clients.created_at AS clients_created_at, clients.last_contact AS clients_last_contact, clients.comments AS clients_comments, clients.updated_at AS clients_updated_at, clients.backup_phone AS clients_backup_phone, clients.deleted_at AS clients_deleted_at 
FROM clients 
WHERE clients.id IN ($1::INTEGER)
2026-02-28 11:43:58,758 - sqlalchemy.engine.Engine - INFO - [cached since 1703s ago] (2,)
2026-02-28 11:43:58,759 - sqlalchemy.engine.Engine - INFO - SELECT address_cache.address AS address_cache_address, address_cache.lat AS address_cache_lat, address_cache.lon AS address_cache_lon, address_cache.updated_at AS address_cache_updated_at 
FROM address_cache 
WHERE address_cache.address IN ($1::VARCHAR, $2::VARCHAR, $3::VARCHAR)
2026-02-28 11:43:58,759 - sqlalchemy.engine.Engine - INFO - [cached since 1703s ago] ('Москва, ул. Ленина, 10', 'Россия, Москва, улица Пресненский Вал, 19', 'Россия, Московская область, Мытищи, улица Карла Маркса, 4')
2026-02-28 11:43:58,760 - sqlalchemy.engine.Engine - INFO - SELECT order_installers.order_id AS order_installers_order_id, order_installers.id AS order_installers_id, order_installers.installer_id AS order_installers_installer_id, order_installers.role AS order_installers_role, order_installers.base_payment AS order_installers_base_payment, order_installers.is_primary AS order_installers_is_primary, order_installers.created_at AS order_installers_created_at, order_installers.updated_at AS order_installers_updated_at 
FROM order_installers 
WHERE order_installers.order_id IN ($1::INTEGER, $2::INTEGER, $3::INTEGER, $4::INTEGER, $5::INTEGER)
2026-02-28 11:43:58,760 - sqlalchemy.engine.Engine - INFO - [cached since 1703s ago] (1, 2, 3, 4, 5)
2026-02-28 11:43:58,761 - sqlalchemy.engine.Engine - INFO - ROLLBACK
2026-02-28 11:43:58,762 - sqlalchemy.engine.Engine - INFO - BEGIN (implicit)
2026-02-28 11:43:58,762 - sqlalchemy.engine.Engine - INFO - SELECT orders.id, orders.client_id, orders.status, orders.warehouse, orders.service_datetime, orders.delivery_datetime, orders.promise, orders.marker_color, orders.address_id, orders.address_text, orders.created_at, orders.updated_at 
FROM orders 
 LIMIT $1::INTEGER OFFSET $2::INTEGER
2026-02-28 11:43:58,762 - sqlalchemy.engine.Engine - INFO - [cached since 1703s ago] (100, 0)
2026-02-28 11:43:58,763 - sqlalchemy.engine.Engine - INFO - SELECT finance.order_id AS finance_order_id, finance.id AS finance_id, finance.revenue AS finance_revenue, finance.cost_of_goods AS finance_cost_of_goods, finance.installer_payments AS finance_installer_payments, finance.expenses AS finance_expenses, finance.warranty_costs_oleg AS finance_warranty_costs_oleg, finance.warranty_costs_installer AS finance_warranty_costs_installer, finance.profit AS finance_profit, finance.created_at AS finance_created_at, finance.updated_at AS finance_updated_at 
FROM finance 
WHERE finance.order_id IN ($1::INTEGER, $2::INTEGER, $3::INTEGER, $4::INTEGER, $5::INTEGER)
2026-02-28 11:43:58,763 - sqlalchemy.engine.Engine - INFO - [cached since 1703s ago] (1, 2, 3, 4, 5)
2026-02-28 11:43:58,764 - sqlalchemy.engine.Engine - INFO - SELECT clients.id AS clients_id, clients.full_name AS clients_full_name, clients.phone AS clients_phone, clients.address AS clients_address, clients.coordinates AS clients_coordinates, clients.created_at AS clients_created_at, clients.last_contact AS clients_last_contact, clients.comments AS clients_comments, clients.updated_at AS clients_updated_at, clients.backup_phone AS clients_backup_phone, clients.deleted_at AS clients_deleted_at 
FROM clients 
WHERE clients.id IN ($1::INTEGER)
2026-02-28 11:43:58,764 - sqlalchemy.engine.Engine - INFO - [cached since 1703s ago] (2,)
2026-02-28 11:43:58,765 - sqlalchemy.engine.Engine - INFO - SELECT address_cache.address AS address_cache_address, address_cache.lat AS address_cache_lat, address_cache.lon AS address_cache_lon, address_cache.updated_at AS address_cache_updated_at 
FROM address_cache 
WHERE address_cache.address IN ($1::VARCHAR, $2::VARCHAR, $3::VARCHAR)
2026-02-28 11:43:58,765 - sqlalchemy.engine.Engine - INFO - [cached since 1703s ago] ('Москва, ул. Ленина, 10', 'Россия, Москва, улица Пресненский Вал, 19', 'Россия, Московская область, Мытищи, улица Карла Маркса, 4')
2026-02-28 11:43:58,765 - sqlalchemy.engine.Engine - INFO - SELECT order_installers.order_id AS order_installers_order_id, order_installers.id AS order_installers_id, order_installers.installer_id AS order_installers_installer_id, order_installers.role AS order_installers_role, order_installers.base_payment AS order_installers_base_payment, order_installers.is_primary AS order_installers_is_primary, order_installers.created_at AS order_installers_created_at, order_installers.updated_at AS order_installers_updated_at 
FROM order_installers 
WHERE order_installers.order_id IN ($1::INTEGER, $2::INTEGER, $3::INTEGER, $4::INTEGER, $5::INTEGER)
2026-02-28 11:43:58,765 - sqlalchemy.engine.Engine - INFO - [cached since 1703s ago] (1, 2, 3, 4, 5)
2026-02-28 11:43:58,766 - sqlalchemy.engine.Engine - INFO - ROLLBACK
2026-02-28 11:44:08,342 - sqlalchemy.engine.Engine - INFO - BEGIN (implicit)
2026-02-28 11:44:08,343 - sqlalchemy.engine.Engine - INFO - SELECT orders.id, orders.client_id, orders.status, orders.warehouse, orders.service_datetime, orders.delivery_datetime, orders.promise, orders.marker_color, orders.address_id, orders.address_text, orders.created_at, orders.updated_at 
FROM orders 
WHERE orders.id = $1::INTEGER
2026-02-28 11:44:08,343 - sqlalchemy.engine.Engine - INFO - [cached since 1708s ago] (5,)
2026-02-28 11:44:08,344 - sqlalchemy.engine.Engine - INFO - BEGIN (implicit)
2026-02-28 11:44:08,344 - sqlalchemy.engine.Engine - INFO - SELECT admins.id, admins.username, admins.password_hash, admins.created_at 
FROM admins 
WHERE admins.username = $1::VARCHAR
2026-02-28 11:44:08,344 - sqlalchemy.engine.Engine - INFO - [cached since 3071s ago] ('zhura2296@yandex.ru',)
2026-02-28 11:44:08,345 - sqlalchemy.engine.Engine - INFO - SELECT finance.order_id AS finance_order_id, finance.id AS finance_id, finance.revenue AS finance_revenue, finance.cost_of_goods AS finance_cost_of_goods, finance.installer_payments AS finance_installer_payments, finance.expenses AS finance_expenses, finance.warranty_costs_oleg AS finance_warranty_costs_oleg, finance.warranty_costs_installer AS finance_warranty_costs_installer, finance.profit AS finance_profit, finance.created_at AS finance_created_at, finance.updated_at AS finance_updated_at 
FROM finance 
WHERE finance.order_id IN ($1::INTEGER)
2026-02-28 11:44:08,345 - sqlalchemy.engine.Engine - INFO - [cached since 1713s ago] (5,)
2026-02-28 11:44:08,346 - sqlalchemy.engine.Engine - INFO - SELECT installers.id, installers.full_name, installers.nickname, installers.phone, installers.backup_phone, installers.specialization, installers.rating, installers.base_price, installers.is_debtor, installers.comments, installers.is_active, installers.is_in_funnel, installers.total_orders, installers.poor_work_count, installers.warranty_visits_count, installers.last_incident_date, installers.updated_at, installers.created_at, installers.deleted_at 
FROM installers 
WHERE installers.deleted_at IS NULL 
 LIMIT $1::INTEGER OFFSET $2::INTEGER
2026-02-28 11:44:08,346 - sqlalchemy.engine.Engine - INFO - [cached since 3070s ago] (100, 0)
2026-02-28 11:44:08,347 - sqlalchemy.engine.Engine - INFO - SELECT clients.id AS clients_id, clients.full_name AS clients_full_name, clients.phone AS clients_phone, clients.address AS clients_address, clients.coordinates AS clients_coordinates, clients.created_at AS clients_created_at, clients.last_contact AS clients_last_contact, clients.comments AS clients_comments, clients.updated_at AS clients_updated_at, clients.backup_phone AS clients_backup_phone, clients.deleted_at AS clients_deleted_at 
FROM clients 
WHERE clients.id IN ($1::INTEGER)
2026-02-28 11:44:08,347 - sqlalchemy.engine.Engine - INFO - [cached since 1713s ago] (2,)
2026-02-28 11:44:08,348 - sqlalchemy.engine.Engine - INFO - SELECT address_cache.address AS address_cache_address, address_cache.lat AS address_cache_lat, address_cache.lon AS address_cache_lon, address_cache.updated_at AS address_cache_updated_at 
FROM address_cache 
WHERE address_cache.address IN ($1::VARCHAR)
2026-02-28 11:44:08,348 - sqlalchemy.engine.Engine - INFO - [cached since 1713s ago] ('Россия, Москва, улица Пресненский Вал, 19',)
2026-02-28 11:44:08,349 - sqlalchemy.engine.Engine - INFO - SELECT order_installers.order_id AS order_installers_order_id, order_installers.id AS order_installers_id, order_installers.installer_id AS order_installers_installer_id, order_installers.role AS order_installers_role, order_installers.base_payment AS order_installers_base_payment, order_installers.is_primary AS order_installers_is_primary, order_installers.created_at AS order_installers_created_at, order_installers.updated_at AS order_installers_updated_at 
FROM order_installers 
WHERE order_installers.order_id IN ($1::INTEGER)
2026-02-28 11:44:08,349 - sqlalchemy.engine.Engine - INFO - [cached since 1713s ago] (5,)
2026-02-28 11:44:08,350 - sqlalchemy.engine.Engine - INFO - ROLLBACK
2026-02-28 11:44:08,351 - sqlalchemy.engine.Engine - INFO - BEGIN (implicit)
2026-02-28 11:44:08,351 - sqlalchemy.engine.Engine - INFO - SELECT admins.id, admins.username, admins.password_hash, admins.created_at 
FROM admins 
WHERE admins.username = $1::VARCHAR
2026-02-28 11:44:08,351 - sqlalchemy.engine.Engine - INFO - [cached since 3071s ago] ('zhura2296@yandex.ru',)
2026-02-28 11:44:08,352 - sqlalchemy.engine.Engine - INFO - ROLLBACK
2026-02-28 11:44:08,353 - sqlalchemy.engine.Engine - INFO - SELECT installers.id, installers.full_name, installers.nickname, installers.phone, installers.backup_phone, installers.specialization, installers.rating, installers.base_price, installers.is_debtor, installers.comments, installers.is_active, installers.is_in_funnel, installers.total_orders, installers.poor_work_count, installers.warranty_visits_count, installers.last_incident_date, installers.updated_at, installers.created_at, installers.deleted_at 
FROM installers 
WHERE installers.deleted_at IS NULL 
 LIMIT $1::INTEGER OFFSET $2::INTEGER
2026-02-28 11:44:08,353 - sqlalchemy.engine.Engine - INFO - [cached since 3070s ago] (100, 0)
2026-02-28 11:44:08,354 - sqlalchemy.engine.Engine - INFO - BEGIN (implicit)
2026-02-28 11:44:08,354 - sqlalchemy.engine.Engine - INFO - SELECT orders.id, orders.client_id, orders.status, orders.warehouse, orders.service_datetime, orders.delivery_datetime, orders.promise, orders.marker_color, orders.address_id, orders.address_text, orders.created_at, orders.updated_at 
FROM orders 
WHERE orders.id = $1::INTEGER
2026-02-28 11:44:08,354 - sqlalchemy.engine.Engine - INFO - [cached since 1708s ago] (5,)
2026-02-28 11:44:08,355 - sqlalchemy.engine.Engine - INFO - SELECT finance.order_id AS finance_order_id, finance.id AS finance_id, finance.revenue AS finance_revenue, finance.cost_of_goods AS finance_cost_of_goods, finance.installer_payments AS finance_installer_payments, finance.expenses AS finance_expenses, finance.warranty_costs_oleg AS finance_warranty_costs_oleg, finance.warranty_costs_installer AS finance_warranty_costs_installer, finance.profit AS finance_profit, finance.created_at AS finance_created_at, finance.updated_at AS finance_updated_at 
FROM finance 
WHERE finance.order_id IN ($1::INTEGER)
2026-02-28 11:44:08,355 - sqlalchemy.engine.Engine - INFO - [cached since 1713s ago] (5,)
2026-02-28 11:44:08,356 - sqlalchemy.engine.Engine - INFO - ROLLBACK
2026-02-28 11:44:08,356 - sqlalchemy.engine.Engine - INFO - SELECT clients.id AS clients_id, clients.full_name AS clients_full_name, clients.phone AS clients_phone, clients.address AS clients_address, clients.coordinates AS clients_coordinates, clients.created_at AS clients_created_at, clients.last_contact AS clients_last_contact, clients.comments AS clients_comments, clients.updated_at AS clients_updated_at, clients.backup_phone AS clients_backup_phone, clients.deleted_at AS clients_deleted_at 
FROM clients 
WHERE clients.id IN ($1::INTEGER)
2026-02-28 11:44:08,356 - sqlalchemy.engine.Engine - INFO - [cached since 1713s ago] (2,)
2026-02-28 11:44:08,357 - sqlalchemy.engine.Engine - INFO - SELECT address_cache.address AS address_cache_address, address_cache.lat AS address_cache_lat, address_cache.lon AS address_cache_lon, address_cache.updated_at AS address_cache_updated_at 
FROM address_cache 
WHERE address_cache.address IN ($1::VARCHAR)
2026-02-28 11:44:08,357 - sqlalchemy.engine.Engine - INFO - [cached since 1713s ago] ('Россия, Москва, улица Пресненский Вал, 19',)
2026-02-28 11:44:08,358 - sqlalchemy.engine.Engine - INFO - SELECT order_installers.order_id AS order_installers_order_id, order_installers.id AS order_installers_id, order_installers.installer_id AS order_installers_installer_id, order_installers.role AS order_installers_role, order_installers.base_payment AS order_installers_base_payment, order_installers.is_primary AS order_installers_is_primary, order_installers.created_at AS order_installers_created_at, order_installers.updated_at AS order_installers_updated_at 
FROM order_installers 
WHERE order_installers.order_id IN ($1::INTEGER)
2026-02-28 11:44:08,358 - sqlalchemy.engine.Engine - INFO - [cached since 1713s ago] (5,)
2026-02-28 11:44:08,359 - sqlalchemy.engine.Engine - INFO - ROLLBACK
2026-02-28 11:44:16,711 - sqlalchemy.engine.Engine - INFO - BEGIN (implicit)
2026-02-28 11:44:16,711 - sqlalchemy.engine.Engine - INFO - SELECT orders.id, orders.client_id, orders.status, orders.warehouse, orders.service_datetime, orders.delivery_datetime, orders.promise, orders.marker_color, orders.address_id, orders.address_text, orders.created_at, orders.updated_at 
FROM orders 
 LIMIT $1::INTEGER OFFSET $2::INTEGER
2026-02-28 11:44:16,711 - sqlalchemy.engine.Engine - INFO - [cached since 1721s ago] (100, 0)
2026-02-28 11:44:16,712 - sqlalchemy.engine.Engine - INFO - SELECT finance.order_id AS finance_order_id, finance.id AS finance_id, finance.revenue AS finance_revenue, finance.cost_of_goods AS finance_cost_of_goods, finance.installer_payments AS finance_installer_payments, finance.expenses AS finance_expenses, finance.warranty_costs_oleg AS finance_warranty_costs_oleg, finance.warranty_costs_installer AS finance_warranty_costs_installer, finance.profit AS finance_profit, finance.created_at AS finance_created_at, finance.updated_at AS finance_updated_at 
FROM finance 
WHERE finance.order_id IN ($1::INTEGER, $2::INTEGER, $3::INTEGER, $4::INTEGER, $5::INTEGER)
2026-02-28 11:44:16,712 - sqlalchemy.engine.Engine - INFO - [cached since 1721s ago] (1, 2, 3, 4, 5)
2026-02-28 11:44:16,713 - sqlalchemy.engine.Engine - INFO - SELECT clients.id AS clients_id, clients.full_name AS clients_full_name, clients.phone AS clients_phone, clients.address AS clients_address, clients.coordinates AS clients_coordinates, clients.created_at AS clients_created_at, clients.last_contact AS clients_last_contact, clients.comments AS clients_comments, clients.updated_at AS clients_updated_at, clients.backup_phone AS clients_backup_phone, clients.deleted_at AS clients_deleted_at 
FROM clients 
WHERE clients.id IN ($1::INTEGER)
2026-02-28 11:44:16,713 - sqlalchemy.engine.Engine - INFO - [cached since 1721s ago] (2,)
2026-02-28 11:44:16,714 - sqlalchemy.engine.Engine - INFO - SELECT address_cache.address AS address_cache_address, address_cache.lat AS address_cache_lat, address_cache.lon AS address_cache_lon, address_cache.updated_at AS address_cache_updated_at 
FROM address_cache 
WHERE address_cache.address IN ($1::VARCHAR, $2::VARCHAR, $3::VARCHAR)
2026-02-28 11:44:16,714 - sqlalchemy.engine.Engine - INFO - [cached since 1721s ago] ('Москва, ул. Ленина, 10', 'Россия, Москва, улица Пресненский Вал, 19', 'Россия, Московская область, Мытищи, улица Карла Маркса, 4')
2026-02-28 11:44:16,714 - sqlalchemy.engine.Engine - INFO - SELECT order_installers.order_id AS order_installers_order_id, order_installers.id AS order_installers_id, order_installers.installer_id AS order_installers_installer_id, order_installers.role AS order_installers_role, order_installers.base_payment AS order_installers_base_payment, order_installers.is_primary AS order_installers_is_primary, order_installers.created_at AS order_installers_created_at, order_installers.updated_at AS order_installers_updated_at 
FROM order_installers 
WHERE order_installers.order_id IN ($1::INTEGER, $2::INTEGER, $3::INTEGER, $4::INTEGER, $5::INTEGER)
2026-02-28 11:44:16,714 - sqlalchemy.engine.Engine - INFO - [cached since 1721s ago] (1, 2, 3, 4, 5)
2026-02-28 11:44:16,715 - sqlalchemy.engine.Engine - INFO - ROLLBACK
2026-02-28 11:44:16,716 - sqlalchemy.engine.Engine - INFO - BEGIN (implicit)
2026-02-28 11:44:16,717 - sqlalchemy.engine.Engine - INFO - SELECT orders.id, orders.client_id, orders.status, orders.warehouse, orders.service_datetime, orders.delivery_datetime, orders.promise, orders.marker_color, orders.address_id, orders.address_text, orders.created_at, orders.updated_at 
FROM orders 
 LIMIT $1::INTEGER OFFSET $2::INTEGER
2026-02-28 11:44:16,717 - sqlalchemy.engine.Engine - INFO - [cached since 1721s ago] (100, 0)
2026-02-28 11:44:16,718 - sqlalchemy.engine.Engine - INFO - SELECT finance.order_id AS finance_order_id, finance.id AS finance_id, finance.revenue AS finance_revenue, finance.cost_of_goods AS finance_cost_of_goods, finance.installer_payments AS finance_installer_payments, finance.expenses AS finance_expenses, finance.warranty_costs_oleg AS finance_warranty_costs_oleg, finance.warranty_costs_installer AS finance_warranty_costs_installer, finance.profit AS finance_profit, finance.created_at AS finance_created_at, finance.updated_at AS finance_updated_at 
FROM finance 
WHERE finance.order_id IN ($1::INTEGER, $2::INTEGER, $3::INTEGER, $4::INTEGER, $5::INTEGER)
2026-02-28 11:44:16,719 - sqlalchemy.engine.Engine - INFO - [cached since 1721s ago] (1, 2, 3, 4, 5)
2026-02-28 11:44:16,720 - sqlalchemy.engine.Engine - INFO - SELECT clients.id AS clients_id, clients.full_name AS clients_full_name, clients.phone AS clients_phone, clients.address AS clients_address, clients.coordinates AS clients_coordinates, clients.created_at AS clients_created_at, clients.last_contact AS clients_last_contact, clients.comments AS clients_comments, clients.updated_at AS clients_updated_at, clients.backup_phone AS clients_backup_phone, clients.deleted_at AS clients_deleted_at 
FROM clients 
WHERE clients.id IN ($1::INTEGER)
2026-02-28 11:44:16,720 - sqlalchemy.engine.Engine - INFO - [cached since 1721s ago] (2,)
2026-02-28 11:44:16,721 - sqlalchemy.engine.Engine - INFO - SELECT address_cache.address AS address_cache_address, address_cache.lat AS address_cache_lat, address_cache.lon AS address_cache_lon, address_cache.updated_at AS address_cache_updated_at 
FROM address_cache 
WHERE address_cache.address IN ($1::VARCHAR, $2::VARCHAR, $3::VARCHAR)
2026-02-28 11:44:16,721 - sqlalchemy.engine.Engine - INFO - [cached since 1721s ago] ('Москва, ул. Ленина, 10', 'Россия, Москва, улица Пресненский Вал, 19', 'Россия, Московская область, Мытищи, улица Карла Маркса, 4')
2026-02-28 11:44:16,721 - sqlalchemy.engine.Engine - INFO - SELECT order_installers.order_id AS order_installers_order_id, order_installers.id AS order_installers_id, order_installers.installer_id AS order_installers_installer_id, order_installers.role AS order_installers_role, order_installers.base_payment AS order_installers_base_payment, order_installers.is_primary AS order_installers_is_primary, order_installers.created_at AS order_installers_created_at, order_installers.updated_at AS order_installers_updated_at 
FROM order_installers 
WHERE order_installers.order_id IN ($1::INTEGER, $2::INTEGER, $3::INTEGER, $4::INTEGER, $5::INTEGER)
2026-02-28 11:44:16,721 - sqlalchemy.engine.Engine - INFO - [cached since 1721s ago] (1, 2, 3, 4, 5)
2026-02-28 11:44:16,722 - sqlalchemy.engine.Engine - INFO - ROLLBACK
2026-02-28 11:44:20,373 - sqlalchemy.engine.Engine - INFO - BEGIN (implicit)
2026-02-28 11:44:20,374 - sqlalchemy.engine.Engine - INFO - SELECT orders.id, orders.client_id, orders.status, orders.warehouse, orders.service_datetime, orders.delivery_datetime, orders.promise, orders.marker_color, orders.address_id, orders.address_text, orders.created_at, orders.updated_at 
FROM orders 
WHERE orders.id = $1::INTEGER
2026-02-28 11:44:20,374 - sqlalchemy.engine.Engine - INFO - [cached since 1720s ago] (4,)
2026-02-28 11:44:20,375 - sqlalchemy.engine.Engine - INFO - BEGIN (implicit)
2026-02-28 11:44:20,375 - sqlalchemy.engine.Engine - INFO - SELECT admins.id, admins.username, admins.password_hash, admins.created_at 
FROM admins 
WHERE admins.username = $1::VARCHAR
2026-02-28 11:44:20,375 - sqlalchemy.engine.Engine - INFO - [cached since 3083s ago] ('zhura2296@yandex.ru',)
2026-02-28 11:44:20,376 - sqlalchemy.engine.Engine - INFO - SELECT finance.order_id AS finance_order_id, finance.id AS finance_id, finance.revenue AS finance_revenue, finance.cost_of_goods AS finance_cost_of_goods, finance.installer_payments AS finance_installer_payments, finance.expenses AS finance_expenses, finance.warranty_costs_oleg AS finance_warranty_costs_oleg, finance.warranty_costs_installer AS finance_warranty_costs_installer, finance.profit AS finance_profit, finance.created_at AS finance_created_at, finance.updated_at AS finance_updated_at 
FROM finance 
WHERE finance.order_id IN ($1::INTEGER)
2026-02-28 11:44:20,376 - sqlalchemy.engine.Engine - INFO - [cached since 1725s ago] (4,)
2026-02-28 11:44:20,377 - sqlalchemy.engine.Engine - INFO - SELECT installers.id, installers.full_name, installers.nickname, installers.phone, installers.backup_phone, installers.specialization, installers.rating, installers.base_price, installers.is_debtor, installers.comments, installers.is_active, installers.is_in_funnel, installers.total_orders, installers.poor_work_count, installers.warranty_visits_count, installers.last_incident_date, installers.updated_at, installers.created_at, installers.deleted_at 
FROM installers 
WHERE installers.deleted_at IS NULL 
 LIMIT $1::INTEGER OFFSET $2::INTEGER
2026-02-28 11:44:20,377 - sqlalchemy.engine.Engine - INFO - [cached since 3083s ago] (100, 0)
2026-02-28 11:44:20,377 - sqlalchemy.engine.Engine - INFO - SELECT clients.id AS clients_id, clients.full_name AS clients_full_name, clients.phone AS clients_phone, clients.address AS clients_address, clients.coordinates AS clients_coordinates, clients.created_at AS clients_created_at, clients.last_contact AS clients_last_contact, clients.comments AS clients_comments, clients.updated_at AS clients_updated_at, clients.backup_phone AS clients_backup_phone, clients.deleted_at AS clients_deleted_at 
FROM clients 
WHERE clients.id IN ($1::INTEGER)
2026-02-28 11:44:20,378 - sqlalchemy.engine.Engine - INFO - [cached since 1725s ago] (2,)
2026-02-28 11:44:20,378 - sqlalchemy.engine.Engine - INFO - SELECT address_cache.address AS address_cache_address, address_cache.lat AS address_cache_lat, address_cache.lon AS address_cache_lon, address_cache.updated_at AS address_cache_updated_at 
FROM address_cache 
WHERE address_cache.address IN ($1::VARCHAR)
2026-02-28 11:44:20,378 - sqlalchemy.engine.Engine - INFO - [cached since 1725s ago] ('Россия, Московская область, Мытищи, улица Карла Маркса, 4',)
2026-02-28 11:44:20,380 - sqlalchemy.engine.Engine - INFO - SELECT order_installers.order_id AS order_installers_order_id, order_installers.id AS order_installers_id, order_installers.installer_id AS order_installers_installer_id, order_installers.role AS order_installers_role, order_installers.base_payment AS order_installers_base_payment, order_installers.is_primary AS order_installers_is_primary, order_installers.created_at AS order_installers_created_at, order_installers.updated_at AS order_installers_updated_at 
FROM order_installers 
WHERE order_installers.order_id IN ($1::INTEGER)
2026-02-28 11:44:20,380 - sqlalchemy.engine.Engine - INFO - [cached since 1725s ago] (4,)
2026-02-28 11:44:20,380 - sqlalchemy.engine.Engine - INFO - ROLLBACK
2026-02-28 11:44:20,381 - sqlalchemy.engine.Engine - INFO - BEGIN (implicit)
2026-02-28 11:44:20,381 - sqlalchemy.engine.Engine - INFO - SELECT admins.id, admins.username, admins.password_hash, admins.created_at 
FROM admins 
WHERE admins.username = $1::VARCHAR
2026-02-28 11:44:20,382 - sqlalchemy.engine.Engine - INFO - [cached since 3083s ago] ('zhura2296@yandex.ru',)
2026-02-28 11:44:20,382 - sqlalchemy.engine.Engine - INFO - ROLLBACK
2026-02-28 11:44:20,383 - sqlalchemy.engine.Engine - INFO - SELECT installers.id, installers.full_name, installers.nickname, installers.phone, installers.backup_phone, installers.specialization, installers.rating, installers.base_price, installers.is_debtor, installers.comments, installers.is_active, installers.is_in_funnel, installers.total_orders, installers.poor_work_count, installers.warranty_visits_count, installers.last_incident_date, installers.updated_at, installers.created_at, installers.deleted_at 
FROM installers 
WHERE installers.deleted_at IS NULL 
 LIMIT $1::INTEGER OFFSET $2::INTEGER
2026-02-28 11:44:20,383 - sqlalchemy.engine.Engine - INFO - [cached since 3083s ago] (100, 0)
2026-02-28 11:44:20,384 - sqlalchemy.engine.Engine - INFO - BEGIN (implicit)
2026-02-28 11:44:20,384 - sqlalchemy.engine.Engine - INFO - SELECT orders.id, orders.client_id, orders.status, orders.warehouse, orders.service_datetime, orders.delivery_datetime, orders.promise, orders.marker_color, orders.address_id, orders.address_text, orders.created_at, orders.updated_at 
FROM orders 
WHERE orders.id = $1::INTEGER
2026-02-28 11:44:20,384 - sqlalchemy.engine.Engine - INFO - [cached since 1720s ago] (4,)
2026-02-28 11:44:20,385 - sqlalchemy.engine.Engine - INFO - ROLLBACK
2026-02-28 11:44:20,386 - sqlalchemy.engine.Engine - INFO - SELECT finance.order_id AS finance_order_id, finance.id AS finance_id, finance.revenue AS finance_revenue, finance.cost_of_goods AS finance_cost_of_goods, finance.installer_payments AS finance_installer_payments, finance.expenses AS finance_expenses, finance.warranty_costs_oleg AS finance_warranty_costs_oleg, finance.warranty_costs_installer AS finance_warranty_costs_installer, finance.profit AS finance_profit, finance.created_at AS finance_created_at, finance.updated_at AS finance_updated_at 
FROM finance 
WHERE finance.order_id IN ($1::INTEGER)
2026-02-28 11:44:20,386 - sqlalchemy.engine.Engine - INFO - [cached since 1725s ago] (4,)
2026-02-28 11:44:20,387 - sqlalchemy.engine.Engine - INFO - SELECT clients.id AS clients_id, clients.full_name AS clients_full_name, clients.phone AS clients_phone, clients.address AS clients_address, clients.coordinates AS clients_coordinates, clients.created_at AS clients_created_at, clients.last_contact AS clients_last_contact, clients.comments AS clients_comments, clients.updated_at AS clients_updated_at, clients.backup_phone AS clients_backup_phone, clients.deleted_at AS clients_deleted_at 
FROM clients 
WHERE clients.id IN ($1::INTEGER)
2026-02-28 11:44:20,387 - sqlalchemy.engine.Engine - INFO - [cached since 1725s ago] (2,)
2026-02-28 11:44:20,388 - sqlalchemy.engine.Engine - INFO - SELECT address_cache.address AS address_cache_address, address_cache.lat AS address_cache_lat, address_cache.lon AS address_cache_lon, address_cache.updated_at AS address_cache_updated_at 
FROM address_cache 
WHERE address_cache.address IN ($1::VARCHAR)
2026-02-28 11:44:20,388 - sqlalchemy.engine.Engine - INFO - [cached since 1725s ago] ('Россия, Московская область, Мытищи, улица Карла Маркса, 4',)
2026-02-28 11:44:20,389 - sqlalchemy.engine.Engine - INFO - SELECT order_installers.order_id AS order_installers_order_id, order_installers.id AS order_installers_id, order_installers.installer_id AS order_installers_installer_id, order_installers.role AS order_installers_role, order_installers.base_payment AS order_installers_base_payment, order_installers.is_primary AS order_installers_is_primary, order_installers.created_at AS order_installers_created_at, order_installers.updated_at AS order_installers_updated_at 
FROM order_installers 
WHERE order_installers.order_id IN ($1::INTEGER)
2026-02-28 11:44:20,389 - sqlalchemy.engine.Engine - INFO - [cached since 1725s ago] (4,)
2026-02-28 11:44:20,390 - sqlalchemy.engine.Engine - INFO - ROLLBACK
2026-02-28 11:45:07,001 - sqlalchemy.engine.Engine - INFO - BEGIN (implicit)
2026-02-28 11:45:07,001 - sqlalchemy.engine.Engine - INFO - SELECT admins.id, admins.username, admins.password_hash, admins.created_at 
FROM admins 
WHERE admins.username = $1::VARCHAR
2026-02-28 11:45:07,002 - sqlalchemy.engine.Engine - INFO - [cached since 3129s ago] ('zhura2296@yandex.ru',)
2026-02-28 11:45:07,003 - sqlalchemy.engine.Engine - INFO - SELECT clients.id, clients.full_name, clients.phone, clients.address, clients.coordinates, clients.created_at, clients.last_contact, clients.comments, clients.updated_at, clients.backup_phone, clients.deleted_at 
FROM clients 
 LIMIT $1::INTEGER OFFSET $2::INTEGER
2026-02-28 11:45:07,003 - sqlalchemy.engine.Engine - INFO - [cached since 3129s ago] (100, 0)
2026-02-28 11:45:07,005 - sqlalchemy.engine.Engine - INFO - BEGIN (implicit)
2026-02-28 11:45:07,005 - sqlalchemy.engine.Engine - INFO - SELECT admins.id, admins.username, admins.password_hash, admins.created_at 
FROM admins 
WHERE admins.username = $1::VARCHAR
2026-02-28 11:45:07,005 - sqlalchemy.engine.Engine - INFO - [cached since 3130s ago] ('zhura2296@yandex.ru',)
2026-02-28 11:45:07,007 - sqlalchemy.engine.Engine - INFO - SELECT installers.id, installers.full_name, installers.nickname, installers.phone, installers.backup_phone, installers.specialization, installers.rating, installers.base_price, installers.is_debtor, installers.comments, installers.is_active, installers.is_in_funnel, installers.total_orders, installers.poor_work_count, installers.warranty_visits_count, installers.last_incident_date, installers.updated_at, installers.created_at, installers.deleted_at 
FROM installers 
WHERE installers.deleted_at IS NULL 
 LIMIT $1::INTEGER OFFSET $2::INTEGER
2026-02-28 11:45:07,007 - sqlalchemy.engine.Engine - INFO - [cached since 3129s ago] (100, 0)
2026-02-28 11:45:07,008 - sqlalchemy.engine.Engine - INFO - BEGIN (implicit)
2026-02-28 11:45:07,008 - sqlalchemy.engine.Engine - INFO - SELECT admins.id, admins.username, admins.password_hash, admins.created_at 
FROM admins 
WHERE admins.username = $1::VARCHAR
2026-02-28 11:45:07,009 - sqlalchemy.engine.Engine - INFO - [cached since 3130s ago] ('zhura2296@yandex.ru',)
2026-02-28 11:45:07,009 - sqlalchemy.engine.Engine - INFO - ROLLBACK
2026-02-28 11:45:07,010 - sqlalchemy.engine.Engine - INFO - SELECT clients.id, clients.full_name, clients.phone, clients.address, clients.coordinates, clients.created_at, clients.last_contact, clients.comments, clients.updated_at, clients.backup_phone, clients.deleted_at 
FROM clients 
 LIMIT $1::INTEGER OFFSET $2::INTEGER
2026-02-28 11:45:07,010 - sqlalchemy.engine.Engine - INFO - [cached since 3129s ago] (100, 0)
2026-02-28 11:45:07,011 - sqlalchemy.engine.Engine - INFO - ROLLBACK
2026-02-28 11:45:07,012 - sqlalchemy.engine.Engine - INFO - BEGIN (implicit)
2026-02-28 11:45:07,012 - sqlalchemy.engine.Engine - INFO - SELECT admins.id, admins.username, admins.password_hash, admins.created_at 
FROM admins 
WHERE admins.username = $1::VARCHAR
2026-02-28 11:45:07,012 - sqlalchemy.engine.Engine - INFO - [cached since 3130s ago] ('zhura2296@yandex.ru',)
2026-02-28 11:45:07,013 - sqlalchemy.engine.Engine - INFO - SELECT installers.id, installers.full_name, installers.nickname, installers.phone, installers.backup_phone, installers.specialization, installers.rating, installers.base_price, installers.is_debtor, installers.comments, installers.is_active, installers.is_in_funnel, installers.total_orders, installers.poor_work_count, installers.warranty_visits_count, installers.last_incident_date, installers.updated_at, installers.created_at, installers.deleted_at 
FROM installers 
WHERE installers.deleted_at IS NULL 
 LIMIT $1::INTEGER OFFSET $2::INTEGER
2026-02-28 11:45:07,013 - sqlalchemy.engine.Engine - INFO - [cached since 3129s ago] (100, 0)
2026-02-28 11:45:07,013 - sqlalchemy.engine.Engine - INFO - ROLLBACK
2026-02-28 11:45:07,014 - sqlalchemy.engine.Engine - INFO - ROLLBACK
2026-02-28 11:45:34,149 - sqlalchemy.engine.Engine - INFO - BEGIN (implicit)
2026-02-28 11:45:34,149 - sqlalchemy.engine.Engine - INFO - SELECT admins.id, admins.username, admins.password_hash, admins.created_at 
FROM admins 
WHERE admins.username = $1::VARCHAR
2026-02-28 11:45:34,149 - sqlalchemy.engine.Engine - INFO - [cached since 3157s ago] ('zhura2296@yandex.ru',)
2026-02-28 11:45:34,150 - sqlalchemy.engine.Engine - INFO - SELECT installers.id, installers.full_name, installers.nickname, installers.phone, installers.backup_phone, installers.specialization, installers.rating, installers.base_price, installers.is_debtor, installers.comments, installers.is_active, installers.is_in_funnel, installers.total_orders, installers.poor_work_count, installers.warranty_visits_count, installers.last_incident_date, installers.updated_at, installers.created_at, installers.deleted_at 
FROM installers 
WHERE installers.deleted_at IS NULL 
 LIMIT $1::INTEGER OFFSET $2::INTEGER
2026-02-28 11:45:34,151 - sqlalchemy.engine.Engine - INFO - [cached since 3156s ago] (100, 0)
2026-02-28 11:45:34,152 - sqlalchemy.engine.Engine - INFO - ROLLBACK
2026-02-28 11:45:34,154 - sqlalchemy.engine.Engine - INFO - BEGIN (implicit)
2026-02-28 11:45:34,154 - sqlalchemy.engine.Engine - INFO - SELECT admins.id, admins.username, admins.password_hash, admins.created_at 
FROM admins 
WHERE admins.username = $1::VARCHAR
2026-02-28 11:45:34,154 - sqlalchemy.engine.Engine - INFO - [cached since 3157s ago] ('zhura2296@yandex.ru',)
2026-02-28 11:45:34,157 - sqlalchemy.engine.Engine - INFO - SELECT installers.id, installers.full_name, installers.nickname, installers.phone, installers.backup_phone, installers.specialization, installers.rating, installers.base_price, installers.is_debtor, installers.comments, installers.is_active, installers.is_in_funnel, installers.total_orders, installers.poor_work_count, installers.warranty_visits_count, installers.last_incident_date, installers.updated_at, installers.created_at, installers.deleted_at 
FROM installers 
WHERE installers.deleted_at IS NULL 
 LIMIT $1::INTEGER OFFSET $2::INTEGER
2026-02-28 11:45:34,158 - sqlalchemy.engine.Engine - INFO - [cached since 3156s ago] (100, 0)
2026-02-28 11:45:34,159 - sqlalchemy.engine.Engine - INFO - ROLLBACK
2026-02-28 11:45:36,085 - sqlalchemy.engine.Engine - INFO - BEGIN (implicit)
2026-02-28 11:45:36,086 - sqlalchemy.engine.Engine - INFO - SELECT orders.id, orders.client_id, orders.status, orders.warehouse, orders.service_datetime, orders.delivery_datetime, orders.promise, orders.marker_color, orders.address_id, orders.address_text, orders.created_at, orders.updated_at 
FROM orders 
 LIMIT $1::INTEGER OFFSET $2::INTEGER
2026-02-28 11:45:36,087 - sqlalchemy.engine.Engine - INFO - [cached since 1801s ago] (100, 0)
2026-02-28 11:45:36,088 - sqlalchemy.engine.Engine - INFO - SELECT finance.order_id AS finance_order_id, finance.id AS finance_id, finance.revenue AS finance_revenue, finance.cost_of_goods AS finance_cost_of_goods, finance.installer_payments AS finance_installer_payments, finance.expenses AS finance_expenses, finance.warranty_costs_oleg AS finance_warranty_costs_oleg, finance.warranty_costs_installer AS finance_warranty_costs_installer, finance.profit AS finance_profit, finance.created_at AS finance_created_at, finance.updated_at AS finance_updated_at 
FROM finance 
WHERE finance.order_id IN ($1::INTEGER, $2::INTEGER, $3::INTEGER, $4::INTEGER, $5::INTEGER)
2026-02-28 11:45:36,088 - sqlalchemy.engine.Engine - INFO - [cached since 1801s ago] (1, 2, 3, 4, 5)
2026-02-28 11:45:36,089 - sqlalchemy.engine.Engine - INFO - SELECT clients.id AS clients_id, clients.full_name AS clients_full_name, clients.phone AS clients_phone, clients.address AS clients_address, clients.coordinates AS clients_coordinates, clients.created_at AS clients_created_at, clients.last_contact AS clients_last_contact, clients.comments AS clients_comments, clients.updated_at AS clients_updated_at, clients.backup_phone AS clients_backup_phone, clients.deleted_at AS clients_deleted_at 
FROM clients 
WHERE clients.id IN ($1::INTEGER)
2026-02-28 11:45:36,089 - sqlalchemy.engine.Engine - INFO - [cached since 1801s ago] (2,)
2026-02-28 11:45:36,090 - sqlalchemy.engine.Engine - INFO - SELECT address_cache.address AS address_cache_address, address_cache.lat AS address_cache_lat, address_cache.lon AS address_cache_lon, address_cache.updated_at AS address_cache_updated_at 
FROM address_cache 
WHERE address_cache.address IN ($1::VARCHAR, $2::VARCHAR, $3::VARCHAR)
2026-02-28 11:45:36,090 - sqlalchemy.engine.Engine - INFO - [cached since 1801s ago] ('Москва, ул. Ленина, 10', 'Россия, Москва, улица Пресненский Вал, 19', 'Россия, Московская область, Мытищи, улица Карла Маркса, 4')
2026-02-28 11:45:36,091 - sqlalchemy.engine.Engine - INFO - SELECT order_installers.order_id AS order_installers_order_id, order_installers.id AS order_installers_id, order_installers.installer_id AS order_installers_installer_id, order_installers.role AS order_installers_role, order_installers.base_payment AS order_installers_base_payment, order_installers.is_primary AS order_installers_is_primary, order_installers.created_at AS order_installers_created_at, order_installers.updated_at AS order_installers_updated_at 
FROM order_installers 
WHERE order_installers.order_id IN ($1::INTEGER, $2::INTEGER, $3::INTEGER, $4::INTEGER, $5::INTEGER)
2026-02-28 11:45:36,091 - sqlalchemy.engine.Engine - INFO - [cached since 1801s ago] (1, 2, 3, 4, 5)
2026-02-28 11:45:36,092 - sqlalchemy.engine.Engine - INFO - ROLLBACK
2026-02-28 11:45:36,093 - sqlalchemy.engine.Engine - INFO - BEGIN (implicit)
2026-02-28 11:45:36,093 - sqlalchemy.engine.Engine - INFO - SELECT orders.id, orders.client_id, orders.status, orders.warehouse, orders.service_datetime, orders.delivery_datetime, orders.promise, orders.marker_color, orders.address_id, orders.address_text, orders.created_at, orders.updated_at 
FROM orders 
 LIMIT $1::INTEGER OFFSET $2::INTEGER
2026-02-28 11:45:36,093 - sqlalchemy.engine.Engine - INFO - [cached since 1801s ago] (100, 0)
2026-02-28 11:45:36,094 - sqlalchemy.engine.Engine - INFO - SELECT finance.order_id AS finance_order_id, finance.id AS finance_id, finance.revenue AS finance_revenue, finance.cost_of_goods AS finance_cost_of_goods, finance.installer_payments AS finance_installer_payments, finance.expenses AS finance_expenses, finance.warranty_costs_oleg AS finance_warranty_costs_oleg, finance.warranty_costs_installer AS finance_warranty_costs_installer, finance.profit AS finance_profit, finance.created_at AS finance_created_at, finance.updated_at AS finance_updated_at 
FROM finance 
WHERE finance.order_id IN ($1::INTEGER, $2::INTEGER, $3::INTEGER, $4::INTEGER, $5::INTEGER)
2026-02-28 11:45:36,094 - sqlalchemy.engine.Engine - INFO - [cached since 1801s ago] (1, 2, 3, 4, 5)
2026-02-28 11:45:36,095 - sqlalchemy.engine.Engine - INFO - SELECT clients.id AS clients_id, clients.full_name AS clients_full_name, clients.phone AS clients_phone, clients.address AS clients_address, clients.coordinates AS clients_coordinates, clients.created_at AS clients_created_at, clients.last_contact AS clients_last_contact, clients.comments AS clients_comments, clients.updated_at AS clients_updated_at, clients.backup_phone AS clients_backup_phone, clients.deleted_at AS clients_deleted_at 
FROM clients 
WHERE clients.id IN ($1::INTEGER)
2026-02-28 11:45:36,095 - sqlalchemy.engine.Engine - INFO - [cached since 1801s ago] (2,)
2026-02-28 11:45:36,095 - sqlalchemy.engine.Engine - INFO - SELECT address_cache.address AS address_cache_address, address_cache.lat AS address_cache_lat, address_cache.lon AS address_cache_lon, address_cache.updated_at AS address_cache_updated_at 
FROM address_cache 
WHERE address_cache.address IN ($1::VARCHAR, $2::VARCHAR, $3::VARCHAR)
2026-02-28 11:45:36,095 - sqlalchemy.engine.Engine - INFO - [cached since 1801s ago] ('Москва, ул. Ленина, 10', 'Россия, Москва, улица Пресненский Вал, 19', 'Россия, Московская область, Мытищи, улица Карла Маркса, 4')
2026-02-28 11:45:36,096 - sqlalchemy.engine.Engine - INFO - SELECT order_installers.order_id AS order_installers_order_id, order_installers.id AS order_installers_id, order_installers.installer_id AS order_installers_installer_id, order_installers.role AS order_installers_role, order_installers.base_payment AS order_installers_base_payment, order_installers.is_primary AS order_installers_is_primary, order_installers.created_at AS order_installers_created_at, order_installers.updated_at AS order_installers_updated_at 
FROM order_installers 
WHERE order_installers.order_id IN ($1::INTEGER, $2::INTEGER, $3::INTEGER, $4::INTEGER, $5::INTEGER)
2026-02-28 11:45:36,096 - sqlalchemy.engine.Engine - INFO - [cached since 1801s ago] (1, 2, 3, 4, 5)
2026-02-28 11:45:36,097 - sqlalchemy.engine.Engine - INFO - ROLLBACK
2026-02-28 11:45:38,592 - sqlalchemy.engine.Engine - INFO - BEGIN (implicit)
2026-02-28 11:45:38,593 - sqlalchemy.engine.Engine - INFO - SELECT orders.id, orders.client_id, orders.status, orders.warehouse, orders.service_datetime, orders.delivery_datetime, orders.promise, orders.marker_color, orders.address_id, orders.address_text, orders.created_at, orders.updated_at 
FROM orders 
WHERE orders.id = $1::INTEGER
2026-02-28 11:45:38,593 - sqlalchemy.engine.Engine - INFO - [cached since 1799s ago] (5,)
2026-02-28 11:45:38,593 - sqlalchemy.engine.Engine - INFO - BEGIN (implicit)
2026-02-28 11:45:38,594 - sqlalchemy.engine.Engine - INFO - SELECT admins.id, admins.username, admins.password_hash, admins.created_at 
FROM admins 
WHERE admins.username = $1::VARCHAR
2026-02-28 11:45:38,594 - sqlalchemy.engine.Engine - INFO - [cached since 3161s ago] ('zhura2296@yandex.ru',)
2026-02-28 11:45:38,595 - sqlalchemy.engine.Engine - INFO - SELECT finance.order_id AS finance_order_id, finance.id AS finance_id, finance.revenue AS finance_revenue, finance.cost_of_goods AS finance_cost_of_goods, finance.installer_payments AS finance_installer_payments, finance.expenses AS finance_expenses, finance.warranty_costs_oleg AS finance_warranty_costs_oleg, finance.warranty_costs_installer AS finance_warranty_costs_installer, finance.profit AS finance_profit, finance.created_at AS finance_created_at, finance.updated_at AS finance_updated_at 
FROM finance 
WHERE finance.order_id IN ($1::INTEGER)
2026-02-28 11:45:38,595 - sqlalchemy.engine.Engine - INFO - [cached since 1803s ago] (5,)
2026-02-28 11:45:38,596 - sqlalchemy.engine.Engine - INFO - SELECT installers.id, installers.full_name, installers.nickname, installers.phone, installers.backup_phone, installers.specialization, installers.rating, installers.base_price, installers.is_debtor, installers.comments, installers.is_active, installers.is_in_funnel, installers.total_orders, installers.poor_work_count, installers.warranty_visits_count, installers.last_incident_date, installers.updated_at, installers.created_at, installers.deleted_at 
FROM installers 
WHERE installers.deleted_at IS NULL 
 LIMIT $1::INTEGER OFFSET $2::INTEGER
2026-02-28 11:45:38,596 - sqlalchemy.engine.Engine - INFO - [cached since 3161s ago] (100, 0)
2026-02-28 11:45:38,597 - sqlalchemy.engine.Engine - INFO - SELECT clients.id AS clients_id, clients.full_name AS clients_full_name, clients.phone AS clients_phone, clients.address AS clients_address, clients.coordinates AS clients_coordinates, clients.created_at AS clients_created_at, clients.last_contact AS clients_last_contact, clients.comments AS clients_comments, clients.updated_at AS clients_updated_at, clients.backup_phone AS clients_backup_phone, clients.deleted_at AS clients_deleted_at 
FROM clients 
WHERE clients.id IN ($1::INTEGER)
2026-02-28 11:45:38,598 - sqlalchemy.engine.Engine - INFO - [cached since 1803s ago] (2,)
2026-02-28 11:45:38,599 - sqlalchemy.engine.Engine - INFO - SELECT address_cache.address AS address_cache_address, address_cache.lat AS address_cache_lat, address_cache.lon AS address_cache_lon, address_cache.updated_at AS address_cache_updated_at 
FROM address_cache 
WHERE address_cache.address IN ($1::VARCHAR)
2026-02-28 11:45:38,599 - sqlalchemy.engine.Engine - INFO - [cached since 1803s ago] ('Россия, Москва, улица Пресненский Вал, 19',)
2026-02-28 11:45:38,601 - sqlalchemy.engine.Engine - INFO - SELECT order_installers.order_id AS order_installers_order_id, order_installers.id AS order_installers_id, order_installers.installer_id AS order_installers_installer_id, order_installers.role AS order_installers_role, order_installers.base_payment AS order_installers_base_payment, order_installers.is_primary AS order_installers_is_primary, order_installers.created_at AS order_installers_created_at, order_installers.updated_at AS order_installers_updated_at 
FROM order_installers 
WHERE order_installers.order_id IN ($1::INTEGER)
2026-02-28 11:45:38,601 - sqlalchemy.engine.Engine - INFO - [cached since 1803s ago] (5,)
2026-02-28 11:45:38,601 - sqlalchemy.engine.Engine - INFO - ROLLBACK
2026-02-28 11:45:38,602 - sqlalchemy.engine.Engine - INFO - BEGIN (implicit)
2026-02-28 11:45:38,603 - sqlalchemy.engine.Engine - INFO - SELECT admins.id, admins.username, admins.password_hash, admins.created_at 
FROM admins 
WHERE admins.username = $1::VARCHAR
2026-02-28 11:45:38,603 - sqlalchemy.engine.Engine - INFO - [cached since 3161s ago] ('zhura2296@yandex.ru',)
2026-02-28 11:45:38,603 - sqlalchemy.engine.Engine - INFO - ROLLBACK
2026-02-28 11:45:38,604 - sqlalchemy.engine.Engine - INFO - SELECT installers.id, installers.full_name, installers.nickname, installers.phone, installers.backup_phone, installers.specialization, installers.rating, installers.base_price, installers.is_debtor, installers.comments, installers.is_active, installers.is_in_funnel, installers.total_orders, installers.poor_work_count, installers.warranty_visits_count, installers.last_incident_date, installers.updated_at, installers.created_at, installers.deleted_at 
FROM installers 
WHERE installers.deleted_at IS NULL 
 LIMIT $1::INTEGER OFFSET $2::INTEGER
2026-02-28 11:45:38,604 - sqlalchemy.engine.Engine - INFO - [cached since 3161s ago] (100, 0)
2026-02-28 11:45:38,605 - sqlalchemy.engine.Engine - INFO - BEGIN (implicit)
2026-02-28 11:45:38,605 - sqlalchemy.engine.Engine - INFO - SELECT orders.id, orders.client_id, orders.status, orders.warehouse, orders.service_datetime, orders.delivery_datetime, orders.promise, orders.marker_color, orders.address_id, orders.address_text, orders.created_at, orders.updated_at 
FROM orders 
WHERE orders.id = $1::INTEGER
2026-02-28 11:45:38,605 - sqlalchemy.engine.Engine - INFO - [cached since 1799s ago] (5,)
2026-02-28 11:45:38,606 - sqlalchemy.engine.Engine - INFO - SELECT finance.order_id AS finance_order_id, finance.id AS finance_id, finance.revenue AS finance_revenue, finance.cost_of_goods AS finance_cost_of_goods, finance.installer_payments AS finance_installer_payments, finance.expenses AS finance_expenses, finance.warranty_costs_oleg AS finance_warranty_costs_oleg, finance.warranty_costs_installer AS finance_warranty_costs_installer, finance.profit AS finance_profit, finance.created_at AS finance_created_at, finance.updated_at AS finance_updated_at 
FROM finance 
WHERE finance.order_id IN ($1::INTEGER)
2026-02-28 11:45:38,606 - sqlalchemy.engine.Engine - INFO - [cached since 1803s ago] (5,)
2026-02-28 11:45:38,606 - sqlalchemy.engine.Engine - INFO - ROLLBACK
2026-02-28 11:45:38,607 - sqlalchemy.engine.Engine - INFO - SELECT clients.id AS clients_id, clients.full_name AS clients_full_name, clients.phone AS clients_phone, clients.address AS clients_address, clients.coordinates AS clients_coordinates, clients.created_at AS clients_created_at, clients.last_contact AS clients_last_contact, clients.comments AS clients_comments, clients.updated_at AS clients_updated_at, clients.backup_phone AS clients_backup_phone, clients.deleted_at AS clients_deleted_at 
FROM clients 
WHERE clients.id IN ($1::INTEGER)
2026-02-28 11:45:38,607 - sqlalchemy.engine.Engine - INFO - [cached since 1803s ago] (2,)
2026-02-28 11:45:38,608 - sqlalchemy.engine.Engine - INFO - SELECT address_cache.address AS address_cache_address, address_cache.lat AS address_cache_lat, address_cache.lon AS address_cache_lon, address_cache.updated_at AS address_cache_updated_at 
FROM address_cache 
WHERE address_cache.address IN ($1::VARCHAR)
2026-02-28 11:45:38,608 - sqlalchemy.engine.Engine - INFO - [cached since 1803s ago] ('Россия, Москва, улица Пресненский Вал, 19',)
2026-02-28 11:45:38,609 - sqlalchemy.engine.Engine - INFO - SELECT order_installers.order_id AS order_installers_order_id, order_installers.id AS order_installers_id, order_installers.installer_id AS order_installers_installer_id, order_installers.role AS order_installers_role, order_installers.base_payment AS order_installers_base_payment, order_installers.is_primary AS order_installers_is_primary, order_installers.created_at AS order_installers_created_at, order_installers.updated_at AS order_installers_updated_at 
FROM order_installers 
WHERE order_installers.order_id IN ($1::INTEGER)
2026-02-28 11:45:38,609 - sqlalchemy.engine.Engine - INFO - [cached since 1803s ago] (5,)
2026-02-28 11:45:38,610 - sqlalchemy.engine.Engine - INFO - ROLLBACK
2026-02-28 11:45:50,096 - sqlalchemy.engine.Engine - INFO - BEGIN (implicit)
2026-02-28 11:45:50,097 - sqlalchemy.engine.Engine - INFO - SELECT orders.id, orders.client_id, orders.status, orders.warehouse, orders.service_datetime, orders.delivery_datetime, orders.promise, orders.marker_color, orders.address_id, orders.address_text, orders.created_at, orders.updated_at 
FROM orders 
WHERE orders.id = $1::INTEGER
2026-02-28 11:45:50,097 - sqlalchemy.engine.Engine - INFO - [cached since 1810s ago] (5,)
2026-02-28 11:45:50,100 - sqlalchemy.engine.Engine - INFO - SELECT finance.order_id AS finance_order_id, finance.id AS finance_id, finance.revenue AS finance_revenue, finance.cost_of_goods AS finance_cost_of_goods, finance.installer_payments AS finance_installer_payments, finance.expenses AS finance_expenses, finance.warranty_costs_oleg AS finance_warranty_costs_oleg, finance.warranty_costs_installer AS finance_warranty_costs_installer, finance.profit AS finance_profit, finance.created_at AS finance_created_at, finance.updated_at AS finance_updated_at 
FROM finance 
WHERE finance.order_id IN ($1::INTEGER)
2026-02-28 11:45:50,100 - sqlalchemy.engine.Engine - INFO - [cached since 1815s ago] (5,)
2026-02-28 11:45:50,102 - sqlalchemy.engine.Engine - INFO - SELECT clients.id AS clients_id, clients.full_name AS clients_full_name, clients.phone AS clients_phone, clients.address AS clients_address, clients.coordinates AS clients_coordinates, clients.created_at AS clients_created_at, clients.last_contact AS clients_last_contact, clients.comments AS clients_comments, clients.updated_at AS clients_updated_at, clients.backup_phone AS clients_backup_phone, clients.deleted_at AS clients_deleted_at 
FROM clients 
WHERE clients.id IN ($1::INTEGER)
2026-02-28 11:45:50,102 - sqlalchemy.engine.Engine - INFO - [cached since 1815s ago] (2,)
2026-02-28 11:45:50,103 - sqlalchemy.engine.Engine - INFO - SELECT address_cache.address AS address_cache_address, address_cache.lat AS address_cache_lat, address_cache.lon AS address_cache_lon, address_cache.updated_at AS address_cache_updated_at 
FROM address_cache 
WHERE address_cache.address IN ($1::VARCHAR)
2026-02-28 11:45:50,104 - sqlalchemy.engine.Engine - INFO - [cached since 1815s ago] ('Россия, Москва, улица Пресненский Вал, 19',)
2026-02-28 11:45:50,105 - sqlalchemy.engine.Engine - INFO - SELECT order_installers.order_id AS order_installers_order_id, order_installers.id AS order_installers_id, order_installers.installer_id AS order_installers_installer_id, order_installers.role AS order_installers_role, order_installers.base_payment AS order_installers_base_payment, order_installers.is_primary AS order_installers_is_primary, order_installers.created_at AS order_installers_created_at, order_installers.updated_at AS order_installers_updated_at 
FROM order_installers 
WHERE order_installers.order_id IN ($1::INTEGER)
2026-02-28 11:45:50,105 - sqlalchemy.engine.Engine - INFO - [cached since 1815s ago] (5,)
2026-02-28 11:45:50,108 - sqlalchemy.engine.Engine - INFO - SELECT order_items.id AS order_items_id, order_items.order_id AS order_items_order_id, order_items.item_type AS order_items_item_type, order_items.name AS order_items_name, order_items.quantity AS order_items_quantity, order_items.purchase_price AS order_items_purchase_price, order_items.sale_price AS order_items_sale_price, order_items.warranty_manufacturer AS order_items_warranty_manufacturer, order_items.warranty_master AS order_items_warranty_master, order_items.sort_order AS order_items_sort_order, order_items.created_at AS order_items_created_at, order_items.updated_at AS order_items_updated_at 
FROM order_items 
WHERE $1::INTEGER = order_items.order_id
2026-02-28 11:45:50,108 - sqlalchemy.engine.Engine - INFO - [generated in 0.00021s] (5,)
2026-02-28 11:45:50,112 - sqlalchemy.engine.Engine - INFO - SELECT order_item_installers.id AS order_item_installers_id, order_item_installers.order_item_id AS order_item_installers_order_item_id, order_item_installers.installer_id AS order_item_installers_installer_id, order_item_installers.payment_amount AS order_item_installers_payment_amount, order_item_installers.work_description AS order_item_installers_work_description, order_item_installers.created_at AS order_item_installers_created_at, order_item_installers.updated_at AS order_item_installers_updated_at 
FROM order_item_installers 
WHERE $1::INTEGER = order_item_installers.order_item_id
2026-02-28 11:45:50,112 - sqlalchemy.engine.Engine - INFO - [generated in 0.00011s] (5,)
2026-02-28 11:45:50,114 - sqlalchemy.engine.Engine - INFO - SELECT warranty_claims.id AS warranty_claims_id, warranty_claims.order_item_id AS warranty_claims_order_item_id, warranty_claims.claim_date AS warranty_claims_claim_date, warranty_claims.description AS warranty_claims_description, warranty_claims.fault_type AS warranty_claims_fault_type, warranty_claims.responsible_installer_id AS warranty_claims_responsible_installer_id, warranty_claims.resolution AS warranty_claims_resolution, warranty_claims.resolving_installer_id AS warranty_claims_resolving_installer_id, warranty_claims.cost AS warranty_claims_cost, warranty_claims.cost_covered_by AS warranty_claims_cost_covered_by, warranty_claims.status AS warranty_claims_status, warranty_claims.closed_at AS warranty_claims_closed_at, warranty_claims.created_at AS warranty_claims_created_at, warranty_claims.updated_at AS warranty_claims_updated_at 
FROM warranty_claims 
WHERE $1::INTEGER = warranty_claims.order_item_id
2026-02-28 11:45:50,114 - sqlalchemy.engine.Engine - INFO - [generated in 0.00012s] (5,)
2026-02-28 11:45:50,124 - sqlalchemy.engine.Engine - INFO - SELECT order_expenses.id AS order_expenses_id, order_expenses.order_id AS order_expenses_order_id, order_expenses.amount AS order_expenses_amount, order_expenses.description AS order_expenses_description, order_expenses.expense_date AS order_expenses_expense_date, order_expenses.category AS order_expenses_category, order_expenses.created_at AS order_expenses_created_at, order_expenses.updated_at AS order_expenses_updated_at 
FROM order_expenses 
WHERE $1::INTEGER = order_expenses.order_id
2026-02-28 11:45:50,124 - sqlalchemy.engine.Engine - INFO - [generated in 0.00019s] (5,)
2026-02-28 11:45:50,126 - sqlalchemy.engine.Engine - INFO - SELECT payments.id AS payments_id, payments.order_id AS payments_order_id, payments.payment_type AS payments_payment_type, payments.installer_id AS payments_installer_id, payments.amount AS payments_amount, payments.payment_date AS payments_payment_date, payments.description AS payments_description, payments.created_at AS payments_created_at, payments.updated_at AS payments_updated_at 
FROM payments 
WHERE $1::INTEGER = payments.order_id
2026-02-28 11:45:50,126 - sqlalchemy.engine.Engine - INFO - [generated in 0.00014s] (5,)
2026-02-28 11:45:50,135 - sqlalchemy.engine.Engine - INFO - SELECT order_status_history.id AS order_status_history_id, order_status_history.order_id AS order_status_history_order_id, order_status_history.status AS order_status_history_status, order_status_history.changed_at AS order_status_history_changed_at 
FROM order_status_history 
WHERE $1::INTEGER = order_status_history.order_id
2026-02-28 11:45:50,135 - sqlalchemy.engine.Engine - INFO - [generated in 0.00011s] (5,)
2026-02-28 11:45:50,138 - sqlalchemy.engine.Engine - INFO - DELETE FROM finance WHERE finance.id = $1::INTEGER
2026-02-28 11:45:50,138 - sqlalchemy.engine.Engine - INFO - [generated in 0.00015s] (14,)
2026-02-28 11:45:50,139 - sqlalchemy.engine.Engine - INFO - DELETE FROM order_installers WHERE order_installers.id = $1::INTEGER
2026-02-28 11:45:50,139 - sqlalchemy.engine.Engine - INFO - [generated in 0.00015s] (4,)
2026-02-28 11:45:50,141 - sqlalchemy.engine.Engine - INFO - DELETE FROM order_items WHERE order_items.id = $1::INTEGER
2026-02-28 11:45:50,141 - sqlalchemy.engine.Engine - INFO - [generated in 0.00012s] (5,)
2026-02-28 11:45:50,143 - sqlalchemy.engine.Engine - INFO - DELETE FROM orders WHERE orders.id = $1::INTEGER
2026-02-28 11:45:50,144 - sqlalchemy.engine.Engine - INFO - [generated in 0.00012s] (5,)
2026-02-28 11:45:50,144 - sqlalchemy.engine.Engine - INFO - COMMIT
2026-02-28 11:45:50,158 - sqlalchemy.engine.Engine - INFO - BEGIN (implicit)
2026-02-28 11:45:50,159 - sqlalchemy.engine.Engine - INFO - SELECT orders.id, orders.client_id, orders.status, orders.warehouse, orders.service_datetime, orders.delivery_datetime, orders.promise, orders.marker_color, orders.address_id, orders.address_text, orders.created_at, orders.updated_at 
FROM orders 
 LIMIT $1::INTEGER OFFSET $2::INTEGER
2026-02-28 11:45:50,159 - sqlalchemy.engine.Engine - INFO - [cached since 1815s ago] (100, 0)
2026-02-28 11:45:50,161 - sqlalchemy.engine.Engine - INFO - SELECT finance.order_id AS finance_order_id, finance.id AS finance_id, finance.revenue AS finance_revenue, finance.cost_of_goods AS finance_cost_of_goods, finance.installer_payments AS finance_installer_payments, finance.expenses AS finance_expenses, finance.warranty_costs_oleg AS finance_warranty_costs_oleg, finance.warranty_costs_installer AS finance_warranty_costs_installer, finance.profit AS finance_profit, finance.created_at AS finance_created_at, finance.updated_at AS finance_updated_at 
FROM finance 
WHERE finance.order_id IN ($1::INTEGER, $2::INTEGER, $3::INTEGER, $4::INTEGER)
2026-02-28 11:45:50,161 - sqlalchemy.engine.Engine - INFO - [cached since 1815s ago] (1, 2, 3, 4)
2026-02-28 11:45:50,163 - sqlalchemy.engine.Engine - INFO - SELECT clients.id AS clients_id, clients.full_name AS clients_full_name, clients.phone AS clients_phone, clients.address AS clients_address, clients.coordinates AS clients_coordinates, clients.created_at AS clients_created_at, clients.last_contact AS clients_last_contact, clients.comments AS clients_comments, clients.updated_at AS clients_updated_at, clients.backup_phone AS clients_backup_phone, clients.deleted_at AS clients_deleted_at 
FROM clients 
WHERE clients.id IN ($1::INTEGER)
2026-02-28 11:45:50,163 - sqlalchemy.engine.Engine - INFO - [cached since 1815s ago] (2,)
2026-02-28 11:45:50,163 - sqlalchemy.engine.Engine - INFO - SELECT address_cache.address AS address_cache_address, address_cache.lat AS address_cache_lat, address_cache.lon AS address_cache_lon, address_cache.updated_at AS address_cache_updated_at 
FROM address_cache 
WHERE address_cache.address IN ($1::VARCHAR, $2::VARCHAR)
2026-02-28 11:45:50,163 - sqlalchemy.engine.Engine - INFO - [cached since 1815s ago] ('Москва, ул. Ленина, 10', 'Россия, Московская область, Мытищи, улица Карла Маркса, 4')
2026-02-28 11:45:50,165 - sqlalchemy.engine.Engine - INFO - SELECT order_installers.order_id AS order_installers_order_id, order_installers.id AS order_installers_id, order_installers.installer_id AS order_installers_installer_id, order_installers.role AS order_installers_role, order_installers.base_payment AS order_installers_base_payment, order_installers.is_primary AS order_installers_is_primary, order_installers.created_at AS order_installers_created_at, order_installers.updated_at AS order_installers_updated_at 
FROM order_installers 
WHERE order_installers.order_id IN ($1::INTEGER, $2::INTEGER, $3::INTEGER, $4::INTEGER)
2026-02-28 11:45:50,165 - sqlalchemy.engine.Engine - INFO - [cached since 1815s ago] (1, 2, 3, 4)
2026-02-28 11:45:50,167 - sqlalchemy.engine.Engine - INFO - ROLLBACK
2026-02-28 11:45:50,168 - sqlalchemy.engine.Engine - INFO - BEGIN (implicit)
2026-02-28 11:45:50,168 - sqlalchemy.engine.Engine - INFO - SELECT orders.id, orders.client_id, orders.status, orders.warehouse, orders.service_datetime, orders.delivery_datetime, orders.promise, orders.marker_color, orders.address_id, orders.address_text, orders.created_at, orders.updated_at 
FROM orders 
 LIMIT $1::INTEGER OFFSET $2::INTEGER
2026-02-28 11:45:50,168 - sqlalchemy.engine.Engine - INFO - [cached since 1815s ago] (100, 0)
2026-02-28 11:45:50,170 - sqlalchemy.engine.Engine - INFO - SELECT finance.order_id AS finance_order_id, finance.id AS finance_id, finance.revenue AS finance_revenue, finance.cost_of_goods AS finance_cost_of_goods, finance.installer_payments AS finance_installer_payments, finance.expenses AS finance_expenses, finance.warranty_costs_oleg AS finance_warranty_costs_oleg, finance.warranty_costs_installer AS finance_warranty_costs_installer, finance.profit AS finance_profit, finance.created_at AS finance_created_at, finance.updated_at AS finance_updated_at 
FROM finance 
WHERE finance.order_id IN ($1::INTEGER, $2::INTEGER, $3::INTEGER, $4::INTEGER)
2026-02-28 11:45:50,170 - sqlalchemy.engine.Engine - INFO - [cached since 1815s ago] (1, 2, 3, 4)
2026-02-28 11:45:50,172 - sqlalchemy.engine.Engine - INFO - SELECT clients.id AS clients_id, clients.full_name AS clients_full_name, clients.phone AS clients_phone, clients.address AS clients_address, clients.coordinates AS clients_coordinates, clients.created_at AS clients_created_at, clients.last_contact AS clients_last_contact, clients.comments AS clients_comments, clients.updated_at AS clients_updated_at, clients.backup_phone AS clients_backup_phone, clients.deleted_at AS clients_deleted_at 
FROM clients 
WHERE clients.id IN ($1::INTEGER)
2026-02-28 11:45:50,172 - sqlalchemy.engine.Engine - INFO - [cached since 1815s ago] (2,)
2026-02-28 11:45:50,172 - sqlalchemy.engine.Engine - INFO - SELECT address_cache.address AS address_cache_address, address_cache.lat AS address_cache_lat, address_cache.lon AS address_cache_lon, address_cache.updated_at AS address_cache_updated_at 
FROM address_cache 
WHERE address_cache.address IN ($1::VARCHAR, $2::VARCHAR)
2026-02-28 11:45:50,173 - sqlalchemy.engine.Engine - INFO - [cached since 1815s ago] ('Москва, ул. Ленина, 10', 'Россия, Московская область, Мытищи, улица Карла Маркса, 4')
2026-02-28 11:45:50,173 - sqlalchemy.engine.Engine - INFO - SELECT order_installers.order_id AS order_installers_order_id, order_installers.id AS order_installers_id, order_installers.installer_id AS order_installers_installer_id, order_installers.role AS order_installers_role, order_installers.base_payment AS order_installers_base_payment, order_installers.is_primary AS order_installers_is_primary, order_installers.created_at AS order_installers_created_at, order_installers.updated_at AS order_installers_updated_at 
FROM order_installers 
WHERE order_installers.order_id IN ($1::INTEGER, $2::INTEGER, $3::INTEGER, $4::INTEGER)
2026-02-28 11:45:50,173 - sqlalchemy.engine.Engine - INFO - [cached since 1815s ago] (1, 2, 3, 4)
2026-02-28 11:45:50,174 - sqlalchemy.engine.Engine - INFO - ROLLBACK
2026-02-28 11:45:51,601 - sqlalchemy.engine.Engine - INFO - BEGIN (implicit)
2026-02-28 11:45:51,601 - sqlalchemy.engine.Engine - INFO - SELECT orders.id, orders.client_id, orders.status, orders.warehouse, orders.service_datetime, orders.delivery_datetime, orders.promise, orders.marker_color, orders.address_id, orders.address_text, orders.created_at, orders.updated_at 
FROM orders 
WHERE orders.id = $1::INTEGER
2026-02-28 11:45:51,601 - sqlalchemy.engine.Engine - INFO - [cached since 1812s ago] (4,)
2026-02-28 11:45:51,602 - sqlalchemy.engine.Engine - INFO - BEGIN (implicit)
2026-02-28 11:45:51,603 - sqlalchemy.engine.Engine - INFO - SELECT admins.id, admins.username, admins.password_hash, admins.created_at 
FROM admins 
WHERE admins.username = $1::VARCHAR
2026-02-28 11:45:51,603 - sqlalchemy.engine.Engine - INFO - [cached since 3174s ago] ('zhura2296@yandex.ru',)
2026-02-28 11:45:51,605 - sqlalchemy.engine.Engine - INFO - SELECT finance.order_id AS finance_order_id, finance.id AS finance_id, finance.revenue AS finance_revenue, finance.cost_of_goods AS finance_cost_of_goods, finance.installer_payments AS finance_installer_payments, finance.expenses AS finance_expenses, finance.warranty_costs_oleg AS finance_warranty_costs_oleg, finance.warranty_costs_installer AS finance_warranty_costs_installer, finance.profit AS finance_profit, finance.created_at AS finance_created_at, finance.updated_at AS finance_updated_at 
FROM finance 
WHERE finance.order_id IN ($1::INTEGER)
2026-02-28 11:45:51,605 - sqlalchemy.engine.Engine - INFO - [cached since 1816s ago] (4,)
2026-02-28 11:45:51,605 - sqlalchemy.engine.Engine - INFO - SELECT installers.id, installers.full_name, installers.nickname, installers.phone, installers.backup_phone, installers.specialization, installers.rating, installers.base_price, installers.is_debtor, installers.comments, installers.is_active, installers.is_in_funnel, installers.total_orders, installers.poor_work_count, installers.warranty_visits_count, installers.last_incident_date, installers.updated_at, installers.created_at, installers.deleted_at 
FROM installers 
WHERE installers.deleted_at IS NULL 
 LIMIT $1::INTEGER OFFSET $2::INTEGER
2026-02-28 11:45:51,605 - sqlalchemy.engine.Engine - INFO - [cached since 3174s ago] (100, 0)
2026-02-28 11:45:51,606 - sqlalchemy.engine.Engine - INFO - SELECT clients.id AS clients_id, clients.full_name AS clients_full_name, clients.phone AS clients_phone, clients.address AS clients_address, clients.coordinates AS clients_coordinates, clients.created_at AS clients_created_at, clients.last_contact AS clients_last_contact, clients.comments AS clients_comments, clients.updated_at AS clients_updated_at, clients.backup_phone AS clients_backup_phone, clients.deleted_at AS clients_deleted_at 
FROM clients 
WHERE clients.id IN ($1::INTEGER)
2026-02-28 11:45:51,606 - sqlalchemy.engine.Engine - INFO - [cached since 1816s ago] (2,)
2026-02-28 11:45:51,607 - sqlalchemy.engine.Engine - INFO - SELECT address_cache.address AS address_cache_address, address_cache.lat AS address_cache_lat, address_cache.lon AS address_cache_lon, address_cache.updated_at AS address_cache_updated_at 
FROM address_cache 
WHERE address_cache.address IN ($1::VARCHAR)
2026-02-28 11:45:51,607 - sqlalchemy.engine.Engine - INFO - [cached since 1816s ago] ('Россия, Московская область, Мытищи, улица Карла Маркса, 4',)
2026-02-28 11:45:51,607 - sqlalchemy.engine.Engine - INFO - SELECT order_installers.order_id AS order_installers_order_id, order_installers.id AS order_installers_id, order_installers.installer_id AS order_installers_installer_id, order_installers.role AS order_installers_role, order_installers.base_payment AS order_installers_base_payment, order_installers.is_primary AS order_installers_is_primary, order_installers.created_at AS order_installers_created_at, order_installers.updated_at AS order_installers_updated_at 
FROM order_installers 
WHERE order_installers.order_id IN ($1::INTEGER)
2026-02-28 11:45:51,607 - sqlalchemy.engine.Engine - INFO - [cached since 1816s ago] (4,)
2026-02-28 11:45:51,608 - sqlalchemy.engine.Engine - INFO - ROLLBACK
2026-02-28 11:45:51,608 - sqlalchemy.engine.Engine - INFO - BEGIN (implicit)
2026-02-28 11:45:51,608 - sqlalchemy.engine.Engine - INFO - SELECT admins.id, admins.username, admins.password_hash, admins.created_at 
FROM admins 
WHERE admins.username = $1::VARCHAR
2026-02-28 11:45:51,608 - sqlalchemy.engine.Engine - INFO - [cached since 3174s ago] ('zhura2296@yandex.ru',)
2026-02-28 11:45:51,609 - sqlalchemy.engine.Engine - INFO - ROLLBACK
2026-02-28 11:45:51,610 - sqlalchemy.engine.Engine - INFO - SELECT installers.id, installers.full_name, installers.nickname, installers.phone, installers.backup_phone, installers.specialization, installers.rating, installers.base_price, installers.is_debtor, installers.comments, installers.is_active, installers.is_in_funnel, installers.total_orders, installers.poor_work_count, installers.warranty_visits_count, installers.last_incident_date, installers.updated_at, installers.created_at, installers.deleted_at 
FROM installers 
WHERE installers.deleted_at IS NULL 
 LIMIT $1::INTEGER OFFSET $2::INTEGER
2026-02-28 11:45:51,610 - sqlalchemy.engine.Engine - INFO - [cached since 3174s ago] (100, 0)
2026-02-28 11:45:51,610 - sqlalchemy.engine.Engine - INFO - BEGIN (implicit)
2026-02-28 11:45:51,611 - sqlalchemy.engine.Engine - INFO - SELECT orders.id, orders.client_id, orders.status, orders.warehouse, orders.service_datetime, orders.delivery_datetime, orders.promise, orders.marker_color, orders.address_id, orders.address_text, orders.created_at, orders.updated_at 
FROM orders 
WHERE orders.id = $1::INTEGER
2026-02-28 11:45:51,611 - sqlalchemy.engine.Engine - INFO - [cached since 1812s ago] (4,)
2026-02-28 11:45:51,612 - sqlalchemy.engine.Engine - INFO - SELECT finance.order_id AS finance_order_id, finance.id AS finance_id, finance.revenue AS finance_revenue, finance.cost_of_goods AS finance_cost_of_goods, finance.installer_payments AS finance_installer_payments, finance.expenses AS finance_expenses, finance.warranty_costs_oleg AS finance_warranty_costs_oleg, finance.warranty_costs_installer AS finance_warranty_costs_installer, finance.profit AS finance_profit, finance.created_at AS finance_created_at, finance.updated_at AS finance_updated_at 
FROM finance 
WHERE finance.order_id IN ($1::INTEGER)
2026-02-28 11:45:51,612 - sqlalchemy.engine.Engine - INFO - [cached since 1816s ago] (4,)
2026-02-28 11:45:51,612 - sqlalchemy.engine.Engine - INFO - ROLLBACK
2026-02-28 11:45:51,613 - sqlalchemy.engine.Engine - INFO - SELECT clients.id AS clients_id, clients.full_name AS clients_full_name, clients.phone AS clients_phone, clients.address AS clients_address, clients.coordinates AS clients_coordinates, clients.created_at AS clients_created_at, clients.last_contact AS clients_last_contact, clients.comments AS clients_comments, clients.updated_at AS clients_updated_at, clients.backup_phone AS clients_backup_phone, clients.deleted_at AS clients_deleted_at 
FROM clients 
WHERE clients.id IN ($1::INTEGER)
2026-02-28 11:45:51,613 - sqlalchemy.engine.Engine - INFO - [cached since 1816s ago] (2,)
2026-02-28 11:45:51,613 - sqlalchemy.engine.Engine - INFO - SELECT address_cache.address AS address_cache_address, address_cache.lat AS address_cache_lat, address_cache.lon AS address_cache_lon, address_cache.updated_at AS address_cache_updated_at 
FROM address_cache 
WHERE address_cache.address IN ($1::VARCHAR)
2026-02-28 11:45:51,613 - sqlalchemy.engine.Engine - INFO - [cached since 1816s ago] ('Россия, Московская область, Мытищи, улица Карла Маркса, 4',)
2026-02-28 11:45:51,614 - sqlalchemy.engine.Engine - INFO - SELECT order_installers.order_id AS order_installers_order_id, order_installers.id AS order_installers_id, order_installers.installer_id AS order_installers_installer_id, order_installers.role AS order_installers_role, order_installers.base_payment AS order_installers_base_payment, order_installers.is_primary AS order_installers_is_primary, order_installers.created_at AS order_installers_created_at, order_installers.updated_at AS order_installers_updated_at 
FROM order_installers 
WHERE order_installers.order_id IN ($1::INTEGER)
2026-02-28 11:45:51,614 - sqlalchemy.engine.Engine - INFO - [cached since 1816s ago] (4,)
2026-02-28 11:45:51,615 - sqlalchemy.engine.Engine - INFO - ROLLBACK
2026-02-28 11:45:54,882 - sqlalchemy.engine.Engine - INFO - BEGIN (implicit)
2026-02-28 11:45:54,884 - sqlalchemy.engine.Engine - INFO - SELECT orders.id, orders.client_id, orders.status, orders.warehouse, orders.service_datetime, orders.delivery_datetime, orders.promise, orders.marker_color, orders.address_id, orders.address_text, orders.created_at, orders.updated_at 
FROM orders 
WHERE orders.id = $1::INTEGER
2026-02-28 11:45:54,884 - sqlalchemy.engine.Engine - INFO - [cached since 1815s ago] (4,)
2026-02-28 11:45:54,892 - sqlalchemy.engine.Engine - INFO - SELECT finance.order_id AS finance_order_id, finance.id AS finance_id, finance.revenue AS finance_revenue, finance.cost_of_goods AS finance_cost_of_goods, finance.installer_payments AS finance_installer_payments, finance.expenses AS finance_expenses, finance.warranty_costs_oleg AS finance_warranty_costs_oleg, finance.warranty_costs_installer AS finance_warranty_costs_installer, finance.profit AS finance_profit, finance.created_at AS finance_created_at, finance.updated_at AS finance_updated_at 
FROM finance 
WHERE finance.order_id IN ($1::INTEGER)
2026-02-28 11:45:54,893 - sqlalchemy.engine.Engine - INFO - [cached since 1820s ago] (4,)
2026-02-28 11:45:54,897 - sqlalchemy.engine.Engine - INFO - SELECT clients.id AS clients_id, clients.full_name AS clients_full_name, clients.phone AS clients_phone, clients.address AS clients_address, clients.coordinates AS clients_coordinates, clients.created_at AS clients_created_at, clients.last_contact AS clients_last_contact, clients.comments AS clients_comments, clients.updated_at AS clients_updated_at, clients.backup_phone AS clients_backup_phone, clients.deleted_at AS clients_deleted_at 
FROM clients 
WHERE clients.id IN ($1::INTEGER)
2026-02-28 11:45:54,897 - sqlalchemy.engine.Engine - INFO - [cached since 1820s ago] (2,)
2026-02-28 11:45:54,898 - sqlalchemy.engine.Engine - INFO - SELECT address_cache.address AS address_cache_address, address_cache.lat AS address_cache_lat, address_cache.lon AS address_cache_lon, address_cache.updated_at AS address_cache_updated_at 
FROM address_cache 
WHERE address_cache.address IN ($1::VARCHAR)
2026-02-28 11:45:54,898 - sqlalchemy.engine.Engine - INFO - [cached since 1820s ago] ('Россия, Московская область, Мытищи, улица Карла Маркса, 4',)
2026-02-28 11:45:54,900 - sqlalchemy.engine.Engine - INFO - SELECT order_installers.order_id AS order_installers_order_id, order_installers.id AS order_installers_id, order_installers.installer_id AS order_installers_installer_id, order_installers.role AS order_installers_role, order_installers.base_payment AS order_installers_base_payment, order_installers.is_primary AS order_installers_is_primary, order_installers.created_at AS order_installers_created_at, order_installers.updated_at AS order_installers_updated_at 
FROM order_installers 
WHERE order_installers.order_id IN ($1::INTEGER)
2026-02-28 11:45:54,901 - sqlalchemy.engine.Engine - INFO - [cached since 1820s ago] (4,)
2026-02-28 11:45:54,902 - sqlalchemy.engine.Engine - INFO - SELECT order_items.id AS order_items_id, order_items.order_id AS order_items_order_id, order_items.item_type AS order_items_item_type, order_items.name AS order_items_name, order_items.quantity AS order_items_quantity, order_items.purchase_price AS order_items_purchase_price, order_items.sale_price AS order_items_sale_price, order_items.warranty_manufacturer AS order_items_warranty_manufacturer, order_items.warranty_master AS order_items_warranty_master, order_items.sort_order AS order_items_sort_order, order_items.created_at AS order_items_created_at, order_items.updated_at AS order_items_updated_at 
FROM order_items 
WHERE $1::INTEGER = order_items.order_id
2026-02-28 11:45:54,902 - sqlalchemy.engine.Engine - INFO - [cached since 4.794s ago] (4,)
2026-02-28 11:45:54,905 - sqlalchemy.engine.Engine - INFO - SELECT order_item_installers.id AS order_item_installers_id, order_item_installers.order_item_id AS order_item_installers_order_item_id, order_item_installers.installer_id AS order_item_installers_installer_id, order_item_installers.payment_amount AS order_item_installers_payment_amount, order_item_installers.work_description AS order_item_installers_work_description, order_item_installers.created_at AS order_item_installers_created_at, order_item_installers.updated_at AS order_item_installers_updated_at 
FROM order_item_installers 
WHERE $1::INTEGER = order_item_installers.order_item_id
2026-02-28 11:45:54,905 - sqlalchemy.engine.Engine - INFO - [cached since 4.794s ago] (4,)
2026-02-28 11:45:54,909 - sqlalchemy.engine.Engine - INFO - SELECT warranty_claims.id AS warranty_claims_id, warranty_claims.order_item_id AS warranty_claims_order_item_id, warranty_claims.claim_date AS warranty_claims_claim_date, warranty_claims.description AS warranty_claims_description, warranty_claims.fault_type AS warranty_claims_fault_type, warranty_claims.responsible_installer_id AS warranty_claims_responsible_installer_id, warranty_claims.resolution AS warranty_claims_resolution, warranty_claims.resolving_installer_id AS warranty_claims_resolving_installer_id, warranty_claims.cost AS warranty_claims_cost, warranty_claims.cost_covered_by AS warranty_claims_cost_covered_by, warranty_claims.status AS warranty_claims_status, warranty_claims.closed_at AS warranty_claims_closed_at, warranty_claims.created_at AS warranty_claims_created_at, warranty_claims.updated_at AS warranty_claims_updated_at 
FROM warranty_claims 
WHERE $1::INTEGER = warranty_claims.order_item_id
2026-02-28 11:45:54,909 - sqlalchemy.engine.Engine - INFO - [cached since 4.795s ago] (4,)
2026-02-28 11:45:54,911 - sqlalchemy.engine.Engine - INFO - SELECT order_expenses.id AS order_expenses_id, order_expenses.order_id AS order_expenses_order_id, order_expenses.amount AS order_expenses_amount, order_expenses.description AS order_expenses_description, order_expenses.expense_date AS order_expenses_expense_date, order_expenses.category AS order_expenses_category, order_expenses.created_at AS order_expenses_created_at, order_expenses.updated_at AS order_expenses_updated_at 
FROM order_expenses 
WHERE $1::INTEGER = order_expenses.order_id
2026-02-28 11:45:54,911 - sqlalchemy.engine.Engine - INFO - [cached since 4.787s ago] (4,)
2026-02-28 11:45:54,913 - sqlalchemy.engine.Engine - INFO - SELECT payments.id AS payments_id, payments.order_id AS payments_order_id, payments.payment_type AS payments_payment_type, payments.installer_id AS payments_installer_id, payments.amount AS payments_amount, payments.payment_date AS payments_payment_date, payments.description AS payments_description, payments.created_at AS payments_created_at, payments.updated_at AS payments_updated_at 
FROM payments 
WHERE $1::INTEGER = payments.order_id
2026-02-28 11:45:54,913 - sqlalchemy.engine.Engine - INFO - [cached since 4.787s ago] (4,)
2026-02-28 11:45:54,915 - sqlalchemy.engine.Engine - INFO - SELECT order_status_history.id AS order_status_history_id, order_status_history.order_id AS order_status_history_order_id, order_status_history.status AS order_status_history_status, order_status_history.changed_at AS order_status_history_changed_at 
FROM order_status_history 
WHERE $1::INTEGER = order_status_history.order_id
2026-02-28 11:45:54,915 - sqlalchemy.engine.Engine - INFO - [cached since 4.781s ago] (4,)
2026-02-28 11:45:54,919 - sqlalchemy.engine.Engine - INFO - DELETE FROM finance WHERE finance.id = $1::INTEGER
2026-02-28 11:45:54,919 - sqlalchemy.engine.Engine - INFO - [cached since 4.782s ago] (13,)
2026-02-28 11:45:54,920 - sqlalchemy.engine.Engine - INFO - DELETE FROM order_items WHERE order_items.id = $1::INTEGER
2026-02-28 11:45:54,920 - sqlalchemy.engine.Engine - INFO - [cached since 4.779s ago] (4,)
2026-02-28 11:45:54,922 - sqlalchemy.engine.Engine - INFO - DELETE FROM orders WHERE orders.id = $1::INTEGER
2026-02-28 11:45:54,922 - sqlalchemy.engine.Engine - INFO - [cached since 4.778s ago] (4,)
2026-02-28 11:45:54,923 - sqlalchemy.engine.Engine - INFO - COMMIT
2026-02-28 11:45:54,992 - sqlalchemy.engine.Engine - INFO - BEGIN (implicit)
2026-02-28 11:45:54,992 - sqlalchemy.engine.Engine - INFO - SELECT orders.id, orders.client_id, orders.status, orders.warehouse, orders.service_datetime, orders.delivery_datetime, orders.promise, orders.marker_color, orders.address_id, orders.address_text, orders.created_at, orders.updated_at 
FROM orders 
 LIMIT $1::INTEGER OFFSET $2::INTEGER
2026-02-28 11:45:54,993 - sqlalchemy.engine.Engine - INFO - [cached since 1820s ago] (100, 0)
2026-02-28 11:45:54,995 - sqlalchemy.engine.Engine - INFO - SELECT finance.order_id AS finance_order_id, finance.id AS finance_id, finance.revenue AS finance_revenue, finance.cost_of_goods AS finance_cost_of_goods, finance.installer_payments AS finance_installer_payments, finance.expenses AS finance_expenses, finance.warranty_costs_oleg AS finance_warranty_costs_oleg, finance.warranty_costs_installer AS finance_warranty_costs_installer, finance.profit AS finance_profit, finance.created_at AS finance_created_at, finance.updated_at AS finance_updated_at 
FROM finance 
WHERE finance.order_id IN ($1::INTEGER, $2::INTEGER, $3::INTEGER)
2026-02-28 11:45:54,995 - sqlalchemy.engine.Engine - INFO - [cached since 1820s ago] (1, 2, 3)
2026-02-28 11:45:54,997 - sqlalchemy.engine.Engine - INFO - SELECT address_cache.address AS address_cache_address, address_cache.lat AS address_cache_lat, address_cache.lon AS address_cache_lon, address_cache.updated_at AS address_cache_updated_at 
FROM address_cache 
WHERE address_cache.address IN ($1::VARCHAR)
2026-02-28 11:45:54,997 - sqlalchemy.engine.Engine - INFO - [cached since 1820s ago] ('Москва, ул. Ленина, 10',)
2026-02-28 11:45:54,998 - sqlalchemy.engine.Engine - INFO - SELECT order_installers.order_id AS order_installers_order_id, order_installers.id AS order_installers_id, order_installers.installer_id AS order_installers_installer_id, order_installers.role AS order_installers_role, order_installers.base_payment AS order_installers_base_payment, order_installers.is_primary AS order_installers_is_primary, order_installers.created_at AS order_installers_created_at, order_installers.updated_at AS order_installers_updated_at 
FROM order_installers 
WHERE order_installers.order_id IN ($1::INTEGER, $2::INTEGER, $3::INTEGER)
2026-02-28 11:45:54,999 - sqlalchemy.engine.Engine - INFO - [cached since 1820s ago] (1, 2, 3)
2026-02-28 11:45:55,001 - sqlalchemy.engine.Engine - INFO - ROLLBACK
2026-02-28 11:45:55,002 - sqlalchemy.engine.Engine - INFO - BEGIN (implicit)
2026-02-28 11:45:55,002 - sqlalchemy.engine.Engine - INFO - SELECT orders.id, orders.client_id, orders.status, orders.warehouse, orders.service_datetime, orders.delivery_datetime, orders.promise, orders.marker_color, orders.address_id, orders.address_text, orders.created_at, orders.updated_at 
FROM orders 
 LIMIT $1::INTEGER OFFSET $2::INTEGER
2026-02-28 11:45:55,002 - sqlalchemy.engine.Engine - INFO - [cached since 1820s ago] (100, 0)
2026-02-28 11:45:55,003 - sqlalchemy.engine.Engine - INFO - SELECT finance.order_id AS finance_order_id, finance.id AS finance_id, finance.revenue AS finance_revenue, finance.cost_of_goods AS finance_cost_of_goods, finance.installer_payments AS finance_installer_payments, finance.expenses AS finance_expenses, finance.warranty_costs_oleg AS finance_warranty_costs_oleg, finance.warranty_costs_installer AS finance_warranty_costs_installer, finance.profit AS finance_profit, finance.created_at AS finance_created_at, finance.updated_at AS finance_updated_at 
FROM finance 
WHERE finance.order_id IN ($1::INTEGER, $2::INTEGER, $3::INTEGER)
2026-02-28 11:45:55,004 - sqlalchemy.engine.Engine - INFO - [cached since 1820s ago] (1, 2, 3)
2026-02-28 11:45:55,005 - sqlalchemy.engine.Engine - INFO - SELECT address_cache.address AS address_cache_address, address_cache.lat AS address_cache_lat, address_cache.lon AS address_cache_lon, address_cache.updated_at AS address_cache_updated_at 
FROM address_cache 
WHERE address_cache.address IN ($1::VARCHAR)
2026-02-28 11:45:55,005 - sqlalchemy.engine.Engine - INFO - [cached since 1820s ago] ('Москва, ул. Ленина, 10',)
2026-02-28 11:45:55,006 - sqlalchemy.engine.Engine - INFO - SELECT order_installers.order_id AS order_installers_order_id, order_installers.id AS order_installers_id, order_installers.installer_id AS order_installers_installer_id, order_installers.role AS order_installers_role, order_installers.base_payment AS order_installers_base_payment, order_installers.is_primary AS order_installers_is_primary, order_installers.created_at AS order_installers_created_at, order_installers.updated_at AS order_installers_updated_at 
FROM order_installers 
WHERE order_installers.order_id IN ($1::INTEGER, $2::INTEGER, $3::INTEGER)
2026-02-28 11:45:55,006 - sqlalchemy.engine.Engine - INFO - [cached since 1820s ago] (1, 2, 3)
2026-02-28 11:45:55,007 - sqlalchemy.engine.Engine - INFO - ROLLBACK
2026-02-28 11:45:57,121 - sqlalchemy.engine.Engine - INFO - BEGIN (implicit)
2026-02-28 11:45:57,122 - sqlalchemy.engine.Engine - INFO - SELECT admins.id, admins.username, admins.password_hash, admins.created_at 
FROM admins 
WHERE admins.username = $1::VARCHAR
2026-02-28 11:45:57,122 - sqlalchemy.engine.Engine - INFO - [cached since 3180s ago] ('zhura2296@yandex.ru',)
2026-02-28 11:45:57,123 - sqlalchemy.engine.Engine - INFO - BEGIN (implicit)
2026-02-28 11:45:57,123 - sqlalchemy.engine.Engine - INFO - SELECT orders.id, orders.client_id, orders.status, orders.warehouse, orders.service_datetime, orders.delivery_datetime, orders.promise, orders.marker_color, orders.address_id, orders.address_text, orders.created_at, orders.updated_at 
FROM orders 
WHERE orders.id = $1::INTEGER
2026-02-28 11:45:57,123 - sqlalchemy.engine.Engine - INFO - [cached since 1817s ago] (1,)
2026-02-28 11:45:57,126 - sqlalchemy.engine.Engine - INFO - SELECT installers.id, installers.full_name, installers.nickname, installers.phone, installers.backup_phone, installers.specialization, installers.rating, installers.base_price, installers.is_debtor, installers.comments, installers.is_active, installers.is_in_funnel, installers.total_orders, installers.poor_work_count, installers.warranty_visits_count, installers.last_incident_date, installers.updated_at, installers.created_at, installers.deleted_at 
FROM installers 
WHERE installers.deleted_at IS NULL 
 LIMIT $1::INTEGER OFFSET $2::INTEGER
2026-02-28 11:45:57,126 - sqlalchemy.engine.Engine - INFO - [cached since 3179s ago] (100, 0)
2026-02-28 11:45:57,128 - sqlalchemy.engine.Engine - INFO - SELECT finance.order_id AS finance_order_id, finance.id AS finance_id, finance.revenue AS finance_revenue, finance.cost_of_goods AS finance_cost_of_goods, finance.installer_payments AS finance_installer_payments, finance.expenses AS finance_expenses, finance.warranty_costs_oleg AS finance_warranty_costs_oleg, finance.warranty_costs_installer AS finance_warranty_costs_installer, finance.profit AS finance_profit, finance.created_at AS finance_created_at, finance.updated_at AS finance_updated_at 
FROM finance 
WHERE finance.order_id IN ($1::INTEGER)
2026-02-28 11:45:57,128 - sqlalchemy.engine.Engine - INFO - [cached since 1822s ago] (1,)
2026-02-28 11:45:57,130 - sqlalchemy.engine.Engine - INFO - SELECT address_cache.address AS address_cache_address, address_cache.lat AS address_cache_lat, address_cache.lon AS address_cache_lon, address_cache.updated_at AS address_cache_updated_at 
FROM address_cache 
WHERE address_cache.address IN ($1::VARCHAR)
2026-02-28 11:45:57,130 - sqlalchemy.engine.Engine - INFO - [cached since 1822s ago] ('Москва, ул. Ленина, 10',)
2026-02-28 11:45:57,131 - sqlalchemy.engine.Engine - INFO - SELECT order_installers.order_id AS order_installers_order_id, order_installers.id AS order_installers_id, order_installers.installer_id AS order_installers_installer_id, order_installers.role AS order_installers_role, order_installers.base_payment AS order_installers_base_payment, order_installers.is_primary AS order_installers_is_primary, order_installers.created_at AS order_installers_created_at, order_installers.updated_at AS order_installers_updated_at 
FROM order_installers 
WHERE order_installers.order_id IN ($1::INTEGER)
2026-02-28 11:45:57,131 - sqlalchemy.engine.Engine - INFO - [cached since 1822s ago] (1,)
2026-02-28 11:45:57,132 - sqlalchemy.engine.Engine - INFO - ROLLBACK
2026-02-28 11:45:57,132 - sqlalchemy.engine.Engine - INFO - BEGIN (implicit)
2026-02-28 11:45:57,133 - sqlalchemy.engine.Engine - INFO - SELECT admins.id, admins.username, admins.password_hash, admins.created_at 
FROM admins 
WHERE admins.username = $1::VARCHAR
2026-02-28 11:45:57,133 - sqlalchemy.engine.Engine - INFO - [cached since 3180s ago] ('zhura2296@yandex.ru',)
2026-02-28 11:45:57,134 - sqlalchemy.engine.Engine - INFO - ROLLBACK
2026-02-28 11:45:57,134 - sqlalchemy.engine.Engine - INFO - SELECT installers.id, installers.full_name, installers.nickname, installers.phone, installers.backup_phone, installers.specialization, installers.rating, installers.base_price, installers.is_debtor, installers.comments, installers.is_active, installers.is_in_funnel, installers.total_orders, installers.poor_work_count, installers.warranty_visits_count, installers.last_incident_date, installers.updated_at, installers.created_at, installers.deleted_at 
FROM installers 
WHERE installers.deleted_at IS NULL 
 LIMIT $1::INTEGER OFFSET $2::INTEGER
2026-02-28 11:45:57,134 - sqlalchemy.engine.Engine - INFO - [cached since 3179s ago] (100, 0)
2026-02-28 11:45:57,135 - sqlalchemy.engine.Engine - INFO - BEGIN (implicit)
2026-02-28 11:45:57,135 - sqlalchemy.engine.Engine - INFO - SELECT orders.id, orders.client_id, orders.status, orders.warehouse, orders.service_datetime, orders.delivery_datetime, orders.promise, orders.marker_color, orders.address_id, orders.address_text, orders.created_at, orders.updated_at 
FROM orders 
WHERE orders.id = $1::INTEGER
2026-02-28 11:45:57,135 - sqlalchemy.engine.Engine - INFO - [cached since 1817s ago] (1,)
2026-02-28 11:45:57,137 - sqlalchemy.engine.Engine - INFO - SELECT finance.order_id AS finance_order_id, finance.id AS finance_id, finance.revenue AS finance_revenue, finance.cost_of_goods AS finance_cost_of_goods, finance.installer_payments AS finance_installer_payments, finance.expenses AS finance_expenses, finance.warranty_costs_oleg AS finance_warranty_costs_oleg, finance.warranty_costs_installer AS finance_warranty_costs_installer, finance.profit AS finance_profit, finance.created_at AS finance_created_at, finance.updated_at AS finance_updated_at 
FROM finance 
WHERE finance.order_id IN ($1::INTEGER)
2026-02-28 11:45:57,137 - sqlalchemy.engine.Engine - INFO - [cached since 1822s ago] (1,)
2026-02-28 11:45:57,137 - sqlalchemy.engine.Engine - INFO - ROLLBACK
2026-02-28 11:45:57,138 - sqlalchemy.engine.Engine - INFO - SELECT address_cache.address AS address_cache_address, address_cache.lat AS address_cache_lat, address_cache.lon AS address_cache_lon, address_cache.updated_at AS address_cache_updated_at 
FROM address_cache 
WHERE address_cache.address IN ($1::VARCHAR)
2026-02-28 11:45:57,138 - sqlalchemy.engine.Engine - INFO - [cached since 1822s ago] ('Москва, ул. Ленина, 10',)
2026-02-28 11:45:57,138 - sqlalchemy.engine.Engine - INFO - SELECT order_installers.order_id AS order_installers_order_id, order_installers.id AS order_installers_id, order_installers.installer_id AS order_installers_installer_id, order_installers.role AS order_installers_role, order_installers.base_payment AS order_installers_base_payment, order_installers.is_primary AS order_installers_is_primary, order_installers.created_at AS order_installers_created_at, order_installers.updated_at AS order_installers_updated_at 
FROM order_installers 
WHERE order_installers.order_id IN ($1::INTEGER)
2026-02-28 11:45:57,139 - sqlalchemy.engine.Engine - INFO - [cached since 1822s ago] (1,)
2026-02-28 11:45:57,139 - sqlalchemy.engine.Engine - INFO - ROLLBACK
2026-02-28 11:45:58,954 - sqlalchemy.engine.Engine - INFO - BEGIN (implicit)
2026-02-28 11:45:58,954 - sqlalchemy.engine.Engine - INFO - SELECT orders.id, orders.client_id, orders.status, orders.warehouse, orders.service_datetime, orders.delivery_datetime, orders.promise, orders.marker_color, orders.address_id, orders.address_text, orders.created_at, orders.updated_at 
FROM orders 
 LIMIT $1::INTEGER OFFSET $2::INTEGER
2026-02-28 11:45:58,954 - sqlalchemy.engine.Engine - INFO - [cached since 1824s ago] (100, 0)
2026-02-28 11:45:58,956 - sqlalchemy.engine.Engine - INFO - SELECT finance.order_id AS finance_order_id, finance.id AS finance_id, finance.revenue AS finance_revenue, finance.cost_of_goods AS finance_cost_of_goods, finance.installer_payments AS finance_installer_payments, finance.expenses AS finance_expenses, finance.warranty_costs_oleg AS finance_warranty_costs_oleg, finance.warranty_costs_installer AS finance_warranty_costs_installer, finance.profit AS finance_profit, finance.created_at AS finance_created_at, finance.updated_at AS finance_updated_at 
FROM finance 
WHERE finance.order_id IN ($1::INTEGER, $2::INTEGER, $3::INTEGER)
2026-02-28 11:45:58,956 - sqlalchemy.engine.Engine - INFO - [cached since 1824s ago] (1, 2, 3)
2026-02-28 11:45:58,957 - sqlalchemy.engine.Engine - INFO - SELECT address_cache.address AS address_cache_address, address_cache.lat AS address_cache_lat, address_cache.lon AS address_cache_lon, address_cache.updated_at AS address_cache_updated_at 
FROM address_cache 
WHERE address_cache.address IN ($1::VARCHAR)
2026-02-28 11:45:58,957 - sqlalchemy.engine.Engine - INFO - [cached since 1824s ago] ('Москва, ул. Ленина, 10',)
2026-02-28 11:45:58,958 - sqlalchemy.engine.Engine - INFO - SELECT order_installers.order_id AS order_installers_order_id, order_installers.id AS order_installers_id, order_installers.installer_id AS order_installers_installer_id, order_installers.role AS order_installers_role, order_installers.base_payment AS order_installers_base_payment, order_installers.is_primary AS order_installers_is_primary, order_installers.created_at AS order_installers_created_at, order_installers.updated_at AS order_installers_updated_at 
FROM order_installers 
WHERE order_installers.order_id IN ($1::INTEGER, $2::INTEGER, $3::INTEGER)
2026-02-28 11:45:58,958 - sqlalchemy.engine.Engine - INFO - [cached since 1824s ago] (1, 2, 3)
2026-02-28 11:45:58,960 - sqlalchemy.engine.Engine - INFO - ROLLBACK
2026-02-28 11:45:58,961 - sqlalchemy.engine.Engine - INFO - BEGIN (implicit)
2026-02-28 11:45:58,961 - sqlalchemy.engine.Engine - INFO - SELECT orders.id, orders.client_id, orders.status, orders.warehouse, orders.service_datetime, orders.delivery_datetime, orders.promise, orders.marker_color, orders.address_id, orders.address_text, orders.created_at, orders.updated_at 
FROM orders 
 LIMIT $1::INTEGER OFFSET $2::INTEGER
2026-02-28 11:45:58,961 - sqlalchemy.engine.Engine - INFO - [cached since 1824s ago] (100, 0)
2026-02-28 11:45:58,962 - sqlalchemy.engine.Engine - INFO - SELECT finance.order_id AS finance_order_id, finance.id AS finance_id, finance.revenue AS finance_revenue, finance.cost_of_goods AS finance_cost_of_goods, finance.installer_payments AS finance_installer_payments, finance.expenses AS finance_expenses, finance.warranty_costs_oleg AS finance_warranty_costs_oleg, finance.warranty_costs_installer AS finance_warranty_costs_installer, finance.profit AS finance_profit, finance.created_at AS finance_created_at, finance.updated_at AS finance_updated_at 
FROM finance 
WHERE finance.order_id IN ($1::INTEGER, $2::INTEGER, $3::INTEGER)
2026-02-28 11:45:58,962 - sqlalchemy.engine.Engine - INFO - [cached since 1824s ago] (1, 2, 3)
2026-02-28 11:45:58,963 - sqlalchemy.engine.Engine - INFO - SELECT address_cache.address AS address_cache_address, address_cache.lat AS address_cache_lat, address_cache.lon AS address_cache_lon, address_cache.updated_at AS address_cache_updated_at 
FROM address_cache 
WHERE address_cache.address IN ($1::VARCHAR)
2026-02-28 11:45:58,963 - sqlalchemy.engine.Engine - INFO - [cached since 1824s ago] ('Москва, ул. Ленина, 10',)
2026-02-28 11:45:58,964 - sqlalchemy.engine.Engine - INFO - SELECT order_installers.order_id AS order_installers_order_id, order_installers.id AS order_installers_id, order_installers.installer_id AS order_installers_installer_id, order_installers.role AS order_installers_role, order_installers.base_payment AS order_installers_base_payment, order_installers.is_primary AS order_installers_is_primary, order_installers.created_at AS order_installers_created_at, order_installers.updated_at AS order_installers_updated_at 
FROM order_installers 
WHERE order_installers.order_id IN ($1::INTEGER, $2::INTEGER, $3::INTEGER)
2026-02-28 11:45:58,964 - sqlalchemy.engine.Engine - INFO - [cached since 1824s ago] (1, 2, 3)
2026-02-28 11:45:58,965 - sqlalchemy.engine.Engine - INFO - ROLLBACK
2026-02-28 11:46:00,492 - sqlalchemy.engine.Engine - INFO - BEGIN (implicit)
2026-02-28 11:46:00,492 - sqlalchemy.engine.Engine - INFO - SELECT admins.id, admins.username, admins.password_hash, admins.created_at 
FROM admins 
WHERE admins.username = $1::VARCHAR
2026-02-28 11:46:00,492 - sqlalchemy.engine.Engine - INFO - [cached since 3183s ago] ('zhura2296@yandex.ru',)
2026-02-28 11:46:00,493 - sqlalchemy.engine.Engine - INFO - BEGIN (implicit)
2026-02-28 11:46:00,493 - sqlalchemy.engine.Engine - INFO - SELECT admins.id, admins.username, admins.password_hash, admins.created_at 
FROM admins 
WHERE admins.username = $1::VARCHAR
2026-02-28 11:46:00,493 - sqlalchemy.engine.Engine - INFO - [cached since 3183s ago] ('zhura2296@yandex.ru',)
2026-02-28 11:46:00,493 - sqlalchemy.engine.Engine - INFO - SELECT clients.id, clients.full_name, clients.phone, clients.address, clients.coordinates, clients.created_at, clients.last_contact, clients.comments, clients.updated_at, clients.backup_phone, clients.deleted_at 
FROM clients 
 LIMIT $1::INTEGER OFFSET $2::INTEGER
2026-02-28 11:46:00,493 - sqlalchemy.engine.Engine - INFO - [cached since 3183s ago] (100, 0)
2026-02-28 11:46:00,494 - sqlalchemy.engine.Engine - INFO - SELECT installers.id, installers.full_name, installers.nickname, installers.phone, installers.backup_phone, installers.specialization, installers.rating, installers.base_price, installers.is_debtor, installers.comments, installers.is_active, installers.is_in_funnel, installers.total_orders, installers.poor_work_count, installers.warranty_visits_count, installers.last_incident_date, installers.updated_at, installers.created_at, installers.deleted_at 
FROM installers 
WHERE installers.deleted_at IS NULL 
 LIMIT $1::INTEGER OFFSET $2::INTEGER
2026-02-28 11:46:00,494 - sqlalchemy.engine.Engine - INFO - [cached since 3183s ago] (100, 0)
2026-02-28 11:46:00,495 - sqlalchemy.engine.Engine - INFO - ROLLBACK
2026-02-28 11:46:00,495 - sqlalchemy.engine.Engine - INFO - ROLLBACK
2026-02-28 11:46:00,496 - sqlalchemy.engine.Engine - INFO - BEGIN (implicit)
2026-02-28 11:46:00,496 - sqlalchemy.engine.Engine - INFO - SELECT admins.id, admins.username, admins.password_hash, admins.created_at 
FROM admins 
WHERE admins.username = $1::VARCHAR
2026-02-28 11:46:00,496 - sqlalchemy.engine.Engine - INFO - [cached since 3183s ago] ('zhura2296@yandex.ru',)
2026-02-28 11:46:00,496 - sqlalchemy.engine.Engine - INFO - BEGIN (implicit)
2026-02-28 11:46:00,497 - sqlalchemy.engine.Engine - INFO - SELECT admins.id, admins.username, admins.password_hash, admins.created_at 
FROM admins 
WHERE admins.username = $1::VARCHAR
2026-02-28 11:46:00,497 - sqlalchemy.engine.Engine - INFO - [cached since 3183s ago] ('zhura2296@yandex.ru',)
2026-02-28 11:46:00,497 - sqlalchemy.engine.Engine - INFO - SELECT clients.id, clients.full_name, clients.phone, clients.address, clients.coordinates, clients.created_at, clients.last_contact, clients.comments, clients.updated_at, clients.backup_phone, clients.deleted_at 
FROM clients 
 LIMIT $1::INTEGER OFFSET $2::INTEGER
2026-02-28 11:46:00,497 - sqlalchemy.engine.Engine - INFO - [cached since 3183s ago] (100, 0)
2026-02-28 11:46:00,498 - sqlalchemy.engine.Engine - INFO - SELECT installers.id, installers.full_name, installers.nickname, installers.phone, installers.backup_phone, installers.specialization, installers.rating, installers.base_price, installers.is_debtor, installers.comments, installers.is_active, installers.is_in_funnel, installers.total_orders, installers.poor_work_count, installers.warranty_visits_count, installers.last_incident_date, installers.updated_at, installers.created_at, installers.deleted_at 
FROM installers 
WHERE installers.deleted_at IS NULL 
 LIMIT $1::INTEGER OFFSET $2::INTEGER
2026-02-28 11:46:00,498 - sqlalchemy.engine.Engine - INFO - [cached since 3183s ago] (100, 0)
2026-02-28 11:46:00,499 - sqlalchemy.engine.Engine - INFO - ROLLBACK
2026-02-28 11:46:00,499 - sqlalchemy.engine.Engine - INFO - ROLLBACK
2026-02-28 11:47:20,238 - sqlalchemy.engine.Engine - INFO - BEGIN (implicit)
2026-02-28 11:47:20,238 - sqlalchemy.engine.Engine - INFO - INSERT INTO orders (client_id, status, warehouse, service_datetime, delivery_datetime, promise, marker_color, address_id, address_text) VALUES ($1::INTEGER, $2::order_status, $3::VARCHAR, $4::TIMESTAMP WITHOUT TIME ZONE, $5::TIMESTAMP WITHOUT TIME ZONE, $6::VARCHAR, $7::VARCHAR, $8::VARCHAR, $9::VARCHAR) RETURNING orders.id, orders.created_at, orders.updated_at
2026-02-28 11:47:20,238 - sqlalchemy.engine.Engine - INFO - [cached since 1905s ago] (2, 'Новый', 'Основной', datetime.datetime(2026, 2, 27, 8, 46), datetime.datetime(2026, 3, 8, 8, 46), '23123', 'green', None, '')
2026-02-28 11:47:20,239 - sqlalchemy.engine.Engine - INFO - SELECT orders.id 
FROM orders 
WHERE orders.id = $1::INTEGER
2026-02-28 11:47:20,239 - sqlalchemy.engine.Engine - INFO - [cached since 1905s ago] (6,)
2026-02-28 11:47:20,240 - sqlalchemy.engine.Engine - INFO - SELECT order_installers.id AS order_installers_id, order_installers.order_id AS order_installers_order_id, order_installers.installer_id AS order_installers_installer_id, order_installers.role AS order_installers_role, order_installers.base_payment AS order_installers_base_payment, order_installers.is_primary AS order_installers_is_primary, order_installers.created_at AS order_installers_created_at, order_installers.updated_at AS order_installers_updated_at 
FROM order_installers 
WHERE $1::INTEGER = order_installers.order_id
2026-02-28 11:47:20,240 - sqlalchemy.engine.Engine - INFO - [cached since 1905s ago] (6,)
2026-02-28 11:47:20,240 - sqlalchemy.engine.Engine - INFO - SELECT clients.id AS clients_id, clients.full_name AS clients_full_name, clients.phone AS clients_phone, clients.address AS clients_address, clients.coordinates AS clients_coordinates, clients.created_at AS clients_created_at, clients.last_contact AS clients_last_contact, clients.comments AS clients_comments, clients.updated_at AS clients_updated_at, clients.backup_phone AS clients_backup_phone, clients.deleted_at AS clients_deleted_at 
FROM clients 
WHERE clients.id = $1::INTEGER
2026-02-28 11:47:20,240 - sqlalchemy.engine.Engine - INFO - [cached since 1905s ago] (2,)
2026-02-28 11:47:20,241 - sqlalchemy.engine.Engine - INFO - SELECT finance.id AS finance_id, finance.order_id AS finance_order_id, finance.revenue AS finance_revenue, finance.cost_of_goods AS finance_cost_of_goods, finance.installer_payments AS finance_installer_payments, finance.expenses AS finance_expenses, finance.warranty_costs_oleg AS finance_warranty_costs_oleg, finance.warranty_costs_installer AS finance_warranty_costs_installer, finance.profit AS finance_profit, finance.created_at AS finance_created_at, finance.updated_at AS finance_updated_at 
FROM finance 
WHERE $1::INTEGER = finance.order_id
2026-02-28 11:47:20,241 - sqlalchemy.engine.Engine - INFO - [cached since 1905s ago] (6,)
2026-02-28 11:47:20,241 - sqlalchemy.engine.Engine - INFO - COMMIT
2026-02-28 11:47:20,246 - sqlalchemy.engine.Engine - INFO - BEGIN (implicit)
2026-02-28 11:47:20,247 - sqlalchemy.engine.Engine - INFO - SELECT admins.id, admins.username, admins.password_hash, admins.created_at 
FROM admins 
WHERE admins.username = $1::VARCHAR
2026-02-28 11:47:20,247 - sqlalchemy.engine.Engine - INFO - [cached since 3263s ago] ('zhura2296@yandex.ru',)
2026-02-28 11:47:20,248 - sqlalchemy.engine.Engine - INFO - INSERT INTO order_items (order_id, item_type, name, quantity, purchase_price, sale_price, warranty_manufacturer, warranty_master, sort_order) VALUES ($1::INTEGER, $2::item_type, $3::VARCHAR, $4::INTEGER, $5::NUMERIC(10, 2), $6::NUMERIC(10, 2), $7::INTEGER, $8::INTEGER, $9::INTEGER) RETURNING order_items.id, order_items.created_at, order_items.updated_at
2026-02-28 11:47:20,248 - sqlalchemy.engine.Engine - INFO - [cached since 1905s ago] (6, 'product', 'Кондиционер', 1, Decimal('15000'), Decimal('25000'), 2, 0, 0)
2026-02-28 11:47:20,255 - sqlalchemy.engine.Engine - INFO - COMMIT
2026-02-28 11:47:20,256 - sqlalchemy.engine.Engine - INFO - BEGIN (implicit)
2026-02-28 11:47:20,256 - sqlalchemy.engine.Engine - INFO - SELECT order_items.id, order_items.order_id, order_items.item_type, order_items.name, order_items.quantity, order_items.purchase_price, order_items.sale_price, order_items.warranty_manufacturer, order_items.warranty_master, order_items.sort_order, order_items.created_at, order_items.updated_at 
FROM order_items 
WHERE order_items.id = $1::INTEGER
2026-02-28 11:47:20,256 - sqlalchemy.engine.Engine - INFO - [cached since 1905s ago] (6,)
2026-02-28 11:47:20,257 - sqlalchemy.engine.Engine - INFO - ROLLBACK
2026-02-28 11:47:20,260 - sqlalchemy.engine.Engine - INFO - BEGIN (implicit)
2026-02-28 11:47:20,260 - sqlalchemy.engine.Engine - INFO - SELECT admins.id, admins.username, admins.password_hash, admins.created_at 
FROM admins 
WHERE admins.username = $1::VARCHAR
2026-02-28 11:47:20,260 - sqlalchemy.engine.Engine - INFO - [cached since 3263s ago] ('zhura2296@yandex.ru',)
2026-02-28 11:47:20,261 - sqlalchemy.engine.Engine - INFO - INSERT INTO order_installers (order_id, installer_id, role, base_payment, is_primary) VALUES ($1::INTEGER, $2::INTEGER, $3::VARCHAR, $4::NUMERIC(10, 2), $5::BOOLEAN) RETURNING order_installers.id, order_installers.created_at, order_installers.updated_at
2026-02-28 11:47:20,261 - sqlalchemy.engine.Engine - INFO - [cached since 1905s ago] (6, 1, 'Космонавт', Decimal('5000'), True)
2026-02-28 11:47:20,262 - sqlalchemy.engine.Engine - INFO - COMMIT
2026-02-28 11:47:20,263 - sqlalchemy.engine.Engine - INFO - BEGIN (implicit)
2026-02-28 11:47:20,263 - sqlalchemy.engine.Engine - INFO - SELECT order_installers.id, order_installers.order_id, order_installers.installer_id, order_installers.role, order_installers.base_payment, order_installers.is_primary, order_installers.created_at, order_installers.updated_at 
FROM order_installers 
WHERE order_installers.id = $1::INTEGER
2026-02-28 11:47:20,263 - sqlalchemy.engine.Engine - INFO - [cached since 1905s ago] (5,)
2026-02-28 11:47:20,264 - sqlalchemy.engine.Engine - INFO - ROLLBACK
2026-02-28 11:47:20,285 - sqlalchemy.engine.Engine - INFO - BEGIN (implicit)
2026-02-28 11:47:20,286 - sqlalchemy.engine.Engine - INFO - SELECT orders.id, orders.client_id, orders.status, orders.warehouse, orders.service_datetime, orders.delivery_datetime, orders.promise, orders.marker_color, orders.address_id, orders.address_text, orders.created_at, orders.updated_at 
FROM orders 
 LIMIT $1::INTEGER OFFSET $2::INTEGER
2026-02-28 11:47:20,286 - sqlalchemy.engine.Engine - INFO - [cached since 1905s ago] (100, 0)
2026-02-28 11:47:20,287 - sqlalchemy.engine.Engine - INFO - SELECT finance.order_id AS finance_order_id, finance.id AS finance_id, finance.revenue AS finance_revenue, finance.cost_of_goods AS finance_cost_of_goods, finance.installer_payments AS finance_installer_payments, finance.expenses AS finance_expenses, finance.warranty_costs_oleg AS finance_warranty_costs_oleg, finance.warranty_costs_installer AS finance_warranty_costs_installer, finance.profit AS finance_profit, finance.created_at AS finance_created_at, finance.updated_at AS finance_updated_at 
FROM finance 
WHERE finance.order_id IN ($1::INTEGER, $2::INTEGER, $3::INTEGER, $4::INTEGER)
2026-02-28 11:47:20,287 - sqlalchemy.engine.Engine - INFO - [cached since 1905s ago] (1, 2, 3, 6)
2026-02-28 11:47:20,288 - sqlalchemy.engine.Engine - INFO - SELECT clients.id AS clients_id, clients.full_name AS clients_full_name, clients.phone AS clients_phone, clients.address AS clients_address, clients.coordinates AS clients_coordinates, clients.created_at AS clients_created_at, clients.last_contact AS clients_last_contact, clients.comments AS clients_comments, clients.updated_at AS clients_updated_at, clients.backup_phone AS clients_backup_phone, clients.deleted_at AS clients_deleted_at 
FROM clients 
WHERE clients.id IN ($1::INTEGER)
2026-02-28 11:47:20,288 - sqlalchemy.engine.Engine - INFO - [cached since 1905s ago] (2,)
2026-02-28 11:47:20,289 - sqlalchemy.engine.Engine - INFO - SELECT address_cache.address AS address_cache_address, address_cache.lat AS address_cache_lat, address_cache.lon AS address_cache_lon, address_cache.updated_at AS address_cache_updated_at 
FROM address_cache 
WHERE address_cache.address IN ($1::VARCHAR)
2026-02-28 11:47:20,289 - sqlalchemy.engine.Engine - INFO - [cached since 1905s ago] ('Москва, ул. Ленина, 10',)
2026-02-28 11:47:20,290 - sqlalchemy.engine.Engine - INFO - SELECT order_installers.order_id AS order_installers_order_id, order_installers.id AS order_installers_id, order_installers.installer_id AS order_installers_installer_id, order_installers.role AS order_installers_role, order_installers.base_payment AS order_installers_base_payment, order_installers.is_primary AS order_installers_is_primary, order_installers.created_at AS order_installers_created_at, order_installers.updated_at AS order_installers_updated_at 
FROM order_installers 
WHERE order_installers.order_id IN ($1::INTEGER, $2::INTEGER, $3::INTEGER, $4::INTEGER)
2026-02-28 11:47:20,290 - sqlalchemy.engine.Engine - INFO - [cached since 1905s ago] (1, 2, 3, 6)
2026-02-28 11:47:20,291 - sqlalchemy.engine.Engine - INFO - ROLLBACK
2026-02-28 11:47:20,292 - sqlalchemy.engine.Engine - INFO - BEGIN (implicit)
2026-02-28 11:47:20,292 - sqlalchemy.engine.Engine - INFO - SELECT orders.id, orders.client_id, orders.status, orders.warehouse, orders.service_datetime, orders.delivery_datetime, orders.promise, orders.marker_color, orders.address_id, orders.address_text, orders.created_at, orders.updated_at 
FROM orders 
 LIMIT $1::INTEGER OFFSET $2::INTEGER
2026-02-28 11:47:20,292 - sqlalchemy.engine.Engine - INFO - [cached since 1905s ago] (100, 0)
2026-02-28 11:47:20,294 - sqlalchemy.engine.Engine - INFO - SELECT finance.order_id AS finance_order_id, finance.id AS finance_id, finance.revenue AS finance_revenue, finance.cost_of_goods AS finance_cost_of_goods, finance.installer_payments AS finance_installer_payments, finance.expenses AS finance_expenses, finance.warranty_costs_oleg AS finance_warranty_costs_oleg, finance.warranty_costs_installer AS finance_warranty_costs_installer, finance.profit AS finance_profit, finance.created_at AS finance_created_at, finance.updated_at AS finance_updated_at 
FROM finance 
WHERE finance.order_id IN ($1::INTEGER, $2::INTEGER, $3::INTEGER, $4::INTEGER)
2026-02-28 11:47:20,294 - sqlalchemy.engine.Engine - INFO - [cached since 1905s ago] (1, 2, 3, 6)
2026-02-28 11:47:20,295 - sqlalchemy.engine.Engine - INFO - SELECT clients.id AS clients_id, clients.full_name AS clients_full_name, clients.phone AS clients_phone, clients.address AS clients_address, clients.coordinates AS clients_coordinates, clients.created_at AS clients_created_at, clients.last_contact AS clients_last_contact, clients.comments AS clients_comments, clients.updated_at AS clients_updated_at, clients.backup_phone AS clients_backup_phone, clients.deleted_at AS clients_deleted_at 
FROM clients 
WHERE clients.id IN ($1::INTEGER)
2026-02-28 11:47:20,295 - sqlalchemy.engine.Engine - INFO - [cached since 1905s ago] (2,)
2026-02-28 11:47:20,296 - sqlalchemy.engine.Engine - INFO - SELECT address_cache.address AS address_cache_address, address_cache.lat AS address_cache_lat, address_cache.lon AS address_cache_lon, address_cache.updated_at AS address_cache_updated_at 
FROM address_cache 
WHERE address_cache.address IN ($1::VARCHAR)
2026-02-28 11:47:20,296 - sqlalchemy.engine.Engine - INFO - [cached since 1905s ago] ('Москва, ул. Ленина, 10',)
2026-02-28 11:47:20,297 - sqlalchemy.engine.Engine - INFO - SELECT order_installers.order_id AS order_installers_order_id, order_installers.id AS order_installers_id, order_installers.installer_id AS order_installers_installer_id, order_installers.role AS order_installers_role, order_installers.base_payment AS order_installers_base_payment, order_installers.is_primary AS order_installers_is_primary, order_installers.created_at AS order_installers_created_at, order_installers.updated_at AS order_installers_updated_at 
FROM order_installers 
WHERE order_installers.order_id IN ($1::INTEGER, $2::INTEGER, $3::INTEGER, $4::INTEGER)
2026-02-28 11:47:20,297 - sqlalchemy.engine.Engine - INFO - [cached since 1905s ago] (1, 2, 3, 6)
2026-02-28 11:47:20,298 - sqlalchemy.engine.Engine - INFO - ROLLBACK
2026-02-28 11:47:23,058 - sqlalchemy.engine.Engine - INFO - BEGIN (implicit)
2026-02-28 11:47:23,058 - sqlalchemy.engine.Engine - INFO - SELECT admins.id, admins.username, admins.password_hash, admins.created_at 
FROM admins 
WHERE admins.username = $1::VARCHAR
2026-02-28 11:47:23,058 - sqlalchemy.engine.Engine - INFO - [cached since 3266s ago] ('zhura2296@yandex.ru',)
2026-02-28 11:47:23,059 - sqlalchemy.engine.Engine - INFO - SELECT installers.id, installers.full_name, installers.nickname, installers.phone, installers.backup_phone, installers.specialization, installers.rating, installers.base_price, installers.is_debtor, installers.comments, installers.is_active, installers.is_in_funnel, installers.total_orders, installers.poor_work_count, installers.warranty_visits_count, installers.last_incident_date, installers.updated_at, installers.created_at, installers.deleted_at 
FROM installers 
WHERE installers.deleted_at IS NULL 
 LIMIT $1::INTEGER OFFSET $2::INTEGER
2026-02-28 11:47:23,059 - sqlalchemy.engine.Engine - INFO - [cached since 3265s ago] (100, 0)
2026-02-28 11:47:23,060 - sqlalchemy.engine.Engine - INFO - BEGIN (implicit)
2026-02-28 11:47:23,060 - sqlalchemy.engine.Engine - INFO - SELECT orders.id, orders.client_id, orders.status, orders.warehouse, orders.service_datetime, orders.delivery_datetime, orders.promise, orders.marker_color, orders.address_id, orders.address_text, orders.created_at, orders.updated_at 
FROM orders 
WHERE orders.id = $1::INTEGER
2026-02-28 11:47:23,060 - sqlalchemy.engine.Engine - INFO - [cached since 1903s ago] (6,)
2026-02-28 11:47:23,061 - sqlalchemy.engine.Engine - INFO - ROLLBACK
2026-02-28 11:47:23,061 - sqlalchemy.engine.Engine - INFO - SELECT finance.order_id AS finance_order_id, finance.id AS finance_id, finance.revenue AS finance_revenue, finance.cost_of_goods AS finance_cost_of_goods, finance.installer_payments AS finance_installer_payments, finance.expenses AS finance_expenses, finance.warranty_costs_oleg AS finance_warranty_costs_oleg, finance.warranty_costs_installer AS finance_warranty_costs_installer, finance.profit AS finance_profit, finance.created_at AS finance_created_at, finance.updated_at AS finance_updated_at 
FROM finance 
WHERE finance.order_id IN ($1::INTEGER)
2026-02-28 11:47:23,062 - sqlalchemy.engine.Engine - INFO - [cached since 1908s ago] (6,)
2026-02-28 11:47:23,062 - sqlalchemy.engine.Engine - INFO - BEGIN (implicit)
2026-02-28 11:47:23,062 - sqlalchemy.engine.Engine - INFO - SELECT admins.id, admins.username, admins.password_hash, admins.created_at 
FROM admins 
WHERE admins.username = $1::VARCHAR
2026-02-28 11:47:23,062 - sqlalchemy.engine.Engine - INFO - [cached since 3266s ago] ('zhura2296@yandex.ru',)
2026-02-28 11:47:23,063 - sqlalchemy.engine.Engine - INFO - SELECT clients.id AS clients_id, clients.full_name AS clients_full_name, clients.phone AS clients_phone, clients.address AS clients_address, clients.coordinates AS clients_coordinates, clients.created_at AS clients_created_at, clients.last_contact AS clients_last_contact, clients.comments AS clients_comments, clients.updated_at AS clients_updated_at, clients.backup_phone AS clients_backup_phone, clients.deleted_at AS clients_deleted_at 
FROM clients 
WHERE clients.id IN ($1::INTEGER)
2026-02-28 11:47:23,063 - sqlalchemy.engine.Engine - INFO - [cached since 1908s ago] (2,)
2026-02-28 11:47:23,064 - sqlalchemy.engine.Engine - INFO - SELECT order_installers.order_id AS order_installers_order_id, order_installers.id AS order_installers_id, order_installers.installer_id AS order_installers_installer_id, order_installers.role AS order_installers_role, order_installers.base_payment AS order_installers_base_payment, order_installers.is_primary AS order_installers_is_primary, order_installers.created_at AS order_installers_created_at, order_installers.updated_at AS order_installers_updated_at 
FROM order_installers 
WHERE order_installers.order_id IN ($1::INTEGER)
2026-02-28 11:47:23,064 - sqlalchemy.engine.Engine - INFO - [cached since 1908s ago] (6,)
2026-02-28 11:47:23,064 - sqlalchemy.engine.Engine - INFO - SELECT installers.id, installers.full_name, installers.nickname, installers.phone, installers.backup_phone, installers.specialization, installers.rating, installers.base_price, installers.is_debtor, installers.comments, installers.is_active, installers.is_in_funnel, installers.total_orders, installers.poor_work_count, installers.warranty_visits_count, installers.last_incident_date, installers.updated_at, installers.created_at, installers.deleted_at 
FROM installers 
WHERE installers.deleted_at IS NULL 
 LIMIT $1::INTEGER OFFSET $2::INTEGER
2026-02-28 11:47:23,064 - sqlalchemy.engine.Engine - INFO - [cached since 3265s ago] (100, 0)
2026-02-28 11:47:23,066 - sqlalchemy.engine.Engine - INFO - ROLLBACK
2026-02-28 11:47:23,066 - sqlalchemy.engine.Engine - INFO - ROLLBACK
2026-02-28 11:47:23,066 - sqlalchemy.engine.Engine - INFO - BEGIN (implicit)
2026-02-28 11:47:23,067 - sqlalchemy.engine.Engine - INFO - SELECT orders.id, orders.client_id, orders.status, orders.warehouse, orders.service_datetime, orders.delivery_datetime, orders.promise, orders.marker_color, orders.address_id, orders.address_text, orders.created_at, orders.updated_at 
FROM orders 
WHERE orders.id = $1::INTEGER
2026-02-28 11:47:23,067 - sqlalchemy.engine.Engine - INFO - [cached since 1903s ago] (6,)
2026-02-28 11:47:23,068 - sqlalchemy.engine.Engine - INFO - SELECT finance.order_id AS finance_order_id, finance.id AS finance_id, finance.revenue AS finance_revenue, finance.cost_of_goods AS finance_cost_of_goods, finance.installer_payments AS finance_installer_payments, finance.expenses AS finance_expenses, finance.warranty_costs_oleg AS finance_warranty_costs_oleg, finance.warranty_costs_installer AS finance_warranty_costs_installer, finance.profit AS finance_profit, finance.created_at AS finance_created_at, finance.updated_at AS finance_updated_at 
FROM finance 
WHERE finance.order_id IN ($1::INTEGER)
2026-02-28 11:47:23,068 - sqlalchemy.engine.Engine - INFO - [cached since 1908s ago] (6,)
2026-02-28 11:47:23,070 - sqlalchemy.engine.Engine - INFO - SELECT clients.id AS clients_id, clients.full_name AS clients_full_name, clients.phone AS clients_phone, clients.address AS clients_address, clients.coordinates AS clients_coordinates, clients.created_at AS clients_created_at, clients.last_contact AS clients_last_contact, clients.comments AS clients_comments, clients.updated_at AS clients_updated_at, clients.backup_phone AS clients_backup_phone, clients.deleted_at AS clients_deleted_at 
FROM clients 
WHERE clients.id IN ($1::INTEGER)
2026-02-28 11:47:23,070 - sqlalchemy.engine.Engine - INFO - [cached since 1908s ago] (2,)
2026-02-28 11:47:23,071 - sqlalchemy.engine.Engine - INFO - SELECT order_installers.order_id AS order_installers_order_id, order_installers.id AS order_installers_id, order_installers.installer_id AS order_installers_installer_id, order_installers.role AS order_installers_role, order_installers.base_payment AS order_installers_base_payment, order_installers.is_primary AS order_installers_is_primary, order_installers.created_at AS order_installers_created_at, order_installers.updated_at AS order_installers_updated_at 
FROM order_installers 
WHERE order_installers.order_id IN ($1::INTEGER)
2026-02-28 11:47:23,071 - sqlalchemy.engine.Engine - INFO - [cached since 1908s ago] (6,)
2026-02-28 11:47:23,072 - sqlalchemy.engine.Engine - INFO - ROLLBACK
2026-02-28 11:47:41,086 - sqlalchemy.engine.Engine - INFO - BEGIN (implicit)
2026-02-28 11:47:41,087 - sqlalchemy.engine.Engine - INFO - SELECT orders.id, orders.client_id, orders.status, orders.warehouse, orders.service_datetime, orders.delivery_datetime, orders.promise, orders.marker_color, orders.address_id, orders.address_text, orders.created_at, orders.updated_at 
FROM orders 
 LIMIT $1::INTEGER OFFSET $2::INTEGER
2026-02-28 11:47:41,087 - sqlalchemy.engine.Engine - INFO - [cached since 1926s ago] (100, 0)
2026-02-28 11:47:41,088 - sqlalchemy.engine.Engine - INFO - SELECT finance.order_id AS finance_order_id, finance.id AS finance_id, finance.revenue AS finance_revenue, finance.cost_of_goods AS finance_cost_of_goods, finance.installer_payments AS finance_installer_payments, finance.expenses AS finance_expenses, finance.warranty_costs_oleg AS finance_warranty_costs_oleg, finance.warranty_costs_installer AS finance_warranty_costs_installer, finance.profit AS finance_profit, finance.created_at AS finance_created_at, finance.updated_at AS finance_updated_at 
FROM finance 
WHERE finance.order_id IN ($1::INTEGER, $2::INTEGER, $3::INTEGER, $4::INTEGER)
2026-02-28 11:47:41,089 - sqlalchemy.engine.Engine - INFO - [cached since 1926s ago] (1, 2, 3, 6)
2026-02-28 11:47:41,090 - sqlalchemy.engine.Engine - INFO - SELECT clients.id AS clients_id, clients.full_name AS clients_full_name, clients.phone AS clients_phone, clients.address AS clients_address, clients.coordinates AS clients_coordinates, clients.created_at AS clients_created_at, clients.last_contact AS clients_last_contact, clients.comments AS clients_comments, clients.updated_at AS clients_updated_at, clients.backup_phone AS clients_backup_phone, clients.deleted_at AS clients_deleted_at 
FROM clients 
WHERE clients.id IN ($1::INTEGER)
2026-02-28 11:47:41,090 - sqlalchemy.engine.Engine - INFO - [cached since 1926s ago] (2,)
2026-02-28 11:47:41,091 - sqlalchemy.engine.Engine - INFO - SELECT address_cache.address AS address_cache_address, address_cache.lat AS address_cache_lat, address_cache.lon AS address_cache_lon, address_cache.updated_at AS address_cache_updated_at 
FROM address_cache 
WHERE address_cache.address IN ($1::VARCHAR)
2026-02-28 11:47:41,091 - sqlalchemy.engine.Engine - INFO - [cached since 1926s ago] ('Москва, ул. Ленина, 10',)
2026-02-28 11:47:41,092 - sqlalchemy.engine.Engine - INFO - SELECT order_installers.order_id AS order_installers_order_id, order_installers.id AS order_installers_id, order_installers.installer_id AS order_installers_installer_id, order_installers.role AS order_installers_role, order_installers.base_payment AS order_installers_base_payment, order_installers.is_primary AS order_installers_is_primary, order_installers.created_at AS order_installers_created_at, order_installers.updated_at AS order_installers_updated_at 
FROM order_installers 
WHERE order_installers.order_id IN ($1::INTEGER, $2::INTEGER, $3::INTEGER, $4::INTEGER)
2026-02-28 11:47:41,092 - sqlalchemy.engine.Engine - INFO - [cached since 1926s ago] (1, 2, 3, 6)
2026-02-28 11:47:41,093 - sqlalchemy.engine.Engine - INFO - ROLLBACK
2026-02-28 11:47:41,094 - sqlalchemy.engine.Engine - INFO - BEGIN (implicit)
2026-02-28 11:47:41,094 - sqlalchemy.engine.Engine - INFO - SELECT orders.id, orders.client_id, orders.status, orders.warehouse, orders.service_datetime, orders.delivery_datetime, orders.promise, orders.marker_color, orders.address_id, orders.address_text, orders.created_at, orders.updated_at 
FROM orders 
 LIMIT $1::INTEGER OFFSET $2::INTEGER
2026-02-28 11:47:41,094 - sqlalchemy.engine.Engine - INFO - [cached since 1926s ago] (100, 0)
2026-02-28 11:47:41,096 - sqlalchemy.engine.Engine - INFO - SELECT finance.order_id AS finance_order_id, finance.id AS finance_id, finance.revenue AS finance_revenue, finance.cost_of_goods AS finance_cost_of_goods, finance.installer_payments AS finance_installer_payments, finance.expenses AS finance_expenses, finance.warranty_costs_oleg AS finance_warranty_costs_oleg, finance.warranty_costs_installer AS finance_warranty_costs_installer, finance.profit AS finance_profit, finance.created_at AS finance_created_at, finance.updated_at AS finance_updated_at 
FROM finance 
WHERE finance.order_id IN ($1::INTEGER, $2::INTEGER, $3::INTEGER, $4::INTEGER)
2026-02-28 11:47:41,096 - sqlalchemy.engine.Engine - INFO - [cached since 1926s ago] (1, 2, 3, 6)
2026-02-28 11:47:41,097 - sqlalchemy.engine.Engine - INFO - SELECT clients.id AS clients_id, clients.full_name AS clients_full_name, clients.phone AS clients_phone, clients.address AS clients_address, clients.coordinates AS clients_coordinates, clients.created_at AS clients_created_at, clients.last_contact AS clients_last_contact, clients.comments AS clients_comments, clients.updated_at AS clients_updated_at, clients.backup_phone AS clients_backup_phone, clients.deleted_at AS clients_deleted_at 
FROM clients 
WHERE clients.id IN ($1::INTEGER)
2026-02-28 11:47:41,097 - sqlalchemy.engine.Engine - INFO - [cached since 1926s ago] (2,)
2026-02-28 11:47:41,098 - sqlalchemy.engine.Engine - INFO - SELECT address_cache.address AS address_cache_address, address_cache.lat AS address_cache_lat, address_cache.lon AS address_cache_lon, address_cache.updated_at AS address_cache_updated_at 
FROM address_cache 
WHERE address_cache.address IN ($1::VARCHAR)
2026-02-28 11:47:41,098 - sqlalchemy.engine.Engine - INFO - [cached since 1926s ago] ('Москва, ул. Ленина, 10',)
2026-02-28 11:47:41,099 - sqlalchemy.engine.Engine - INFO - SELECT order_installers.order_id AS order_installers_order_id, order_installers.id AS order_installers_id, order_installers.installer_id AS order_installers_installer_id, order_installers.role AS order_installers_role, order_installers.base_payment AS order_installers_base_payment, order_installers.is_primary AS order_installers_is_primary, order_installers.created_at AS order_installers_created_at, order_installers.updated_at AS order_installers_updated_at 
FROM order_installers 
WHERE order_installers.order_id IN ($1::INTEGER, $2::INTEGER, $3::INTEGER, $4::INTEGER)
2026-02-28 11:47:41,099 - sqlalchemy.engine.Engine - INFO - [cached since 1926s ago] (1, 2, 3, 6)
2026-02-28 11:47:41,100 - sqlalchemy.engine.Engine - INFO - ROLLBACK
2026-02-28 11:47:43,036 - sqlalchemy.engine.Engine - INFO - BEGIN (implicit)
2026-02-28 11:47:43,037 - sqlalchemy.engine.Engine - INFO - SELECT admins.id, admins.username, admins.password_hash, admins.created_at 
FROM admins 
WHERE admins.username = $1::VARCHAR
2026-02-28 11:47:43,037 - sqlalchemy.engine.Engine - INFO - [cached since 3286s ago] ('zhura2296@yandex.ru',)
2026-02-28 11:47:43,037 - sqlalchemy.engine.Engine - INFO - BEGIN (implicit)
2026-02-28 11:47:43,037 - sqlalchemy.engine.Engine - INFO - SELECT admins.id, admins.username, admins.password_hash, admins.created_at 
FROM admins 
WHERE admins.username = $1::VARCHAR
2026-02-28 11:47:43,037 - sqlalchemy.engine.Engine - INFO - [cached since 3286s ago] ('zhura2296@yandex.ru',)
2026-02-28 11:47:43,038 - sqlalchemy.engine.Engine - INFO - SELECT installers.id, installers.full_name, installers.nickname, installers.phone, installers.backup_phone, installers.specialization, installers.rating, installers.base_price, installers.is_debtor, installers.comments, installers.is_active, installers.is_in_funnel, installers.total_orders, installers.poor_work_count, installers.warranty_visits_count, installers.last_incident_date, installers.updated_at, installers.created_at, installers.deleted_at 
FROM installers 
WHERE installers.deleted_at IS NULL 
 LIMIT $1::INTEGER OFFSET $2::INTEGER
2026-02-28 11:47:43,038 - sqlalchemy.engine.Engine - INFO - [cached since 3285s ago] (100, 0)
2026-02-28 11:47:43,038 - sqlalchemy.engine.Engine - INFO - SELECT clients.id, clients.full_name, clients.phone, clients.address, clients.coordinates, clients.created_at, clients.last_contact, clients.comments, clients.updated_at, clients.backup_phone, clients.deleted_at 
FROM clients 
 LIMIT $1::INTEGER OFFSET $2::INTEGER
2026-02-28 11:47:43,038 - sqlalchemy.engine.Engine - INFO - [cached since 3285s ago] (100, 0)
2026-02-28 11:47:43,039 - sqlalchemy.engine.Engine - INFO - ROLLBACK
2026-02-28 11:47:43,040 - sqlalchemy.engine.Engine - INFO - ROLLBACK
2026-02-28 11:47:43,040 - sqlalchemy.engine.Engine - INFO - BEGIN (implicit)
2026-02-28 11:47:43,041 - sqlalchemy.engine.Engine - INFO - SELECT admins.id, admins.username, admins.password_hash, admins.created_at 
FROM admins 
WHERE admins.username = $1::VARCHAR
2026-02-28 11:47:43,041 - sqlalchemy.engine.Engine - INFO - [cached since 3286s ago] ('zhura2296@yandex.ru',)
2026-02-28 11:47:43,041 - sqlalchemy.engine.Engine - INFO - BEGIN (implicit)
2026-02-28 11:47:43,041 - sqlalchemy.engine.Engine - INFO - SELECT admins.id, admins.username, admins.password_hash, admins.created_at 
FROM admins 
WHERE admins.username = $1::VARCHAR
2026-02-28 11:47:43,041 - sqlalchemy.engine.Engine - INFO - [cached since 3286s ago] ('zhura2296@yandex.ru',)
2026-02-28 11:47:43,042 - sqlalchemy.engine.Engine - INFO - SELECT installers.id, installers.full_name, installers.nickname, installers.phone, installers.backup_phone, installers.specialization, installers.rating, installers.base_price, installers.is_debtor, installers.comments, installers.is_active, installers.is_in_funnel, installers.total_orders, installers.poor_work_count, installers.warranty_visits_count, installers.last_incident_date, installers.updated_at, installers.created_at, installers.deleted_at 
FROM installers 
WHERE installers.deleted_at IS NULL 
 LIMIT $1::INTEGER OFFSET $2::INTEGER
2026-02-28 11:47:43,042 - sqlalchemy.engine.Engine - INFO - [cached since 3285s ago] (100, 0)
2026-02-28 11:47:43,042 - sqlalchemy.engine.Engine - INFO - SELECT clients.id, clients.full_name, clients.phone, clients.address, clients.coordinates, clients.created_at, clients.last_contact, clients.comments, clients.updated_at, clients.backup_phone, clients.deleted_at 
FROM clients 
 LIMIT $1::INTEGER OFFSET $2::INTEGER
2026-02-28 11:47:43,042 - sqlalchemy.engine.Engine - INFO - [cached since 3285s ago] (100, 0)
2026-02-28 11:47:43,044 - sqlalchemy.engine.Engine - INFO - ROLLBACK
2026-02-28 11:47:43,044 - sqlalchemy.engine.Engine - INFO - ROLLBACK
2026-02-28 11:48:29,221 - sqlalchemy.engine.Engine - INFO - BEGIN (implicit)
2026-02-28 11:48:29,221 - sqlalchemy.engine.Engine - INFO - INSERT INTO orders (client_id, status, warehouse, service_datetime, delivery_datetime, promise, marker_color, address_id, address_text) VALUES ($1::INTEGER, $2::order_status, $3::VARCHAR, $4::TIMESTAMP WITHOUT TIME ZONE, $5::TIMESTAMP WITHOUT TIME ZONE, $6::VARCHAR, $7::VARCHAR, $8::VARCHAR, $9::VARCHAR) RETURNING orders.id, orders.created_at, orders.updated_at
2026-02-28 11:48:29,221 - sqlalchemy.engine.Engine - INFO - [cached since 1974s ago] (2, 'Новый', 'Основной', datetime.datetime(2026, 3, 3, 8, 47), datetime.datetime(2026, 3, 6, 8, 47), '', 'blue', None, '')
2026-02-28 11:48:29,224 - sqlalchemy.engine.Engine - INFO - SELECT orders.id 
FROM orders 
WHERE orders.id = $1::INTEGER
2026-02-28 11:48:29,224 - sqlalchemy.engine.Engine - INFO - [cached since 1974s ago] (7,)
2026-02-28 11:48:29,225 - sqlalchemy.engine.Engine - INFO - SELECT order_installers.id AS order_installers_id, order_installers.order_id AS order_installers_order_id, order_installers.installer_id AS order_installers_installer_id, order_installers.role AS order_installers_role, order_installers.base_payment AS order_installers_base_payment, order_installers.is_primary AS order_installers_is_primary, order_installers.created_at AS order_installers_created_at, order_installers.updated_at AS order_installers_updated_at 
FROM order_installers 
WHERE $1::INTEGER = order_installers.order_id
2026-02-28 11:48:29,225 - sqlalchemy.engine.Engine - INFO - [cached since 1974s ago] (7,)
2026-02-28 11:48:29,226 - sqlalchemy.engine.Engine - INFO - SELECT clients.id AS clients_id, clients.full_name AS clients_full_name, clients.phone AS clients_phone, clients.address AS clients_address, clients.coordinates AS clients_coordinates, clients.created_at AS clients_created_at, clients.last_contact AS clients_last_contact, clients.comments AS clients_comments, clients.updated_at AS clients_updated_at, clients.backup_phone AS clients_backup_phone, clients.deleted_at AS clients_deleted_at 
FROM clients 
WHERE clients.id = $1::INTEGER
2026-02-28 11:48:29,226 - sqlalchemy.engine.Engine - INFO - [cached since 1974s ago] (2,)
2026-02-28 11:48:29,227 - sqlalchemy.engine.Engine - INFO - SELECT finance.id AS finance_id, finance.order_id AS finance_order_id, finance.revenue AS finance_revenue, finance.cost_of_goods AS finance_cost_of_goods, finance.installer_payments AS finance_installer_payments, finance.expenses AS finance_expenses, finance.warranty_costs_oleg AS finance_warranty_costs_oleg, finance.warranty_costs_installer AS finance_warranty_costs_installer, finance.profit AS finance_profit, finance.created_at AS finance_created_at, finance.updated_at AS finance_updated_at 
FROM finance 
WHERE $1::INTEGER = finance.order_id
2026-02-28 11:48:29,227 - sqlalchemy.engine.Engine - INFO - [cached since 1974s ago] (7,)
2026-02-28 11:48:29,228 - sqlalchemy.engine.Engine - INFO - COMMIT
2026-02-28 11:48:29,232 - sqlalchemy.engine.Engine - INFO - BEGIN (implicit)
2026-02-28 11:48:29,232 - sqlalchemy.engine.Engine - INFO - SELECT admins.id, admins.username, admins.password_hash, admins.created_at 
FROM admins 
WHERE admins.username = $1::VARCHAR
2026-02-28 11:48:29,232 - sqlalchemy.engine.Engine - INFO - [cached since 3332s ago] ('zhura2296@yandex.ru',)
2026-02-28 11:48:29,233 - sqlalchemy.engine.Engine - INFO - INSERT INTO order_items (order_id, item_type, name, quantity, purchase_price, sale_price, warranty_manufacturer, warranty_master, sort_order) VALUES ($1::INTEGER, $2::item_type, $3::VARCHAR, $4::INTEGER, $5::NUMERIC(10, 2), $6::NUMERIC(10, 2), $7::INTEGER, $8::INTEGER, $9::INTEGER) RETURNING order_items.id, order_items.created_at, order_items.updated_at
2026-02-28 11:48:29,233 - sqlalchemy.engine.Engine - INFO - [cached since 1974s ago] (7, 'service', 'вапвапвав', 1, Decimal('0'), Decimal('4545'), 1, 0, 0)
2026-02-28 11:48:29,239 - sqlalchemy.engine.Engine - INFO - COMMIT
2026-02-28 11:48:29,240 - sqlalchemy.engine.Engine - INFO - BEGIN (implicit)
2026-02-28 11:48:29,240 - sqlalchemy.engine.Engine - INFO - SELECT order_items.id, order_items.order_id, order_items.item_type, order_items.name, order_items.quantity, order_items.purchase_price, order_items.sale_price, order_items.warranty_manufacturer, order_items.warranty_master, order_items.sort_order, order_items.created_at, order_items.updated_at 
FROM order_items 
WHERE order_items.id = $1::INTEGER
2026-02-28 11:48:29,240 - sqlalchemy.engine.Engine - INFO - [cached since 1974s ago] (7,)
2026-02-28 11:48:29,241 - sqlalchemy.engine.Engine - INFO - ROLLBACK
2026-02-28 11:48:29,244 - sqlalchemy.engine.Engine - INFO - BEGIN (implicit)
2026-02-28 11:48:29,244 - sqlalchemy.engine.Engine - INFO - SELECT admins.id, admins.username, admins.password_hash, admins.created_at 
FROM admins 
WHERE admins.username = $1::VARCHAR
2026-02-28 11:48:29,244 - sqlalchemy.engine.Engine - INFO - [cached since 3332s ago] ('zhura2296@yandex.ru',)
2026-02-28 11:48:29,245 - sqlalchemy.engine.Engine - INFO - INSERT INTO order_installers (order_id, installer_id, role, base_payment, is_primary) VALUES ($1::INTEGER, $2::INTEGER, $3::VARCHAR, $4::NUMERIC(10, 2), $5::BOOLEAN) RETURNING order_installers.id, order_installers.created_at, order_installers.updated_at
2026-02-28 11:48:29,246 - sqlalchemy.engine.Engine - INFO - [cached since 1974s ago] (7, 2, '433534', Decimal('0'), True)
2026-02-28 11:48:29,247 - sqlalchemy.engine.Engine - INFO - COMMIT
2026-02-28 11:48:29,248 - sqlalchemy.engine.Engine - INFO - BEGIN (implicit)
2026-02-28 11:48:29,248 - sqlalchemy.engine.Engine - INFO - SELECT order_installers.id, order_installers.order_id, order_installers.installer_id, order_installers.role, order_installers.base_payment, order_installers.is_primary, order_installers.created_at, order_installers.updated_at 
FROM order_installers 
WHERE order_installers.id = $1::INTEGER
2026-02-28 11:48:29,248 - sqlalchemy.engine.Engine - INFO - [cached since 1974s ago] (6,)
2026-02-28 11:48:29,249 - sqlalchemy.engine.Engine - INFO - ROLLBACK
2026-02-28 11:48:29,271 - sqlalchemy.engine.Engine - INFO - BEGIN (implicit)
2026-02-28 11:48:29,271 - sqlalchemy.engine.Engine - INFO - SELECT orders.id, orders.client_id, orders.status, orders.warehouse, orders.service_datetime, orders.delivery_datetime, orders.promise, orders.marker_color, orders.address_id, orders.address_text, orders.created_at, orders.updated_at 
FROM orders 
 LIMIT $1::INTEGER OFFSET $2::INTEGER
2026-02-28 11:48:29,271 - sqlalchemy.engine.Engine - INFO - [cached since 1974s ago] (100, 0)
2026-02-28 11:48:29,273 - sqlalchemy.engine.Engine - INFO - SELECT finance.order_id AS finance_order_id, finance.id AS finance_id, finance.revenue AS finance_revenue, finance.cost_of_goods AS finance_cost_of_goods, finance.installer_payments AS finance_installer_payments, finance.expenses AS finance_expenses, finance.warranty_costs_oleg AS finance_warranty_costs_oleg, finance.warranty_costs_installer AS finance_warranty_costs_installer, finance.profit AS finance_profit, finance.created_at AS finance_created_at, finance.updated_at AS finance_updated_at 
FROM finance 
WHERE finance.order_id IN ($1::INTEGER, $2::INTEGER, $3::INTEGER, $4::INTEGER, $5::INTEGER)
2026-02-28 11:48:29,273 - sqlalchemy.engine.Engine - INFO - [cached since 1974s ago] (1, 2, 3, 6, 7)
2026-02-28 11:48:29,275 - sqlalchemy.engine.Engine - INFO - SELECT clients.id AS clients_id, clients.full_name AS clients_full_name, clients.phone AS clients_phone, clients.address AS clients_address, clients.coordinates AS clients_coordinates, clients.created_at AS clients_created_at, clients.last_contact AS clients_last_contact, clients.comments AS clients_comments, clients.updated_at AS clients_updated_at, clients.backup_phone AS clients_backup_phone, clients.deleted_at AS clients_deleted_at 
FROM clients 
WHERE clients.id IN ($1::INTEGER)
2026-02-28 11:48:29,275 - sqlalchemy.engine.Engine - INFO - [cached since 1974s ago] (2,)
2026-02-28 11:48:29,276 - sqlalchemy.engine.Engine - INFO - SELECT address_cache.address AS address_cache_address, address_cache.lat AS address_cache_lat, address_cache.lon AS address_cache_lon, address_cache.updated_at AS address_cache_updated_at 
FROM address_cache 
WHERE address_cache.address IN ($1::VARCHAR)
2026-02-28 11:48:29,276 - sqlalchemy.engine.Engine - INFO - [cached since 1974s ago] ('Москва, ул. Ленина, 10',)
2026-02-28 11:48:29,278 - sqlalchemy.engine.Engine - INFO - SELECT order_installers.order_id AS order_installers_order_id, order_installers.id AS order_installers_id, order_installers.installer_id AS order_installers_installer_id, order_installers.role AS order_installers_role, order_installers.base_payment AS order_installers_base_payment, order_installers.is_primary AS order_installers_is_primary, order_installers.created_at AS order_installers_created_at, order_installers.updated_at AS order_installers_updated_at 
FROM order_installers 
WHERE order_installers.order_id IN ($1::INTEGER, $2::INTEGER, $3::INTEGER, $4::INTEGER, $5::INTEGER)
2026-02-28 11:48:29,278 - sqlalchemy.engine.Engine - INFO - [cached since 1974s ago] (1, 2, 3, 6, 7)
2026-02-28 11:48:29,280 - sqlalchemy.engine.Engine - INFO - ROLLBACK
2026-02-28 11:48:29,282 - sqlalchemy.engine.Engine - INFO - BEGIN (implicit)
2026-02-28 11:48:29,282 - sqlalchemy.engine.Engine - INFO - SELECT orders.id, orders.client_id, orders.status, orders.warehouse, orders.service_datetime, orders.delivery_datetime, orders.promise, orders.marker_color, orders.address_id, orders.address_text, orders.created_at, orders.updated_at 
FROM orders 
 LIMIT $1::INTEGER OFFSET $2::INTEGER
2026-02-28 11:48:29,282 - sqlalchemy.engine.Engine - INFO - [cached since 1974s ago] (100, 0)
2026-02-28 11:48:29,284 - sqlalchemy.engine.Engine - INFO - SELECT finance.order_id AS finance_order_id, finance.id AS finance_id, finance.revenue AS finance_revenue, finance.cost_of_goods AS finance_cost_of_goods, finance.installer_payments AS finance_installer_payments, finance.expenses AS finance_expenses, finance.warranty_costs_oleg AS finance_warranty_costs_oleg, finance.warranty_costs_installer AS finance_warranty_costs_installer, finance.profit AS finance_profit, finance.created_at AS finance_created_at, finance.updated_at AS finance_updated_at 
FROM finance 
WHERE finance.order_id IN ($1::INTEGER, $2::INTEGER, $3::INTEGER, $4::INTEGER, $5::INTEGER)
2026-02-28 11:48:29,284 - sqlalchemy.engine.Engine - INFO - [cached since 1974s ago] (1, 2, 3, 6, 7)
2026-02-28 11:48:29,285 - sqlalchemy.engine.Engine - INFO - SELECT clients.id AS clients_id, clients.full_name AS clients_full_name, clients.phone AS clients_phone, clients.address AS clients_address, clients.coordinates AS clients_coordinates, clients.created_at AS clients_created_at, clients.last_contact AS clients_last_contact, clients.comments AS clients_comments, clients.updated_at AS clients_updated_at, clients.backup_phone AS clients_backup_phone, clients.deleted_at AS clients_deleted_at 
FROM clients 
WHERE clients.id IN ($1::INTEGER)
2026-02-28 11:48:29,285 - sqlalchemy.engine.Engine - INFO - [cached since 1974s ago] (2,)
2026-02-28 11:48:29,286 - sqlalchemy.engine.Engine - INFO - SELECT address_cache.address AS address_cache_address, address_cache.lat AS address_cache_lat, address_cache.lon AS address_cache_lon, address_cache.updated_at AS address_cache_updated_at 
FROM address_cache 
WHERE address_cache.address IN ($1::VARCHAR)
2026-02-28 11:48:29,286 - sqlalchemy.engine.Engine - INFO - [cached since 1974s ago] ('Москва, ул. Ленина, 10',)
2026-02-28 11:48:29,287 - sqlalchemy.engine.Engine - INFO - SELECT order_installers.order_id AS order_installers_order_id, order_installers.id AS order_installers_id, order_installers.installer_id AS order_installers_installer_id, order_installers.role AS order_installers_role, order_installers.base_payment AS order_installers_base_payment, order_installers.is_primary AS order_installers_is_primary, order_installers.created_at AS order_installers_created_at, order_installers.updated_at AS order_installers_updated_at 
FROM order_installers 
WHERE order_installers.order_id IN ($1::INTEGER, $2::INTEGER, $3::INTEGER, $4::INTEGER, $5::INTEGER)
2026-02-28 11:48:29,287 - sqlalchemy.engine.Engine - INFO - [cached since 1974s ago] (1, 2, 3, 6, 7)
2026-02-28 11:48:29,288 - sqlalchemy.engine.Engine - INFO - ROLLBACK
2026-02-28 11:48:31,058 - sqlalchemy.engine.Engine - INFO - BEGIN (implicit)
2026-02-28 11:48:31,058 - sqlalchemy.engine.Engine - INFO - SELECT orders.id, orders.client_id, orders.status, orders.warehouse, orders.service_datetime, orders.delivery_datetime, orders.promise, orders.marker_color, orders.address_id, orders.address_text, orders.created_at, orders.updated_at 
FROM orders 
WHERE orders.id = $1::INTEGER
2026-02-28 11:48:31,058 - sqlalchemy.engine.Engine - INFO - [cached since 1971s ago] (6,)
2026-02-28 11:48:31,059 - sqlalchemy.engine.Engine - INFO - BEGIN (implicit)
2026-02-28 11:48:31,059 - sqlalchemy.engine.Engine - INFO - SELECT admins.id, admins.username, admins.password_hash, admins.created_at 
FROM admins 
WHERE admins.username = $1::VARCHAR
2026-02-28 11:48:31,059 - sqlalchemy.engine.Engine - INFO - [cached since 3334s ago] ('zhura2296@yandex.ru',)
2026-02-28 11:48:31,060 - sqlalchemy.engine.Engine - INFO - SELECT finance.order_id AS finance_order_id, finance.id AS finance_id, finance.revenue AS finance_revenue, finance.cost_of_goods AS finance_cost_of_goods, finance.installer_payments AS finance_installer_payments, finance.expenses AS finance_expenses, finance.warranty_costs_oleg AS finance_warranty_costs_oleg, finance.warranty_costs_installer AS finance_warranty_costs_installer, finance.profit AS finance_profit, finance.created_at AS finance_created_at, finance.updated_at AS finance_updated_at 
FROM finance 
WHERE finance.order_id IN ($1::INTEGER)
2026-02-28 11:48:31,060 - sqlalchemy.engine.Engine - INFO - [cached since 1976s ago] (6,)
2026-02-28 11:48:31,061 - sqlalchemy.engine.Engine - INFO - SELECT installers.id, installers.full_name, installers.nickname, installers.phone, installers.backup_phone, installers.specialization, installers.rating, installers.base_price, installers.is_debtor, installers.comments, installers.is_active, installers.is_in_funnel, installers.total_orders, installers.poor_work_count, installers.warranty_visits_count, installers.last_incident_date, installers.updated_at, installers.created_at, installers.deleted_at 
FROM installers 
WHERE installers.deleted_at IS NULL 
 LIMIT $1::INTEGER OFFSET $2::INTEGER
2026-02-28 11:48:31,061 - sqlalchemy.engine.Engine - INFO - [cached since 3333s ago] (100, 0)
2026-02-28 11:48:31,061 - sqlalchemy.engine.Engine - INFO - SELECT clients.id AS clients_id, clients.full_name AS clients_full_name, clients.phone AS clients_phone, clients.address AS clients_address, clients.coordinates AS clients_coordinates, clients.created_at AS clients_created_at, clients.last_contact AS clients_last_contact, clients.comments AS clients_comments, clients.updated_at AS clients_updated_at, clients.backup_phone AS clients_backup_phone, clients.deleted_at AS clients_deleted_at 
FROM clients 
WHERE clients.id IN ($1::INTEGER)
2026-02-28 11:48:31,061 - sqlalchemy.engine.Engine - INFO - [cached since 1976s ago] (2,)
2026-02-28 11:48:31,062 - sqlalchemy.engine.Engine - INFO - SELECT order_installers.order_id AS order_installers_order_id, order_installers.id AS order_installers_id, order_installers.installer_id AS order_installers_installer_id, order_installers.role AS order_installers_role, order_installers.base_payment AS order_installers_base_payment, order_installers.is_primary AS order_installers_is_primary, order_installers.created_at AS order_installers_created_at, order_installers.updated_at AS order_installers_updated_at 
FROM order_installers 
WHERE order_installers.order_id IN ($1::INTEGER)
2026-02-28 11:48:31,062 - sqlalchemy.engine.Engine - INFO - [cached since 1976s ago] (6,)
2026-02-28 11:48:31,063 - sqlalchemy.engine.Engine - INFO - ROLLBACK
2026-02-28 11:48:31,063 - sqlalchemy.engine.Engine - INFO - ROLLBACK
2026-02-28 11:48:31,096 - sqlalchemy.engine.Engine - INFO - BEGIN (implicit)
2026-02-28 11:48:31,097 - sqlalchemy.engine.Engine - INFO - SELECT admins.id, admins.username, admins.password_hash, admins.created_at 
FROM admins 
WHERE admins.username = $1::VARCHAR
2026-02-28 11:48:31,097 - sqlalchemy.engine.Engine - INFO - [cached since 3334s ago] ('zhura2296@yandex.ru',)
2026-02-28 11:48:31,097 - sqlalchemy.engine.Engine - INFO - BEGIN (implicit)
2026-02-28 11:48:31,098 - sqlalchemy.engine.Engine - INFO - SELECT orders.id, orders.client_id, orders.status, orders.warehouse, orders.service_datetime, orders.delivery_datetime, orders.promise, orders.marker_color, orders.address_id, orders.address_text, orders.created_at, orders.updated_at 
FROM orders 
WHERE orders.id = $1::INTEGER
2026-02-28 11:48:31,098 - sqlalchemy.engine.Engine - INFO - [cached since 1971s ago] (6,)
2026-02-28 11:48:31,098 - sqlalchemy.engine.Engine - INFO - SELECT installers.id, installers.full_name, installers.nickname, installers.phone, installers.backup_phone, installers.specialization, installers.rating, installers.base_price, installers.is_debtor, installers.comments, installers.is_active, installers.is_in_funnel, installers.total_orders, installers.poor_work_count, installers.warranty_visits_count, installers.last_incident_date, installers.updated_at, installers.created_at, installers.deleted_at 
FROM installers 
WHERE installers.deleted_at IS NULL 
 LIMIT $1::INTEGER OFFSET $2::INTEGER
2026-02-28 11:48:31,098 - sqlalchemy.engine.Engine - INFO - [cached since 3333s ago] (100, 0)
2026-02-28 11:48:31,099 - sqlalchemy.engine.Engine - INFO - SELECT finance.order_id AS finance_order_id, finance.id AS finance_id, finance.revenue AS finance_revenue, finance.cost_of_goods AS finance_cost_of_goods, finance.installer_payments AS finance_installer_payments, finance.expenses AS finance_expenses, finance.warranty_costs_oleg AS finance_warranty_costs_oleg, finance.warranty_costs_installer AS finance_warranty_costs_installer, finance.profit AS finance_profit, finance.created_at AS finance_created_at, finance.updated_at AS finance_updated_at 
FROM finance 
WHERE finance.order_id IN ($1::INTEGER)
2026-02-28 11:48:31,099 - sqlalchemy.engine.Engine - INFO - [cached since 1976s ago] (6,)
2026-02-28 11:48:31,100 - sqlalchemy.engine.Engine - INFO - SELECT clients.id AS clients_id, clients.full_name AS clients_full_name, clients.phone AS clients_phone, clients.address AS clients_address, clients.coordinates AS clients_coordinates, clients.created_at AS clients_created_at, clients.last_contact AS clients_last_contact, clients.comments AS clients_comments, clients.updated_at AS clients_updated_at, clients.backup_phone AS clients_backup_phone, clients.deleted_at AS clients_deleted_at 
FROM clients 
WHERE clients.id IN ($1::INTEGER)
2026-02-28 11:48:31,100 - sqlalchemy.engine.Engine - INFO - [cached since 1976s ago] (2,)
2026-02-28 11:48:31,102 - sqlalchemy.engine.Engine - INFO - SELECT order_installers.order_id AS order_installers_order_id, order_installers.id AS order_installers_id, order_installers.installer_id AS order_installers_installer_id, order_installers.role AS order_installers_role, order_installers.base_payment AS order_installers_base_payment, order_installers.is_primary AS order_installers_is_primary, order_installers.created_at AS order_installers_created_at, order_installers.updated_at AS order_installers_updated_at 
FROM order_installers 
WHERE order_installers.order_id IN ($1::INTEGER)
2026-02-28 11:48:31,102 - sqlalchemy.engine.Engine - INFO - [cached since 1976s ago] (6,)
2026-02-28 11:48:31,102 - sqlalchemy.engine.Engine - INFO - ROLLBACK
2026-02-28 11:48:31,103 - sqlalchemy.engine.Engine - INFO - ROLLBACK
2026-02-28 11:48:40,299 - sqlalchemy.engine.Engine - INFO - BEGIN (implicit)
2026-02-28 11:48:40,299 - sqlalchemy.engine.Engine - INFO - SELECT orders.id, orders.client_id, orders.status, orders.warehouse, orders.service_datetime, orders.delivery_datetime, orders.promise, orders.marker_color, orders.address_id, orders.address_text, orders.created_at, orders.updated_at 
FROM orders 
 LIMIT $1::INTEGER OFFSET $2::INTEGER
2026-02-28 11:48:40,299 - sqlalchemy.engine.Engine - INFO - [cached since 1985s ago] (100, 0)
2026-02-28 11:48:40,301 - sqlalchemy.engine.Engine - INFO - SELECT finance.order_id AS finance_order_id, finance.id AS finance_id, finance.revenue AS finance_revenue, finance.cost_of_goods AS finance_cost_of_goods, finance.installer_payments AS finance_installer_payments, finance.expenses AS finance_expenses, finance.warranty_costs_oleg AS finance_warranty_costs_oleg, finance.warranty_costs_installer AS finance_warranty_costs_installer, finance.profit AS finance_profit, finance.created_at AS finance_created_at, finance.updated_at AS finance_updated_at 
FROM finance 
WHERE finance.order_id IN ($1::INTEGER, $2::INTEGER, $3::INTEGER, $4::INTEGER, $5::INTEGER)
2026-02-28 11:48:40,301 - sqlalchemy.engine.Engine - INFO - [cached since 1985s ago] (1, 2, 3, 6, 7)
2026-02-28 11:48:40,303 - sqlalchemy.engine.Engine - INFO - SELECT clients.id AS clients_id, clients.full_name AS clients_full_name, clients.phone AS clients_phone, clients.address AS clients_address, clients.coordinates AS clients_coordinates, clients.created_at AS clients_created_at, clients.last_contact AS clients_last_contact, clients.comments AS clients_comments, clients.updated_at AS clients_updated_at, clients.backup_phone AS clients_backup_phone, clients.deleted_at AS clients_deleted_at 
FROM clients 
WHERE clients.id IN ($1::INTEGER)
2026-02-28 11:48:40,304 - sqlalchemy.engine.Engine - INFO - [cached since 1985s ago] (2,)
2026-02-28 11:48:40,306 - sqlalchemy.engine.Engine - INFO - SELECT address_cache.address AS address_cache_address, address_cache.lat AS address_cache_lat, address_cache.lon AS address_cache_lon, address_cache.updated_at AS address_cache_updated_at 
FROM address_cache 
WHERE address_cache.address IN ($1::VARCHAR)
2026-02-28 11:48:40,306 - sqlalchemy.engine.Engine - INFO - [cached since 1985s ago] ('Москва, ул. Ленина, 10',)
2026-02-28 11:48:40,307 - sqlalchemy.engine.Engine - INFO - SELECT order_installers.order_id AS order_installers_order_id, order_installers.id AS order_installers_id, order_installers.installer_id AS order_installers_installer_id, order_installers.role AS order_installers_role, order_installers.base_payment AS order_installers_base_payment, order_installers.is_primary AS order_installers_is_primary, order_installers.created_at AS order_installers_created_at, order_installers.updated_at AS order_installers_updated_at 
FROM order_installers 
WHERE order_installers.order_id IN ($1::INTEGER, $2::INTEGER, $3::INTEGER, $4::INTEGER, $5::INTEGER)
2026-02-28 11:48:40,307 - sqlalchemy.engine.Engine - INFO - [cached since 1985s ago] (1, 2, 3, 6, 7)
2026-02-28 11:48:40,308 - sqlalchemy.engine.Engine - INFO - ROLLBACK
2026-02-28 11:48:40,309 - sqlalchemy.engine.Engine - INFO - BEGIN (implicit)
2026-02-28 11:48:40,309 - sqlalchemy.engine.Engine - INFO - SELECT orders.id, orders.client_id, orders.status, orders.warehouse, orders.service_datetime, orders.delivery_datetime, orders.promise, orders.marker_color, orders.address_id, orders.address_text, orders.created_at, orders.updated_at 
FROM orders 
 LIMIT $1::INTEGER OFFSET $2::INTEGER
2026-02-28 11:48:40,309 - sqlalchemy.engine.Engine - INFO - [cached since 1985s ago] (100, 0)
2026-02-28 11:48:40,310 - sqlalchemy.engine.Engine - INFO - SELECT finance.order_id AS finance_order_id, finance.id AS finance_id, finance.revenue AS finance_revenue, finance.cost_of_goods AS finance_cost_of_goods, finance.installer_payments AS finance_installer_payments, finance.expenses AS finance_expenses, finance.warranty_costs_oleg AS finance_warranty_costs_oleg, finance.warranty_costs_installer AS finance_warranty_costs_installer, finance.profit AS finance_profit, finance.created_at AS finance_created_at, finance.updated_at AS finance_updated_at 
FROM finance 
WHERE finance.order_id IN ($1::INTEGER, $2::INTEGER, $3::INTEGER, $4::INTEGER, $5::INTEGER)
2026-02-28 11:48:40,310 - sqlalchemy.engine.Engine - INFO - [cached since 1985s ago] (1, 2, 3, 6, 7)
2026-02-28 11:48:40,312 - sqlalchemy.engine.Engine - INFO - SELECT clients.id AS clients_id, clients.full_name AS clients_full_name, clients.phone AS clients_phone, clients.address AS clients_address, clients.coordinates AS clients_coordinates, clients.created_at AS clients_created_at, clients.last_contact AS clients_last_contact, clients.comments AS clients_comments, clients.updated_at AS clients_updated_at, clients.backup_phone AS clients_backup_phone, clients.deleted_at AS clients_deleted_at 
FROM clients 
WHERE clients.id IN ($1::INTEGER)
2026-02-28 11:48:40,312 - sqlalchemy.engine.Engine - INFO - [cached since 1985s ago] (2,)
2026-02-28 11:48:40,313 - sqlalchemy.engine.Engine - INFO - SELECT address_cache.address AS address_cache_address, address_cache.lat AS address_cache_lat, address_cache.lon AS address_cache_lon, address_cache.updated_at AS address_cache_updated_at 
FROM address_cache 
WHERE address_cache.address IN ($1::VARCHAR)
2026-02-28 11:48:40,313 - sqlalchemy.engine.Engine - INFO - [cached since 1985s ago] ('Москва, ул. Ленина, 10',)
2026-02-28 11:48:40,313 - sqlalchemy.engine.Engine - INFO - SELECT order_installers.order_id AS order_installers_order_id, order_installers.id AS order_installers_id, order_installers.installer_id AS order_installers_installer_id, order_installers.role AS order_installers_role, order_installers.base_payment AS order_installers_base_payment, order_installers.is_primary AS order_installers_is_primary, order_installers.created_at AS order_installers_created_at, order_installers.updated_at AS order_installers_updated_at 
FROM order_installers 
WHERE order_installers.order_id IN ($1::INTEGER, $2::INTEGER, $3::INTEGER, $4::INTEGER, $5::INTEGER)
2026-02-28 11:48:40,313 - sqlalchemy.engine.Engine - INFO - [cached since 1985s ago] (1, 2, 3, 6, 7)
2026-02-28 11:48:40,315 - sqlalchemy.engine.Engine - INFO - ROLLBACK
2026-02-28 11:48:41,599 - sqlalchemy.engine.Engine - INFO - BEGIN (implicit)
2026-02-28 11:48:41,599 - sqlalchemy.engine.Engine - INFO - SELECT admins.id, admins.username, admins.password_hash, admins.created_at 
FROM admins 
WHERE admins.username = $1::VARCHAR
2026-02-28 11:48:41,600 - sqlalchemy.engine.Engine - INFO - [cached since 3344s ago] ('zhura2296@yandex.ru',)
2026-02-28 11:48:41,601 - sqlalchemy.engine.Engine - INFO - SELECT installers.id, installers.full_name, installers.nickname, installers.phone, installers.backup_phone, installers.specialization, installers.rating, installers.base_price, installers.is_debtor, installers.comments, installers.is_active, installers.is_in_funnel, installers.total_orders, installers.poor_work_count, installers.warranty_visits_count, installers.last_incident_date, installers.updated_at, installers.created_at, installers.deleted_at 
FROM installers 
WHERE installers.deleted_at IS NULL 
 LIMIT $1::INTEGER OFFSET $2::INTEGER
2026-02-28 11:48:41,601 - sqlalchemy.engine.Engine - INFO - [cached since 3344s ago] (100, 0)
2026-02-28 11:48:41,602 - sqlalchemy.engine.Engine - INFO - BEGIN (implicit)
2026-02-28 11:48:41,603 - sqlalchemy.engine.Engine - INFO - SELECT orders.id, orders.client_id, orders.status, orders.warehouse, orders.service_datetime, orders.delivery_datetime, orders.promise, orders.marker_color, orders.address_id, orders.address_text, orders.created_at, orders.updated_at 
FROM orders 
WHERE orders.id = $1::INTEGER
2026-02-28 11:48:41,603 - sqlalchemy.engine.Engine - INFO - [cached since 1982s ago] (7,)
2026-02-28 11:48:41,603 - sqlalchemy.engine.Engine - INFO - ROLLBACK
2026-02-28 11:48:41,605 - sqlalchemy.engine.Engine - INFO - SELECT finance.order_id AS finance_order_id, finance.id AS finance_id, finance.revenue AS finance_revenue, finance.cost_of_goods AS finance_cost_of_goods, finance.installer_payments AS finance_installer_payments, finance.expenses AS finance_expenses, finance.warranty_costs_oleg AS finance_warranty_costs_oleg, finance.warranty_costs_installer AS finance_warranty_costs_installer, finance.profit AS finance_profit, finance.created_at AS finance_created_at, finance.updated_at AS finance_updated_at 
FROM finance 
WHERE finance.order_id IN ($1::INTEGER)
2026-02-28 11:48:41,605 - sqlalchemy.engine.Engine - INFO - [cached since 1986s ago] (7,)
2026-02-28 11:48:41,605 - sqlalchemy.engine.Engine - INFO - BEGIN (implicit)
2026-02-28 11:48:41,605 - sqlalchemy.engine.Engine - INFO - SELECT admins.id, admins.username, admins.password_hash, admins.created_at 
FROM admins 
WHERE admins.username = $1::VARCHAR
2026-02-28 11:48:41,605 - sqlalchemy.engine.Engine - INFO - [cached since 3344s ago] ('zhura2296@yandex.ru',)
2026-02-28 11:48:41,606 - sqlalchemy.engine.Engine - INFO - SELECT clients.id AS clients_id, clients.full_name AS clients_full_name, clients.phone AS clients_phone, clients.address AS clients_address, clients.coordinates AS clients_coordinates, clients.created_at AS clients_created_at, clients.last_contact AS clients_last_contact, clients.comments AS clients_comments, clients.updated_at AS clients_updated_at, clients.backup_phone AS clients_backup_phone, clients.deleted_at AS clients_deleted_at 
FROM clients 
WHERE clients.id IN ($1::INTEGER)
2026-02-28 11:48:41,606 - sqlalchemy.engine.Engine - INFO - [cached since 1986s ago] (2,)
2026-02-28 11:48:41,607 - sqlalchemy.engine.Engine - INFO - SELECT order_installers.order_id AS order_installers_order_id, order_installers.id AS order_installers_id, order_installers.installer_id AS order_installers_installer_id, order_installers.role AS order_installers_role, order_installers.base_payment AS order_installers_base_payment, order_installers.is_primary AS order_installers_is_primary, order_installers.created_at AS order_installers_created_at, order_installers.updated_at AS order_installers_updated_at 
FROM order_installers 
WHERE order_installers.order_id IN ($1::INTEGER)
2026-02-28 11:48:41,607 - sqlalchemy.engine.Engine - INFO - [cached since 1986s ago] (7,)
2026-02-28 11:48:41,607 - sqlalchemy.engine.Engine - INFO - SELECT installers.id, installers.full_name, installers.nickname, installers.phone, installers.backup_phone, installers.specialization, installers.rating, installers.base_price, installers.is_debtor, installers.comments, installers.is_active, installers.is_in_funnel, installers.total_orders, installers.poor_work_count, installers.warranty_visits_count, installers.last_incident_date, installers.updated_at, installers.created_at, installers.deleted_at 
FROM installers 
WHERE installers.deleted_at IS NULL 
 LIMIT $1::INTEGER OFFSET $2::INTEGER
2026-02-28 11:48:41,607 - sqlalchemy.engine.Engine - INFO - [cached since 3344s ago] (100, 0)
2026-02-28 11:48:41,608 - sqlalchemy.engine.Engine - INFO - ROLLBACK
2026-02-28 11:48:41,608 - sqlalchemy.engine.Engine - INFO - ROLLBACK
2026-02-28 11:48:41,642 - sqlalchemy.engine.Engine - INFO - BEGIN (implicit)
2026-02-28 11:48:41,643 - sqlalchemy.engine.Engine - INFO - SELECT orders.id, orders.client_id, orders.status, orders.warehouse, orders.service_datetime, orders.delivery_datetime, orders.promise, orders.marker_color, orders.address_id, orders.address_text, orders.created_at, orders.updated_at 
FROM orders 
WHERE orders.id = $1::INTEGER
2026-02-28 11:48:41,644 - sqlalchemy.engine.Engine - INFO - [cached since 1982s ago] (7,)
2026-02-28 11:48:41,648 - sqlalchemy.engine.Engine - INFO - SELECT finance.order_id AS finance_order_id, finance.id AS finance_id, finance.revenue AS finance_revenue, finance.cost_of_goods AS finance_cost_of_goods, finance.installer_payments AS finance_installer_payments, finance.expenses AS finance_expenses, finance.warranty_costs_oleg AS finance_warranty_costs_oleg, finance.warranty_costs_installer AS finance_warranty_costs_installer, finance.profit AS finance_profit, finance.created_at AS finance_created_at, finance.updated_at AS finance_updated_at 
FROM finance 
WHERE finance.order_id IN ($1::INTEGER)
2026-02-28 11:48:41,648 - sqlalchemy.engine.Engine - INFO - [cached since 1986s ago] (7,)
2026-02-28 11:48:41,650 - sqlalchemy.engine.Engine - INFO - SELECT clients.id AS clients_id, clients.full_name AS clients_full_name, clients.phone AS clients_phone, clients.address AS clients_address, clients.coordinates AS clients_coordinates, clients.created_at AS clients_created_at, clients.last_contact AS clients_last_contact, clients.comments AS clients_comments, clients.updated_at AS clients_updated_at, clients.backup_phone AS clients_backup_phone, clients.deleted_at AS clients_deleted_at 
FROM clients 
WHERE clients.id IN ($1::INTEGER)
2026-02-28 11:48:41,650 - sqlalchemy.engine.Engine - INFO - [cached since 1986s ago] (2,)
2026-02-28 11:48:41,651 - sqlalchemy.engine.Engine - INFO - SELECT order_installers.order_id AS order_installers_order_id, order_installers.id AS order_installers_id, order_installers.installer_id AS order_installers_installer_id, order_installers.role AS order_installers_role, order_installers.base_payment AS order_installers_base_payment, order_installers.is_primary AS order_installers_is_primary, order_installers.created_at AS order_installers_created_at, order_installers.updated_at AS order_installers_updated_at 
FROM order_installers 
WHERE order_installers.order_id IN ($1::INTEGER)
2026-02-28 11:48:41,651 - sqlalchemy.engine.Engine - INFO - [cached since 1986s ago] (7,)
2026-02-28 11:48:41,653 - sqlalchemy.engine.Engine - INFO - ROLLBACK
2026-02-28 11:48:57,622 - sqlalchemy.engine.Engine - INFO - BEGIN (implicit)
2026-02-28 11:48:57,622 - sqlalchemy.engine.Engine - INFO - SELECT orders.id, orders.client_id, orders.status, orders.warehouse, orders.service_datetime, orders.delivery_datetime, orders.promise, orders.marker_color, orders.address_id, orders.address_text, orders.created_at, orders.updated_at 
FROM orders 
 LIMIT $1::INTEGER OFFSET $2::INTEGER
2026-02-28 11:48:57,622 - sqlalchemy.engine.Engine - INFO - [cached since 2002s ago] (100, 0)
2026-02-28 11:48:57,624 - sqlalchemy.engine.Engine - INFO - SELECT finance.order_id AS finance_order_id, finance.id AS finance_id, finance.revenue AS finance_revenue, finance.cost_of_goods AS finance_cost_of_goods, finance.installer_payments AS finance_installer_payments, finance.expenses AS finance_expenses, finance.warranty_costs_oleg AS finance_warranty_costs_oleg, finance.warranty_costs_installer AS finance_warranty_costs_installer, finance.profit AS finance_profit, finance.created_at AS finance_created_at, finance.updated_at AS finance_updated_at 
FROM finance 
WHERE finance.order_id IN ($1::INTEGER, $2::INTEGER, $3::INTEGER, $4::INTEGER, $5::INTEGER)
2026-02-28 11:48:57,624 - sqlalchemy.engine.Engine - INFO - [cached since 2002s ago] (1, 2, 3, 6, 7)
2026-02-28 11:48:57,626 - sqlalchemy.engine.Engine - INFO - SELECT clients.id AS clients_id, clients.full_name AS clients_full_name, clients.phone AS clients_phone, clients.address AS clients_address, clients.coordinates AS clients_coordinates, clients.created_at AS clients_created_at, clients.last_contact AS clients_last_contact, clients.comments AS clients_comments, clients.updated_at AS clients_updated_at, clients.backup_phone AS clients_backup_phone, clients.deleted_at AS clients_deleted_at 
FROM clients 
WHERE clients.id IN ($1::INTEGER)
2026-02-28 11:48:57,626 - sqlalchemy.engine.Engine - INFO - [cached since 2002s ago] (2,)
2026-02-28 11:48:57,627 - sqlalchemy.engine.Engine - INFO - SELECT address_cache.address AS address_cache_address, address_cache.lat AS address_cache_lat, address_cache.lon AS address_cache_lon, address_cache.updated_at AS address_cache_updated_at 
FROM address_cache 
WHERE address_cache.address IN ($1::VARCHAR)
2026-02-28 11:48:57,627 - sqlalchemy.engine.Engine - INFO - [cached since 2002s ago] ('Москва, ул. Ленина, 10',)
2026-02-28 11:48:57,629 - sqlalchemy.engine.Engine - INFO - SELECT order_installers.order_id AS order_installers_order_id, order_installers.id AS order_installers_id, order_installers.installer_id AS order_installers_installer_id, order_installers.role AS order_installers_role, order_installers.base_payment AS order_installers_base_payment, order_installers.is_primary AS order_installers_is_primary, order_installers.created_at AS order_installers_created_at, order_installers.updated_at AS order_installers_updated_at 
FROM order_installers 
WHERE order_installers.order_id IN ($1::INTEGER, $2::INTEGER, $3::INTEGER, $4::INTEGER, $5::INTEGER)
2026-02-28 11:48:57,629 - sqlalchemy.engine.Engine - INFO - [cached since 2002s ago] (1, 2, 3, 6, 7)
2026-02-28 11:48:57,631 - sqlalchemy.engine.Engine - INFO - ROLLBACK
2026-02-28 11:48:57,632 - sqlalchemy.engine.Engine - INFO - BEGIN (implicit)
2026-02-28 11:48:57,633 - sqlalchemy.engine.Engine - INFO - SELECT orders.id, orders.client_id, orders.status, orders.warehouse, orders.service_datetime, orders.delivery_datetime, orders.promise, orders.marker_color, orders.address_id, orders.address_text, orders.created_at, orders.updated_at 
FROM orders 
 LIMIT $1::INTEGER OFFSET $2::INTEGER
2026-02-28 11:48:57,633 - sqlalchemy.engine.Engine - INFO - [cached since 2002s ago] (100, 0)
2026-02-28 11:48:57,634 - sqlalchemy.engine.Engine - INFO - SELECT finance.order_id AS finance_order_id, finance.id AS finance_id, finance.revenue AS finance_revenue, finance.cost_of_goods AS finance_cost_of_goods, finance.installer_payments AS finance_installer_payments, finance.expenses AS finance_expenses, finance.warranty_costs_oleg AS finance_warranty_costs_oleg, finance.warranty_costs_installer AS finance_warranty_costs_installer, finance.profit AS finance_profit, finance.created_at AS finance_created_at, finance.updated_at AS finance_updated_at 
FROM finance 
WHERE finance.order_id IN ($1::INTEGER, $2::INTEGER, $3::INTEGER, $4::INTEGER, $5::INTEGER)
2026-02-28 11:48:57,634 - sqlalchemy.engine.Engine - INFO - [cached since 2002s ago] (1, 2, 3, 6, 7)
2026-02-28 11:48:57,634 - sqlalchemy.engine.Engine - INFO - SELECT clients.id AS clients_id, clients.full_name AS clients_full_name, clients.phone AS clients_phone, clients.address AS clients_address, clients.coordinates AS clients_coordinates, clients.created_at AS clients_created_at, clients.last_contact AS clients_last_contact, clients.comments AS clients_comments, clients.updated_at AS clients_updated_at, clients.backup_phone AS clients_backup_phone, clients.deleted_at AS clients_deleted_at 
FROM clients 
WHERE clients.id IN ($1::INTEGER)
2026-02-28 11:48:57,635 - sqlalchemy.engine.Engine - INFO - [cached since 2002s ago] (2,)
2026-02-28 11:48:57,635 - sqlalchemy.engine.Engine - INFO - SELECT address_cache.address AS address_cache_address, address_cache.lat AS address_cache_lat, address_cache.lon AS address_cache_lon, address_cache.updated_at AS address_cache_updated_at 
FROM address_cache 
WHERE address_cache.address IN ($1::VARCHAR)
2026-02-28 11:48:57,635 - sqlalchemy.engine.Engine - INFO - [cached since 2002s ago] ('Москва, ул. Ленина, 10',)
2026-02-28 11:48:57,636 - sqlalchemy.engine.Engine - INFO - SELECT order_installers.order_id AS order_installers_order_id, order_installers.id AS order_installers_id, order_installers.installer_id AS order_installers_installer_id, order_installers.role AS order_installers_role, order_installers.base_payment AS order_installers_base_payment, order_installers.is_primary AS order_installers_is_primary, order_installers.created_at AS order_installers_created_at, order_installers.updated_at AS order_installers_updated_at 
FROM order_installers 
WHERE order_installers.order_id IN ($1::INTEGER, $2::INTEGER, $3::INTEGER, $4::INTEGER, $5::INTEGER)
2026-02-28 11:48:57,636 - sqlalchemy.engine.Engine - INFO - [cached since 2002s ago] (1, 2, 3, 6, 7)
2026-02-28 11:48:57,637 - sqlalchemy.engine.Engine - INFO - ROLLBACK
2026-02-28 11:48:58,298 - sqlalchemy.engine.Engine - INFO - BEGIN (implicit)
2026-02-28 11:48:58,298 - sqlalchemy.engine.Engine - INFO - SELECT admins.id, admins.username, admins.password_hash, admins.created_at 
FROM admins 
WHERE admins.username = $1::VARCHAR
2026-02-28 11:48:58,298 - sqlalchemy.engine.Engine - INFO - [cached since 3361s ago] ('zhura2296@yandex.ru',)
2026-02-28 11:48:58,298 - sqlalchemy.engine.Engine - INFO - BEGIN (implicit)
2026-02-28 11:48:58,299 - sqlalchemy.engine.Engine - INFO - SELECT admins.id, admins.username, admins.password_hash, admins.created_at 
FROM admins 
WHERE admins.username = $1::VARCHAR
2026-02-28 11:48:58,299 - sqlalchemy.engine.Engine - INFO - [cached since 3361s ago] ('zhura2296@yandex.ru',)
2026-02-28 11:48:58,299 - sqlalchemy.engine.Engine - INFO - SELECT clients.id, clients.full_name, clients.phone, clients.address, clients.coordinates, clients.created_at, clients.last_contact, clients.comments, clients.updated_at, clients.backup_phone, clients.deleted_at 
FROM clients 
 LIMIT $1::INTEGER OFFSET $2::INTEGER
2026-02-28 11:48:58,299 - sqlalchemy.engine.Engine - INFO - [cached since 3360s ago] (100, 0)
2026-02-28 11:48:58,300 - sqlalchemy.engine.Engine - INFO - SELECT installers.id, installers.full_name, installers.nickname, installers.phone, installers.backup_phone, installers.specialization, installers.rating, installers.base_price, installers.is_debtor, installers.comments, installers.is_active, installers.is_in_funnel, installers.total_orders, installers.poor_work_count, installers.warranty_visits_count, installers.last_incident_date, installers.updated_at, installers.created_at, installers.deleted_at 
FROM installers 
WHERE installers.deleted_at IS NULL 
 LIMIT $1::INTEGER OFFSET $2::INTEGER
2026-02-28 11:48:58,300 - sqlalchemy.engine.Engine - INFO - [cached since 3360s ago] (100, 0)
2026-02-28 11:48:58,300 - sqlalchemy.engine.Engine - INFO - ROLLBACK
2026-02-28 11:48:58,301 - sqlalchemy.engine.Engine - INFO - ROLLBACK
2026-02-28 11:48:58,302 - sqlalchemy.engine.Engine - INFO - BEGIN (implicit)
2026-02-28 11:48:58,302 - sqlalchemy.engine.Engine - INFO - SELECT admins.id, admins.username, admins.password_hash, admins.created_at 
FROM admins 
WHERE admins.username = $1::VARCHAR
2026-02-28 11:48:58,302 - sqlalchemy.engine.Engine - INFO - [cached since 3361s ago] ('zhura2296@yandex.ru',)
2026-02-28 11:48:58,302 - sqlalchemy.engine.Engine - INFO - BEGIN (implicit)
2026-02-28 11:48:58,303 - sqlalchemy.engine.Engine - INFO - SELECT admins.id, admins.username, admins.password_hash, admins.created_at 
FROM admins 
WHERE admins.username = $1::VARCHAR
2026-02-28 11:48:58,303 - sqlalchemy.engine.Engine - INFO - [cached since 3361s ago] ('zhura2296@yandex.ru',)
2026-02-28 11:48:58,303 - sqlalchemy.engine.Engine - INFO - SELECT clients.id, clients.full_name, clients.phone, clients.address, clients.coordinates, clients.created_at, clients.last_contact, clients.comments, clients.updated_at, clients.backup_phone, clients.deleted_at 
FROM clients 
 LIMIT $1::INTEGER OFFSET $2::INTEGER
2026-02-28 11:48:58,303 - sqlalchemy.engine.Engine - INFO - [cached since 3360s ago] (100, 0)
2026-02-28 11:48:58,304 - sqlalchemy.engine.Engine - INFO - SELECT installers.id, installers.full_name, installers.nickname, installers.phone, installers.backup_phone, installers.specialization, installers.rating, installers.base_price, installers.is_debtor, installers.comments, installers.is_active, installers.is_in_funnel, installers.total_orders, installers.poor_work_count, installers.warranty_visits_count, installers.last_incident_date, installers.updated_at, installers.created_at, installers.deleted_at 
FROM installers 
WHERE installers.deleted_at IS NULL 
 LIMIT $1::INTEGER OFFSET $2::INTEGER
2026-02-28 11:48:58,304 - sqlalchemy.engine.Engine - INFO - [cached since 3360s ago] (100, 0)
2026-02-28 11:48:58,305 - sqlalchemy.engine.Engine - INFO - ROLLBACK
2026-02-28 11:48:58,305 - sqlalchemy.engine.Engine - INFO - ROLLBACK
2026-02-28 11:49:42,879 - sqlalchemy.engine.Engine - INFO - BEGIN (implicit)
2026-02-28 11:49:42,879 - sqlalchemy.engine.Engine - INFO - SELECT orders.id, orders.client_id, orders.status, orders.warehouse, orders.service_datetime, orders.delivery_datetime, orders.promise, orders.marker_color, orders.address_id, orders.address_text, orders.created_at, orders.updated_at 
FROM orders 
 LIMIT $1::INTEGER OFFSET $2::INTEGER
2026-02-28 11:49:42,879 - sqlalchemy.engine.Engine - INFO - [cached since 2048s ago] (100, 0)
2026-02-28 11:49:42,881 - sqlalchemy.engine.Engine - INFO - SELECT finance.order_id AS finance_order_id, finance.id AS finance_id, finance.revenue AS finance_revenue, finance.cost_of_goods AS finance_cost_of_goods, finance.installer_payments AS finance_installer_payments, finance.expenses AS finance_expenses, finance.warranty_costs_oleg AS finance_warranty_costs_oleg, finance.warranty_costs_installer AS finance_warranty_costs_installer, finance.profit AS finance_profit, finance.created_at AS finance_created_at, finance.updated_at AS finance_updated_at 
FROM finance 
WHERE finance.order_id IN ($1::INTEGER, $2::INTEGER, $3::INTEGER, $4::INTEGER, $5::INTEGER)
2026-02-28 11:49:42,881 - sqlalchemy.engine.Engine - INFO - [cached since 2048s ago] (1, 2, 3, 6, 7)
2026-02-28 11:49:42,883 - sqlalchemy.engine.Engine - INFO - SELECT clients.id AS clients_id, clients.full_name AS clients_full_name, clients.phone AS clients_phone, clients.address AS clients_address, clients.coordinates AS clients_coordinates, clients.created_at AS clients_created_at, clients.last_contact AS clients_last_contact, clients.comments AS clients_comments, clients.updated_at AS clients_updated_at, clients.backup_phone AS clients_backup_phone, clients.deleted_at AS clients_deleted_at 
FROM clients 
WHERE clients.id IN ($1::INTEGER)
2026-02-28 11:49:42,883 - sqlalchemy.engine.Engine - INFO - [cached since 2048s ago] (2,)
2026-02-28 11:49:42,884 - sqlalchemy.engine.Engine - INFO - SELECT address_cache.address AS address_cache_address, address_cache.lat AS address_cache_lat, address_cache.lon AS address_cache_lon, address_cache.updated_at AS address_cache_updated_at 
FROM address_cache 
WHERE address_cache.address IN ($1::VARCHAR)
2026-02-28 11:49:42,884 - sqlalchemy.engine.Engine - INFO - [cached since 2048s ago] ('Москва, ул. Ленина, 10',)
2026-02-28 11:49:42,885 - sqlalchemy.engine.Engine - INFO - SELECT order_installers.order_id AS order_installers_order_id, order_installers.id AS order_installers_id, order_installers.installer_id AS order_installers_installer_id, order_installers.role AS order_installers_role, order_installers.base_payment AS order_installers_base_payment, order_installers.is_primary AS order_installers_is_primary, order_installers.created_at AS order_installers_created_at, order_installers.updated_at AS order_installers_updated_at 
FROM order_installers 
WHERE order_installers.order_id IN ($1::INTEGER, $2::INTEGER, $3::INTEGER, $4::INTEGER, $5::INTEGER)
2026-02-28 11:49:42,886 - sqlalchemy.engine.Engine - INFO - [cached since 2048s ago] (1, 2, 3, 6, 7)
2026-02-28 11:49:42,888 - sqlalchemy.engine.Engine - INFO - ROLLBACK
2026-02-28 11:49:42,889 - sqlalchemy.engine.Engine - INFO - BEGIN (implicit)
2026-02-28 11:49:42,889 - sqlalchemy.engine.Engine - INFO - SELECT orders.id, orders.client_id, orders.status, orders.warehouse, orders.service_datetime, orders.delivery_datetime, orders.promise, orders.marker_color, orders.address_id, orders.address_text, orders.created_at, orders.updated_at 
FROM orders 
 LIMIT $1::INTEGER OFFSET $2::INTEGER
2026-02-28 11:49:42,889 - sqlalchemy.engine.Engine - INFO - [cached since 2048s ago] (100, 0)
2026-02-28 11:49:42,891 - sqlalchemy.engine.Engine - INFO - SELECT finance.order_id AS finance_order_id, finance.id AS finance_id, finance.revenue AS finance_revenue, finance.cost_of_goods AS finance_cost_of_goods, finance.installer_payments AS finance_installer_payments, finance.expenses AS finance_expenses, finance.warranty_costs_oleg AS finance_warranty_costs_oleg, finance.warranty_costs_installer AS finance_warranty_costs_installer, finance.profit AS finance_profit, finance.created_at AS finance_created_at, finance.updated_at AS finance_updated_at 
FROM finance 
WHERE finance.order_id IN ($1::INTEGER, $2::INTEGER, $3::INTEGER, $4::INTEGER, $5::INTEGER)
2026-02-28 11:49:42,891 - sqlalchemy.engine.Engine - INFO - [cached since 2048s ago] (1, 2, 3, 6, 7)
2026-02-28 11:49:42,893 - sqlalchemy.engine.Engine - INFO - SELECT clients.id AS clients_id, clients.full_name AS clients_full_name, clients.phone AS clients_phone, clients.address AS clients_address, clients.coordinates AS clients_coordinates, clients.created_at AS clients_created_at, clients.last_contact AS clients_last_contact, clients.comments AS clients_comments, clients.updated_at AS clients_updated_at, clients.backup_phone AS clients_backup_phone, clients.deleted_at AS clients_deleted_at 
FROM clients 
WHERE clients.id IN ($1::INTEGER)
2026-02-28 11:49:42,894 - sqlalchemy.engine.Engine - INFO - [cached since 2048s ago] (2,)
2026-02-28 11:49:42,894 - sqlalchemy.engine.Engine - INFO - SELECT address_cache.address AS address_cache_address, address_cache.lat AS address_cache_lat, address_cache.lon AS address_cache_lon, address_cache.updated_at AS address_cache_updated_at 
FROM address_cache 
WHERE address_cache.address IN ($1::VARCHAR)
2026-02-28 11:49:42,895 - sqlalchemy.engine.Engine - INFO - [cached since 2048s ago] ('Москва, ул. Ленина, 10',)
2026-02-28 11:49:42,895 - sqlalchemy.engine.Engine - INFO - SELECT order_installers.order_id AS order_installers_order_id, order_installers.id AS order_installers_id, order_installers.installer_id AS order_installers_installer_id, order_installers.role AS order_installers_role, order_installers.base_payment AS order_installers_base_payment, order_installers.is_primary AS order_installers_is_primary, order_installers.created_at AS order_installers_created_at, order_installers.updated_at AS order_installers_updated_at 
FROM order_installers 
WHERE order_installers.order_id IN ($1::INTEGER, $2::INTEGER, $3::INTEGER, $4::INTEGER, $5::INTEGER)
2026-02-28 11:49:42,896 - sqlalchemy.engine.Engine - INFO - [cached since 2048s ago] (1, 2, 3, 6, 7)
2026-02-28 11:49:42,897 - sqlalchemy.engine.Engine - INFO - ROLLBACK
2026-02-28 11:49:43,999 - sqlalchemy.engine.Engine - INFO - BEGIN (implicit)
2026-02-28 11:49:43,999 - sqlalchemy.engine.Engine - INFO - SELECT orders.id, orders.client_id, orders.status, orders.warehouse, orders.service_datetime, orders.delivery_datetime, orders.promise, orders.marker_color, orders.address_id, orders.address_text, orders.created_at, orders.updated_at 
FROM orders 
WHERE orders.id = $1::INTEGER
2026-02-28 11:49:43,999 - sqlalchemy.engine.Engine - INFO - [cached since 2044s ago] (6,)
2026-02-28 11:49:44,000 - sqlalchemy.engine.Engine - INFO - BEGIN (implicit)
2026-02-28 11:49:44,000 - sqlalchemy.engine.Engine - INFO - SELECT admins.id, admins.username, admins.password_hash, admins.created_at 
FROM admins 
WHERE admins.username = $1::VARCHAR
2026-02-28 11:49:44,000 - sqlalchemy.engine.Engine - INFO - [cached since 3406s ago] ('zhura2296@yandex.ru',)
2026-02-28 11:49:44,001 - sqlalchemy.engine.Engine - INFO - SELECT finance.order_id AS finance_order_id, finance.id AS finance_id, finance.revenue AS finance_revenue, finance.cost_of_goods AS finance_cost_of_goods, finance.installer_payments AS finance_installer_payments, finance.expenses AS finance_expenses, finance.warranty_costs_oleg AS finance_warranty_costs_oleg, finance.warranty_costs_installer AS finance_warranty_costs_installer, finance.profit AS finance_profit, finance.created_at AS finance_created_at, finance.updated_at AS finance_updated_at 
FROM finance 
WHERE finance.order_id IN ($1::INTEGER)
2026-02-28 11:49:44,001 - sqlalchemy.engine.Engine - INFO - [cached since 2049s ago] (6,)
2026-02-28 11:49:44,002 - sqlalchemy.engine.Engine - INFO - SELECT installers.id, installers.full_name, installers.nickname, installers.phone, installers.backup_phone, installers.specialization, installers.rating, installers.base_price, installers.is_debtor, installers.comments, installers.is_active, installers.is_in_funnel, installers.total_orders, installers.poor_work_count, installers.warranty_visits_count, installers.last_incident_date, installers.updated_at, installers.created_at, installers.deleted_at 
FROM installers 
WHERE installers.deleted_at IS NULL 
 LIMIT $1::INTEGER OFFSET $2::INTEGER
2026-02-28 11:49:44,002 - sqlalchemy.engine.Engine - INFO - [cached since 3406s ago] (100, 0)
2026-02-28 11:49:44,003 - sqlalchemy.engine.Engine - INFO - SELECT clients.id AS clients_id, clients.full_name AS clients_full_name, clients.phone AS clients_phone, clients.address AS clients_address, clients.coordinates AS clients_coordinates, clients.created_at AS clients_created_at, clients.last_contact AS clients_last_contact, clients.comments AS clients_comments, clients.updated_at AS clients_updated_at, clients.backup_phone AS clients_backup_phone, clients.deleted_at AS clients_deleted_at 
FROM clients 
WHERE clients.id IN ($1::INTEGER)
2026-02-28 11:49:44,003 - sqlalchemy.engine.Engine - INFO - [cached since 2049s ago] (2,)
2026-02-28 11:49:44,004 - sqlalchemy.engine.Engine - INFO - SELECT order_installers.order_id AS order_installers_order_id, order_installers.id AS order_installers_id, order_installers.installer_id AS order_installers_installer_id, order_installers.role AS order_installers_role, order_installers.base_payment AS order_installers_base_payment, order_installers.is_primary AS order_installers_is_primary, order_installers.created_at AS order_installers_created_at, order_installers.updated_at AS order_installers_updated_at 
FROM order_installers 
WHERE order_installers.order_id IN ($1::INTEGER)
2026-02-28 11:49:44,004 - sqlalchemy.engine.Engine - INFO - [cached since 2049s ago] (6,)
2026-02-28 11:49:44,006 - sqlalchemy.engine.Engine - INFO - ROLLBACK
2026-02-28 11:49:44,006 - sqlalchemy.engine.Engine - INFO - BEGIN (implicit)
2026-02-28 11:49:44,006 - sqlalchemy.engine.Engine - INFO - SELECT admins.id, admins.username, admins.password_hash, admins.created_at 
FROM admins 
WHERE admins.username = $1::VARCHAR
2026-02-28 11:49:44,006 - sqlalchemy.engine.Engine - INFO - [cached since 3407s ago] ('zhura2296@yandex.ru',)
2026-02-28 11:49:44,007 - sqlalchemy.engine.Engine - INFO - ROLLBACK
2026-02-28 11:49:44,007 - sqlalchemy.engine.Engine - INFO - SELECT installers.id, installers.full_name, installers.nickname, installers.phone, installers.backup_phone, installers.specialization, installers.rating, installers.base_price, installers.is_debtor, installers.comments, installers.is_active, installers.is_in_funnel, installers.total_orders, installers.poor_work_count, installers.warranty_visits_count, installers.last_incident_date, installers.updated_at, installers.created_at, installers.deleted_at 
FROM installers 
WHERE installers.deleted_at IS NULL 
 LIMIT $1::INTEGER OFFSET $2::INTEGER
2026-02-28 11:49:44,007 - sqlalchemy.engine.Engine - INFO - [cached since 3406s ago] (100, 0)
2026-02-28 11:49:44,008 - sqlalchemy.engine.Engine - INFO - BEGIN (implicit)
2026-02-28 11:49:44,008 - sqlalchemy.engine.Engine - INFO - SELECT orders.id, orders.client_id, orders.status, orders.warehouse, orders.service_datetime, orders.delivery_datetime, orders.promise, orders.marker_color, orders.address_id, orders.address_text, orders.created_at, orders.updated_at 
FROM orders 
WHERE orders.id = $1::INTEGER
2026-02-28 11:49:44,008 - sqlalchemy.engine.Engine - INFO - [cached since 2044s ago] (6,)
2026-02-28 11:49:44,010 - sqlalchemy.engine.Engine - INFO - SELECT finance.order_id AS finance_order_id, finance.id AS finance_id, finance.revenue AS finance_revenue, finance.cost_of_goods AS finance_cost_of_goods, finance.installer_payments AS finance_installer_payments, finance.expenses AS finance_expenses, finance.warranty_costs_oleg AS finance_warranty_costs_oleg, finance.warranty_costs_installer AS finance_warranty_costs_installer, finance.profit AS finance_profit, finance.created_at AS finance_created_at, finance.updated_at AS finance_updated_at 
FROM finance 
WHERE finance.order_id IN ($1::INTEGER)
2026-02-28 11:49:44,010 - sqlalchemy.engine.Engine - INFO - [cached since 2049s ago] (6,)
2026-02-28 11:49:44,011 - sqlalchemy.engine.Engine - INFO - ROLLBACK
2026-02-28 11:49:44,013 - sqlalchemy.engine.Engine - INFO - SELECT clients.id AS clients_id, clients.full_name AS clients_full_name, clients.phone AS clients_phone, clients.address AS clients_address, clients.coordinates AS clients_coordinates, clients.created_at AS clients_created_at, clients.last_contact AS clients_last_contact, clients.comments AS clients_comments, clients.updated_at AS clients_updated_at, clients.backup_phone AS clients_backup_phone, clients.deleted_at AS clients_deleted_at 
FROM clients 
WHERE clients.id IN ($1::INTEGER)
2026-02-28 11:49:44,013 - sqlalchemy.engine.Engine - INFO - [cached since 2049s ago] (2,)
2026-02-28 11:49:44,015 - sqlalchemy.engine.Engine - INFO - SELECT order_installers.order_id AS order_installers_order_id, order_installers.id AS order_installers_id, order_installers.installer_id AS order_installers_installer_id, order_installers.role AS order_installers_role, order_installers.base_payment AS order_installers_base_payment, order_installers.is_primary AS order_installers_is_primary, order_installers.created_at AS order_installers_created_at, order_installers.updated_at AS order_installers_updated_at 
FROM order_installers 
WHERE order_installers.order_id IN ($1::INTEGER)
2026-02-28 11:49:44,015 - sqlalchemy.engine.Engine - INFO - [cached since 2049s ago] (6,)
2026-02-28 11:49:44,017 - sqlalchemy.engine.Engine - INFO - ROLLBACK
2026-02-28 11:50:48,015 - sqlalchemy.engine.Engine - INFO - BEGIN (implicit)
2026-02-28 11:50:48,015 - sqlalchemy.engine.Engine - INFO - SELECT admins.id, admins.username, admins.password_hash, admins.created_at 
FROM admins 
WHERE admins.username = $1::VARCHAR
2026-02-28 11:50:48,015 - sqlalchemy.engine.Engine - INFO - [cached since 3471s ago] ('zhura2296@yandex.ru',)
2026-02-28 11:50:48,016 - sqlalchemy.engine.Engine - INFO - BEGIN (implicit)
2026-02-28 11:50:48,017 - sqlalchemy.engine.Engine - INFO - SELECT admins.id, admins.username, admins.password_hash, admins.created_at 
FROM admins 
WHERE admins.username = $1::VARCHAR
2026-02-28 11:50:48,017 - sqlalchemy.engine.Engine - INFO - [cached since 3471s ago] ('zhura2296@yandex.ru',)
2026-02-28 11:50:48,018 - sqlalchemy.engine.Engine - INFO - SELECT clients.id, clients.full_name, clients.phone, clients.address, clients.coordinates, clients.created_at, clients.last_contact, clients.comments, clients.updated_at, clients.backup_phone, clients.deleted_at 
FROM clients 
 LIMIT $1::INTEGER OFFSET $2::INTEGER
2026-02-28 11:50:48,018 - sqlalchemy.engine.Engine - INFO - [cached since 3470s ago] (100, 0)
2026-02-28 11:50:48,019 - sqlalchemy.engine.Engine - INFO - SELECT installers.id, installers.full_name, installers.nickname, installers.phone, installers.backup_phone, installers.specialization, installers.rating, installers.base_price, installers.is_debtor, installers.comments, installers.is_active, installers.is_in_funnel, installers.total_orders, installers.poor_work_count, installers.warranty_visits_count, installers.last_incident_date, installers.updated_at, installers.created_at, installers.deleted_at 
FROM installers 
WHERE installers.deleted_at IS NULL 
 LIMIT $1::INTEGER OFFSET $2::INTEGER
2026-02-28 11:50:48,019 - sqlalchemy.engine.Engine - INFO - [cached since 3470s ago] (100, 0)
2026-02-28 11:50:48,021 - sqlalchemy.engine.Engine - INFO - ROLLBACK
2026-02-28 11:50:48,021 - sqlalchemy.engine.Engine - INFO - ROLLBACK
2026-02-28 11:50:48,023 - sqlalchemy.engine.Engine - INFO - BEGIN (implicit)
2026-02-28 11:50:48,023 - sqlalchemy.engine.Engine - INFO - SELECT admins.id, admins.username, admins.password_hash, admins.created_at 
FROM admins 
WHERE admins.username = $1::VARCHAR
2026-02-28 11:50:48,023 - sqlalchemy.engine.Engine - INFO - [cached since 3471s ago] ('zhura2296@yandex.ru',)
2026-02-28 11:50:48,024 - sqlalchemy.engine.Engine - INFO - BEGIN (implicit)
2026-02-28 11:50:48,025 - sqlalchemy.engine.Engine - INFO - SELECT admins.id, admins.username, admins.password_hash, admins.created_at 
FROM admins 
WHERE admins.username = $1::VARCHAR
2026-02-28 11:50:48,025 - sqlalchemy.engine.Engine - INFO - [cached since 3471s ago] ('zhura2296@yandex.ru',)
2026-02-28 11:50:48,026 - sqlalchemy.engine.Engine - INFO - SELECT clients.id, clients.full_name, clients.phone, clients.address, clients.coordinates, clients.created_at, clients.last_contact, clients.comments, clients.updated_at, clients.backup_phone, clients.deleted_at 
FROM clients 
 LIMIT $1::INTEGER OFFSET $2::INTEGER
2026-02-28 11:50:48,026 - sqlalchemy.engine.Engine - INFO - [cached since 3470s ago] (100, 0)
2026-02-28 11:50:48,027 - sqlalchemy.engine.Engine - INFO - SELECT installers.id, installers.full_name, installers.nickname, installers.phone, installers.backup_phone, installers.specialization, installers.rating, installers.base_price, installers.is_debtor, installers.comments, installers.is_active, installers.is_in_funnel, installers.total_orders, installers.poor_work_count, installers.warranty_visits_count, installers.last_incident_date, installers.updated_at, installers.created_at, installers.deleted_at 
FROM installers 
WHERE installers.deleted_at IS NULL 
 LIMIT $1::INTEGER OFFSET $2::INTEGER
2026-02-28 11:50:48,027 - sqlalchemy.engine.Engine - INFO - [cached since 3470s ago] (100, 0)
2026-02-28 11:50:48,029 - sqlalchemy.engine.Engine - INFO - ROLLBACK
2026-02-28 11:50:48,029 - sqlalchemy.engine.Engine - INFO - ROLLBACK
2026-02-28 12:00:22,973 - src.core.logging - INFO - Starting CRM application
2026-02-28 12:00:22,973 - apscheduler.scheduler - INFO - Adding job tentatively -- it will be properly scheduled when the scheduler starts
2026-02-28 12:00:22,973 - apscheduler.scheduler - INFO - Adding job tentatively -- it will be properly scheduled when the scheduler starts
2026-02-28 12:00:22,973 - apscheduler.scheduler - INFO - Adding job tentatively -- it will be properly scheduled when the scheduler starts
2026-02-28 12:00:22,973 - apscheduler.scheduler - INFO - Adding job tentatively -- it will be properly scheduled when the scheduler starts
2026-02-28 12:00:22,974 - apscheduler.scheduler - INFO - Added job "send_daily_reminder" to job store "default"
2026-02-28 12:00:22,974 - apscheduler.scheduler - INFO - Added job "daily_weather_collection" to job store "default"
2026-02-28 12:00:22,974 - apscheduler.scheduler - INFO - Added job "run_training" to job store "default"
2026-02-28 12:00:22,974 - apscheduler.scheduler - INFO - Added job "daily_backup_and_report" to job store "default"
2026-02-28 12:00:22,974 - apscheduler.scheduler - INFO - Scheduler started
2026-02-28 12:00:22,974 - src.core.logging - INFO - Scheduler started
2026-02-28 12:05:39,995 - sqlalchemy.engine.Engine - INFO - select pg_catalog.version()
2026-02-28 12:05:39,995 - sqlalchemy.engine.Engine - INFO - [raw sql] ()
2026-02-28 12:05:39,996 - sqlalchemy.engine.Engine - INFO - select current_schema()
2026-02-28 12:05:39,996 - sqlalchemy.engine.Engine - INFO - [raw sql] ()
2026-02-28 12:05:39,997 - sqlalchemy.engine.Engine - INFO - show standard_conforming_strings
2026-02-28 12:05:39,997 - sqlalchemy.engine.Engine - INFO - [raw sql] ()
2026-02-28 12:05:39,998 - sqlalchemy.engine.Engine - INFO - BEGIN (implicit)
2026-02-28 12:05:40,019 - sqlalchemy.engine.Engine - INFO - SELECT admins.id, admins.username, admins.password_hash, admins.created_at 
FROM admins 
WHERE admins.username = $1::VARCHAR
2026-02-28 12:05:40,019 - sqlalchemy.engine.Engine - INFO - [generated in 0.00018s] ('zhura2296@yandex.ru',)
2026-02-28 12:05:40,229 - sqlalchemy.engine.Engine - INFO - ROLLBACK
2026-02-28 12:05:40,332 - sqlalchemy.engine.Engine - INFO - BEGIN (implicit)
2026-02-28 12:05:40,333 - sqlalchemy.engine.Engine - INFO - SELECT admins.id, admins.username, admins.password_hash, admins.created_at 
FROM admins 
WHERE admins.username = $1::VARCHAR
2026-02-28 12:05:40,333 - sqlalchemy.engine.Engine - INFO - [cached since 0.3138s ago] ('zhura2296@yandex.ru',)
2026-02-28 12:05:40,338 - sqlalchemy.engine.Engine - INFO - SELECT clients.id, clients.full_name, clients.phone, clients.address, clients.coordinates, clients.created_at, clients.last_contact, clients.comments, clients.updated_at, clients.backup_phone, clients.deleted_at 
FROM clients 
 LIMIT $1::INTEGER OFFSET $2::INTEGER
2026-02-28 12:05:40,338 - sqlalchemy.engine.Engine - INFO - [generated in 0.00024s] (100, 0)
2026-02-28 12:05:40,358 - sqlalchemy.engine.Engine - INFO - ROLLBACK
2026-02-28 12:05:40,361 - sqlalchemy.engine.Engine - INFO - BEGIN (implicit)
2026-02-28 12:05:40,361 - sqlalchemy.engine.Engine - INFO - SELECT admins.id, admins.username, admins.password_hash, admins.created_at 
FROM admins 
WHERE admins.username = $1::VARCHAR
2026-02-28 12:05:40,361 - sqlalchemy.engine.Engine - INFO - [cached since 0.3423s ago] ('zhura2296@yandex.ru',)
2026-02-28 12:05:40,381 - sqlalchemy.engine.Engine - INFO - SELECT installers.id, installers.full_name, installers.nickname, installers.phone, installers.backup_phone, installers.specialization, installers.rating, installers.base_price, installers.is_debtor, installers.comments, installers.is_active, installers.is_in_funnel, installers.total_orders, installers.poor_work_count, installers.warranty_visits_count, installers.last_incident_date, installers.updated_at, installers.created_at, installers.deleted_at 
FROM installers 
WHERE installers.deleted_at IS NULL 
 LIMIT $1::INTEGER OFFSET $2::INTEGER
2026-02-28 12:05:40,381 - sqlalchemy.engine.Engine - INFO - [generated in 0.00016s] (100, 0)
2026-02-28 12:05:40,384 - sqlalchemy.engine.Engine - INFO - ROLLBACK
2026-02-28 12:05:40,385 - sqlalchemy.engine.Engine - INFO - BEGIN (implicit)
2026-02-28 12:05:40,385 - sqlalchemy.engine.Engine - INFO - SELECT admins.id, admins.username, admins.password_hash, admins.created_at 
FROM admins 
WHERE admins.username = $1::VARCHAR
2026-02-28 12:05:40,385 - sqlalchemy.engine.Engine - INFO - [cached since 0.3659s ago] ('zhura2296@yandex.ru',)
2026-02-28 12:05:40,386 - sqlalchemy.engine.Engine - INFO - BEGIN (implicit)
2026-02-28 12:05:40,386 - sqlalchemy.engine.Engine - INFO - SELECT admins.id, admins.username, admins.password_hash, admins.created_at 
FROM admins 
WHERE admins.username = $1::VARCHAR
2026-02-28 12:05:40,386 - sqlalchemy.engine.Engine - INFO - [cached since 0.367s ago] ('zhura2296@yandex.ru',)
2026-02-28 12:05:40,387 - sqlalchemy.engine.Engine - INFO - SELECT installers.id, installers.full_name, installers.nickname, installers.phone, installers.backup_phone, installers.specialization, installers.rating, installers.base_price, installers.is_debtor, installers.comments, installers.is_active, installers.is_in_funnel, installers.total_orders, installers.poor_work_count, installers.warranty_visits_count, installers.last_incident_date, installers.updated_at, installers.created_at, installers.deleted_at 
FROM installers 
WHERE installers.deleted_at IS NULL 
 LIMIT $1::INTEGER OFFSET $2::INTEGER
2026-02-28 12:05:40,387 - sqlalchemy.engine.Engine - INFO - [cached since 0.005945s ago] (100, 0)
2026-02-28 12:05:40,388 - sqlalchemy.engine.Engine - INFO - SELECT clients.id, clients.full_name, clients.phone, clients.address, clients.coordinates, clients.created_at, clients.last_contact, clients.comments, clients.updated_at, clients.backup_phone, clients.deleted_at 
FROM clients 
 LIMIT $1::INTEGER OFFSET $2::INTEGER
2026-02-28 12:05:40,388 - sqlalchemy.engine.Engine - INFO - [cached since 0.05003s ago] (100, 0)
2026-02-28 12:05:40,389 - sqlalchemy.engine.Engine - INFO - ROLLBACK
2026-02-28 12:05:40,390 - sqlalchemy.engine.Engine - INFO - ROLLBACK
2026-02-28 12:18:23,381 - src.core.logging - INFO - Starting CRM application
2026-02-28 12:18:23,382 - apscheduler.scheduler - INFO - Adding job tentatively -- it will be properly scheduled when the scheduler starts
2026-02-28 12:18:23,382 - apscheduler.scheduler - INFO - Adding job tentatively -- it will be properly scheduled when the scheduler starts
2026-02-28 12:18:23,382 - apscheduler.scheduler - INFO - Adding job tentatively -- it will be properly scheduled when the scheduler starts
2026-02-28 12:18:23,382 - apscheduler.scheduler - INFO - Adding job tentatively -- it will be properly scheduled when the scheduler starts
2026-02-28 12:18:23,382 - apscheduler.scheduler - INFO - Added job "send_daily_reminder" to job store "default"
2026-02-28 12:18:23,382 - apscheduler.scheduler - INFO - Added job "daily_weather_collection" to job store "default"
2026-02-28 12:18:23,383 - apscheduler.scheduler - INFO - Added job "run_training" to job store "default"
2026-02-28 12:18:23,383 - apscheduler.scheduler - INFO - Added job "daily_backup_and_report" to job store "default"
2026-02-28 12:18:23,383 - apscheduler.scheduler - INFO - Scheduler started
2026-02-28 12:18:23,383 - src.core.logging - INFO - Scheduler started
2026-02-28 12:18:40,034 - sqlalchemy.engine.Engine - INFO - select pg_catalog.version()
2026-02-28 12:18:40,034 - sqlalchemy.engine.Engine - INFO - [raw sql] ()
2026-02-28 12:18:40,035 - sqlalchemy.engine.Engine - INFO - select current_schema()
2026-02-28 12:18:40,035 - sqlalchemy.engine.Engine - INFO - [raw sql] ()
2026-02-28 12:18:40,036 - sqlalchemy.engine.Engine - INFO - show standard_conforming_strings
2026-02-28 12:18:40,036 - sqlalchemy.engine.Engine - INFO - [raw sql] ()
2026-02-28 12:18:40,036 - sqlalchemy.engine.Engine - INFO - BEGIN (implicit)
2026-02-28 12:18:40,056 - sqlalchemy.engine.Engine - INFO - SELECT admins.id, admins.username, admins.password_hash, admins.created_at 
FROM admins 
WHERE admins.username = $1::VARCHAR
2026-02-28 12:18:40,056 - sqlalchemy.engine.Engine - INFO - [generated in 0.00017s] ('zhura2296@yandex.ru',)
2026-02-28 12:18:40,255 - sqlalchemy.engine.Engine - INFO - ROLLBACK
2026-02-28 12:18:40,339 - sqlalchemy.engine.Engine - INFO - BEGIN (implicit)
2026-02-28 12:18:40,339 - sqlalchemy.engine.Engine - INFO - SELECT admins.id, admins.username, admins.password_hash, admins.created_at 
FROM admins 
WHERE admins.username = $1::VARCHAR
2026-02-28 12:18:40,339 - sqlalchemy.engine.Engine - INFO - [cached since 0.2834s ago] ('zhura2296@yandex.ru',)
2026-02-28 12:18:40,342 - sqlalchemy.engine.Engine - INFO - SELECT clients.id, clients.full_name, clients.phone, clients.address, clients.coordinates, clients.created_at, clients.last_contact, clients.comments, clients.updated_at, clients.backup_phone, clients.deleted_at 
FROM clients 
 LIMIT $1::INTEGER OFFSET $2::INTEGER
2026-02-28 12:18:40,342 - sqlalchemy.engine.Engine - INFO - [generated in 0.00025s] (100, 0)
2026-02-28 12:18:40,363 - sqlalchemy.engine.Engine - INFO - ROLLBACK
2026-02-28 12:18:40,366 - sqlalchemy.engine.Engine - INFO - BEGIN (implicit)
2026-02-28 12:18:40,366 - sqlalchemy.engine.Engine - INFO - SELECT admins.id, admins.username, admins.password_hash, admins.created_at 
FROM admins 
WHERE admins.username = $1::VARCHAR
2026-02-28 12:18:40,366 - sqlalchemy.engine.Engine - INFO - [cached since 0.3101s ago] ('zhura2296@yandex.ru',)
2026-02-28 12:18:40,386 - sqlalchemy.engine.Engine - INFO - SELECT installers.id, installers.full_name, installers.nickname, installers.phone, installers.backup_phone, installers.specialization, installers.rating, installers.base_price, installers.is_debtor, installers.comments, installers.is_active, installers.is_in_funnel, installers.total_orders, installers.poor_work_count, installers.warranty_visits_count, installers.last_incident_date, installers.updated_at, installers.created_at, installers.deleted_at 
FROM installers 
WHERE installers.deleted_at IS NULL 
 LIMIT $1::INTEGER OFFSET $2::INTEGER
2026-02-28 12:18:40,386 - sqlalchemy.engine.Engine - INFO - [generated in 0.00026s] (100, 0)
2026-02-28 12:18:40,387 - sqlalchemy.engine.Engine - INFO - BEGIN (implicit)
2026-02-28 12:18:40,388 - sqlalchemy.engine.Engine - INFO - SELECT admins.id, admins.username, admins.password_hash, admins.created_at 
FROM admins 
WHERE admins.username = $1::VARCHAR
2026-02-28 12:18:40,388 - sqlalchemy.engine.Engine - INFO - [cached since 0.3318s ago] ('zhura2296@yandex.ru',)
2026-02-28 12:18:40,389 - sqlalchemy.engine.Engine - INFO - ROLLBACK
2026-02-28 12:18:40,390 - sqlalchemy.engine.Engine - INFO - BEGIN (implicit)
2026-02-28 12:18:40,390 - sqlalchemy.engine.Engine - INFO - SELECT admins.id, admins.username, admins.password_hash, admins.created_at 
FROM admins 
WHERE admins.username = $1::VARCHAR
2026-02-28 12:18:40,390 - sqlalchemy.engine.Engine - INFO - [cached since 0.3344s ago] ('zhura2296@yandex.ru',)
2026-02-28 12:18:40,391 - sqlalchemy.engine.Engine - INFO - SELECT installers.id, installers.full_name, installers.nickname, installers.phone, installers.backup_phone, installers.specialization, installers.rating, installers.base_price, installers.is_debtor, installers.comments, installers.is_active, installers.is_in_funnel, installers.total_orders, installers.poor_work_count, installers.warranty_visits_count, installers.last_incident_date, installers.updated_at, installers.created_at, installers.deleted_at 
FROM installers 
WHERE installers.deleted_at IS NULL 
 LIMIT $1::INTEGER OFFSET $2::INTEGER
2026-02-28 12:18:40,391 - sqlalchemy.engine.Engine - INFO - [cached since 0.005109s ago] (100, 0)
2026-02-28 12:18:40,391 - sqlalchemy.engine.Engine - INFO - SELECT clients.id, clients.full_name, clients.phone, clients.address, clients.coordinates, clients.created_at, clients.last_contact, clients.comments, clients.updated_at, clients.backup_phone, clients.deleted_at 
FROM clients 
 LIMIT $1::INTEGER OFFSET $2::INTEGER
2026-02-28 12:18:40,391 - sqlalchemy.engine.Engine - INFO - [cached since 0.04933s ago] (100, 0)
2026-02-28 12:18:40,393 - sqlalchemy.engine.Engine - INFO - ROLLBACK
2026-02-28 12:18:40,393 - sqlalchemy.engine.Engine - INFO - ROLLBACK
2026-02-28 12:18:47,172 - sqlalchemy.engine.Engine - INFO - BEGIN (implicit)
2026-02-28 12:18:47,177 - sqlalchemy.engine.Engine - INFO - SELECT orders.id, orders.client_id, orders.status, orders.warehouse, orders.service_datetime, orders.delivery_datetime, orders.promise, orders.marker_color, orders.address_id, orders.address_text, orders.created_at, orders.updated_at 
FROM orders 
 LIMIT $1::INTEGER OFFSET $2::INTEGER
2026-02-28 12:18:47,177 - sqlalchemy.engine.Engine - INFO - [generated in 0.00018s] (100, 0)
2026-02-28 12:18:47,191 - sqlalchemy.engine.Engine - INFO - SELECT finance.order_id AS finance_order_id, finance.id AS finance_id, finance.revenue AS finance_revenue, finance.cost_of_goods AS finance_cost_of_goods, finance.installer_payments AS finance_installer_payments, finance.expenses AS finance_expenses, finance.warranty_costs_oleg AS finance_warranty_costs_oleg, finance.warranty_costs_installer AS finance_warranty_costs_installer, finance.profit AS finance_profit, finance.created_at AS finance_created_at, finance.updated_at AS finance_updated_at 
FROM finance 
WHERE finance.order_id IN ($1::INTEGER, $2::INTEGER, $3::INTEGER, $4::INTEGER, $5::INTEGER)
2026-02-28 12:18:47,191 - sqlalchemy.engine.Engine - INFO - [generated in 0.00021s] (1, 2, 3, 6, 7)
2026-02-28 12:18:47,193 - sqlalchemy.engine.Engine - INFO - SELECT clients.id AS clients_id, clients.full_name AS clients_full_name, clients.phone AS clients_phone, clients.address AS clients_address, clients.coordinates AS clients_coordinates, clients.created_at AS clients_created_at, clients.last_contact AS clients_last_contact, clients.comments AS clients_comments, clients.updated_at AS clients_updated_at, clients.backup_phone AS clients_backup_phone, clients.deleted_at AS clients_deleted_at 
FROM clients 
WHERE clients.id IN ($1::INTEGER)
2026-02-28 12:18:47,193 - sqlalchemy.engine.Engine - INFO - [generated in 0.00022s] (2,)
2026-02-28 12:18:47,195 - sqlalchemy.engine.Engine - INFO - SELECT address_cache.address AS address_cache_address, address_cache.lat AS address_cache_lat, address_cache.lon AS address_cache_lon, address_cache.updated_at AS address_cache_updated_at 
FROM address_cache 
WHERE address_cache.address IN ($1::VARCHAR)
2026-02-28 12:18:47,195 - sqlalchemy.engine.Engine - INFO - [generated in 0.00014s] ('Москва, ул. Ленина, 10',)
2026-02-28 12:18:47,196 - sqlalchemy.engine.Engine - INFO - ROLLBACK
2026-02-28 12:18:47,197 - sqlalchemy.engine.Engine - INFO - BEGIN (implicit)
2026-02-28 12:18:47,197 - sqlalchemy.engine.Engine - INFO - SELECT orders.id, orders.client_id, orders.status, orders.warehouse, orders.service_datetime, orders.delivery_datetime, orders.promise, orders.marker_color, orders.address_id, orders.address_text, orders.created_at, orders.updated_at 
FROM orders 
 LIMIT $1::INTEGER OFFSET $2::INTEGER
2026-02-28 12:18:47,197 - sqlalchemy.engine.Engine - INFO - [cached since 0.02042s ago] (100, 0)
2026-02-28 12:18:47,206 - sqlalchemy.engine.Engine - INFO - SELECT finance.order_id AS finance_order_id, finance.id AS finance_id, finance.revenue AS finance_revenue, finance.cost_of_goods AS finance_cost_of_goods, finance.installer_payments AS finance_installer_payments, finance.expenses AS finance_expenses, finance.warranty_costs_oleg AS finance_warranty_costs_oleg, finance.warranty_costs_installer AS finance_warranty_costs_installer, finance.profit AS finance_profit, finance.created_at AS finance_created_at, finance.updated_at AS finance_updated_at 
FROM finance 
WHERE finance.order_id IN ($1::INTEGER, $2::INTEGER, $3::INTEGER, $4::INTEGER, $5::INTEGER)
2026-02-28 12:18:47,207 - sqlalchemy.engine.Engine - INFO - [cached since 0.01585s ago] (1, 2, 3, 6, 7)
2026-02-28 12:18:47,208 - sqlalchemy.engine.Engine - INFO - SELECT clients.id AS clients_id, clients.full_name AS clients_full_name, clients.phone AS clients_phone, clients.address AS clients_address, clients.coordinates AS clients_coordinates, clients.created_at AS clients_created_at, clients.last_contact AS clients_last_contact, clients.comments AS clients_comments, clients.updated_at AS clients_updated_at, clients.backup_phone AS clients_backup_phone, clients.deleted_at AS clients_deleted_at 
FROM clients 
WHERE clients.id IN ($1::INTEGER)
2026-02-28 12:18:47,208 - sqlalchemy.engine.Engine - INFO - [cached since 0.01544s ago] (2,)
2026-02-28 12:18:47,209 - sqlalchemy.engine.Engine - INFO - SELECT address_cache.address AS address_cache_address, address_cache.lat AS address_cache_lat, address_cache.lon AS address_cache_lon, address_cache.updated_at AS address_cache_updated_at 
FROM address_cache 
WHERE address_cache.address IN ($1::VARCHAR)
2026-02-28 12:18:47,209 - sqlalchemy.engine.Engine - INFO - [cached since 0.01468s ago] ('Москва, ул. Ленина, 10',)
2026-02-28 12:18:47,211 - sqlalchemy.engine.Engine - INFO - ROLLBACK
2026-02-28 12:18:48,857 - sqlalchemy.engine.Engine - INFO - BEGIN (implicit)
2026-02-28 12:18:48,858 - sqlalchemy.engine.Engine - INFO - SELECT admins.id, admins.username, admins.password_hash, admins.created_at 
FROM admins 
WHERE admins.username = $1::VARCHAR
2026-02-28 12:18:48,858 - sqlalchemy.engine.Engine - INFO - [cached since 8.802s ago] ('zhura2296@yandex.ru',)
2026-02-28 12:18:48,860 - sqlalchemy.engine.Engine - INFO - SELECT installers.id, installers.full_name, installers.nickname, installers.phone, installers.backup_phone, installers.specialization, installers.rating, installers.base_price, installers.is_debtor, installers.comments, installers.is_active, installers.is_in_funnel, installers.total_orders, installers.poor_work_count, installers.warranty_visits_count, installers.last_incident_date, installers.updated_at, installers.created_at, installers.deleted_at 
FROM installers 
WHERE installers.deleted_at IS NULL 
 LIMIT $1::INTEGER OFFSET $2::INTEGER
2026-02-28 12:18:48,860 - sqlalchemy.engine.Engine - INFO - [cached since 8.474s ago] (100, 0)
2026-02-28 12:18:48,862 - sqlalchemy.engine.Engine - INFO - ROLLBACK
2026-02-28 12:18:48,863 - sqlalchemy.engine.Engine - INFO - BEGIN (implicit)
2026-02-28 12:18:48,863 - sqlalchemy.engine.Engine - INFO - SELECT admins.id, admins.username, admins.password_hash, admins.created_at 
FROM admins 
WHERE admins.username = $1::VARCHAR
2026-02-28 12:18:48,863 - sqlalchemy.engine.Engine - INFO - [cached since 8.808s ago] ('zhura2296@yandex.ru',)
2026-02-28 12:18:48,866 - sqlalchemy.engine.Engine - INFO - SELECT installers.id, installers.full_name, installers.nickname, installers.phone, installers.backup_phone, installers.specialization, installers.rating, installers.base_price, installers.is_debtor, installers.comments, installers.is_active, installers.is_in_funnel, installers.total_orders, installers.poor_work_count, installers.warranty_visits_count, installers.last_incident_date, installers.updated_at, installers.created_at, installers.deleted_at 
FROM installers 
WHERE installers.deleted_at IS NULL 
 LIMIT $1::INTEGER OFFSET $2::INTEGER
2026-02-28 12:18:48,866 - sqlalchemy.engine.Engine - INFO - [cached since 8.48s ago] (100, 0)
2026-02-28 12:18:48,868 - sqlalchemy.engine.Engine - INFO - ROLLBACK
2026-02-28 12:20:38,875 - src.core.logging - INFO - Starting CRM application
2026-02-28 12:20:38,875 - apscheduler.scheduler - INFO - Adding job tentatively -- it will be properly scheduled when the scheduler starts
2026-02-28 12:20:38,875 - apscheduler.scheduler - INFO - Adding job tentatively -- it will be properly scheduled when the scheduler starts
2026-02-28 12:20:38,875 - apscheduler.scheduler - INFO - Adding job tentatively -- it will be properly scheduled when the scheduler starts
2026-02-28 12:20:38,875 - apscheduler.scheduler - INFO - Adding job tentatively -- it will be properly scheduled when the scheduler starts
2026-02-28 12:20:38,876 - apscheduler.scheduler - INFO - Added job "send_daily_reminder" to job store "default"
2026-02-28 12:20:38,876 - apscheduler.scheduler - INFO - Added job "daily_weather_collection" to job store "default"
2026-02-28 12:20:38,876 - apscheduler.scheduler - INFO - Added job "run_training" to job store "default"
2026-02-28 12:20:38,876 - apscheduler.scheduler - INFO - Added job "daily_backup_and_report" to job store "default"
2026-02-28 12:20:38,876 - apscheduler.scheduler - INFO - Scheduler started
2026-02-28 12:20:38,876 - src.core.logging - INFO - Scheduler started
2026-02-28 12:20:47,217 - sqlalchemy.engine.Engine - INFO - select pg_catalog.version()
2026-02-28 12:20:47,217 - sqlalchemy.engine.Engine - INFO - [raw sql] ()
2026-02-28 12:20:47,218 - sqlalchemy.engine.Engine - INFO - select current_schema()
2026-02-28 12:20:47,218 - sqlalchemy.engine.Engine - INFO - [raw sql] ()
2026-02-28 12:20:47,219 - sqlalchemy.engine.Engine - INFO - show standard_conforming_strings
2026-02-28 12:20:47,219 - sqlalchemy.engine.Engine - INFO - [raw sql] ()
2026-02-28 12:20:47,219 - sqlalchemy.engine.Engine - INFO - BEGIN (implicit)
2026-02-28 12:20:47,238 - sqlalchemy.engine.Engine - INFO - SELECT admins.id, admins.username, admins.password_hash, admins.created_at 
FROM admins 
WHERE admins.username = $1::VARCHAR
2026-02-28 12:20:47,239 - sqlalchemy.engine.Engine - INFO - [generated in 0.00016s] ('zhura2296@yandex.ru',)
2026-02-28 12:20:47,241 - sqlalchemy.engine.Engine - INFO - ROLLBACK
2026-02-28 12:21:01,989 - sqlalchemy.engine.Engine - INFO - BEGIN (implicit)
2026-02-28 12:21:01,989 - sqlalchemy.engine.Engine - INFO - SELECT admins.id, admins.username, admins.password_hash, admins.created_at 
FROM admins
2026-02-28 12:21:01,990 - sqlalchemy.engine.Engine - INFO - [generated in 0.00023s] ()
2026-02-28 12:21:02,178 - sqlalchemy.engine.Engine - INFO - INSERT INTO admins (username, password_hash) VALUES ($1::VARCHAR, $2::VARCHAR) RETURNING admins.id, admins.created_at
2026-02-28 12:21:02,178 - sqlalchemy.engine.Engine - INFO - [generated in 0.00015s] ('zhura2296@yandex.ru', '$2b$12$aX5KZyRJeENoQKJqqCQ9f.ajTpektMruBAx6xbK8JiyMNgLb92PDm')
2026-02-28 12:21:02,179 - sqlalchemy.engine.Engine - INFO - COMMIT
2026-02-28 12:21:02,223 - sqlalchemy.engine.Engine - INFO - BEGIN (implicit)
2026-02-28 12:21:02,225 - sqlalchemy.engine.Engine - INFO - SELECT admins.id, admins.username, admins.password_hash, admins.created_at 
FROM admins 
WHERE admins.id = $1::INTEGER
2026-02-28 12:21:02,225 - sqlalchemy.engine.Engine - INFO - [generated in 0.00020s] (1,)
2026-02-28 12:21:02,227 - sqlalchemy.engine.Engine - INFO - ROLLBACK
2026-02-28 12:21:06,315 - sqlalchemy.engine.Engine - INFO - BEGIN (implicit)
2026-02-28 12:21:06,316 - sqlalchemy.engine.Engine - INFO - SELECT admins.id, admins.username, admins.password_hash, admins.created_at 
FROM admins 
WHERE admins.username = $1::VARCHAR
2026-02-28 12:21:06,316 - sqlalchemy.engine.Engine - INFO - [cached since 19.08s ago] ('zhura2296@yandex.ru',)
2026-02-28 12:21:06,503 - sqlalchemy.engine.Engine - INFO - ROLLBACK
2026-02-28 12:21:06,716 - sqlalchemy.engine.Engine - INFO - BEGIN (implicit)
2026-02-28 12:21:06,717 - sqlalchemy.engine.Engine - INFO - SELECT admins.id, admins.username, admins.password_hash, admins.created_at 
FROM admins 
WHERE admins.username = $1::VARCHAR
2026-02-28 12:21:06,717 - sqlalchemy.engine.Engine - INFO - [cached since 19.48s ago] ('zhura2296@yandex.ru',)
2026-02-28 12:21:06,721 - sqlalchemy.engine.Engine - INFO - SELECT clients.id, clients.full_name, clients.phone, clients.address, clients.coordinates, clients.created_at, clients.last_contact, clients.comments, clients.updated_at, clients.backup_phone, clients.deleted_at 
FROM clients 
 LIMIT $1::INTEGER OFFSET $2::INTEGER
2026-02-28 12:21:06,721 - sqlalchemy.engine.Engine - INFO - [generated in 0.00016s] (100, 0)
2026-02-28 12:21:06,739 - sqlalchemy.engine.Engine - INFO - ROLLBACK
2026-02-28 12:21:06,758 - sqlalchemy.engine.Engine - INFO - BEGIN (implicit)
2026-02-28 12:21:06,759 - sqlalchemy.engine.Engine - INFO - SELECT admins.id, admins.username, admins.password_hash, admins.created_at 
FROM admins 
WHERE admins.username = $1::VARCHAR
2026-02-28 12:21:06,759 - sqlalchemy.engine.Engine - INFO - [cached since 19.52s ago] ('zhura2296@yandex.ru',)
2026-02-28 12:21:06,763 - sqlalchemy.engine.Engine - INFO - SELECT installers.id, installers.full_name, installers.nickname, installers.phone, installers.backup_phone, installers.specialization, installers.rating, installers.base_price, installers.is_debtor, installers.comments, installers.is_active, installers.is_in_funnel, installers.total_orders, installers.poor_work_count, installers.warranty_visits_count, installers.last_incident_date, installers.updated_at, installers.created_at, installers.deleted_at 
FROM installers 
WHERE installers.deleted_at IS NULL 
 LIMIT $1::INTEGER OFFSET $2::INTEGER
2026-02-28 12:21:06,763 - sqlalchemy.engine.Engine - INFO - [generated in 0.00016s] (100, 0)
2026-02-28 12:21:06,765 - sqlalchemy.engine.Engine - INFO - BEGIN (implicit)
2026-02-28 12:21:06,765 - sqlalchemy.engine.Engine - INFO - SELECT admins.id, admins.username, admins.password_hash, admins.created_at 
FROM admins 
WHERE admins.username = $1::VARCHAR
2026-02-28 12:21:06,765 - sqlalchemy.engine.Engine - INFO - [cached since 19.53s ago] ('zhura2296@yandex.ru',)
2026-02-28 12:21:06,766 - sqlalchemy.engine.Engine - INFO - BEGIN (implicit)
2026-02-28 12:21:06,766 - sqlalchemy.engine.Engine - INFO - SELECT admins.id, admins.username, admins.password_hash, admins.created_at 
FROM admins 
WHERE admins.username = $1::VARCHAR
2026-02-28 12:21:06,766 - sqlalchemy.engine.Engine - INFO - [cached since 19.53s ago] ('zhura2296@yandex.ru',)
2026-02-28 12:21:06,767 - sqlalchemy.engine.Engine - INFO - ROLLBACK
2026-02-28 12:21:06,768 - sqlalchemy.engine.Engine - INFO - SELECT installers.id, installers.full_name, installers.nickname, installers.phone, installers.backup_phone, installers.specialization, installers.rating, installers.base_price, installers.is_debtor, installers.comments, installers.is_active, installers.is_in_funnel, installers.total_orders, installers.poor_work_count, installers.warranty_visits_count, installers.last_incident_date, installers.updated_at, installers.created_at, installers.deleted_at 
FROM installers 
WHERE installers.deleted_at IS NULL 
 LIMIT $1::INTEGER OFFSET $2::INTEGER
2026-02-28 12:21:06,768 - sqlalchemy.engine.Engine - INFO - [cached since 0.004675s ago] (100, 0)
2026-02-28 12:21:06,769 - sqlalchemy.engine.Engine - INFO - SELECT clients.id, clients.full_name, clients.phone, clients.address, clients.coordinates, clients.created_at, clients.last_contact, clients.comments, clients.updated_at, clients.backup_phone, clients.deleted_at 
FROM clients 
 LIMIT $1::INTEGER OFFSET $2::INTEGER
2026-02-28 12:21:06,769 - sqlalchemy.engine.Engine - INFO - [cached since 0.04821s ago] (100, 0)
2026-02-28 12:21:06,770 - sqlalchemy.engine.Engine - INFO - ROLLBACK
2026-02-28 12:21:06,771 - sqlalchemy.engine.Engine - INFO - ROLLBACK
2026-02-28 12:23:17,311 - sqlalchemy.engine.Engine - INFO - BEGIN (implicit)
2026-02-28 12:23:17,315 - sqlalchemy.engine.Engine - INFO - SELECT orders.id, orders.client_id, orders.status, orders.warehouse, orders.service_datetime, orders.delivery_datetime, orders.promise, orders.marker_color, orders.address_id, orders.address_text, orders.created_at, orders.updated_at 
FROM orders 
 LIMIT $1::INTEGER OFFSET $2::INTEGER
2026-02-28 12:23:17,315 - sqlalchemy.engine.Engine - INFO - [generated in 0.00038s] (100, 0)
2026-02-28 12:23:17,327 - sqlalchemy.engine.Engine - INFO - ROLLBACK
2026-02-28 12:23:17,328 - sqlalchemy.engine.Engine - INFO - BEGIN (implicit)
2026-02-28 12:23:17,328 - sqlalchemy.engine.Engine - INFO - SELECT orders.id, orders.client_id, orders.status, orders.warehouse, orders.service_datetime, orders.delivery_datetime, orders.promise, orders.marker_color, orders.address_id, orders.address_text, orders.created_at, orders.updated_at 
FROM orders 
 LIMIT $1::INTEGER OFFSET $2::INTEGER
2026-02-28 12:23:17,328 - sqlalchemy.engine.Engine - INFO - [cached since 0.01335s ago] (100, 0)
2026-02-28 12:23:17,337 - sqlalchemy.engine.Engine - INFO - ROLLBACK
2026-02-28 12:23:18,976 - sqlalchemy.engine.Engine - INFO - BEGIN (implicit)
2026-02-28 12:23:18,976 - sqlalchemy.engine.Engine - INFO - SELECT admins.id, admins.username, admins.password_hash, admins.created_at 
FROM admins 
WHERE admins.username = $1::VARCHAR
2026-02-28 12:23:18,976 - sqlalchemy.engine.Engine - INFO - [cached since 151.7s ago] ('zhura2296@yandex.ru',)
2026-02-28 12:23:18,977 - sqlalchemy.engine.Engine - INFO - SELECT installers.id, installers.full_name, installers.nickname, installers.phone, installers.backup_phone, installers.specialization, installers.rating, installers.base_price, installers.is_debtor, installers.comments, installers.is_active, installers.is_in_funnel, installers.total_orders, installers.poor_work_count, installers.warranty_visits_count, installers.last_incident_date, installers.updated_at, installers.created_at, installers.deleted_at 
FROM installers 
WHERE installers.deleted_at IS NULL 
 LIMIT $1::INTEGER OFFSET $2::INTEGER
2026-02-28 12:23:18,977 - sqlalchemy.engine.Engine - INFO - [cached since 132.2s ago] (100, 0)
2026-02-28 12:23:18,978 - sqlalchemy.engine.Engine - INFO - ROLLBACK
2026-02-28 12:23:18,979 - sqlalchemy.engine.Engine - INFO - BEGIN (implicit)
2026-02-28 12:23:18,979 - sqlalchemy.engine.Engine - INFO - SELECT admins.id, admins.username, admins.password_hash, admins.created_at 
FROM admins 
WHERE admins.username = $1::VARCHAR
2026-02-28 12:23:18,979 - sqlalchemy.engine.Engine - INFO - [cached since 151.7s ago] ('zhura2296@yandex.ru',)
2026-02-28 12:23:18,980 - sqlalchemy.engine.Engine - INFO - SELECT installers.id, installers.full_name, installers.nickname, installers.phone, installers.backup_phone, installers.specialization, installers.rating, installers.base_price, installers.is_debtor, installers.comments, installers.is_active, installers.is_in_funnel, installers.total_orders, installers.poor_work_count, installers.warranty_visits_count, installers.last_incident_date, installers.updated_at, installers.created_at, installers.deleted_at 
FROM installers 
WHERE installers.deleted_at IS NULL 
 LIMIT $1::INTEGER OFFSET $2::INTEGER
2026-02-28 12:23:18,980 - sqlalchemy.engine.Engine - INFO - [cached since 132.2s ago] (100, 0)
2026-02-28 12:23:18,982 - sqlalchemy.engine.Engine - INFO - ROLLBACK
2026-02-28 12:23:28,077 - sqlalchemy.engine.Engine - INFO - BEGIN (implicit)
2026-02-28 12:23:28,078 - sqlalchemy.engine.Engine - INFO - SELECT sum(finance.profit) AS sum_1 
FROM finance
2026-02-28 12:23:28,078 - sqlalchemy.engine.Engine - INFO - [generated in 0.00010s] ()
2026-02-28 12:23:28,079 - sqlalchemy.engine.Engine - INFO - BEGIN (implicit)
2026-02-28 12:23:28,080 - sqlalchemy.engine.Engine - INFO - SELECT EXTRACT(year FROM finance.created_at) AS year, EXTRACT(month FROM finance.created_at) AS month, sum(finance.profit) AS profit 
FROM finance GROUP BY year, month ORDER BY year, month
2026-02-28 12:23:28,080 - sqlalchemy.engine.Engine - INFO - [generated in 0.00010s] ()
2026-02-28 12:23:28,082 - sqlalchemy.engine.Engine - INFO - SELECT sum(finance.installer_payments) AS sum_1 
FROM finance
2026-02-28 12:23:28,082 - sqlalchemy.engine.Engine - INFO - [generated in 0.00013s] ()
2026-02-28 12:23:28,084 - sqlalchemy.engine.Engine - INFO - SELECT count(orders.id) AS count_1 
FROM orders
2026-02-28 12:23:28,084 - sqlalchemy.engine.Engine - INFO - [generated in 0.00012s] ()
2026-02-28 12:23:28,085 - sqlalchemy.engine.Engine - INFO - BEGIN (implicit)
2026-02-28 12:23:28,085 - sqlalchemy.engine.Engine - INFO - SELECT EXTRACT(year FROM finance.created_at) AS year, EXTRACT(month FROM finance.created_at) AS month, sum(finance.profit) AS profit 
FROM finance GROUP BY year, month ORDER BY year, month
2026-02-28 12:23:28,085 - sqlalchemy.engine.Engine - INFO - [cached since 0.005611s ago] ()
2026-02-28 12:23:28,086 - sqlalchemy.engine.Engine - INFO - ROLLBACK
2026-02-28 12:23:28,086 - sqlalchemy.engine.Engine - INFO - ROLLBACK
2026-02-28 12:23:28,087 - sqlalchemy.engine.Engine - INFO - BEGIN (implicit)
2026-02-28 12:23:28,087 - sqlalchemy.engine.Engine - INFO - SELECT sum(finance.profit) AS sum_1 
FROM finance
2026-02-28 12:23:28,087 - sqlalchemy.engine.Engine - INFO - [cached since 0.008628s ago] ()
2026-02-28 12:23:28,088 - sqlalchemy.engine.Engine - INFO - SELECT sum(finance.installer_payments) AS sum_1 
FROM finance
2026-02-28 12:23:28,088 - sqlalchemy.engine.Engine - INFO - [cached since 0.006365s ago] ()
2026-02-28 12:23:28,089 - sqlalchemy.engine.Engine - INFO - SELECT count(orders.id) AS count_1 
FROM orders
2026-02-28 12:23:28,089 - sqlalchemy.engine.Engine - INFO - [cached since 0.004931s ago] ()
2026-02-28 12:23:28,089 - sqlalchemy.engine.Engine - INFO - ROLLBACK
2026-02-28 12:23:28,090 - sqlalchemy.engine.Engine - INFO - ROLLBACK
2026-02-28 12:23:29,204 - sqlalchemy.engine.Engine - INFO - BEGIN (implicit)
2026-02-28 12:23:29,204 - sqlalchemy.engine.Engine - INFO - SELECT orders.id, orders.client_id, orders.status, orders.warehouse, orders.service_datetime, orders.delivery_datetime, orders.promise, orders.marker_color, orders.address_id, orders.address_text, orders.created_at, orders.updated_at 
FROM orders 
 LIMIT $1::INTEGER OFFSET $2::INTEGER
2026-02-28 12:23:29,204 - sqlalchemy.engine.Engine - INFO - [cached since 11.89s ago] (100, 0)
2026-02-28 12:23:29,205 - sqlalchemy.engine.Engine - INFO - ROLLBACK
2026-02-28 12:23:29,206 - sqlalchemy.engine.Engine - INFO - BEGIN (implicit)
2026-02-28 12:23:29,206 - sqlalchemy.engine.Engine - INFO - SELECT orders.id, orders.client_id, orders.status, orders.warehouse, orders.service_datetime, orders.delivery_datetime, orders.promise, orders.marker_color, orders.address_id, orders.address_text, orders.created_at, orders.updated_at 
FROM orders 
 LIMIT $1::INTEGER OFFSET $2::INTEGER
2026-02-28 12:23:29,206 - sqlalchemy.engine.Engine - INFO - [cached since 11.89s ago] (100, 0)
2026-02-28 12:23:29,207 - sqlalchemy.engine.Engine - INFO - ROLLBACK
2026-02-28 12:23:31,442 - sqlalchemy.engine.Engine - INFO - BEGIN (implicit)
2026-02-28 12:23:31,443 - sqlalchemy.engine.Engine - INFO - SELECT sum(finance.profit) AS sum_1 
FROM finance
2026-02-28 12:23:31,443 - sqlalchemy.engine.Engine - INFO - [cached since 3.365s ago] ()
2026-02-28 12:23:31,443 - sqlalchemy.engine.Engine - INFO - BEGIN (implicit)
2026-02-28 12:23:31,444 - sqlalchemy.engine.Engine - INFO - SELECT EXTRACT(year FROM finance.created_at) AS year, EXTRACT(month FROM finance.created_at) AS month, sum(finance.profit) AS profit 
FROM finance GROUP BY year, month ORDER BY year, month
2026-02-28 12:23:31,444 - sqlalchemy.engine.Engine - INFO - [cached since 3.364s ago] ()
2026-02-28 12:23:31,444 - sqlalchemy.engine.Engine - INFO - SELECT sum(finance.installer_payments) AS sum_1 
FROM finance
2026-02-28 12:23:31,444 - sqlalchemy.engine.Engine - INFO - [cached since 3.362s ago] ()
2026-02-28 12:23:31,444 - sqlalchemy.engine.Engine - INFO - SELECT count(orders.id) AS count_1 
FROM orders
2026-02-28 12:23:31,445 - sqlalchemy.engine.Engine - INFO - [cached since 3.361s ago] ()
2026-02-28 12:23:31,445 - sqlalchemy.engine.Engine - INFO - ROLLBACK
2026-02-28 12:23:31,446 - sqlalchemy.engine.Engine - INFO - BEGIN (implicit)
2026-02-28 12:23:31,446 - sqlalchemy.engine.Engine - INFO - SELECT sum(finance.profit) AS sum_1 
FROM finance
2026-02-28 12:23:31,446 - sqlalchemy.engine.Engine - INFO - [cached since 3.368s ago] ()
2026-02-28 12:23:31,446 - sqlalchemy.engine.Engine - INFO - ROLLBACK
2026-02-28 12:23:31,447 - sqlalchemy.engine.Engine - INFO - BEGIN (implicit)
2026-02-28 12:23:31,447 - sqlalchemy.engine.Engine - INFO - SELECT EXTRACT(year FROM finance.created_at) AS year, EXTRACT(month FROM finance.created_at) AS month, sum(finance.profit) AS profit 
FROM finance GROUP BY year, month ORDER BY year, month
2026-02-28 12:23:31,447 - sqlalchemy.engine.Engine - INFO - [cached since 3.367s ago] ()
2026-02-28 12:23:31,447 - sqlalchemy.engine.Engine - INFO - SELECT sum(finance.installer_payments) AS sum_1 
FROM finance
2026-02-28 12:23:31,447 - sqlalchemy.engine.Engine - INFO - [cached since 3.366s ago] ()
2026-02-28 12:23:31,449 - sqlalchemy.engine.Engine - INFO - SELECT count(orders.id) AS count_1 
FROM orders
2026-02-28 12:23:31,449 - sqlalchemy.engine.Engine - INFO - [cached since 3.365s ago] ()
2026-02-28 12:23:31,449 - sqlalchemy.engine.Engine - INFO - ROLLBACK
2026-02-28 12:23:31,451 - sqlalchemy.engine.Engine - INFO - ROLLBACK
2026-02-28 12:24:33,853 - sqlalchemy.engine.Engine - INFO - BEGIN (implicit)
2026-02-28 12:24:33,853 - sqlalchemy.engine.Engine - INFO - SELECT admins.id, admins.username, admins.password_hash, admins.created_at 
FROM admins 
WHERE admins.username = $1::VARCHAR
2026-02-28 12:24:33,853 - sqlalchemy.engine.Engine - INFO - [cached since 226.6s ago] ('zhura2296@yandex.ru',)
2026-02-28 12:24:33,854 - sqlalchemy.engine.Engine - INFO - BEGIN (implicit)
2026-02-28 12:24:33,855 - sqlalchemy.engine.Engine - INFO - SELECT admins.id, admins.username, admins.password_hash, admins.created_at 
FROM admins 
WHERE admins.username = $1::VARCHAR
2026-02-28 12:24:33,855 - sqlalchemy.engine.Engine - INFO - [cached since 226.6s ago] ('zhura2296@yandex.ru',)
2026-02-28 12:24:33,856 - sqlalchemy.engine.Engine - INFO - SELECT clients.id, clients.full_name, clients.phone, clients.address, clients.coordinates, clients.created_at, clients.last_contact, clients.comments, clients.updated_at, clients.backup_phone, clients.deleted_at 
FROM clients 
 LIMIT $1::INTEGER OFFSET $2::INTEGER
2026-02-28 12:24:33,856 - sqlalchemy.engine.Engine - INFO - [cached since 207.1s ago] (100, 0)
2026-02-28 12:24:33,857 - sqlalchemy.engine.Engine - INFO - SELECT installers.id, installers.full_name, installers.nickname, installers.phone, installers.backup_phone, installers.specialization, installers.rating, installers.base_price, installers.is_debtor, installers.comments, installers.is_active, installers.is_in_funnel, installers.total_orders, installers.poor_work_count, installers.warranty_visits_count, installers.last_incident_date, installers.updated_at, installers.created_at, installers.deleted_at 
FROM installers 
WHERE installers.deleted_at IS NULL 
 LIMIT $1::INTEGER OFFSET $2::INTEGER
2026-02-28 12:24:33,857 - sqlalchemy.engine.Engine - INFO - [cached since 207.1s ago] (100, 0)
2026-02-28 12:24:33,859 - sqlalchemy.engine.Engine - INFO - ROLLBACK
2026-02-28 12:24:33,859 - sqlalchemy.engine.Engine - INFO - ROLLBACK
2026-02-28 12:24:33,861 - sqlalchemy.engine.Engine - INFO - BEGIN (implicit)
2026-02-28 12:24:33,861 - sqlalchemy.engine.Engine - INFO - SELECT admins.id, admins.username, admins.password_hash, admins.created_at 
FROM admins 
WHERE admins.username = $1::VARCHAR
2026-02-28 12:24:33,861 - sqlalchemy.engine.Engine - INFO - [cached since 226.6s ago] ('zhura2296@yandex.ru',)
2026-02-28 12:24:33,862 - sqlalchemy.engine.Engine - INFO - BEGIN (implicit)
2026-02-28 12:24:33,862 - sqlalchemy.engine.Engine - INFO - SELECT admins.id, admins.username, admins.password_hash, admins.created_at 
FROM admins 
WHERE admins.username = $1::VARCHAR
2026-02-28 12:24:33,862 - sqlalchemy.engine.Engine - INFO - [cached since 226.6s ago] ('zhura2296@yandex.ru',)
2026-02-28 12:24:33,863 - sqlalchemy.engine.Engine - INFO - SELECT installers.id, installers.full_name, installers.nickname, installers.phone, installers.backup_phone, installers.specialization, installers.rating, installers.base_price, installers.is_debtor, installers.comments, installers.is_active, installers.is_in_funnel, installers.total_orders, installers.poor_work_count, installers.warranty_visits_count, installers.last_incident_date, installers.updated_at, installers.created_at, installers.deleted_at 
FROM installers 
WHERE installers.deleted_at IS NULL 
 LIMIT $1::INTEGER OFFSET $2::INTEGER
2026-02-28 12:24:33,863 - sqlalchemy.engine.Engine - INFO - [cached since 207.1s ago] (100, 0)
2026-02-28 12:24:33,864 - sqlalchemy.engine.Engine - INFO - SELECT clients.id, clients.full_name, clients.phone, clients.address, clients.coordinates, clients.created_at, clients.last_contact, clients.comments, clients.updated_at, clients.backup_phone, clients.deleted_at 
FROM clients 
 LIMIT $1::INTEGER OFFSET $2::INTEGER
2026-02-28 12:24:33,864 - sqlalchemy.engine.Engine - INFO - [cached since 207.1s ago] (100, 0)
2026-02-28 12:24:33,865 - sqlalchemy.engine.Engine - INFO - ROLLBACK
2026-02-28 12:24:33,865 - sqlalchemy.engine.Engine - INFO - ROLLBACK
2026-02-28 12:26:12,478 - sqlalchemy.engine.Engine - INFO - BEGIN (implicit)
2026-02-28 12:26:12,478 - sqlalchemy.engine.Engine - INFO - SELECT admins.id, admins.username, admins.password_hash, admins.created_at 
FROM admins 
WHERE admins.username = $1::VARCHAR
2026-02-28 12:26:12,478 - sqlalchemy.engine.Engine - INFO - [cached since 325.2s ago] ('zhura2296@yandex.ru',)
2026-02-28 12:26:12,481 - sqlalchemy.engine.Engine - INFO - INSERT INTO installers (full_name, nickname, phone, backup_phone, specialization, rating, base_price, is_debtor, comments, is_active, is_in_funnel, total_orders, poor_work_count, warranty_visits_count, last_incident_date, deleted_at) VALUES ($1::VARCHAR, $2::VARCHAR, $3::VARCHAR, $4::VARCHAR, $5::VARCHAR[], $6::NUMERIC(3, 1), $7::NUMERIC(10, 2), $8::BOOLEAN, $9::VARCHAR, $10::BOOLEAN, $11::BOOLEAN, $12::INTEGER, $13::INTEGER, $14::INTEGER, $15::TIMESTAMP WITH TIME ZONE, $16::TIMESTAMP WITH TIME ZONE) RETURNING installers.id, installers.updated_at, installers.created_at
2026-02-28 12:26:12,481 - sqlalchemy.engine.Engine - INFO - [generated in 0.00020s] ('Иванов Иван Иванович', 'Мороз', '+79161112233', '+79163334455', ['установка', 'ремонт', 'заправка'], 9.5, 5000.0, False, 'Опытный мастер, работаем с 2018 года', True, True, 0, 0, 0, None, None)
2026-02-28 12:26:12,493 - sqlalchemy.engine.Engine - INFO - COMMIT
2026-02-28 12:26:12,495 - sqlalchemy.engine.Engine - INFO - BEGIN (implicit)
2026-02-28 12:26:12,495 - sqlalchemy.engine.Engine - INFO - SELECT installers.id, installers.full_name, installers.nickname, installers.phone, installers.backup_phone, installers.specialization, installers.rating, installers.base_price, installers.is_debtor, installers.comments, installers.is_active, installers.is_in_funnel, installers.total_orders, installers.poor_work_count, installers.warranty_visits_count, installers.last_incident_date, installers.updated_at, installers.created_at, installers.deleted_at 
FROM installers 
WHERE installers.id = $1::INTEGER
2026-02-28 12:26:12,495 - sqlalchemy.engine.Engine - INFO - [generated in 0.00011s] (1,)
2026-02-28 12:26:12,497 - sqlalchemy.engine.Engine - INFO - ROLLBACK
2026-02-28 12:26:12,516 - sqlalchemy.engine.Engine - INFO - BEGIN (implicit)
2026-02-28 12:26:12,516 - sqlalchemy.engine.Engine - INFO - SELECT admins.id, admins.username, admins.password_hash, admins.created_at 
FROM admins 
WHERE admins.username = $1::VARCHAR
2026-02-28 12:26:12,516 - sqlalchemy.engine.Engine - INFO - [cached since 325.3s ago] ('zhura2296@yandex.ru',)
2026-02-28 12:26:12,518 - sqlalchemy.engine.Engine - INFO - SELECT installers.id, installers.full_name, installers.nickname, installers.phone, installers.backup_phone, installers.specialization, installers.rating, installers.base_price, installers.is_debtor, installers.comments, installers.is_active, installers.is_in_funnel, installers.total_orders, installers.poor_work_count, installers.warranty_visits_count, installers.last_incident_date, installers.updated_at, installers.created_at, installers.deleted_at 
FROM installers 
WHERE installers.deleted_at IS NULL 
 LIMIT $1::INTEGER OFFSET $2::INTEGER
2026-02-28 12:26:12,518 - sqlalchemy.engine.Engine - INFO - [cached since 305.8s ago] (100, 0)
2026-02-28 12:26:12,519 - sqlalchemy.engine.Engine - INFO - ROLLBACK
2026-02-28 12:26:12,521 - sqlalchemy.engine.Engine - INFO - BEGIN (implicit)
2026-02-28 12:26:12,521 - sqlalchemy.engine.Engine - INFO - SELECT admins.id, admins.username, admins.password_hash, admins.created_at 
FROM admins 
WHERE admins.username = $1::VARCHAR
2026-02-28 12:26:12,521 - sqlalchemy.engine.Engine - INFO - [cached since 325.3s ago] ('zhura2296@yandex.ru',)
2026-02-28 12:26:12,523 - sqlalchemy.engine.Engine - INFO - SELECT installers.id, installers.full_name, installers.nickname, installers.phone, installers.backup_phone, installers.specialization, installers.rating, installers.base_price, installers.is_debtor, installers.comments, installers.is_active, installers.is_in_funnel, installers.total_orders, installers.poor_work_count, installers.warranty_visits_count, installers.last_incident_date, installers.updated_at, installers.created_at, installers.deleted_at 
FROM installers 
WHERE installers.deleted_at IS NULL 
 LIMIT $1::INTEGER OFFSET $2::INTEGER
2026-02-28 12:26:12,523 - sqlalchemy.engine.Engine - INFO - [cached since 305.8s ago] (100, 0)
2026-02-28 12:26:12,524 - sqlalchemy.engine.Engine - INFO - ROLLBACK
2026-02-28 12:35:02,134 - sqlalchemy.engine.Engine - INFO - BEGIN (implicit)
2026-02-28 12:35:02,134 - sqlalchemy.engine.Engine - INFO - SELECT admins.id, admins.username, admins.password_hash, admins.created_at 
FROM admins 
WHERE admins.username = $1::VARCHAR
2026-02-28 12:35:02,134 - sqlalchemy.engine.Engine - INFO - [cached since 854.9s ago] ('zhura2296@yandex.ru',)
2026-02-28 12:35:02,135 - sqlalchemy.engine.Engine - INFO - INSERT INTO installers (full_name, nickname, phone, backup_phone, specialization, rating, base_price, is_debtor, comments, is_active, is_in_funnel, total_orders, poor_work_count, warranty_visits_count, last_incident_date, deleted_at) VALUES ($1::VARCHAR, $2::VARCHAR, $3::VARCHAR, $4::VARCHAR, $5::VARCHAR[], $6::NUMERIC(3, 1), $7::NUMERIC(10, 2), $8::BOOLEAN, $9::VARCHAR, $10::BOOLEAN, $11::BOOLEAN, $12::INTEGER, $13::INTEGER, $14::INTEGER, $15::TIMESTAMP WITH TIME ZONE, $16::TIMESTAMP WITH TIME ZONE) RETURNING installers.id, installers.updated_at, installers.created_at
2026-02-28 12:35:02,135 - sqlalchemy.engine.Engine - INFO - [cached since 529.7s ago] ('Петров Пётр Петрович', 'Ветер', '+79262223344', '', ['подъём', 'монтаж'], 8.0, 3000.0, False, 'Молодой специалист, физически сильный', True, True, 0, 0, 0, None, None)
2026-02-28 12:35:02,141 - sqlalchemy.engine.Engine - INFO - COMMIT
2026-02-28 12:35:02,142 - sqlalchemy.engine.Engine - INFO - BEGIN (implicit)
2026-02-28 12:35:02,142 - sqlalchemy.engine.Engine - INFO - SELECT installers.id, installers.full_name, installers.nickname, installers.phone, installers.backup_phone, installers.specialization, installers.rating, installers.base_price, installers.is_debtor, installers.comments, installers.is_active, installers.is_in_funnel, installers.total_orders, installers.poor_work_count, installers.warranty_visits_count, installers.last_incident_date, installers.updated_at, installers.created_at, installers.deleted_at 
FROM installers 
WHERE installers.id = $1::INTEGER
2026-02-28 12:35:02,142 - sqlalchemy.engine.Engine - INFO - [cached since 529.6s ago] (2,)
2026-02-28 12:35:02,144 - sqlalchemy.engine.Engine - INFO - ROLLBACK
2026-02-28 12:35:02,164 - sqlalchemy.engine.Engine - INFO - BEGIN (implicit)
2026-02-28 12:35:02,164 - sqlalchemy.engine.Engine - INFO - SELECT admins.id, admins.username, admins.password_hash, admins.created_at 
FROM admins 
WHERE admins.username = $1::VARCHAR
2026-02-28 12:35:02,164 - sqlalchemy.engine.Engine - INFO - [cached since 854.9s ago] ('zhura2296@yandex.ru',)
2026-02-28 12:35:02,166 - sqlalchemy.engine.Engine - INFO - SELECT installers.id, installers.full_name, installers.nickname, installers.phone, installers.backup_phone, installers.specialization, installers.rating, installers.base_price, installers.is_debtor, installers.comments, installers.is_active, installers.is_in_funnel, installers.total_orders, installers.poor_work_count, installers.warranty_visits_count, installers.last_incident_date, installers.updated_at, installers.created_at, installers.deleted_at 
FROM installers 
WHERE installers.deleted_at IS NULL 
 LIMIT $1::INTEGER OFFSET $2::INTEGER
2026-02-28 12:35:02,166 - sqlalchemy.engine.Engine - INFO - [cached since 835.4s ago] (100, 0)
2026-02-28 12:35:02,167 - sqlalchemy.engine.Engine - INFO - ROLLBACK
2026-02-28 12:35:02,168 - sqlalchemy.engine.Engine - INFO - BEGIN (implicit)
2026-02-28 12:35:02,168 - sqlalchemy.engine.Engine - INFO - SELECT admins.id, admins.username, admins.password_hash, admins.created_at 
FROM admins 
WHERE admins.username = $1::VARCHAR
2026-02-28 12:35:02,168 - sqlalchemy.engine.Engine - INFO - [cached since 854.9s ago] ('zhura2296@yandex.ru',)
2026-02-28 12:35:02,169 - sqlalchemy.engine.Engine - INFO - SELECT installers.id, installers.full_name, installers.nickname, installers.phone, installers.backup_phone, installers.specialization, installers.rating, installers.base_price, installers.is_debtor, installers.comments, installers.is_active, installers.is_in_funnel, installers.total_orders, installers.poor_work_count, installers.warranty_visits_count, installers.last_incident_date, installers.updated_at, installers.created_at, installers.deleted_at 
FROM installers 
WHERE installers.deleted_at IS NULL 
 LIMIT $1::INTEGER OFFSET $2::INTEGER
2026-02-28 12:35:02,169 - sqlalchemy.engine.Engine - INFO - [cached since 835.4s ago] (100, 0)
2026-02-28 12:35:02,171 - sqlalchemy.engine.Engine - INFO - ROLLBACK
2026-02-28 12:40:12,487 - sqlalchemy.engine.Engine - INFO - BEGIN (implicit)
2026-02-28 12:40:12,487 - sqlalchemy.engine.Engine - INFO - SELECT admins.id, admins.username, admins.password_hash, admins.created_at 
FROM admins 
WHERE admins.username = $1::VARCHAR
2026-02-28 12:40:12,487 - sqlalchemy.engine.Engine - INFO - [cached since 1165s ago] ('zhura2296@yandex.ru',)
2026-02-28 12:40:12,488 - sqlalchemy.engine.Engine - INFO - INSERT INTO installers (full_name, nickname, phone, backup_phone, specialization, rating, base_price, is_debtor, comments, is_active, is_in_funnel, total_orders, poor_work_count, warranty_visits_count, last_incident_date, deleted_at) VALUES ($1::VARCHAR, $2::VARCHAR, $3::VARCHAR, $4::VARCHAR, $5::VARCHAR[], $6::NUMERIC(3, 1), $7::NUMERIC(10, 2), $8::BOOLEAN, $9::VARCHAR, $10::BOOLEAN, $11::BOOLEAN, $12::INTEGER, $13::INTEGER, $14::INTEGER, $15::TIMESTAMP WITH TIME ZONE, $16::TIMESTAMP WITH TIME ZONE) RETURNING installers.id, installers.updated_at, installers.created_at
2026-02-28 12:40:12,488 - sqlalchemy.engine.Engine - INFO - [cached since 840s ago] ('Сидоров Сидор Сидорович', 'Высота', '+79374445566', '', ['высотные работы', 'альпинизм'], 9.0, 6000.0, False, 'Работает на фасадах любой сложности', True, True, 0, 0, 0, None, None)
2026-02-28 12:40:12,493 - sqlalchemy.engine.Engine - INFO - COMMIT
2026-02-28 12:40:12,494 - sqlalchemy.engine.Engine - INFO - BEGIN (implicit)
2026-02-28 12:40:12,494 - sqlalchemy.engine.Engine - INFO - SELECT installers.id, installers.full_name, installers.nickname, installers.phone, installers.backup_phone, installers.specialization, installers.rating, installers.base_price, installers.is_debtor, installers.comments, installers.is_active, installers.is_in_funnel, installers.total_orders, installers.poor_work_count, installers.warranty_visits_count, installers.last_incident_date, installers.updated_at, installers.created_at, installers.deleted_at 
FROM installers 
WHERE installers.id = $1::INTEGER
2026-02-28 12:40:12,494 - sqlalchemy.engine.Engine - INFO - [cached since 840s ago] (3,)
2026-02-28 12:40:12,496 - sqlalchemy.engine.Engine - INFO - ROLLBACK
2026-02-28 12:40:12,516 - sqlalchemy.engine.Engine - INFO - BEGIN (implicit)
2026-02-28 12:40:12,516 - sqlalchemy.engine.Engine - INFO - SELECT admins.id, admins.username, admins.password_hash, admins.created_at 
FROM admins 
WHERE admins.username = $1::VARCHAR
2026-02-28 12:40:12,516 - sqlalchemy.engine.Engine - INFO - [cached since 1165s ago] ('zhura2296@yandex.ru',)
2026-02-28 12:40:12,518 - sqlalchemy.engine.Engine - INFO - SELECT installers.id, installers.full_name, installers.nickname, installers.phone, installers.backup_phone, installers.specialization, installers.rating, installers.base_price, installers.is_debtor, installers.comments, installers.is_active, installers.is_in_funnel, installers.total_orders, installers.poor_work_count, installers.warranty_visits_count, installers.last_incident_date, installers.updated_at, installers.created_at, installers.deleted_at 
FROM installers 
WHERE installers.deleted_at IS NULL 
 LIMIT $1::INTEGER OFFSET $2::INTEGER
2026-02-28 12:40:12,518 - sqlalchemy.engine.Engine - INFO - [cached since 1146s ago] (100, 0)
2026-02-28 12:40:12,519 - sqlalchemy.engine.Engine - INFO - ROLLBACK
2026-02-28 12:40:12,521 - sqlalchemy.engine.Engine - INFO - BEGIN (implicit)
2026-02-28 12:40:12,521 - sqlalchemy.engine.Engine - INFO - SELECT admins.id, admins.username, admins.password_hash, admins.created_at 
FROM admins 
WHERE admins.username = $1::VARCHAR
2026-02-28 12:40:12,521 - sqlalchemy.engine.Engine - INFO - [cached since 1165s ago] ('zhura2296@yandex.ru',)
2026-02-28 12:40:12,522 - sqlalchemy.engine.Engine - INFO - SELECT installers.id, installers.full_name, installers.nickname, installers.phone, installers.backup_phone, installers.specialization, installers.rating, installers.base_price, installers.is_debtor, installers.comments, installers.is_active, installers.is_in_funnel, installers.total_orders, installers.poor_work_count, installers.warranty_visits_count, installers.last_incident_date, installers.updated_at, installers.created_at, installers.deleted_at 
FROM installers 
WHERE installers.deleted_at IS NULL 
 LIMIT $1::INTEGER OFFSET $2::INTEGER
2026-02-28 12:40:12,522 - sqlalchemy.engine.Engine - INFO - [cached since 1146s ago] (100, 0)
2026-02-28 12:40:12,524 - sqlalchemy.engine.Engine - INFO - ROLLBACK
2026-02-28 12:40:24,236 - sqlalchemy.engine.Engine - INFO - BEGIN (implicit)
2026-02-28 12:40:24,236 - sqlalchemy.engine.Engine - INFO - SELECT admins.id, admins.username, admins.password_hash, admins.created_at 
FROM admins 
WHERE admins.username = $1::VARCHAR
2026-02-28 12:40:24,236 - sqlalchemy.engine.Engine - INFO - [cached since 1177s ago] ('zhura2296@yandex.ru',)
2026-02-28 12:40:24,237 - sqlalchemy.engine.Engine - INFO - SELECT installers.id, installers.full_name, installers.nickname, installers.phone, installers.backup_phone, installers.specialization, installers.rating, installers.base_price, installers.is_debtor, installers.comments, installers.is_active, installers.is_in_funnel, installers.total_orders, installers.poor_work_count, installers.warranty_visits_count, installers.last_incident_date, installers.updated_at, installers.created_at, installers.deleted_at 
FROM installers 
WHERE installers.deleted_at IS NULL 
 LIMIT $1::INTEGER OFFSET $2::INTEGER
2026-02-28 12:40:24,237 - sqlalchemy.engine.Engine - INFO - [cached since 1157s ago] (100, 0)
2026-02-28 12:40:24,239 - sqlalchemy.engine.Engine - INFO - BEGIN (implicit)
2026-02-28 12:40:24,239 - sqlalchemy.engine.Engine - INFO - SELECT admins.id, admins.username, admins.password_hash, admins.created_at 
FROM admins 
WHERE admins.username = $1::VARCHAR
2026-02-28 12:40:24,239 - sqlalchemy.engine.Engine - INFO - [cached since 1177s ago] ('zhura2296@yandex.ru',)
2026-02-28 12:40:24,239 - sqlalchemy.engine.Engine - INFO - ROLLBACK
2026-02-28 12:40:24,240 - sqlalchemy.engine.Engine - INFO - SELECT clients.id, clients.full_name, clients.phone, clients.address, clients.coordinates, clients.created_at, clients.last_contact, clients.comments, clients.updated_at, clients.backup_phone, clients.deleted_at 
FROM clients 
 LIMIT $1::INTEGER OFFSET $2::INTEGER
2026-02-28 12:40:24,240 - sqlalchemy.engine.Engine - INFO - [cached since 1158s ago] (100, 0)
2026-02-28 12:40:24,241 - sqlalchemy.engine.Engine - INFO - BEGIN (implicit)
2026-02-28 12:40:24,241 - sqlalchemy.engine.Engine - INFO - SELECT admins.id, admins.username, admins.password_hash, admins.created_at 
FROM admins 
WHERE admins.username = $1::VARCHAR
2026-02-28 12:40:24,241 - sqlalchemy.engine.Engine - INFO - [cached since 1177s ago] ('zhura2296@yandex.ru',)
2026-02-28 12:40:24,242 - sqlalchemy.engine.Engine - INFO - SELECT installers.id, installers.full_name, installers.nickname, installers.phone, installers.backup_phone, installers.specialization, installers.rating, installers.base_price, installers.is_debtor, installers.comments, installers.is_active, installers.is_in_funnel, installers.total_orders, installers.poor_work_count, installers.warranty_visits_count, installers.last_incident_date, installers.updated_at, installers.created_at, installers.deleted_at 
FROM installers 
WHERE installers.deleted_at IS NULL 
 LIMIT $1::INTEGER OFFSET $2::INTEGER
2026-02-28 12:40:24,242 - sqlalchemy.engine.Engine - INFO - [cached since 1157s ago] (100, 0)
2026-02-28 12:40:24,244 - sqlalchemy.engine.Engine - INFO - ROLLBACK
2026-02-28 12:40:24,245 - sqlalchemy.engine.Engine - INFO - ROLLBACK
2026-02-28 12:40:24,245 - sqlalchemy.engine.Engine - INFO - BEGIN (implicit)
2026-02-28 12:40:24,246 - sqlalchemy.engine.Engine - INFO - SELECT admins.id, admins.username, admins.password_hash, admins.created_at 
FROM admins 
WHERE admins.username = $1::VARCHAR
2026-02-28 12:40:24,246 - sqlalchemy.engine.Engine - INFO - [cached since 1177s ago] ('zhura2296@yandex.ru',)
2026-02-28 12:40:24,248 - sqlalchemy.engine.Engine - INFO - SELECT clients.id, clients.full_name, clients.phone, clients.address, clients.coordinates, clients.created_at, clients.last_contact, clients.comments, clients.updated_at, clients.backup_phone, clients.deleted_at 
FROM clients 
 LIMIT $1::INTEGER OFFSET $2::INTEGER
2026-02-28 12:40:24,248 - sqlalchemy.engine.Engine - INFO - [cached since 1158s ago] (100, 0)
2026-02-28 12:40:24,249 - sqlalchemy.engine.Engine - INFO - ROLLBACK
2026-02-28 12:45:39,469 - sqlalchemy.engine.Engine - INFO - BEGIN (implicit)
2026-02-28 12:45:39,469 - sqlalchemy.engine.Engine - INFO - SELECT admins.id, admins.username, admins.password_hash, admins.created_at 
FROM admins 
WHERE admins.username = $1::VARCHAR
2026-02-28 12:45:39,469 - sqlalchemy.engine.Engine - INFO - [cached since 1492s ago] ('zhura2296@yandex.ru',)
2026-02-28 12:45:39,470 - sqlalchemy.engine.Engine - INFO - SELECT clients.id, clients.full_name, clients.phone, clients.address, clients.coordinates, clients.created_at, clients.last_contact, clients.comments, clients.updated_at, clients.backup_phone, clients.deleted_at 
FROM clients 
 LIMIT $1::INTEGER OFFSET $2::INTEGER
2026-02-28 12:45:39,470 - sqlalchemy.engine.Engine - INFO - [cached since 1473s ago] (100, 0)
2026-02-28 12:45:39,472 - sqlalchemy.engine.Engine - INFO - BEGIN (implicit)
2026-02-28 12:45:39,472 - sqlalchemy.engine.Engine - INFO - SELECT admins.id, admins.username, admins.password_hash, admins.created_at 
FROM admins 
WHERE admins.username = $1::VARCHAR
2026-02-28 12:45:39,472 - sqlalchemy.engine.Engine - INFO - [cached since 1492s ago] ('zhura2296@yandex.ru',)
2026-02-28 12:45:39,473 - sqlalchemy.engine.Engine - INFO - SELECT installers.id, installers.full_name, installers.nickname, installers.phone, installers.backup_phone, installers.specialization, installers.rating, installers.base_price, installers.is_debtor, installers.comments, installers.is_active, installers.is_in_funnel, installers.total_orders, installers.poor_work_count, installers.warranty_visits_count, installers.last_incident_date, installers.updated_at, installers.created_at, installers.deleted_at 
FROM installers 
WHERE installers.deleted_at IS NULL 
 LIMIT $1::INTEGER OFFSET $2::INTEGER
2026-02-28 12:45:39,473 - sqlalchemy.engine.Engine - INFO - [cached since 1473s ago] (100, 0)
2026-02-28 12:45:39,474 - sqlalchemy.engine.Engine - INFO - ROLLBACK
2026-02-28 12:45:39,475 - sqlalchemy.engine.Engine - INFO - ROLLBACK
